trans_x	trans_y	trans_z	rot_x	rot_y	rot_z	dvars_std	dvars_nstd	dvars_vstd	framewise_displacement	aqi	aor
0.0	-0.0	0.0	-0.0	0.0	-0.0	n/a	n/a	n/a	n/a	0.0133926	0.00122
-0.0062	-0.0499	0.0602	-0.00041538836197465044	-0.00011519173063162575	-1.2217304763960308e-05	1.14335263	63.24832535	1.03764126	0.1434398698685118	0.0127745	0.00056
-0.0084	-0.0895	0.057	-0.0013159782560037243	-0.00014660765716752367	6.45771823237902e-05	1.20626223	66.7283783	1.10952782	0.09544001538263609	0.013287	0.00063
-0.0148	0.0404	0.0504	-0.0018308503853420514	-9.42477796076938e-05	4.537856055185256e-05	1.18437088	65.51738739	1.06707796	0.17222153143350472	0.0128543	0.00051
-0.0139	0.0012	0.1138	-0.0027296949501191318	-0.00022340214425527416	-4.886921905584123e-05	1.11944783	61.92595291	1.02695488	0.1596123354516177	0.0136088	0.00045
-0.0191	-0.0446	0.096	-0.0023963370629882146	-0.0001361356816555577	1.0471975511965975e-05	1.15755284	64.03385925	1.06857441	0.09279827721492205	0.0123736	0.00032
-0.0128	0.0695	0.0703	-0.002057743188101315	-0.00011693705988362007	0.00019024088846738194	1.11926019	61.91557312	1.02898821	0.17297807048071268	0.0118272	0.00032
-0.0075	0.0357	0.1159	-0.002092649773141201	-0.00018500490071139895	0.00028274333882308137	1.09182692	60.39801407	1.01288672	0.09447384381116825	0.0121785	0.00041
-0.0137	-0.0601	0.1163	-0.0021572269554649913	-0.0001675516081914556	0.00020943951023931956	1.13248277	62.64702606	1.05944984	0.11016671517137476	0.0119388	0.00022
-0.0111	0.0507	0.0592	-0.0017470745812463236	-0.00016929693744344995	0.0003089232776029963	1.13241613	62.64333725	1.03166956	0.19606907354171693	0.0114924	0.0003
-0.0074	0.0534	0.0898	-0.0017837264955382047	-0.00023387411976724014	0.00033335788713091696	1.07529712	59.48360825	0.9986244	0.0432831853071796	0.0120057	0.0003
-0.0113	-0.0584	0.1244	-0.002234021442552742	-0.00022340214425527416	0.0002495820830351891	1.1135664	61.6006012	1.04267341	0.17752713633111153	0.0116087	0.00012
-0.0148	0.0475	0.0671	-0.0018849555921538759	-0.0002600540585471551	0.0002530727415391778	1.11858881	61.87843323	1.03234608	0.18616042115973677	0.0115864	0.00029
-0.0128	0.0323	0.0883	-0.0015219271077390555	-0.00030194196059501896	0.0002495820830351891	1.11571932	61.71969604	1.03292797	0.05882035224833364	0.012103	0.00028
-0.0107	-0.0779	0.1217	-0.0019861846887695473	-0.00020943951023931956	0.00027925268031909274	1.14688504	63.44373322	1.06642922	0.1750215314335047	0.0116196	0.00022
-0.0104	0.0294	0.0989	-0.0021624629432209744	-8.028514559173915e-05	0.0003438298626428829	1.09733772	60.70286179	1.02953793	0.14890049007113984	0.0111844	0.00019
-0.0064	-0.028	0.1408	-0.0024853488548399255	-9.250245035569947e-05	0.0003787364476827695	1.08163238	59.83406448	1.02074408	0.12180049007113992	0.0122103	0.00029
-0.0131	-0.1004	0.111	-0.002171189589480946	-8.901179185171081e-05	0.00029496064358704166	1.15127528	63.6865921	1.06412597	0.1289712863979348	0.011615	0.00025
-0.0098	0.0022	0.0895	-0.0019792033717615696	-0.00011344640137963142	0.0003787364476827695	1.08006215	59.74720383	1.01783367	0.14240983156715123	0.0113484	0.00038
-0.0085	-0.0275	0.1354	-0.00233001455141243	-0.00015184364492350666	0.00040666171571467877	1.06591392	58.9645462	1.0131345	0.09775668456133224	0.0121874	0.0004
-0.0101	-0.1277	0.1395	-0.0027366762671271086	-0.00015009831567151235	0.0003193952531149623	1.12452233	62.20666504	1.04888848	0.13068367537831949	0.0118579	0.00031
-0.0097	-0.0191	0.0919	-0.0023876104167282427	-0.00014137166941154068	0.0003159045946109737	1.09494996	60.57077026	1.02055205	0.17466415775814131	0.0114071	0.00031
-0.0092	-0.0925	0.1546	-0.0026965336943312393	-0.00013439035240356338	0.00034208453339088857	1.080302	59.76047134	1.01428939	0.15370422666954445	0.0120534	0.0002
-0.007	-0.1217	0.1208	-0.0026546457922833754	-0.0001186823891356144	0.00028099800957108706	1.11514461	61.68790436	1.04709084	0.0711341194567807	0.0114922	0.00014
-0.005	-0.0175	0.1091	-0.002267182698340634	-0.00023387411976724014	0.000322885911618951	1.05899084	58.5815773	1.00725219	0.14512713633111157	0.0112281	0.0002
-0.0023	-0.0302	0.1542	-0.002673844414055313	-0.00026354471705114377	0.00041538836197465044	1.04091275	57.5815239	0.99581999	0.08694173816771411	0.0121325	0.00016
-0.0077	-0.1434	0.1923	-0.003239331091701475	-0.00017453292519943296	0.00033684854563490564	1.10329902	61.03263092	1.03657925	0.19335191429188087	0.0122304	0.00018
-0.0086	-0.0188	0.1222	-0.0026895523773232616	-0.00018151424220741024	0.0003159045946109737	1.09654975	60.65926743	1.02536505	0.22448519912050607	0.0116524	0.00016
-0.0001	-0.0205	0.1661	-0.0028675759610266834	-0.00023911010752322313	0.0004188790204786391	1.05587637	58.40929031	1.0068886	0.07102969374434501	0.0130566	0.00026
0.0007	-0.1351	0.1957	-0.0033300882128051803	-0.00024609142453120044	0.0003700098014227979	1.12251222	62.09547043	1.05039958	0.17091813939211578	0.0126727	0.00018
-0.0003	-0.0025	0.1277	-0.0027401669256310974	-0.00024609142453120044	0.00045553093477052	1.11057198	61.4349556	1.03783199	0.23537212102609023	0.0119994	0.0003
-0.0009	0.0144	0.1698	-0.0029181905093345183	-0.00027925268031909274	0.00041538836197465044	1.04665506	57.89917755	1.00751361	0.07216637061435914	0.0128546	0.0002
-0.0043	-0.0794	0.1936	-0.0034417892849328176	-0.00021118483949131387	0.0003525565089028545	1.12657988	62.32048798	1.04799831	0.1537249234748937	0.0128805	0.00027
-0.004	0.0241	0.1318	-0.0030752701420140084	-0.00018500490071139895	0.00038397243543875244	1.09559727	60.60657883	1.02871906	0.1868057504117311	0.0119431	0.0002
0.0001	0.0381	0.178	-0.0033929200658769764	-0.00013788101090755203	0.00041713369122664475	1.04020929	57.54261017	0.99232852	0.08419675347273538	0.012984	0.00028
-0.0037	-0.0832	0.2226	-0.003750712562535814	-0.00014137166941154068	0.0002548180707911721	1.10560858	61.16038895	1.03402909	0.1958799387799149	0.0129485	0.00029
-0.0039	0.0069	0.1336	-0.0031119220563058892	-0.00017453292519943296	0.00034906585039886593	1.097049	60.68688583	1.03643229	0.2176099770812756	0.0118195	0.00025
0.0029	0.0171	0.1817	-0.0032724923474893677	-0.00024609142453120044	0.0004310963252425994	1.05669868	58.45477676	1.00782361	0.08080796326794899	0.0125437	0.00023
0.0057	-0.1269	0.2174	-0.0033196162372932147	-0.00017627825445142725	0.0003630284844148205	1.09280181	60.45194244	1.03286962	0.19175024503557	0.0125986	0.00013
0.0053	-0.0207	0.1264	-0.002712241657599188	-0.00015009831567151235	0.0004677482395344803	1.12819374	62.40976334	1.04802027	0.23451371367968007	0.0113943	0.00019
0.0046	-0.0523	0.1835	-0.003378957431861022	-9.42477796076938e-05	0.00048345620280242926	1.07853699	59.66283417	1.01564766	0.12631371367968003	0.0126359	0.00019
0.0043	-0.1014	0.157	-0.003349286834577118	-8.726646259971648e-05	0.00047822021504644627	1.10099304	60.90506744	1.03218873	0.07799439510239321	0.0119876	0.00022
0.0033	0.0065	0.1383	-0.003003711642682241	-5.061454830783555e-05	0.0005009094953223725	1.06601334	58.97005081	1.01364574	0.1478458193231342	0.0116513	0.00022
0.0057	-0.0996	0.2102	-0.0035098571257605967	-0.00011170107212763708	0.0004747295565424576	1.07977653	59.73140335	1.01496142	0.2100705972839036	0.0127882	0.00011
0.0006	-0.1205	0.154	-0.00325329372571743	-3.316125578789226e-05	0.00046949356878647465	1.11896372	61.89916992	1.04619105	0.09921696020694473	0.0118439	0.00017
0.0039	-0.03	0.1147	-0.002494075501099897	-0.00015009831567151235	0.0004921828490624009	1.08834183	60.20522308	1.01919664	0.17804222823885396	0.0111238	0.00018
0.005	-0.0818	0.1757	-0.002855358656262723	-0.00011344640137963142	0.00047647488579445195	1.07330692	59.37351608	1.0129642	0.1345821516361328	0.012169	0.00026
0.0035	-0.1387	0.1628	-0.0030630528372500485	-8.203047484373349e-05	0.00045902159327450867	1.14566004	63.37596512	1.06499315	0.0841281700021583	0.0118108	0.00011
0.0057	-0.0255	0.1346	-0.0027558748888990466	-0.00013962634015954637	0.0005078908123303499	1.07561994	59.50146866	1.01830173	0.16428215163613277	0.011457	0.00018
0.0094	-0.0584	0.1815	-0.003073524812762014	-0.00013264502315156904	0.0005497787143782138	1.03431118	57.2163353	0.99301381	0.10182595714594044	0.012436	0.00026
0.0073	-0.1322	0.194	-0.003316125578789226	-0.00015009831567151235	0.00048345620280242926	1.12593007	62.28453827	1.04658242	0.104718828506147	0.0122429	0.00015
0.0074	-0.0284	0.1417	-0.0029478611066184224	-0.00014486232791552936	0.0005654866776461627	1.08100748	59.7994957	1.02072757	0.178976546738526	0.0116376	0.00016
0.008	-0.046	0.1839	-0.0032550390549694243	-0.00014486232791552936	0.0005654866776461627	1.04442322	57.7757225	0.99653008	0.07575889741755011	0.012556	0.00016
0.0128	-0.1615	0.2262	-0.0034819318577286873	-9.075712110370512e-05	0.0004433136300065597	1.10812962	61.29984665	1.03710636	0.18275855286053452	0.0124469	0.0001
0.0073	-0.0464	0.1366	-0.002590068609959585	-0.00010471975511965978	0.0004904375198104066	1.09024501	60.31050491	1.02301456	0.2578474885794452	0.0114282	0.00018
0.0146	-0.0145	0.1687	-0.002778564169174973	-0.00015533430342749534	0.0006230825429619757	1.02185631	56.52735519	0.98412427	0.0898877565337396	0.0121416	0.00022
0.0204	-0.2091	0.2765	-0.003516838442768574	0.00027750735106709843	0.000322885911618951	1.25581324	69.46945953	1.12677517	0.38176562797156094	0.0160096	0.00175
0.0209	-0.2092	-0.0225	0.0020420352248333657	0.0010559241974565693	-0.0001064650843716541	1.95062256	107.90512848	1.60142416	0.6379320754991009	0.023403	0.00784
-0.0061	-0.1084	-0.1784	0.0033562681515850955	0.0009512044423369096	-0.0003612831551628262	1.51393735	83.7484436	1.30883729	0.36738853763312806	0.0178522	0.00393
0.0161	-0.0443	-0.1191	0.00294262511886244	0.0005026548245743669	0.0002443460952792061	1.21961582	67.46707916	1.11313594	0.21899109504636155	0.0158044	0.00188
0.0202	-0.0655	-0.0139	0.0005410520681182421	0.0005113814708343385	0.00032463124087094524	1.23100984	68.09737396	1.10114193	0.25502924212979544	0.01289	0.00034
0.0165	-0.1716	0.0269	0.0002600540585471551	0.0004677482395344803	0.00022689280275926284	1.18268502	65.42412567	1.08789887	0.1717184839491314	0.0122055	0.00034
0.0111	-0.0801	-0.036	0.0009023352232810684	0.0003089232776029963	0.0003961897402027128	1.12594974	62.28562927	1.03787798	0.2083201532054424	0.0123254	0.00028
0.0143	-0.1863	0.0407	0.0008028514559173916	0.0002617993877991494	0.0003944444109507184	1.14249051	63.200634	1.04375509	0.19351764932097587	0.0125172	0.00028
0.0107	-0.1668	-0.0077	0.0009372418083209549	0.00019547687622336493	0.00039793506945470715	1.1357497	62.82774734	1.05475363	0.08171017612416681	0.0124604	0.00026
0.0142	-0.0833	-0.0052	0.001265363707695889	3.665191429188092e-05	0.0004677482395344803	1.05505764	58.3639946	1.01171299	0.11733800156930956	0.012623	0.00038
0.02	-0.1411	0.0632	0.0003001966313430247	6.9813170079773176e-06	0.00047822021504644627	1.09752274	60.71309662	1.02925423	0.18226548245743668	0.0120097	0.0002
0.0158	-0.21	0.0801	-0.0004049163864626844	-1.5707963267948964e-05	0.0003473205211468716	1.11524117	61.69324875	1.0466435	0.13293509959906052	0.0111641	0.0001
0.0098	-0.1055	0.0375	-3.490658503988659e-05	-5.759586531581287e-05	0.00034557519189487725	1.07438517	59.4331665	1.01243796	0.1737821516361328	0.0113151	0.00016
0.0159	-0.1154	0.0784	-0.00028623399732707005	-0.00017976891295541595	0.0004363323129985824	1.04463589	57.78748703	1.00178416	0.08011287905152457	0.0116314	0.00019
0.015	-0.2587	0.1146	-0.0007190756518216638	-0.0002024581932313422	0.000322885911618951	1.08390415	59.95973587	1.0235574	0.2088488668075076	0.0109711	0.00013
0.0135	-0.1676	0.044	-0.000158824961931484	-0.00017976891295541595	0.00047647488579445195	1.06506312	58.91748428	1.01045341	0.20002644721708032	0.0111242	0.00013
0.017	-0.1334	0.0696	-9.250245035569947e-05	-0.00028797932657906436	0.0005288347633542819	1.02899373	56.92218399	0.9887537	0.07464464013796315	0.011707	0.00022
0.0189	-0.2954	0.1441	-0.0006178465552059926	-0.00029845130209103034	0.0004921828490624009	1.08381104	59.95458603	1.02239378	0.267023399732707	0.0111639	0.00016
0.0122	-0.2227	0.0652	-0.00047822021504644627	-0.00023387411976724014	0.0004904375198104066	1.09644043	60.65322113	1.03576048	0.1685974425867665	0.010682	0.0001
0.0171	-0.1409	0.0693	-0.00017976891295541595	-0.00035081117965086024	0.0005550147021341969	1.04563773	57.84290314	0.99560775	0.11479827721492204	0.0112064	0.00021
0.0197	-0.2396	0.1482	-0.0005602506898901797	-0.000296705972839036	0.0005410520681182421	1.07770133	59.61660767	1.01857109	0.20262748088812713	0.0116962	0.00014
0.0158	-0.2445	0.1061	-0.0007592182246175333	-0.00020943951023931956	0.0005323254218582705	1.09762883	60.71896362	1.03822148	0.06564803217935208	0.0107114	8e-05
0.0186	-0.1473	0.0976	-0.0004328416544945937	-0.0003106686068549907	0.0005637413483941684	1.04061329	57.56496048	0.99724735	0.13145107966372543	0.0112108	0.00016
0.0215	-0.2327	0.1652	-0.000932005820564972	-0.00037350045992678646	0.0005270894341022875	1.06562781	58.94872284	1.00599891	0.18583239667170276	0.0117655	0.00013
0.017	-0.2584	0.1382	-0.0009372418083209549	-0.0003159045946109737	0.00046949356878647465	1.13467765	62.76844406	1.05521264	0.06322138591938048	0.0115184	9e-05
0.017	-0.1479	0.0896	-0.0005637413483941684	-0.0003316125578789226	0.0005218534463463045	1.08192253	59.85011673	1.01260251	0.18117841503772833	0.01101	0.00013
0.0188	-0.2098	0.146	-0.0008098327729253688	-0.0003351032163829112	0.0005166174585903216	1.05959606	58.61505508	1.00384312	0.13284090353955855	0.0118459	0.00013
0.0148	-0.3017	0.1484	-0.001192059879112127	-0.0003316125578789226	0.0004380776422505767	1.13866186	62.9888382	1.05812542	0.12151287905152464	0.01145	0.00011
0.0126	-0.171	0.0931	-0.0009389871375729493	-0.00030194196059501896	0.0005026548245743669	1.08848739	60.21327209	1.02701899	0.2055660260573436	0.0109787	0.00011
0.0184	-0.1365	0.1316	-0.000905825881785057	-0.0003525565089028545	0.0005410520681182421	1.0291959	56.9333725	0.99481001	0.08490865238198014	0.0121071	0.00016
0.0118	-0.2709	0.1874	-0.0013927727430914749	-0.00032463124087094524	0.0004625122517784973	1.09558856	60.60610199	1.03007999	0.2264705972839036	0.0116672	0.00012
0.01	-0.1917	0.1009	-0.0009651670763528643	-0.00035604716740684323	0.00040666171571467877	1.09552372	60.60251236	1.02987532	0.19324360646691635	0.0107743	0.00012
0.0199	-0.1404	0.1233	-0.0009040805525330626	-0.0004310963252425994	0.0005235987755982988	1.03144419	57.05773926	0.98825596	0.0962536370769589	0.0113494	0.00015
0.0195	-0.2776	0.1983	-0.001616174887346749	-0.0003787364476827695	0.0003961897402027128	1.06550205	58.94176483	1.01356208	0.2571931623884552	0.0115407	9e-05
0.0119	-0.2079	0.1085	-0.0010262536001726657	-0.0003001966313430247	0.00041538836197465044	1.08945811	60.26697159	1.02318841	0.20148298626428832	0.01069	8e-05
0.0213	-0.2047	0.1459	-0.0011903145498601325	-0.00031415926535897925	0.0005742133239061344	1.05370367	58.28909683	1.00297137	0.06684242728174528	0.0117291	0.00014
0.0211	-0.3586	0.1667	-0.0013840460968315032	-0.0002740166925631097	0.0005218534463463045	1.08368349	59.94753265	1.02371938	0.18921169986635347	0.0110024	0.00014
0.0207	-0.2525	0.0888	-0.0009529497715889039	-0.0002199114857512855	0.0005759586531581287	1.07772982	59.61818695	1.01432031	0.21136533694331236	0.0103794	7e-05
0.0244	-0.1968	0.1109	-0.0007609635538695277	-0.0003630284844148205	0.0005969026041820607	1.0171926	56.26936722	0.98328888	0.09930235837034215	0.010936	0.00014
0.0246	-0.3213	0.1929	-0.001382300767579509	-0.00038571776469074686	0.0005218534463463045	1.05050874	58.11236191	0.99347038	0.24265378259108317	0.0117775	0.00013
0.0173	-0.299	0.1142	-0.0011222467090323538	-0.00038571776469074686	0.00041538836197465044	1.07968414	59.72629166	1.01443757	0.12662595714594044	0.0107729	4e-05
0.0198	-0.2358	0.1214	-0.0008779006137531476	-0.0003193952531149623	0.0005061454830783556	1.01694942	56.25591278	0.9826571	0.09297128639793475	0.011088	0.00015
0.0284	-0.3748	0.1803	-0.0012688543661998775	-0.00030368728984701333	0.0006021385919380437	1.04775763	57.96017456	0.9950008	0.2316327412287184	0.0116622	0.00011
0.0237	-0.3638	0.1103	-0.001186823891356144	-0.00024085543677521747	0.0005532693728822024	1.07201362	59.30197525	1.01360306	0.09538657734856851	0.0108601	6e-05
0.025	-0.29	0.1042	-0.000853466004225227	-0.0002652900463031381	0.0005305800926062762	1.0115943	55.95967865	0.97838046	0.1002240888467382	0.0111999	0.00011
0.0297	-0.4247	0.1861	-0.001500983156715123	-0.00035081117965086024	0.0004799655442984406	1.06751072	59.05287933	1.00128203	0.26048264170727276	0.012107	0.00016
0.0233	-0.4069	0.1004	-0.001265363707695889	-0.00026878070480712676	0.0004415683007545654	1.10441613	61.0944252	1.02956076	0.12770235837034216	0.0108832	8e-05
0.0237	-0.3118	0.1119	-0.0008272860654453122	-0.00038571776469074686	0.0004886921905584122	1.03555202	57.28498077	0.98775798	0.13710692959690213	0.0107485	0.0001
0.0287	-0.3871	0.1773	-0.0011780972450961724	-0.0003577924966588376	0.0005707226654021458	1.03202462	57.08985138	0.9873478	0.16873834612632513	0.0115158	0.0001
0.0254	-0.3994	0.131	-0.0011431906600562858	-0.000312413936106985	0.0005253441048502931	1.09694386	60.68107224	1.02900063	0.06818318530717957	0.0105625	6e-05
0.0248	-0.3058	0.1008	-0.0004572762640225143	-0.00032463124087094524	0.0005288347633542819	1.0375756	57.39692307	0.99190525	0.159481117965086	0.0107149	0.00011
0.0271	-0.3525	0.1859	-0.0011676252695842063	-0.0002897246558310587	0.0006056292504420323	1.06527317	58.92910004	1.00575651	0.17520250388446643	0.0115955	0.00014
0.0216	-0.3747	0.1504	-0.001223475805648025	-0.0002373647782712288	0.0005410520681182421	1.12653995	62.31827545	1.03491922	0.07183937979737196	0.0108941	9e-05
0.0233	-0.2706	0.1199	-0.0010088003076527223	-0.0003193952531149623	0.000577703982410123	1.038849	57.46736526	0.98760523	0.1529678943565458	0.0105234	0.0001
0.0272	-0.3649	0.1993	-0.0013665928043115599	-0.00032812189937493397	0.0006510078109938849	1.05702698	58.47293854	0.99929427	0.19959114857512847	0.0114055	9e-05
0.0243	-0.3618	0.1498	-0.001583013631558857	-0.0002600540585471551	0.0006038839211900379	1.090101	60.30253983	1.02343153	0.07208062789394615	0.0105012	7e-05
0.0253	-0.2619	0.1271	-0.001281071670963838	-0.00034208453339088857	0.0006475171524898963	1.03535712	57.27419662	0.98325668	0.14498028333693053	0.0105203	0.00012
0.0291	-0.3571	0.1955	-0.0016493361431346415	-0.0003717551306747922	0.0007382742735936014	1.0646168	58.89279175	1.0045086	0.19183460952792053	0.0118116	0.0001
0.0251	-0.4184	0.1559	-0.0015865042900628454	-0.0002652900463031381	0.0006684611035138282	1.13171196	62.60438538	1.04163899	0.11685550537616118	0.0112622	8e-05
0.0237	-0.3207	0.1107	-0.0011693705988362008	-0.00028099800957108706	0.0006719517620178169	1.06270337	58.78694916	1.00021672	0.16611661564992913	0.0106995	7e-05
0.0271	-0.4249	0.1871	-0.0016999506914424768	-0.0002530727415391778	0.0007120943348136865	1.06344497	58.8279686	1.00163544	0.21393239667170277	0.0122413	0.00015
0.0244	-0.4431	0.1371	-0.0017400932642383465	-0.00023911010752322313	0.0006719517620178169	1.10371673	61.05573654	1.02973882	0.07561238898038465	0.0107347	9e-05
0.0257	-0.3525	0.1232	-0.0015184364492350666	-0.000307177948351002	0.0006789330790257941	1.03044808	57.00263977	0.97664146	0.1206352986419518	0.0103699	7e-05
0.024	-0.4916	0.1286	-0.0027296949501191318	-0.00016406094968746698	0.000853466004225227	1.18255103	65.41671753	1.08318576	0.22264542123735165	0.011704	0.00019
0.013	-0.6776	0.1522	-0.004810127418496373	0.0004799655442984406	0.0006632251157578452	1.18501568	65.55305481	1.06889227	0.36633499254152657	0.014592	0.00105
0.0095	-0.6721	0.1081	-0.004867723283812185	0.0009494591130849152	0.0002670353755551324	1.45287895	80.3707962	1.31121543	0.09926395871524991	0.0239064	0.01416
-0.0251	-0.575	-0.1873	0.0035290557475325343	0.0007504915783575615	0.00020420352248333657	2.06881785	114.44348907	1.7780919	0.8600289209571934	0.0248328	0.00966
-0.0215	-0.4751	-0.1515	0.002469640891571976	0.0008883725892651138	0.00021467549799530252	1.27194214	70.36167908	1.16328266	0.19968839211900372	0.0164951	0.00273
0.0137	-0.3924	0.0406	-0.0003351032163829112	0.0008220500776893293	0.0004939281783143952	1.31890631	72.95965576	1.14705383	0.46751596499248826	0.0119596	0.0002
0.0205	-0.3584	0.1002	-0.001621410875102732	0.0005602506898901797	0.0006178465552059926	1.09564817	60.60939407	1.02724741	0.18400127117052845	0.0119432	0.00015
0.0208	-0.4407	0.1169	-0.0022270401255447643	0.00042411500823462205	0.0006161012259539982	1.05151105	58.16780853	0.99489204	0.13647551306747918	0.0114844	0.00014
0.0206	-0.3449	0.0918	-0.00204378055408536	0.0003211405823669566	0.0006719517620178169	1.02872038	56.90706635	0.97194857	0.13820422666954443	0.0105079	9e-05
0.0271	-0.3047	0.1238	-0.002049016541841343	0.0001937315469713706	0.0007714355293814937	1.00084293	55.36493301	0.96473826	0.09030643952576223	0.0109327	0.0001
0.0328	-0.4522	0.1662	-0.0024731315500759648	-0.00010995574287564276	0.0008429940287132613	1.06899261	59.13485718	0.99753235	0.23556803987067007	0.011676	0.0001
0.0251	-0.4634	0.0715	-0.0019303341527057286	-2.96705972839036e-05	0.000900589894029074	1.11803854	61.84799576	1.01299645	0.14763392041388937	0.0105537	6e-05
0.0249	-0.3698	0.0847	-0.001658062789394613	-5.585053606381854e-05	0.0008115781021773631	1.05659914	58.44926834	0.97414229	0.12637315469713703	0.0100352	3e-05
0.0266	-0.3137	0.1125	-0.0015166911199830724	-0.0001291543646475804	0.0008412486994612669	0.99141341	54.8433075	0.96091482	0.09781730476396032	0.0102463	0.00011
0.0239	-0.3898	0.1856	-0.0023404865269243957	-0.0001256637061435917	0.0009162978572970229	1.0225631	56.56645203	0.97781384	0.19701676116405337	0.0110736	7e-05
0.0196	-0.3939	0.145	-0.0022776546738526	-1.5707963267948964e-05	0.0008674286382411819	1.03137088	57.05368805	0.98027057	0.06008284075016397	0.0103999	5e-05
0.0208	-0.2948	0.1595	-0.0023003439541285265	-8.901179185171081e-05	0.0008220500776893293	1.00962126	55.85053635	0.96912163	0.121868583470577	0.0105532	0.0001
0.0184	-0.3597	0.2109	-0.0027454029133870805	-6.632251157578452e-05	0.000874409955249159	1.03565514	57.29068375	0.97892603	0.14470540585471553	0.0116561	7e-05
0.0173	-0.3934	0.1915	-0.0027331856086231197	-0.0001064650843716541	0.0007627088831215222	1.06284022	58.7945137	0.9971517	0.06240304748437336	0.0108607	5e-05
0.017	-0.2887	0.1711	-0.002452187599052033	-0.0001239183768915974	0.0007068583470577034	1.03378201	57.18706512	0.97489191	0.14311509190774246	0.0107532	6e-05
0.0276	-0.3575	0.2299	-0.0029618237406343773	-0.00013788101090755203	0.0009250245035569946	1.0510565	58.14266205	0.99430191	0.17528824660487946	0.0120391	7e-05
0.031	-0.3884	0.1776	-0.002633701841259443	-8.726646259971648e-06	0.0009337511498169664	1.10259819	60.99386215	1.02724026	0.10990014551412432	0.0108491	5e-05
0.0301	-0.2901	0.1664	-0.002623229865747477	-3.316125578789226e-05	0.000947713783832921	1.02774966	56.85336304	0.9733419	0.11284346095279207	0.0103853	7e-05
0.0303	-0.4075	0.2467	-0.0031014500807939236	-3.839724354387525e-05	0.0010070549784007281	1.06461418	58.8926506	0.9957424	0.22503986986851185	0.0121835	6e-05
0.0242	-0.3919	0.1772	-0.002823942729726825	-2.792526803190927e-05	0.0008674286382411819	1.12251878	62.09583282	1.03907057	0.1125802833369305	0.0114206	6e-05
0.0287	-0.3107	0.1687	-0.0027331856086231197	-6.981317007977319e-05	0.0009512044423369096	1.02328098	56.60616684	0.97545865	0.10502104136236488	0.0107071	6e-05
0.0319	-0.4241	0.2455	-0.0031415926535897933	-7.504915783575618e-05	0.0010524335389525807	1.02800548	56.86751556	0.98029892	0.2191436064669164	0.0116372	6e-05
0.0279	-0.3643	0.1636	-0.002790781473938933	-8.552113334772214e-05	0.0009546951008408983	1.06249082	58.77518845	0.99564807	0.1686510796637254	0.010731	6e-05
0.0327	-0.2958	0.1803	-0.002897246558310587	-0.00017104226669544429	0.0009913470151327792	1.01033807	55.89018631	0.97048975	0.10143190660056284	0.0112575	4e-05
0.0363	-0.4396	0.2452	-0.003220132469929538	-0.00012217304763960306	0.0010000736613927507	1.04779899	57.96246338	0.98976639	0.23132408884673816	0.0114827	7e-05
0.0282	-0.3695	0.1458	-0.002623229865747477	-0.000148352986419518	0.000947713783832921	1.05419242	58.31613541	0.98903571	0.21137212102609024	0.0103234	8e-05
0.0278	-0.3753	0.1337	-0.002949606435870417	-0.00014486232791552936	0.0010088003076527223	1.02089977	56.47444534	0.97855289	0.03784768762233653	0.0106942	7e-05
0.0355	-0.4566	0.1301	-0.0031974431896536117	-1.7453292519943296e-05	0.0009546951008408983	1.0351404	57.26220703	0.98235358	0.11406754979953024	0.010679	6e-05
0.0325	-0.3784	0.1212	-0.0029443704481144336	-1.2217304763960308e-05	0.0009424777960769379	0.99865371	55.24382782	0.96511496	0.10362630170295604	0.0101936	7e-05
0.0313	-0.3521	0.1787	-0.0029181905093345183	-4.537856055185256e-05	0.0009372418083209549	1.02430725	56.66293716	0.97258339	0.08822885911618952	0.0106738	6e-05
0.0391	-0.4819	0.2636	-0.003347541505325124	-0.00012740903539558605	0.0009512044423369096	1.03992331	57.52679443	0.98468996	0.24876720524251464	0.0118026	7e-05
0.0307	-0.4011	0.1608	-0.002925171826342496	-0.0001291543646475804	0.0008185594191853405	1.08294427	59.90663528	1.01570843	0.2198380015693096	0.011169	0.00011
0.0297	-0.3368	0.1954	-0.0029914943379182805	-7.504915783575618e-05	0.0008866272600131194	1.02374375	56.63176727	0.97389649	0.1093247779607694	0.0111754	9e-05
0.0349	-0.4649	0.2757	-0.0037350045992678655	-7.853981633974481e-05	0.0009843656981248017	1.02962124	56.95690155	0.98086033	0.2558369678982628	0.0119424	8e-05
0.03	-0.3881	0.1781	-0.0031014500807939236	-0.0001064650843716541	0.0009546951008408983	1.05184257	58.18614578	0.99033164	0.21385751918948767	0.0108317	9e-05
0.0329	-0.3137	0.187	-0.0029199358385865134	-0.0002007128639793479	0.0009861110273767962	1.0023315	55.44727325	0.96593434	0.1015588974175501	0.0112911	7e-05
0.0357	-0.4434	0.2729	-0.0035395277230445004	-0.00021467549799530252	0.0009808750396208131	1.02908814	56.92740631	0.97932829	0.2503395253114962	0.0119601	8e-05
0.0277	-0.3937	0.181	-0.0031084313978019013	-8.028514559173915e-05	0.0009093165402890458	1.07088327	59.23944473	0.99844522	0.18145225884889649	0.0109155	7e-05
0.0284	-0.31	0.1822	-0.0026930430358272505	-0.00020769418098732522	0.000926769832808989	1.03455746	57.22996521	0.97893516	0.113612534494509	0.0112937	0.00011
0.0301	-0.3978	0.2569	-0.00342259066316088	-0.00019024088846738194	0.0009965830028887623	1.04097354	57.58489227	0.98883001	0.2050407044966673	0.0120099	0.00011
0.0291	-0.446	0.2306	-0.0035953782591083183	-0.0001675516081914556	0.0009546951008408983	1.05648816	58.44313049	1.0020227	0.08736823891356145	0.0113848	4e-05
0.0286	-0.3469	0.1839	-0.0031433379828417875	-0.0001658062789394613	0.00091106186954104	1.02528882	56.71723938	0.97272531	0.1711709418409192	0.011003	6e-05
0.0358	-0.3811	0.2517	-0.0034871678454846703	-0.00022340214425527416	0.0009128071987930344	1.03618169	57.31980896	0.97974903	0.12935855286053446	0.0122013	0.00012
0.0404	-0.493	0.2758	-0.003864158963915446	-0.0003001966313430247	0.0008726646259971648	1.08249521	59.88179398	1.01411097	0.1652964089157198	0.0122148	0.00011
0.0325	-0.3815	0.1753	-0.0033353242005611634	-0.0001832595714594046	0.0009093165402890458	1.07472551	59.45199203	1.00434602	0.2540211868764892	0.0107951	7e-05
0.0326	-0.3509	0.2101	-0.0031956978604016175	-0.00019896753472735358	0.0009686577348568529	0.99820286	55.21888733	0.9610172	0.0762337748997651	0.0112123	6e-05
0.0388	-0.492	0.2892	-0.0038275070496235643	-0.0003316125578789226	0.0009616764178488756	1.03550255	57.28224182	0.9846534	0.2649717764690746	0.0120026	0.0001
0.0336	-0.4041	0.1831	-0.003267256359733385	-0.00022165681500327985	0.0009442231253289323	1.05185688	58.18693924	0.99637434	0.23358298626428825	0.0108744	6e-05
0.0336	-0.385	0.2124	-0.003316125578789226	-0.00022165681500327985	0.001048942880448592	1.01833928	56.33280182	0.96562129	0.05607944870877501	0.0113305	8e-05
0.0366	-0.5049	0.2673	-0.0036320301734002	-0.00028623399732707005	0.0010088003076527223	1.07374465	59.39772797	0.99492179	0.19883121748653168	0.0115648	0.0001
0.0319	-0.4045	0.1812	-0.0030909781052819575	-0.00021118483949131387	0.0009878563566287904	1.05466497	58.34227371	0.99233292	0.22305225884889648	0.0101845	9e-05
0.0363	-0.3798	0.2146	-0.0032550390549694243	-0.00030194196059501896	0.0010262536001726657	0.99614483	55.1050415	0.95628815	0.07716076571675237	0.011306	6e-05
0.044	-0.5293	0.2843	-0.0038362336958835358	-0.0003159045946109737	0.0011030480872604163	1.03779864	57.4092598	0.98455507	0.26049758810089074	0.011724	0.00015
0.0356	-0.4352	0.1704	-0.0032463124087094525	-0.0002530727415391778	0.0010105456369047167	1.05426037	58.31989288	0.99564484	0.25366277953007893	0.010166	3e-05
0.0361	-0.3786	0.1934	-0.003199188518905606	-0.00028274333882308137	0.0010402162341886204	0.9770239	54.04730225	0.94849918	0.08542325421858267	0.0105786	3e-05
0.0371	-0.5086	0.2838	-0.00386590429316744	-0.0002670353755551324	0.0010821041362364843	1.02643609	56.7807045	0.97544443	0.2576155819788824	0.011943	7e-05
0.0317	-0.5026	0.2031	-0.0036145768808802567	-0.00019896753472735358	0.0009686577348568529	1.07954264	59.71846771	1.00716749	0.11374208272472965	0.0107306	7e-05
0.0335	-0.418	0.1803	-0.0032777283352453507	-0.00029845130209103034	0.0010070549784007281	0.98883677	54.70077133	0.95204087	0.13293647782712295	0.0104004	6e-05
0.0356	-0.4625	0.2358	-0.0034697145529647274	-0.00032812189937493397	0.0010454522219446034	0.98726803	54.61399078	0.95419576	0.11510270292735784	0.0113204	6e-05
0.0356	-0.5583	0.2494	-0.003687880709464018	-0.00029496064358704166	0.0010088003076527223	1.04842055	57.99684525	0.98353532	0.1237989663289532	0.0111857	9e-05
0.0343	-0.4454	0.1733	-0.0030595621787460597	-0.00029845130209103034	0.0009704030641088471	1.03416562	57.20828629	0.96986431	0.2238103216382911	0.00998616	4e-05
0.0359	-0.499	0.2239	-0.0035133477842645856	-0.0003054326190990077	0.0010629055144645468	1.00213015	55.43613815	0.95507725	0.13346346864411013	0.0110901	3e-05
0.0304	-0.5625	0.2151	-0.0036966073557239895	-0.00026878070480712676	0.000926769832808989	1.05615675	58.42479706	0.98779342	0.09560235837034212	0.0108138	3e-05
0.0263	-0.4579	0.1736	-0.0033964107243809652	-0.0002652900463031381	0.0008674286382411819	1.00743353	55.72951126	0.95524888	0.16835142422074104	0.0105829	3e-05
0.0335	-0.5107	0.248	-0.003766420525803763	-0.00031415926535897925	0.0010681415022205296	1.02724087	56.8252182	0.97090635	0.16537959422289938	0.0118262	0.00011
0.0372	-0.5873	0.252	-0.004036946559862884	-0.00028797932657906436	0.0010105456369047167	1.10473967	61.11231995	1.02213759	0.10201509190774244	0.0117667	0.00011
0.0377	-0.4661	0.1733	-0.003488913174736664	-0.0002443460952792061	0.0010367255756846318	1.05414295	58.31339645	0.98381498	0.23129232776029968	0.0105912	4e-05
0.0437	-0.5006	0.246	-0.003906046865963309	-0.0003001966313430247	0.0012688543661998775	1.01894486	56.36629868	0.96877957	0.14845565089028548	0.0120392	7e-05
0.0413	-0.587	0.2347	-0.004190535534038385	-0.00029321531433504735	0.0012042771838760874	1.12500346	62.23328018	1.03468682	0.1179023583703421	0.0117817	0.00011
0.038	-0.4901	0.1633	-0.0038222710618675813	-0.0002617993877991494	0.0010262536001726657	1.04895771	58.02655792	0.9823753	0.20048519912050616	0.0102488	3e-05
0.0369	-0.4534	0.2013	-0.0036198128686362394	-0.00033335788713091696	0.0010890854532444615	0.99111235	54.82665253	0.94427595	0.09264242728174521	0.0107622	2e-05
0.0341	-0.6003	0.2727	-0.003914773512223281	-0.0003316125578789226	0.0011013027580084218	1.03173661	57.07391739	0.97743268	0.23654616388014968	0.0118108	5e-05
0.0294	-0.5253	0.155	-0.003333578871309169	-0.00035430183815484887	0.0010157816246606998	1.07143497	59.26996231	1.00127285	0.231870252726888	0.0100015	2e-05
0.0366	-0.4582	0.1823	-0.0034627332359567498	-0.00039968039870670147	0.0011152653920243766	0.96260029	53.24941254	0.9312795	0.11530083462815548	0.010332	3e-05
0.0413	-0.5541	0.2777	-0.00422893277758226	-0.00035430183815484887	0.0011903145498601325	1.02333462	56.60913467	0.9681773	0.240331363000656	0.0120026	0.00011
0.0339	-0.5746	0.2159	-0.0038536869884034796	-0.0002199114857512855	0.0011606439525762293	1.0680902	59.08493423	1.00110236	0.11666533694331233	0.0110137	3e-05
0.0376	-0.46	0.1815	-0.003387684078120994	-0.00032463124087094524	0.0011379546723003027	1.00572705	55.63511276	0.95901444	0.1823705972839036	0.0102784	3e-05
0.0375	-0.4986	0.2504	-0.004103269071438669	-0.00031415926535897925	0.001129228026040331	0.99836266	55.22772598	0.95573562	0.14433918075448063	0.0116875	9e-05
0.034	-0.5845	0.2468	-0.004050909193878839	-0.00029321531433504735	0.001054178868204575	1.05029082	58.10030365	0.98981331	0.10041764932097592	0.0112628	8e-05
0.0326	-0.4792	0.1785	-0.003467969223712733	-0.0002897246558310587	0.0010070549784007281	1.02094364	56.47686768	0.96814687	0.20667772592369707	0.0103332	7e-05
0.0339	-0.4713	0.2346	-0.003516838442768574	-0.0003525565089028545	0.001069886831472524	0.99823493	55.22066116	0.95137587	0.07402664625997167	0.0113652	6e-05
0.0367	-0.6047	0.316	-0.00411548637620263	-0.0003822271061867582	0.001043706892692609	1.06236267	58.76810074	0.99776504	0.25032492347489366	0.0125601	0.00022
0.0349	-0.4928	0.1915	-0.0034714598822167216	-0.0002548180707911721	0.0010786134777324957	1.07790565	59.62791061	1.00460031	0.278517105721069	0.0107871	2e-05
0.0409	-0.4977	0.2494	-0.004106759729942657	-0.00023387411976724014	0.0011431906600562858	1.02209902	56.54078293	0.96931376	0.10484104905368286	0.0122101	0.00012
0.0365	-0.6022	0.27	-0.004323180557189954	-0.00021642082724729686	0.0010681415022205296	1.07572019	59.50701523	0.99942626	0.1449461638801498	0.0116172	0.00011
0.034	-0.4901	0.1904	-0.003682644721708035	-0.0002513274122871834	0.001064650843716541	1.02312469	56.59752274	0.9706862	0.2281466539512897	0.0103854	7e-05
0.0422	-0.543	0.2474	-0.0039723693775390945	-0.00032637657012293966	0.0011850785621041497	1.01681352	56.24839783	0.96397684	0.14236007660272126	0.0120345	7e-05
0.0422	-0.6215	0.2599	-0.004225442119078272	-0.00027925268031909274	0.0011676252695842063	1.06599808	58.96920395	0.99681617	0.1068824961931484	0.0116358	0.00012
0.0361	-0.4924	0.1746	-0.0035517450278084606	-0.0002583087292951608	0.0010611601852125523	1.03346884	57.16973877	0.97432349	0.2605553063332699	0.0104529	2e-05
0.0373	-0.5237	0.2343	-0.0038693949516714287	-0.0003385938748868999	0.001117010721276371	0.99529225	55.05787659	0.95307597	0.11488928027592636	0.0113133	0.00012
0.0368	-0.6006	0.2376	-0.004014257279586958	-0.0003054326190990077	0.0011309733552923255	1.03227413	57.10365295	0.97424123	0.09029931088596876	0.0115736	9e-05
0.0241	-0.4926	0.1807	-0.00342259066316088	-0.000307177948351002	0.0009634217471008699	1.01505721	56.1512413	0.96411617	0.21564817769347644	0.0110574	8e-05
0.0241	-0.4853	0.2196	-0.003652974124424132	-0.0003874630939427412	0.0010786134777324957	0.97236431	53.78954315	0.9402324	0.0674930168743308	0.0115229	0.0001
0.0231	-0.6169	0.2619	-0.004356341812977846	-0.00018675022996339323	0.0010995574287564276	1.01641309	56.22624969	0.95894146	0.22115122517784971	0.0119053	0.00012
0.009	-0.5302	0.1122	-0.0016074482410867775	5.585053606381854e-05	0.0007452555906015787	1.233482	68.23413086	1.10900395	0.41778980880365657	0.01203	0.00086
0.0154	-0.5868	0.0337	0.001858775653373961	0.0008691739674931761	0.0007853981633974483	1.36648393	75.59156799	1.21654654	0.35748449493429824	0.0170918	0.00205
0.0054	-0.4753	-0.0892	0.004021238596594935	0.0012025318546240932	0.0005253441048502931	1.37601006	76.1185379	1.22445109	0.3821937444449524	0.0211096	0.00542
0.01	-0.5617	-0.007	0.003073524812762014	0.0013142329267517303	0.0003473205211468716	1.45690954	80.59376526	1.27670258	0.23507192198319887	0.0180866	0.00303
0.01	-0.6926	0.0608	0.0021327923459370708	0.0011047934165124105	0.0003961897402027128	1.23988676	68.58843231	1.13248371	0.25865205980600525	0.0142812	0.00102
0.0079	-0.5872	0.0114	0.0016109388995907662	0.0009669124056048585	0.0004799655442984406	1.05920732	58.59355164	0.99291437	0.19407551306747917	0.0127427	0.00028
0.0162	-0.5723	0.0913	-0.0007958701389094143	0.0009808750396208131	0.0003961897402027128	1.17177844	64.82079315	1.05207449	0.2283273738305932	0.0135509	0.00067
0.0307	-0.7656	0.1756	-0.001192059879112127	0.001158898623324235	0.0006335545184739417	1.10694647	61.2344017	1.02716651	0.33267890510886805	0.0146508	0.00089
0.0261	-0.7295	-0.0845	0.0029827676916583086	0.0013857914260834976	0.0007609635538695277	1.47228467	81.44429016	1.24790843	0.5272564704462641	0.0218166	0.00636
-0.0091	-0.5597	-0.2717	0.004541346713689245	0.001129228026040331	0.0004886921905584122	1.43125892	79.17481232	1.24693574	0.4965706892692609	0.0196407	0.00555
-0.0046	-0.5256	-0.1099	0.0006579891280018621	0.0011257373675363424	0.000317649923862968	1.32049918	73.04777527	1.18514148	0.4032945255443408	0.0150977	0.0015
-0.0012	-0.5844	0.0059	-0.0009983283321407565	0.0011065387457644049	0.00017278759594743863	1.19127357	65.89923096	1.09258312	0.2690189204915044	0.0119057	0.00024
0.009	-0.6588	0.0391	-0.0019216075064457567	0.001117010721276371	0.00048345620280242926	1.1417563	63.16002274	1.04469499	0.18002098783359788	0.011774	0.00018
0.0092	-0.533	0.0087	-0.002141518992197042	0.0010140362954087054	0.0005916666164260777	1.03531837	57.27205276	0.97267761	0.17795481626213003	0.0109127	0.00014
0.0143	-0.5134	0.0386	-0.002176425577236929	0.0008726646259971648	0.0006318091892219474	0.97477639	53.92297363	0.93890326	0.0654210413623649	0.0105815	6e-05
0.0142	-0.6607	0.0892	-0.002509783464367846	0.0008307767239493009	0.00062482787221397	1.04008794	57.5358963	0.96010257	0.21711135530933792	0.0102064	4e-05
0.0059	-0.5715	0.0167	-0.002092649773141201	0.0007714355293814937	0.000598647933434055	1.0271281	56.81898499	0.96165462	0.19513274122871832	0.0102972	0.00011
0.0165	-0.5056	0.0314	-0.002064724505109292	0.0007347836150896127	0.000726056968829641	0.96506417	53.38571167	0.9286044	0.10079931088596872	0.0101644	0.00011
0.0176	-0.6282	0.0985	-0.0026529004630313807	0.0007801621756414653	0.0007714355293814937	1.02896297	56.92048264	0.95746816	0.2247466539512896	0.0103741	8e-05
0.008	-0.6343	0.0478	-0.002537708732399755	0.0007208209810736582	0.0006213372137099814	1.04142725	57.60998917	0.97712745	0.08263156204354727	0.0106712	9e-05
0.011	-0.5268	0.0257	-0.0022933626371205488	0.0005969026041820607	0.0006161012259539982	0.99760753	55.18595505	0.94880906	0.15127502299633927	0.0100586	0.0001
0.0228	-0.5798	0.0784	-0.0026075219024795284	0.0005916666164260777	0.0007592182246175333	0.99527669	55.05701828	0.94737288	0.1406256125889248	0.0103971	7e-05
0.0245	-0.6493	0.0752	-0.002874557278034661	0.0005881759579220891	0.0007120943348136865	1.049191	58.03946686	0.97486998	0.0902824961931484	0.0102389	9e-05
0.018	-0.5483	0.0361	-0.002542944720155738	0.0004921828490624009	0.0007487462491055673	0.98785561	54.64649582	0.94677781	0.1698128790515246	0.0100685	6e-05
0.0178	-0.5395	0.0678	-0.002478367537831948	0.00040840704496667313	0.000705113017805709	0.97638392	54.01190186	0.93634051	0.05029931088596885	0.0101225	7e-05
0.0209	-0.6756	0.1123	-0.002925171826342496	0.0004206243497306334	0.0007470009198535729	1.02228951	56.55131912	0.95151044	0.20874547476611857	0.00999194	4e-05
0.0172	-0.5631	0.0372	-0.0025062928058638572	0.0004677482395344803	0.000752236907609556	1.02253067	56.56466293	0.9585448	0.2148619449019233	0.0104383	4e-05
0.0196	-0.5268	0.0662	-0.0025499260371637153	0.0003438298626428829	0.000736528944341607	0.97678363	54.03401184	0.93972575	0.07686297857297021	0.010106	5e-05
0.0236	-0.6759	0.1309	-0.0031014500807939236	0.0003316125578789226	0.0007382742735936014	1.03115928	57.04198074	0.95146929	0.246074333882308	0.0098393	3e-05
0.0173	-0.607	0.0474	-0.0027768188399229783	0.0004136430327226561	0.0007819075048934597	1.05296993	58.24850845	0.95976525	0.1812147473507268	0.0099408	3e-05
0.0203	-0.5312	0.0517	-0.0025045474766118626	0.0003577924966588376	0.0007958701389094143	0.96628577	53.45328903	0.93112263	0.1002042266695444	0.00985438	4e-05
0.0271	-0.6059	0.1115	-0.0031031954100459182	0.0002478367537831948	0.000853466004225227	1.00675035	55.69172287	0.9503948	0.17960997708127552	0.0106811	6e-05
0.0244	-0.6911	0.1163	-0.0033999013828849537	0.00030368728984701333	0.0008203047484373349	1.04433167	57.77065277	0.97894344	0.11198588823453733	0.0103652	7e-05
0.019	-0.5646	0.054	-0.0030211649352021846	0.0003612831551628262	0.0007644542123735164	1.03597474	57.30836105	0.95926	0.21880914245312008	0.00990903	3e-05
0.0242	-0.5522	0.0951	-0.0030630528372500485	0.0003001966313430247	0.0008429940287132613	0.96717983	53.50274658	0.93605416	0.06777571211037049	0.00993973	3e-05
0.0229	-0.6821	0.1253	-0.0033283428835531865	0.00027925268031909274	0.0008307767239493009	1.02233219	56.55368042	0.96342856	0.17632256510455152	0.00994724	6e-05
0.016	-0.5836	0.0499	-0.0028780479365386495	0.00028623399732707005	0.0007958701389094143	1.02866817	56.90417862	0.96383079	0.20540914245312003	0.010262	4e-05
0.0241	-0.5487	0.0792	-0.0029129545215785357	0.00022689280275926284	0.000921533845053006	0.97407663	53.8842659	0.9368852	0.0832955742875643	0.0098449	2e-05
0.0273	-0.691	0.1501	-0.0036931166972200015	0.0003630284844148205	0.0009232791743050004	1.02393329	56.64225006	0.95633086	0.2623021593274509	0.0100074	5e-05
0.0205	-0.6284	0.0654	-0.003267256359733385	0.0003961897402027128	0.0008482300164692441	1.0183475	56.33325195	0.95340619	0.1808035375555133	0.00960392	5e-05
0.0185	-0.5749	0.0747	-0.0030211649352021846	0.0003682644721708035	0.0008150687606813518	0.94402456	52.22183609	0.91974204	0.08015889741755008	0.00969714	3e-05
0.0291	-0.612	0.1082	-0.0032777283352453507	0.00029845130209103034	0.0009180431865490173	0.96912575	53.61038971	0.9267121	0.10266754979953024	0.010155	5e-05
0.0285	-0.7198	0.1495	-0.0035953782591083183	0.00037524578917878077	0.0008569566627292158	1.03292787	57.13981628	0.94869557	0.17247654673852597	0.00990325	2e-05
0.021	-0.6191	0.0707	-0.0030944687637859463	0.0003769911184307752	0.0008517206749732328	1.0157696	56.19064713	0.93895545	0.21239454061651744	0.00975657	6e-05
0.0253	-0.5742	0.0863	-0.0030874874467779687	0.00029321531433504735	0.0008831366015091308	0.94571936	52.3155899	0.91694988	0.07090865238198012	0.00981915	5e-05
0.0229	-0.6949	0.16	-0.003712315318991939	0.00035081117965086024	0.0008709192967451704	1.02490604	56.696064	0.93824815	0.2315320521146871	0.0100584	3e-05
0.0149	-0.6597	0.081	-0.0033440508468211352	0.00038048177693476387	0.0007714355293814937	1.05489302	58.35488892	0.96202154	0.1470709418409192	0.0101028	2e-05
0.0259	-0.5744	0.0794	-0.0030647981665020423	0.0002722713633111154	0.0008779006137531476	0.95346135	52.74386215	0.92153322	0.12259640891571968	0.0100297	5e-05
0.0253	-0.6332	0.1344	-0.0034871678454846703	0.00026878070480712676	0.0009721483933608416	0.99416441	54.99548721	0.93542478	0.14040540585471548	0.0106049	5e-05
0.0216	-0.6898	0.1243	-0.0035412730522964946	0.0002565634000431664	0.0008377580409572782	1.05221188	58.20657349	0.98034798	0.08043564319896737	0.0106996	0.0001
0.0205	-0.5738	0.0775	-0.0031049407392979124	0.0002513274122871834	0.0008464846872172499	1.01538301	56.16926575	0.95000683	0.1864147473507268	0.0104074	3e-05
0.0203	-0.5949	0.1181	-0.0032934362985133003	0.00027750735106709843	0.0008936085770210966	0.96661836	53.47168732	0.93050367	0.07498996938995747	0.0106921	6e-05
0.0195	-0.686	0.1312	-0.003600614246864302	0.00031415926535897925	0.0008604473212332044	1.04987371	58.07722855	0.97488886	0.1238495559215388	0.0105215	6e-05
0.0217	-0.5835	0.0711	-0.0032131511529215613	0.0002740166925631097	0.0008761552845011534	1.02118921	56.49045181	0.9532232	0.186965681500328	0.0103049	3e-05
0.0226	-0.5749	0.1017	-0.003295181627765294	0.00023387411976724014	0.000895353906273091	0.9544552	52.79883957	0.92000499	0.04716858347057705	0.0105551	7e-05
0.0248	-0.7159	0.155	-0.0038536869884034796	0.0002565634000431664	0.0009128071987930344	1.02706575	56.8155365	0.95397247	0.2264323966717028	0.0104247	6e-05
0.0219	-0.6239	0.0575	-0.003262020371977402	0.0002548180707911721	0.000853466004225227	1.03926241	57.49023056	0.96216312	0.22503765701229392	0.0102779	3e-05
0.0285	-0.5866	0.0894	-0.003269001688985379	0.00024609142453120044	0.000973893722612836	0.96360874	53.30519867	0.92432488	0.08260678408277787	0.0102405	5e-05
0.0348	-0.736	0.1907	-0.0040334559013588955	0.0001937315469713706	0.0009686577348568529	1.06399179	58.85821915	0.96212454	0.29810250388446646	0.0106518	5e-05
0.0202	-0.6949	0.1001	-0.003459242577452761	0.000322885911618951	0.0008429940287132613	1.08290708	59.90458298	0.97738566	0.18775156973486537	0.0103736	3e-05
0.0276	-0.6092	0.0916	-0.003178244567881674	0.0002530727415391778	0.000926769832808989	0.97760987	54.07971954	0.93243581	0.12332934918732937	0.0104995	5e-05
0.0358	-0.7548	0.2092	-0.0049864056729478	0.0002583087292951608	0.000874409955249159	1.10954714	61.37826538	1.00728789	0.36468784851909697	0.0129561	0.00031
0.0253	-0.7	0.1636	-0.006448991586119048	0.0006108652381980154	0.0007871434926494425	1.14273643	63.21424103	1.03530171	0.20602044423369104	0.0158107	0.00072
0.0311	-0.6198	0.1637	-0.005527457741066041	0.0005410520681182421	0.0009459684545809266	1.02386701	56.63858795	0.96792128	0.14360859885321314	0.0130029	0.00011
0.0428	-0.7723	0.2335	-0.005457644570986268	0.0004485496177625427	0.0011135200627723821	1.05329597	58.26654434	0.96295615	0.2504933614313464	0.0122604	0.00021
0.0266	-0.7367	0.1245	-0.00474904089467657	0.0005235987755982988	0.0009896016858807848	1.09671605	60.66847229	0.99520306	0.2061785605518525	0.0115838	0.00016
0.0274	-0.6441	0.1086	-0.004071853144902771	0.00037350045992678646	0.0009634217471008699	0.99453831	55.0161705	0.9400195	0.15197330021126135	0.010915	0.00011
0.0373	-0.6628	0.1574	-0.004267330021126135	0.0003665191429188092	0.001129228026040331	0.96855658	53.57890701	0.92189065	0.09581322360854008	0.0112786	8e-05
0.0406	-0.7725	0.1963	-0.0046582837735728655	0.0003665191429188092	0.0010978120995044332	1.05190206	58.18943787	0.97124674	0.1730184839491314	0.0114495	9e-05
0.0352	-0.6499	0.1238	-0.004021238596594935	0.0004049163864626844	0.0010506882097005862	1.04159546	57.6192894	0.95122157	0.23662831551628252	0.0107573	3e-05
0.0384	-0.7012	0.1824	-0.004213224814314312	0.00039968039870670147	0.0011082840750163993	1.02368283	56.6283989	0.94480916	0.12584090353955868	0.0111855	9e-05
0.0394	-0.777	0.1697	-0.00428129265514209	0.0003577924966588376	0.0010786134777324957	1.10241187	60.98355103	0.99972687	0.09648131700797728	0.0108907	8e-05
0.0362	-0.6627	0.1157	-0.0037000980142279784	0.00032463124087094524	0.001059414855960558	1.02381682	56.63581085	0.94773306	0.20317772592369712	0.0100145	1e-05
0.0421	-0.6777	0.1608	-0.003993313328563026	0.00034208453339088857	0.0011379546723003027	0.98588943	54.53773117	0.92624339	0.08546042115973679	0.0108797	8e-05
0.0437	-0.798	0.2092	-0.005347688828110626	0.00042411500823462205	0.0011082840750163993	1.09365273	60.49901199	1.00529821	0.24360382858376187	0.0124288	0.00028
0.0384	-0.6761	0.1464	-0.005300564938306779	0.0004572762640225143	0.0009861110273767962	1.06822586	59.09243774	0.991673	0.20012290966156712	0.0122883	0.00014
0.0403	-0.6363	0.1551	-0.004569271981721155	0.0003385938748868999	0.0010821041362364843	0.96261549	53.25025558	0.92730079	0.09769842272904641	0.0109582	6e-05
0.0462	-0.7842	0.2328	-0.004963716392671873	0.0004433136300065597	0.0011990411961201044	1.03205729	57.09165955	0.94172775	0.2623050612977	0.011768	0.0002
0.0375	-0.7329	0.1412	-0.004543092042941239	0.0005131268000863328	0.001064650843716541	1.07112086	59.25259018	0.96904843	0.1828413936106985	0.011165	8e-05
0.048	-0.6705	0.1464	-0.004059635840138811	0.00042411500823462205	0.0012758356832078548	0.97806066	54.10465622	0.93414708	0.11728264170727268	0.0102409	4e-05
0.0501	-0.8385	0.2219	-0.004825835381764321	0.0007382742735936014	0.001403244718603441	1.12036383	61.97662735	1.01607787	0.3059883921190038	0.0130112	0.00044
0.0304	-0.8517	0.1451	-0.005094616086571448	0.0008185594191853405	0.0011205013797803594	1.19362473	66.02929688	1.07540147	0.1412904594610973	0.0157174	0.00235
0.0283	-0.8204	0.0159	-0.0015358897417550098	0.0007976154681614085	0.0008918632477691023	1.32641411	73.37497711	1.16126917	0.3530154213925813	0.0156676	0.00216
0.0339	-0.7745	-0.2751	0.007887142889762375	0.0018797196043978928	0.0008011061266653974	1.84570754	102.10140991	1.59098576	0.8722946944428785	0.027259	0.01503
0.0429	-0.7737	-0.1756	0.006141813637768045	0.0017296212887263805	0.0009180431865490173	1.25905228	69.64863586	1.14469333	0.209918231377473	0.0188223	0.0046
0.054	-0.8958	-0.0615	0.003977605365295077	0.001500983156715123	0.0010088003076527223	1.07645094	59.54743958	1.00502301	0.37148017627939656	0.0154599	0.00122
0.0553	-0.8079	-0.1	0.0033405601883171464	0.0012164944886400475	0.0010175269539126942	1.01397705	56.09148788	0.95424586	0.174213024565649	0.0141832	0.00072
0.067	-0.731	-0.0686	0.0029705503868943488	0.0011414453308042916	0.0012112585008840647	0.9557125	52.86839294	0.92012632	0.15193952531149618	0.0133393	0.00045
0.0682	-0.8447	0.0216	0.0020699604928652747	0.0010803588069844899	0.001329940890019679	1.01785171	56.30582809	0.95688132	0.2591179403492246	0.012273	0.00023
0.0613	-0.8454	-0.0186	0.001839577031602023	0.0009546951008408983	0.0011763519158441782	1.0734992	59.38415146	0.99157386	0.07328180707911723	0.0121454	0.00019
0.06	-0.745	-0.0453	0.0016999506914424768	0.0007958701389094143	0.0012112585008840647	0.99801314	55.2083931	0.94131473	0.14506789435654588	0.0115511	9e-05
0.0604	-0.7745	0.0176	0.0008150687606813518	0.0006492624817418905	0.0012356931104119853	0.98338276	54.39906311	0.93078887	0.14559620987282845	0.0110815	5e-05
0.0562	-0.9118	0.0726	0.00027925268031909274	0.00048171087355043494	0.0011431906600562858	1.04399991	57.75230026	0.97633407	0.2362935069454708	0.0107777	5e-05
0.0515	-0.7942	-0.0348	0.0008761552845011534	0.0004677482395344803	0.0011466813185602744	1.06141281	58.7155571	0.97388395	0.26041779483510025	0.0103853	6e-05
0.0592	-0.7723	-0.0075	0.0011135200627723821	0.00048520153205442357	0.0012461650859239514	0.97799152	54.10083008	0.92091741	0.07461509190774249	0.0105695	5e-05
0.0641	-0.9051	0.0594	0.0006841690667817771	0.0005585053606381855	0.0013421581947836393	1.00573373	55.63548279	0.94630687	0.2345323966717028	0.0103706	7e-05
0.0549	-0.803	-0.0191	0.0006736970912698113	0.0005096361415823442	0.0013369222070276565	1.01635039	56.22277832	0.95351651	0.19302885911618947	0.00984806	6e-05
0.0633	-0.7428	0.0018	0.0006562437987498679	0.0003787364476827695	0.0014259339988793671	0.94305104	52.16798401	0.90570259	0.10136823891356143	0.00978845	3e-05
0.0683	-0.8744	0.0895	0.0002722713633111154	0.00037524578917878077	0.0014695672301792255	1.01046455	55.89718246	0.95075739	0.24585481626212996	0.00991327	7e-05
0.0587	-0.8649	0.0366	0.0002600540585471551	0.0003665191429188092	0.0014486232791552935	1.0253284	56.71942902	0.96651122	0.07409439510239316	0.00964862	5e-05
0.0526	-0.7644	0.0096	0.000635299847725936	0.0003700098014227979	0.0013718287920675431	0.96249139	53.24338913	0.92067302	0.156376546738526	0.00980479	5e-05
0.0556	-0.8224	0.0502	0.00042236967898262774	0.00033684854563490564	0.0015306537539990272	0.95463198	52.80862045	0.91319605	0.12184581932313428	0.00986123	5e-05
0.0563	-0.9384	0.081	0.000296705972839036	0.00038048177693476387	0.0014608405839192536	1.0139643	56.09078598	0.95145378	0.15945550537616118	0.00991255	3e-05
0.0505	-0.8163	0.0003	0.0006492624817418905	0.00039095375244672985	0.0013927727430914749	0.9938361	54.97732544	0.93588047	0.23015481626212997	0.00973046	3e-05
0.0556	-0.7862	0.0261	0.0004886921905584122	0.0003211405823669566	0.0014573499254152652	0.92305458	51.06181335	0.89920827	0.07574803217935211	0.00955123	3e-05
0.0563	-0.9348	0.0991	3.316125578789226e-05	0.00024609142453120044	0.0014748032179352085	0.99525934	55.05605698	0.93855235	0.24970166925631088	0.00971591	3e-05
0.0479	-0.8749	0.0158	4.537856055185256e-05	0.0003298672286269283	0.0014049900478554352	1.04350972	57.72518921	0.97913498	0.159890313946973	0.00945145	3e-05
0.0525	-0.7944	0.0101	0.0002007128639793479	0.00021642082724729686	0.001424188669627373	0.95718426	52.94980621	0.9135471	0.10519896632895324	0.0089367	4e-05
0.0593	-0.8741	0.0821	0.00010821041362364843	0.0002600540585471551	0.0015289084247470327	0.98542005	54.51176453	0.9344467	0.17054277183876088	0.00962359	5e-05
0.0617	-0.9231	0.0618	0.00012740903539558605	0.00028797932657906436	0.001583013631558857	1.06259966	58.78120804	0.98464455	0.07676145483078359	0.00948924	3e-05
0.0615	-0.8213	0.0149	0.0003298672286269283	0.0002617993877991494	0.0015323990832510211	0.97292405	53.82050705	0.92791964	0.16286263401595466	0.00917035	4e-05
0.0655	-0.8126	0.0414	6.108652381980153e-05	0.0002652900463031381	0.001626646862858715	0.92186028	50.99574661	0.89350426	0.057525957145940505	0.00913346	3e-05
0.0689	-0.951	0.1246	-0.000645771823237902	0.0002443460952792061	0.001647590813882647	0.9946748	55.02371979	0.9370669	0.26243731245527835	0.009175	4e-05
0.0602	-0.8638	0.032	-0.000726056968829641	0.00033684854563490564	0.0015899949485668342	1.03566229	57.29108047	0.96046089	0.20001917306316247	0.00864965	2e-05
0.0605	-0.7994	0.0458	-0.0007504915783575615	0.0003595378259108319	0.0016318828506146981	0.95335859	52.73817825	0.90359303	0.08295058959258554	0.00860053	2e-05
0.0625	-0.8846	0.1073	-0.0010471975511965976	0.0003944444109507184	0.0017470745812463236	0.98709315	54.60431671	0.93158344	0.17104021442552744	0.00925606	2e-05
0.0447	-0.9673	0.1037	-0.0008656833089891874	0.0005253441048502931	0.001689478715930511	1.0849278	60.01636505	0.99171654	0.12260049007113988	0.00953156	2e-05
0.0512	-0.8448	0.021	-0.0002478367537831948	0.00038571776469074686	0.001579522973054868	1.01277435	56.02495575	0.9501754	0.2550714319120591	0.00882274	2e-05
0.0607	-0.8359	0.0515	-0.0004625122517784973	0.000322885911618951	0.0016702800941585732	0.93361324	51.64590073	0.90075253	0.06731322360854018	0.00877333	3e-05
0.0675	-1.0094	0.1424	-0.000710349005561692	0.0002303834612632515	0.001647590813882647	1.03089726	57.02748871	0.96655574	0.2893514242207411	0.00976419	7e-05
0.0623	-0.9122	0.0266	-0.00038397243543875244	0.00031415926535897925	0.0016598081186466073	1.06977487	59.1781311	0.99103199	0.2393184839491314	0.00927424	5e-05
0.0657	-0.8403	0.0311	-0.0004974188368183839	0.00035081117965086024	0.0016650441064025902	0.9467324	52.37162781	0.90688812	0.08756671517137472	0.0087027	1e-05
0.0686	-0.9406	0.1201	-0.0012339477811599909	0.000312413936106985	0.0016964600329384882	0.99291438	54.9263382	0.93132003	0.23251710572106887	0.00912189	0.0
0.0632	-0.9208	0.0572	-0.0011484266478122688	0.0003525565089028545	0.0015865042900628454	1.02883148	56.91321182	0.96173578	0.09988097245096177	0.00882035	2e-05
0.0634	-0.832	0.0374	-0.0008726646259971648	0.000307177948351002	0.001614429558094755	0.97427374	53.8951683	0.9141951	0.12625329251994327	0.00857514	4e-05
0.0694	-0.9682	0.1197	-0.0010314895879286487	0.00022165681500327985	0.0017139133254584315	1.01982915	56.41521454	0.94732226	0.2416914931321441	0.00932062	4e-05
0.0642	-0.9797	0.0556	-0.0011222467090323538	0.0001605702911834783	0.0016283921921107093	1.05430984	58.32263184	0.98194409	0.09266823891356152	0.00883526	3e-05
0.0589	-0.8613	0.028	-0.0007330382858376184	0.0002024581932313422	0.0016493361431346415	1.01194942	55.97932434	0.92816944	0.17390201381332662	0.00866199	3e-05
0.0691	-0.9042	0.0982	-0.0012112585008840647	0.00017976891295541595	0.0018186330805780916	1.01060128	55.90474701	0.92467118	0.15681032163829114	0.00908101	2e-05
0.0705	-0.9888	0.1019	-0.001410226035611418	-1.7453292519943294e-06	0.0017208946424664088	1.07355618	59.38730621	0.99253824	0.11361101075232234	0.00925869	3e-05
0.0607	-0.8623	0.0356	-0.0011728612573401894	0.00016406094968746698	0.001647590813882647	1.06256247	58.77915192	0.95537612	0.22642374428972264	0.00840098	1e-05
0.0721	-0.9126	0.1112	-0.0013945180723434693	-2.6179938779914945e-05	0.0016249015336067207	1.04724956	57.93206787	0.94768283	0.1590293491873294	0.00924331	3e-05
0.0807	-1.0067	0.1594	-0.001858775653373961	-0.00026354471705114377	0.001500983156715123	1.09151864	60.38095856	1.00660619	0.19217703680966583	0.0095337	6e-05
0.0723	-0.9093	0.0346	8.726646259971648e-06	4.537856055185256e-05	0.0015481070465189703	1.07297635	59.35523224	0.98755035	0.34177747335203873	0.00901109	4e-05
0.0782	-0.9366	0.0462	0.0006859143960337716	3.665191429188092e-05	0.0016249015336067207	0.99168825	54.85850906	0.94172774	0.0829354441560761	0.00961888	4e-05
0.0739	-1.0406	0.0878	2.792526803190927e-05	-0.0002129301687433082	0.0016301375213627037	1.04913068	58.036129	0.97770853	0.19554035993965171	0.00959015	7e-05
0.0636	-0.9065	0.0166	-4.0142572795869576e-05	-8.552113334772214e-05	0.001572541656046891	1.01531041	56.16524887	0.95812308	0.22825363707695884	0.00891274	5e-05
0.072	-0.9117	0.0552	-0.0002722713633111154	-0.00010995574287564276	0.0017121679962064373	0.95627058	52.89926529	0.91623379	0.0720094870101356	0.00897324	3e-05
0.076	-1.0369	0.1055	-0.0006632251157578452	-0.000317649923862968	0.0016301375213627037	1.03166616	57.07002258	0.96284793	0.2135339204138894	0.00906324	7e-05
0.0672	-0.9214	0.0305	-0.0006335545184739417	-0.0001256637061435917	0.0016196655458507376	0.99997789	55.31707764	0.94401646	0.2109064395257622	0.00838745	3e-05
0.0663	-0.8676	0.0554	-0.0007731808586334879	-5.759586531581287e-05	0.0016545721308906245	0.92653793	51.25450516	0.89357832	0.09173003830136055	0.00828922	3e-05
0.079	-0.9953	0.1407	-0.0011309733552923255	-0.000158824961931484	0.0017435839227423352	0.98279411	54.36650085	0.9345924	0.25310166925631084	0.00909638	2e-05
0.0716	-0.9467	0.0601	-0.0009913470151327792	-8.552113334772214e-05	0.0016318828506146981	1.02718449	56.82210159	0.96358133	0.1528315620435472	0.00857598	3e-05
0.0637	-0.8596	0.0675	-0.0012601277199399059	2.792526803190927e-05	0.0016179202165987434	0.93592972	51.77404404	0.90300276	0.12220948701013556	0.00841725	1e-05
0.0715	-0.8913	0.129	-0.0018256143975860688	8.901179185171081e-05	0.0016982053621904826	0.95241004	52.68570709	0.91104619	0.13634291735288512	0.00927573	3e-05
0.0773	-1.0237	0.1843	-0.0020141099568014562	-5.585053606381854e-05	0.0016615534478986017	1.03618765	57.32014084	0.9700029	0.21200049007113997	0.00933397	1e-05
0.0629	-0.8945	0.0611	-0.001329940890019679	0.00015009831567151235	0.001541125729510993	1.03433323	57.217556	0.97006156	0.31732728184523595	0.00835043	1e-05
0.065	-0.8545	0.0758	-0.0012095131716320703	8.901179185171081e-05	0.001609193570338772	0.92348361	51.08554459	0.8964215	0.0692791041517594	0.0085789	1e-05
0.075	-1.0075	0.1805	-0.001668534764906579	-5.061454830783555e-05	0.0017174039839624202	1.01206851	55.98591232	0.9562988	0.30304291735288524	0.00979245	4e-05
0.0714	-0.9703	0.0766	-0.0014974924982111347	8.552113334772214e-05	0.001579522973054868	1.07063603	59.22576904	0.99710979	0.1669529479629277	0.00864995	2e-05
0.0702	-0.886	0.0621	-0.0011257373675363424	6.283185307179586e-05	0.0016807520696705393	0.97428465	53.89577103	0.92659771	0.12478367537831953	0.00854897	5e-05
0.0825	-1.0499	0.1494	-0.001281071670963838	-0.00015707963267948963	0.0017016960206944712	1.01741052	56.28142548	0.95242633	0.2833094870101357	0.00923765	4e-05
0.0754	-0.9661	0.0479	-0.0008569566627292158	-0.0001675516081914556	0.001656317460142619	1.0084554	55.78603745	0.95337197	0.21639827721492216	0.008371	3e-05
0.071	-0.8809	0.0423	-0.0004921828490624009	-0.0001064650843716541	0.001673770752662562	0.93051052	51.47426224	0.90045523	0.11736568150032792	0.00848591	1e-05
0.0813	-1.0078	0.1571	-0.001270599695451872	-0.00022689280275926284	0.0017680185322702558	1.03454328	57.22917557	0.96208345	0.3016546172192387	0.00941259	2e-05
0.0765	-1.0102	0.1104	-0.0010873401239924673	-0.000158824961931484	0.001706932008450454	1.07129586	59.26226807	0.99422759	0.0695206968053492	0.00912243	2e-05
0.0713	-0.9005	0.0481	-0.0006824237375297829	-7.853981633974481e-05	0.0016824973989225337	0.98328131	54.39345169	0.93252253	0.2026818070791172	0.0083074	2e-05
0.0738	-0.9253	0.0777	-0.0007661995416255106	-8.028514559173915e-05	0.0016126842288427606	0.92227465	51.01866913	0.89729206	0.0646667151713748	0.00873768	2e-05
0.0815	-1.0288	0.1089	-0.0012723450247038664	-0.00022863813201125715	0.0015481070465189703	0.99958521	55.29535675	0.94330231	0.17835378259108312	0.00873709	3e-05
0.0726	-0.9192	0.048	-0.0011536626355682519	-6.45771823237902e-05	0.0015358897417550098	0.98440385	54.45555115	0.9222811	0.194148032179352	0.00859201	3e-05
0.0716	-0.8918	0.0657	-0.0011728612573401894	-3.665191429188092e-05	0.0016388641676226754	0.93780196	51.87761307	0.88883614	0.0536049157835756	0.00848693	1e-05
0.0796	-1.0551	0.1718	-0.0014451326206513049	-0.0001675516081914556	0.0017941984710501708	1.02312899	56.59775543	0.95729786	0.3053252680319092	0.00957233	4e-05
0.0731	-1.013	0.0636	-0.0008464846872172499	-0.000148352986419518	0.0016650441064025902	1.07518995	59.47768021	0.99819244	0.1941500459926787	0.00916648	3e-05
0.0719	-0.9223	0.0328	-0.0004921828490624009	-0.00011693705988362007	0.0017278759594743865	0.95677882	52.92737961	0.91419523	0.14512748088812708	0.00848979	4e-05
0.08	-1.0043	0.1062	-0.0009546951008408983	-0.00014486232791552936	0.0018291050560900572	0.98472887	54.47352982	0.92791504	0.19308333082130383	0.00922745	1e-05
0.0752	-1.0457	0.0748	-0.0006824237375297829	-0.00020594885173533088	0.0016510814723866359	1.08305728	59.91289139	0.98786163	0.103169073541717	0.00925601	4e-05
0.0714	-0.943	0.0036	0.00015707963267948963	-3.141592653589793e-05	0.0016493361431346415	1.00366724	55.52116776	0.94335304	0.22848908123303513	0.00911808	3e-05
0.1078	-1.0931	0.048	0.0016790067404185449	0.0005009094953223725	0.0016755160819145565	1.10823047	61.30543137	1.02545251	0.33492162341886206	0.0117897	0.00079
0.104	-1.2106	0.027	0.0015481070465189703	0.0003717551306747922	0.0017331119472303693	1.20899236	66.87940216	1.09460897	0.1581824961931483	0.0145364	0.00103
0.1145	-1.1457	-0.1201	0.0037245326237558994	0.000635299847725936	0.002015855286053451	1.33795142	74.01319885	1.18565772	0.3586356816555577	0.0228108	0.0052
0.072	-1.0401	-0.2464	0.0059079395180008055	0.0006021385919380437	0.0013997540600994523	1.25560009	69.45766449	1.13405448	0.41603346879933983	0.0201876	0.00563
0.0865	-1.0512	-0.1823	0.004546582701445229	0.0002007128639793479	0.001956514091485643	1.16629863	64.51766205	1.06788015	0.20567712879502303	0.0160004	0.00184
0.0919	-1.226	-0.0231	0.0022008601867648495	-8.203047484373349e-05	0.002008873969045473	1.21440613	67.17888641	1.0773926	0.4734412865531646	0.0147495	0.00052
0.0854	-1.1313	-0.1496	0.0035360370645405115	-0.0	0.0018832102629018814	1.15693378	63.99961472	1.02927055	0.3048435529381494	0.0143942	0.00098
0.0858	-1.0622	-0.1102	0.0031817352263856626	0.00017278759594743863	0.0019041542139258136	1.02480185	56.69029617	0.93273353	0.13630166925631093	0.0126429	0.00033
0.0911	-1.1945	-0.0339	0.002380629099720265	0.00014486232791552936	0.001933824811209717	1.03174686	57.07448578	0.95722073	0.2568350995990604	0.0122654	0.00023
0.0908	-1.0966	-0.0921	0.0023998277214922034	0.0003159045946109737	0.0018517943363659836	1.01859093	56.34672165	0.94500616	0.17001356816555568	0.011381	0.00013
0.0872	-1.0592	-0.0718	0.0026581364507873638	0.00019198621771937622	0.0019373154697137059	0.98989254	54.75917435	0.92931126	0.0846874119767241	0.0116047	0.00022
0.0911	-1.1963	0.0078	0.0021886428820008896	-9.599310885968811e-05	0.0018622663118779497	1.04047585	57.55735779	0.9713103	0.26222610266006474	0.0117564	0.00022
0.085	-1.0898	-0.0958	0.0024731315500759648	-1.9198621771937625e-05	0.0019285888234537342	1.06056416	58.6686058	0.97301574	0.23758028333693032	0.0112797	0.00019
0.0846	-1.0346	-0.0693	0.0022724186860966175	-5.061454830783555e-05	0.001954768762233649	0.96946073	53.62892151	0.91021876	0.09501543646475814	0.0109664	9e-05
0.0881	-1.1855	0.0039	0.0018413223608540175	-7.853981633974481e-05	0.0019233528356977512	1.00231159	55.44617844	0.94854393	0.2521218759905204	0.0110795	0.0001
0.0718	-1.1011	-0.0911	0.0018901915799098587	0.00021118483949131387	0.0018186330805780916	1.08137536	59.81985092	0.98054686	0.217865681500328	0.0110316	0.00011
0.0775	-1.0255	-0.0529	0.0014765485471872027	0.0001605702911834783	0.0018186330805780916	0.99807519	55.21182632	0.91670104	0.14271287905152447	0.00987685	2e-05
0.0907	-1.1993	0.0407	0.001329940890019679	7.155849933176751e-05	0.0019163715186897737	1.04557884	57.83964539	0.96508024	0.29726789435654577	0.0107384	5e-05
0.0857	-1.1334	-0.0769	0.0020420352248333657	0.0001291543646475804	0.0018517943363659836	1.10701859	61.23839188	1.00573109	0.2302133691226645	0.0110728	7e-05
0.0859	-1.0531	-0.0739	0.0021676989309769574	0.00010995574287564276	0.0019111355309337906	0.97594309	53.9875145	0.91884941	0.09371017612416686	0.010597	7e-05
0.0887	-1.2023	0.0059	0.0016022122533307947	0.00010821041362364843	0.001996656664281513	1.01995587	56.42222977	0.94976976	0.264437657012294	0.0112459	8e-05
0.0766	-1.1406	-0.0923	0.0017819811662862105	0.0001832595714594046	0.0018360863730980347	1.08849168	60.21351242	0.97459448	0.1927694180987324	0.0109583	9e-05
0.082	-1.0649	-0.0721	0.0017470745812463236	0.00011344640137963142	0.0019006635554218248	0.97907215	54.1606102	0.91552114	0.1097648468721726	0.0104077	6e-05
0.0901	-1.2114	0.0184	0.0012636183784438947	9.42477796076938e-05	0.0019268434942017398	1.04882932	58.01945496	0.95496342	0.2715417381677141	0.0107194	3e-05
0.0836	-1.1556	-0.0753	0.0016859880574265225	0.0001605702911834783	0.0018657569703819383	1.10210919	60.96680832	0.98306118	0.1834889357189108	0.0109482	6e-05
0.089	-1.0619	-0.0811	0.0018046704465621369	8.901179185171081e-05	0.0020245819323134223	0.94962806	52.53181076	0.9131525	0.12235329251994317	0.0106223	5e-05
0.0932	-1.1719	0.0171	0.0010157816246606998	0.00012217304763960306	0.0020856684561332234	1.0324657	57.11424637	0.93776785	0.25655683007545643	0.0104314	6e-05
0.0825	-1.1469	-0.045	0.0008674286382411819	0.00010471975511965978	0.0020106192982974674	1.05258155	58.22702408	0.95588289	0.10984277183876076	0.00964046	3e-05
0.0838	-1.0657	-0.0551	0.0011013027580084218	7.504915783575618e-05	0.0019861846887695473	0.93180043	51.54561615	0.90202327	0.10699896632895312	0.00959045	2e-05
0.0887	-1.1512	0.0125	0.0009896016858807848	3.665191429188092e-05	0.002033308578573394	1.04547167	57.83371735	0.93816434	0.16786111027376785	0.0102116	7e-05
0.0841	-1.1912	-0.0135	0.0009896016858807848	9.250245035569947e-05	0.0019530234329816546	1.08486187	60.0127182	1.00281864	0.07740678408277793	0.0105073	5e-05
0.0818	-1.0837	-0.0588	0.001181587903600161	9.599310885968811e-05	0.0019861846887695473	1.0360831	57.31435776	0.93542546	0.1665319066005628	0.00983691	7e-05
0.0866	-1.1301	-0.0022	0.0008656833089891874	2.96705972839036e-05	0.0019495327744776662	0.9984135	55.23054123	0.91519015	0.1287439510239319	0.0101814	4e-05
0.0895	-1.2044	0.0532	-0.00013788101090755203	-7.155849933176751e-05	0.0019408061282176943	1.07983971	59.73490143	0.99158063	0.1882760031386189	0.00972086	9e-05
0.0831	-1.0821	-0.0112	-8.552113334772214e-05	0.0001239183768915974	0.001932079481957723	1.05075288	58.12586594	0.94622941	0.20592817000215816	0.00876391	2e-05
0.083	-1.0971	0.0293	-0.0001308996938995747	0.00014137166941154068	0.001980948701013564	1.00070858	55.35750198	0.91030792	0.06118505360638173	0.00894934	1e-05
0.0798	-1.2223	0.0799	-0.00034033920413889426	0.00013264502315156904	0.0019617500792416262	1.0193038	56.38615417	0.95434963	0.19086823891356147	0.00940275	3e-05
0.0735	-1.0916	-0.0058	-0.00014660765716752367	0.00013962634015954637	0.0019181168479417679	1.06257379	58.77977753	0.95922201	0.2349173047639604	0.0089891	2e-05
0.0785	-1.0913	0.0331	-0.0001012290966156711	7.67944870877505e-05	0.002040289895581371	1.00740016	55.72766495	0.91838763	0.05571917306316254	0.0092411	5e-05
0.0823	-1.1999	0.0808	-0.0005532693728822024	-1.7453292519943294e-06	0.002050761871093337	1.01321435	56.04929733	0.95571042	0.1871526034059121	0.00923771	4e-05
0.0813	-1.0967	0.0044	6.9813170079773176e-06	6.9813170079773176e-06	0.002007128639793479	0.98677593	54.5867691	0.92980105	0.21123052837250045	0.00897866	2e-05
0.0792	-1.0855	0.0274	-0.00038397243543875244	0.00011170107212763708	0.0019233528356977512	0.92519724	51.18033981	0.89627058	0.06527246558310595	0.00889713	2e-05
0.0888	-1.2636	0.0842	-0.0001675516081914556	1.3962634015954635e-05	0.001947787445225672	1.01213157	55.98940277	0.95419036	0.26142969374434516	0.00968367	3e-05
0.0825	-1.2193	-0.0202	0.0006003932626860494	0.00010471975511965978	0.001932079481957723	1.06989098	59.18455124	0.99445678	0.19872049776245795	0.0102749	7e-05
0.0826	-1.1473	-0.0283	0.0005393067388662478	0.0001361356816555577	0.0019687313962496035	0.99302411	54.93240738	0.9131432	0.08665771823237906	0.00966769	2e-05
0.078	-1.2794	-0.0915	0.0003874630939427412	0.00045902159327450867	0.0012409290981679683	1.209131	66.88707733	1.08127095	0.2600265927312048	0.0162418	0.00184
0.071	-1.1272	-0.3254	0.0036145768808802567	0.0007190756518216638	0.0010192722831646884	1.42753625	78.9688797	1.25006237	0.5785412330243976	0.0187168	0.00492
0.0781	-1.112	-0.2804	0.0028693212902786776	0.0004206243497306334	0.001499237827463129	1.1323657	62.64054489	1.03223775	0.14348362184955243	0.0140252	0.00182
0.0789	-1.0492	-0.1997	0.0015062191444711063	0.0003159045946109737	0.0016824973989225337	0.97510338	53.94106293	0.91677227	0.226854073619332	0.0119305	0.00039
0.0847	-1.1086	-0.1309	0.0009128071987930344	0.0002303834612632515	0.0017941984710501708	0.97136664	53.73435211	0.91717803	0.17353170755767167	0.0110612	0.00013
0.0849	-1.1782	-0.0909	0.0006108652381980154	1.2217304763960308e-05	0.0017610372152622785	1.03478718	57.24266815	0.97384985	0.13746346864411002	0.0104136	7e-05
0.0809	-1.0582	-0.1228	0.0007923794804054256	4.537856055185256e-05	0.0017941984710501708	0.98081821	54.25719833	0.92488173	0.16829183768915965	0.0103037	6e-05
0.0838	-1.0908	-0.0744	0.0007243116395776468	6.981317007977319e-05	0.0018814649336498872	0.95403296	52.77548218	0.91228611	0.09288844564777075	0.0101722	3e-05
0.0821	-1.183	-0.0477	0.0009791297103688187	-2.268928027592628e-05	0.0018151424220741027	1.05425549	58.31962204	0.97550805	0.1412821516361328	0.0104432	7e-05
0.0785	-1.0751	-0.1187	0.0013892820845874865	5.235987755982989e-05	0.0018029251173101424	0.99406374	54.98991776	0.93904963	0.20737094184091928	0.0108033	6e-05
0.0857	-1.1752	-0.0622	0.0009180431865490173	9.250245035569947e-05	0.0018971728969178364	1.00142193	55.39696121	0.93608026	0.19408146252210168	0.0101863	4e-05
0.0795	-1.2366	-0.0947	0.0009948376736367678	5.061454830783555e-05	0.001820378409830086	1.05241227	58.217659	0.97898207	0.10987384381116815	0.0109891	6e-05
0.08	-1.1059	-0.1326	0.0013718287920675431	6.108652381980153e-05	0.001858775653373961	0.99000454	54.76536942	0.94207558	0.1903930168743306	0.011344	7e-05
0.0857	-1.1518	-0.0689	0.0007487462491055673	2.4434609527920616e-05	0.0019250981649497454	0.99084091	54.81163788	0.93321913	0.15160284844148186	0.0100867	3e-05
0.0871	-1.2193	-0.0817	0.0007958701389094143	5.235987755982988e-06	0.0018727382873899156	1.02535915	56.72112656	0.95610554	0.08763411945678082	0.0102825	5e-05
0.0824	-1.1159	-0.0729	1.7453292519943296e-05	0.0001884955592153876	0.0018500490071139892	0.99243462	54.89979935	0.93620492	0.16611828490624023	0.00956804	1e-05
0.0854	-1.1605	-0.0171	-0.0	0.00020420352248333657	0.0019687313962496035	0.95593113	52.88048553	0.92006032	0.11099218224617552	0.00922698	2e-05
0.0835	-1.241	-0.0174	-0.0001605702911834783	4.886921905584123e-05	0.0019250981649497454	1.03324878	57.15756989	0.96872749	0.1006768912955416	0.00955248	6e-05
0.0761	-1.136	-0.0663	0.0001361356816555577	6.981317007977319e-05	0.0019268434942017398	0.98326111	54.39233398	0.9344699	0.17726976265574831	0.00926238	3e-05
0.0848	-1.2203	0.0031	0.00023561944901923448	-6.9813170079773176e-06	0.00205599785884932	1.03466535	57.2359314	0.94182767	0.17767163095495042	0.00969106	3e-05
0.0874	-1.2387	0.0129	1.3962634015954635e-05	-7.330382858376184e-05	0.0021153390534171274	1.05021989	58.09638214	0.98386929	0.04816602605734356	0.00953376	3e-05
0.0826	-1.1251	-0.0303	0.00015184364492350666	1.5707963267948964e-05	0.0020717058221172693	1.01381075	56.08228683	0.92427418	0.17512630170295596	0.0087924	2e-05
0.085	-1.1556	0.0137	1.0471975511965975e-05	-1.3962634015954635e-05	0.0021223203704251047	0.99551582	55.07024384	0.90803273	0.08798284075016397	0.00922507	5e-05
0.0877	-1.2499	0.0456	-0.0002652900463031381	-7.155849933176751e-05	0.0020943951023931952	1.07229042	59.31728745	0.99017752	0.1469641577581413	0.00972605	4e-05
0.0835	-1.1435	-0.0277	-5.235987755982989e-05	8.028514559173915e-05	0.0020943951023931952	1.06381106	58.84822083	0.95944253	0.2021386906833408	0.00897312	2e-05
0.0822	-1.1299	-0.0034	0.00014660765716752367	1.7453292519943294e-06	0.0021205750411731105	0.98132491	54.28522873	0.9013364	0.05438436449235074	0.00911397	2e-05
0.0869	-1.2604	0.0722	-0.00021118483949131387	-0.00011693705988362007	0.002090904443889207	1.00023198	55.3311348	0.95018374	0.23610727415391783	0.00957853	1e-05
0.0832	-1.1539	-0.011	5.4105206811824215e-05	-3.839724354387525e-05	0.002090904443889207	1.0504185	58.10736847	0.95476699	0.2105914931321442	0.00935453	2e-05
0.0783	-1.1072	0.0006	1.7453292519943294e-06	-4.0142572795869576e-05	0.002049016541841343	0.94668543	52.36903	0.88758958	0.06799965544298436	0.00921601	3e-05
0.0831	-1.243	0.0769	-0.0003665191429188092	-0.00018675022996339323	0.0020280725908174107	0.99792808	55.20368576	0.93884749	0.24369080401811313	0.00993621	4e-05
0.083	-1.2346	-0.0065	-4.886921905584123e-05	-0.00016406094968746698	0.001912880860185785	1.08677363	60.11846924	0.97983482	0.11467654673852616	0.00948083	5e-05
0.0756	-1.128	-0.0231	0.00017976891295541595	-6.45771823237902e-05	0.0019460421159736775	0.96406543	53.33046341	0.91866133	0.14866415775814135	0.00905156	2e-05
0.0853	-1.2092	0.0571	-8.028514559173915e-05	-7.504915783575618e-05	0.002090904443889207	1.05467892	58.3430481	0.94392365	0.19186941809873265	0.0100224	5e-05
0.0827	-1.3144	0.074	-0.00034208453339088857	-0.00018500490071139895	0.001933824811209717	1.10379851	61.06026077	1.01473936	0.15114173816771406	0.0106605	3e-05
0.0756	-1.1827	-0.0297	-2.6179938779914945e-05	1.5707963267948964e-05	0.0019425514574696887	1.10969317	61.38634491	0.99080682	0.26876720524251463	0.00935066	2e-05
0.0843	-1.1662	0.0122	-0.0002007128639793479	1.9198621771937625e-05	0.0020751964806212577	1.00427043	55.55453491	0.92210137	0.08263343034274973	0.00933504	3e-05
0.0875	-1.3255	0.0799	-0.0005148721293383271	-0.00011519173063162575	0.0019774580425095754	1.02909219	56.92763138	0.97422518	0.2575144027937112	0.0101921	7e-05
0.0772	-1.2254	-0.0248	-0.00030368728984701333	0.00010297442586766544	0.0019617500792416262	1.08918905	60.25209045	0.9837916	0.23735294796292755	0.00936508	3e-05
0.0841	-1.1652	-0.0055	-0.0004729842272904633	0.0001291543646475804	0.0020734511513692635	0.94028807	52.01514053	0.90505597	0.10175889741755012	0.00925577	2e-05
0.0902	-1.3219	0.1019	-0.0009564404300928925	-2.792526803190927e-05	0.002124065699677099	1.08975494	60.28339005	0.97560596	0.30475751918948774	0.0102509	6e-05
0.0823	-1.2944	0.0177	-0.0006719517620178169	2.792526803190927e-05	0.001998401993533507	1.12252069	62.09593582	1.00937574	0.14290014551412436	0.00987035	3e-05
0.08	-1.1932	-0.0128	-0.0006492624817418905	0.0001186823891356144	0.00200363798128949	0.97496736	53.93354034	0.92879897	0.1399341194567807	0.00957489	2e-05
0.0856	-1.2489	0.0409	-0.000705113017805709	0.00013439035240356338	0.002145009650701031	1.02600884	56.75706863	0.93577951	0.12564650843716527	0.0095824	4e-05
0.0819	-1.3446	0.0601	-0.000783652834145454	0.0001064650843716541	0.0019896753472735357	1.05479491	58.34946442	0.98171392	0.1316899693899576	0.00991571	4e-05
0.0754	-1.2389	-0.018	-0.0005707226654021458	0.00017627825445142725	0.0019512781037296606	1.04264998	57.67762375	0.9503175	0.206357029118348	0.00935698	3e-05
0.0811	-1.2039	0.0049	-0.0006038839211900379	0.00013788101090755203	0.0020856684561332234	0.92973328	51.43126678	0.90588714	0.07389744258676643	0.00911295	4e-05
0.0851	-1.336	0.0777	-0.0008133234314293575	9.599310885968811e-05	0.0020280725908174107	1.03007936	56.98224258	0.93976448	0.22434616388014997	0.00966525	6e-05
0.0735	-1.2687	-0.0021	-0.0005881759579220891	0.00021467549799530252	0.0020525072003453313	1.05192256	58.19056702	0.95393678	0.17711322360854032	0.00951505	2e-05
0.0803	-1.2034	-0.0148	-0.0005305800926062762	0.00013962634015954637	0.0021170843826691216	0.9376201	51.86755371	0.90042475	0.09466111027376788	0.00940931	5e-05
0.0795	-1.3035	0.0654	-0.0010157816246606998	0.000158824961931484	0.0021118483949131386	1.02084541	56.47143555	0.93057257	0.20658180707911727	0.010276	4e-05
0.0786	-1.2922	0.0006	-0.0009616764178488756	0.00017976891295541595	0.0020210912738094335	1.06281853	58.7933197	0.96780718	0.08529031394697313	0.0097819	5e-05
0.0789	-1.1931	-0.0016	-0.0007906341511534313	0.00016231562043547262	0.002005383310541485	0.95663416	52.91937637	0.91630621	0.11181017612416676	0.00922918	0.0
0.082	-1.2639	0.0606	-0.001059414855960558	0.0001308996938995747	0.002165953601724963	1.03000116	56.9779129	0.92824958	0.15913834612632508	0.00966269	3e-05
0.0825	-1.3279	0.0634	-0.0011117747335203881	0.00017802358370342162	0.00210835773640915	1.02047944	56.45119095	0.95937232	0.07515398163397456	0.00984651	2e-05
0.0743	-1.2282	0.0032	-0.0008779006137531476	0.000153588974175501	0.002001892652037496	1.00611091	55.65634537	0.92506068	0.18633869068334089	0.00925815	2e-05
0.0787	-1.2231	0.0305	-0.0009145525280450286	0.0001361356816555577	0.0020856684561332234	0.95637459	52.90501785	0.9099243	0.04369405054537747	0.00946021	4e-05
0.0828	-1.3325	0.0784	-0.0012479104151759456	0.00012042771838760874	0.0020315632493213996	1.08170807	59.83825684	0.97016965	0.1815585528605344	0.0103946	3e-05
0.0767	-1.2239	-0.003	-0.0010000736613927507	0.00018151424220741024	0.0019512781037296606	1.07266212	59.33784485	0.97217239	0.2155604211597368	0.00945139	2e-05
0.0803	-1.223	0.0424	-0.0011484266478122688	0.00013962634015954637	0.0020664698343612863	0.97505647	53.93846893	0.92822017	0.06517163095495028	0.00967467	2e-05
0.0832	-1.3555	0.0998	-0.0014137166941154068	7.67944870877505e-05	0.002033308578573394	1.04701591	57.91913986	0.95847566	0.2108641577581412	0.00996703	4e-05
0.0776	-1.2487	-0.0018	-0.0011222467090323538	0.00014137166941154068	0.002012364627549462	1.07440603	59.43431854	0.96558478	0.23284955592153875	0.00970906	5e-05
0.0838	-1.1983	0.0098	-0.0010140362954087054	9.599310885968811e-05	0.0021327923459370708	0.9506793	52.58996582	0.91755323	0.08190083462815548	0.0092743	1e-05
0.0929	-1.3455	0.1058	-0.0016109388995907662	2.4434609527920616e-05	0.0022078415037728267	1.06196201	58.74593735	0.9588664	0.2894755130674792	0.00985503	7e-05
0.0855	-1.303	0.0258	-0.001223475805648025	0.00014486232791552936	0.0021153390534171274	1.07462454	59.44640732	0.96975959	0.15991966313430245	0.00943786	5e-05
0.0813	-1.2051	-0.0042	-0.0009546951008408983	0.00012217304763960306	0.002078687139125246	0.95435536	52.7933197	0.9145248	0.1485060949687466	0.00935292	3e-05
0.0866	-1.2624	0.064	-0.0013177235852557187	8.552113334772214e-05	0.002134537675189065	1.01951265	56.39770889	0.93124209	0.15357654673852592	0.00967664	4e-05
0.0849	-1.333	0.0621	-0.0016406094968746698	3.316125578789226e-05	0.002038544566329377	1.08772254	60.1709671	0.98421668	0.09776194490192344	0.00999081	3e-05
0.0821	-1.2261	-0.0001	-0.0013177235852557187	0.000148352986419518	0.0020734511513692635	1.01008666	55.87628174	0.95132183	0.1955492113645232	0.00938177	2e-05
0.0858	-1.2683	0.0503	-0.0015498523757709647	0.0001012290966156711	0.002183406894244906	0.97820616	54.11270523	0.92932645	0.1157604211597368	0.00970793	6e-05
0.0851	-1.3783	0.0709	-0.0016842427281745281	5.759586531581287e-05	0.002007128639793479	1.06969059	59.17346573	0.97157269	0.1490150919077425	0.0102054	4e-05
0.0769	-1.2695	-0.0033	-0.0013142329267517303	0.00013264502315156904	0.002012364627549462	1.03801084	57.42099762	0.94590034	0.21371474735072685	0.0094735	2e-05
0.0829	-1.2994	0.0489	-0.0015079644737231008	9.250245035569947e-05	0.0021205750411731105	0.99033004	54.78337479	0.93831763	0.10520422666954445	0.0103154	4e-05
0.0842	-1.4247	0.0961	-0.0018483036778619948	0.0	0.0020420352248333657	1.1066829	61.21982193	0.99793234	0.19936907354171687	0.0104854	5e-05
0.0785	-1.3095	-0.0057	-0.0013980087308474581	0.00014660765716752367	0.0020263272615654165	1.086936	60.12745285	0.98553513	0.2533305283725004	0.00952923	4e-05
0.0841	-1.2958	0.0291	-0.0014451326206513049	9.773843811168246e-05	0.0021589722847169856	0.97499388	53.93500519	0.93191842	0.06553190660056289	0.00976616	6e-05
0.0854	-1.4172	0.0727	-0.001785471824790199	9.948376736367679e-05	0.0021153390534171274	1.07766199	59.61443329	0.9829352	0.18558588823453728	0.0104672	7e-05
0.082	-1.3242	-0.0099	-0.001520181778487061	0.00017278759594743863	0.0020943951023931952	1.05805576	58.52985001	0.9751337	0.1969768912955416	0.00977641	4e-05
0.0871	-1.3145	0.0315	-0.0017278759594743865	0.00015184364492350666	0.0021938788697568722	0.97417659	53.8897934	0.9277252	0.07260609496874677	0.00966322	5e-05
0.0877	-1.4708	0.0937	-0.001956514091485643	9.948376736367679e-05	0.002136283004441059	1.07993853	59.74036407	0.97614678	0.23602969374434507	0.0107173	5e-05
0.0784	-1.3678	-0.0089	-0.0014782938764391971	0.0001832595714594046	0.0020734511513692635	1.0956887	60.61163712	0.98674328	0.24614139361069867	0.00990891	9e-05
0.0815	-1.3067	0.0038	-0.0014014993893514465	0.0001308996938995747	0.002136283004441059	0.95458859	52.80622101	0.91703793	0.08649931088596875	0.00997424	4e-05
0.0902	-1.434	0.0854	-0.0019495327744776662	4.363323129985824e-05	0.0021851522234969008	1.06259227	58.78079987	0.96542985	0.25180845333908886	0.0107224	1e-05
0.0821	-1.454	0.0353	-0.0017191493132144146	0.00015184364492350666	0.002082177797629235	1.12781596	62.38886642	1.0123523	0.1002784150377283	0.0108761	3e-05
0.0797	-1.3353	-0.0129	-0.001450368608407288	0.00018500490071139895	0.002078687139125246	1.02131224	56.49725723	0.9622846	0.18457163095495044	0.00993896	3e-05
0.0848	-1.3606	0.0519	-0.0017208946424664088	9.948376736367679e-05	0.0021589722847169856	1.00006247	55.32175446	0.94303119	0.11701661564992923	0.0100371	4e-05
0.0833	-1.4855	0.1045	-0.0021101030656611444	-1.0471975511965975e-05	0.001954768762233649	1.07102501	59.24728394	0.97531229	0.2141683844276857	0.0105126	5e-05
0.0753	-1.414	0.0102	-0.0018465583486100008	0.0001605702911834783	0.0019582594207376374	1.06917119	59.14473724	0.9721175	0.19570388211252887	0.0101477	6e-05
0.0751	-1.3182	-0.0003	-0.0015358897417550098	0.0001291543646475804	0.002001892652037496	0.95730805	52.95665741	0.92316024	0.12578588823453726	0.00973445	2e-05
0.0849	-1.3882	0.0845	-0.0022706733568446224	9.075712110370512e-05	0.0022130774915288098	1.02226877	56.5501709	0.95166126	0.21381828490624016	0.0103415	8e-05
0.0815	-1.4495	0.0641	-0.0019757127132575807	6.108652381980153e-05	0.002134537675189065	1.06458032	58.89077759	0.99183611	0.10525855286053443	0.0104137	5e-05
0.076	-1.3416	-0.0083	-0.0011431906600562858	0.00015533430342749534	0.0020769418098732523	1.01745558	56.28391647	0.95767243	0.2350182849062402	0.0102964	3e-05
0.0714	-1.4083	-0.0438	-6.981317007977319e-05	0.00047647488579445195	0.002251474735072685	1.08125806	59.81336212	1.0041383	0.1852525498771453	0.0121088	0.00018
0.0591	-1.5378	0.3134	-0.0055431657043339905	0.001335176877775662	0.0015969762655748114	1.83145821	101.31315613	1.5448578	0.848327649786665	0.0258932	0.0148
0.0593	-1.4076	0.3865	-0.006510078109938849	0.0014364059743913332	0.0013683381335635543	1.47099888	81.37316132	1.29751158	0.26833898171158943	0.0211411	0.00621
0.0706	-1.3624	0.1754	-0.0033196162372932147	0.001043706892692609	0.0017016960206944712	1.32223868	73.14399719	1.19833821	0.4634259420737637	0.0166531	0.00193
0.0834	-1.335	0.155	-0.005129522671611334	0.0011449359893082802	0.0018762289458939042	1.25700331	69.53528595	1.11881202	0.16488342280666127	0.0156595	0.00139
0.0926	-1.4498	0.1231	-0.0035831609543443585	0.0007208209810736582	0.0021170843826691216	1.11157703	61.49055481	1.02968808	0.2664666081138408	0.0127144	0.00046
0.0871	-1.353	0.054	-0.0030455995447301047	0.0006387905062299246	0.0021205750411731105	1.0390662	57.47937775	0.97381776	0.2025541271480988	0.0127656	0.00031
0.0879	-1.3254	0.0893	-0.0032218777991815323	0.0005707226654021458	0.002239257430308725	0.98883796	54.70083618	0.94283694	0.08185142422074113	0.0124971	0.00033
0.0944	-1.4503	0.1208	-0.0032114058236695662	0.00039968039870670147	0.0023387411976724015	1.03278136	57.13171005	0.97375184	0.17694990047855436	0.0120144	0.00018
0.0872	-1.3342	0.0347	-0.002593559268463574	0.0004206243497306334	0.002261946710584651	1.05017614	58.09395981	0.9748274	0.2451792496658836	0.0120037	0.00018
0.0914	-1.2897	0.0552	-0.0024172810140121463	0.0003944444109507184	0.0022794000031045943	0.95163894	52.64305115	0.92391358	0.08019557428756427	0.0117326	0.00014
0.1003	-1.4227	0.0921	-0.002457423586808016	0.000322885911618951	0.002385865087476248	1.01558328	56.18033981	0.96134552	0.18970830782496456	0.011201	0.00011
0.0923	-1.3845	-0.0183	-0.0018797196043978928	0.0003351032163829112	0.002309070600388498	1.07871866	59.67288208	0.99975971	0.1899357887130917	0.0115523	3e-05
0.0953	-1.2888	-0.0282	-0.0014433872913993105	0.00030194196059501896	0.0023404865269243957	0.98789287	54.64855576	0.93732111	0.1336454747661187	0.0105969	7e-05
0.1035	-1.3665	0.0236	-0.0018325957145940458	0.00014660765716752367	0.002501056818107874	1.0215162	56.50854492	0.95064181	0.17295565089028553	0.0108629	6e-05
0.1008	-1.4494	0.0013	-0.001595230936322817	4.71238898038469e-05	0.0024434609527920616	1.092906	60.45770264	1.0114189	0.12762222054753583	0.0113546	8e-05
0.099	-1.336	-0.0674	-0.001117010721276371	3.4906585039886588e-06	0.002385865087476248	1.03783381	57.41120529	0.96768423	0.21287246558310585	0.010679	1e-05
0.1047	-1.3393	-0.0316	-0.0011885692206081383	2.094395102393195e-05	0.002530727415391778	0.96363008	53.30638123	0.92840674	0.05649370598836188	0.010783	5e-05
0.104	-1.4876	0.0156	-0.0015132004614790836	-4.0142572795869576e-05	0.0024731315500759648	1.06406617	58.86233521	0.98558608	0.2183656815003281	0.0109559	7e-05
0.0962	-1.3828	-0.0726	-0.0011030480872604163	1.5707963267948964e-05	0.0023876104167282427	1.05730128	58.4881134	0.98815172	0.2283762021815104	0.0108309	6e-05
0.1031	-1.369	-0.0393	-0.0010960667702524388	-5.061454830783555e-05	0.002535963403147761	0.96748918	53.51985931	0.93274847	0.06508284075016404	0.0105943	5e-05
0.1063	-1.4947	0.0094	-0.0015306537539990272	-8.028514559173915e-05	0.002515019452123829	1.04824078	57.98690033	0.97922593	0.20186007660272107	0.0104916	5e-05
0.1012	-1.3985	-0.0643	-0.0012793263417118436	-6.45771823237902e-05	0.0023788837704682713	1.04264843	57.67753983	0.97258513	0.1951585528605344	0.0107516	5e-05
0.1014	-1.3667	-0.0408	-0.0011449359893082802	-0.00011693705988362007	0.002466150233067988	0.97117448	53.72372437	0.92959327	0.06920083462815553	0.0105349	5e-05
0.1028	-1.4984	0.0457	-0.0015550883635269475	-9.075712110370512e-05	0.0024731315500759648	1.05909634	58.58740997	0.98724764	0.24176568150032793	0.0103999	3e-05
0.0941	-1.4093	-0.049	-0.00119729586686811	-0.0	0.0023911010752322315	1.08539987	60.04247665	1.00782198	0.21902900463031372	0.0110177	7e-05
0.0969	-1.3672	-0.025	-0.001424188669627373	-4.18879020478639e-05	0.0024294983187761066	0.98751861	54.62785339	0.93692257	0.08425889741755009	0.010471	2e-05
0.0978	-1.5022	0.0415	-0.0016702800941585732	-0.00015009831567151235	0.0022794000031045943	1.05648708	58.44307327	0.98485221	0.22762000769131807	0.0104883	9e-05
0.0952	-1.4024	-0.0538	-0.0013107422682477415	-4.886921905584123e-05	0.0023265238929084412	1.06728935	59.04063797	0.99797141	0.22309454061651732	0.0110063	7e-05
0.0967	-1.3682	-0.0265	-0.0013788101090755204	-0.00011170107212763708	0.0023928464044842257	0.96863097	53.58301926	0.93701438	0.07286111027376797	0.0104591	4e-05
0.0995	-1.524	0.0566	-0.0018046704465621369	-0.00018675022996339323	0.002324778563656447	1.06239247	58.76974487	0.99688431	0.27014886680750755	0.0106752	6e-05
0.096	-1.4427	-0.0562	-0.0013648474750595659	-0.00011344640137963142	0.002410299697004169	1.08528781	60.03628159	1.01190431	0.22753239667170264	0.0109074	5e-05
0.1005	-1.3788	-0.0365	-0.0012880529879718153	-0.00017976891295541595	0.002494075501099897	0.98108625	54.27202606	0.94025804	0.09944464013796321	0.0107041	2e-05
0.1095	-1.5359	0.0462	-0.0013718287920675431	-0.00028274333882308137	0.0023928464044842257	1.06674838	59.01071167	0.99932955	0.2631989663289533	0.0107779	8e-05
0.0953	-1.4843	-0.0418	-0.0011484266478122688	-0.0001832595714594046	0.0023352505391684127	1.12072313	61.99649811	1.0339196	0.1728240888467383	0.0109948	6e-05
0.0943	-1.392	-0.0465	-0.0008691739674931761	-0.0002181661564992912	0.0023911010752322315	1.00119495	55.38440704	0.95467772	0.11650049007113998	0.0103137	7e-05
0.1074	-1.5144	0.0229	-0.0010000736613927507	-0.0003577924966588376	0.00244695161129605	1.0374068	57.38758469	0.97714319	0.22121882850614705	0.0111652	0.00011
0.1041	-1.5163	-0.0304	-0.0008988445647770796	-0.000291469985083053	0.0024120450262561633	1.11459374	61.65743637	1.02462775	0.06862290966156713	0.0111858	5e-05
0.1039	-1.4131	-0.0667	-0.0006667157742618339	-0.0003159045946109737	0.002452187599052033	1.00780404	55.75001144	0.95727268	0.15453529864195176	0.0109805	7e-05
0.1101	-1.5345	0.0332	-0.001270599695451872	-0.00039269908169872416	0.0025028021473598684	1.07694769	59.57492065	1.00292124	0.26406464782928113	0.0107431	4e-05
0.1041	-1.5421	-0.0404	-0.0011379546723003027	-0.00029321531433504735	0.0024155356847601517	1.12374175	62.16348267	1.04020676	0.10316976265574816	0.0110788	6e-05
0.1027	-1.457	-0.069	-0.0008412486994612669	-0.0002373647782712288	0.00243473430653209	1.01625395	56.21744537	0.97003735	0.1336877565337396	0.0107988	6e-05
0.1103	-1.5872	0.0354	-0.0014329153158873448	-0.00040666171571467877	0.0024015730507441976	1.08163595	59.83426285	1.00677376	0.2819062404828708	0.0111482	9e-05
0.1052	-1.5834	-0.0398	-0.001270599695451872	-0.00030194196059501896	0.0023771384412162766	1.13171232	62.60440445	1.04596619	0.09867349925415272	0.0113603	7e-05
0.1008	-1.4995	-0.0623	-0.0009896016858807848	-0.0002251474735072685	0.0024033183799961914	1.01672995	56.24377441	0.96998372	0.12999862177193747	0.0115334	0.00011
0.1094	-1.6341	0.0308	-0.0014835298641951804	-0.0004188790204786391	0.0023596851486963333	1.06469119	58.89690781	0.99916458	0.27286464782928127	0.0108706	7e-05
0.1005	-1.6148	-0.0464	-0.0011466813185602744	-0.0003665191429188092	0.0023282692221604354	1.10838366	61.31389999	1.03795446	0.12643121748653177	0.0121314	8e-05
0.0993	-1.5	-0.0548	-0.0006335545184739417	-0.0002670353755551324	0.0024190263432641405	1.02218688	56.54564285	0.97995727	0.15956838442768576	0.0113978	9e-05
0.1004	-1.5247	0.0007	-0.0009843656981248017	-0.0003211405823669566	0.002450442269800039	1.01670969	56.24265289	0.96654606	0.10311661564992908	0.0114484	7e-05
0.1014	-1.6022	0.0199	-0.0011187560505283654	-0.00038397243543875244	0.0023073252711365037	1.07197785	59.29999542	1.00835575	0.11471696020694484	0.0115885	8e-05
0.0962	-1.4871	-0.0456	-0.0008464846872172499	-0.00023212879051524583	0.002357939819444339	1.04438841	57.77379227	0.98618886	0.20953647782712287	0.0110775	5e-05
0.1034	-1.4665	-0.0143	-0.0009773843811168245	-0.00027925268031909274	0.0024434609527920616	0.99002784	54.76665878	0.94712197	0.07227723585255738	0.0107299	7e-05
0.1066	-1.6084	0.0487	-0.0013439035240356337	-0.00039793506945470715	0.002303834612632515	1.08292079	59.90533829	1.00137946	0.2393413936106986	0.0109225	6e-05
0.1003	-1.5188	-0.0366	-0.0009826203688728075	-0.0003438298626428829	0.0022462387473167022	1.11930609	61.91810989	1.03383439	0.20484921136452328	0.011631	5e-05
0.1005	-1.4515	-0.0161	-0.0009581857593448868	-0.00032463124087094524	0.0023876104167282427	0.99907339	55.26704407	0.95357853	0.09725024503556985	0.0114334	9e-05
0.1054	-1.564	0.0602	-0.0013840460968315032	-0.0004014257279586958	0.0023876104167282427	1.07765615	59.61410904	0.98320894	0.2188327412287184	0.0116295	0.00012
0.098	-1.4675	-0.0468	-0.0008517206749732328	-0.00028099800957108706	0.00231779724664847	1.09882832	60.78531647	1.00540031	0.24702831551628257	0.0115054	7e-05
0.0978	-1.404	-0.0263	-0.0007679448708775049	-0.0003089232776029963	0.002384119758224254	0.97012281	53.66554642	0.93953671	0.09310117918517116	0.0107146	6e-05
0.1024	-1.5399	0.057	-0.0012531464029319286	-0.0004206243497306334	0.0024050637092481865	1.07824814	59.6468544	0.98674635	0.2546923277602998	0.0108712	2e-05
0.0969	-1.5122	-0.0318	-0.000947713783832921	-0.0002722713633111154	0.002398082392240209	1.11691248	61.78570557	1.01969396	0.14503834612632524	0.0112619	6e-05
0.0938	-1.4221	-0.0348	-0.0008168140899333463	-0.0002705260340591211	0.0024120450262561633	0.98824471	54.66801834	0.94678742	0.10353038285837624	0.0107946	6e-05
0.102	-1.5481	0.032	-0.001064650843716541	-0.0002530727415391778	0.002562143341927676	1.03364122	57.17927551	0.96925765	0.22176941809873263	0.0109435	0.00011
0.0923	-1.5419	-0.0414	-0.0010314895879286487	-0.00013264502315156904	0.0023998277214922034	1.06952834	59.16449356	1.00666832	0.10509522973054863	0.011494	8e-05
0.1156	-1.5215	-0.1133	0.0016109388995907662	0.0007888888219014368	0.0022794000031045943	1.23805797	68.48726654	1.12550936	0.29981950254800144	0.0160518	0.00176
0.1395	-1.4157	-0.3096	0.005091125428067459	0.0014189526818713899	0.002478367537831948	1.54442084	85.43473816	1.33525803	0.5414608961587002	0.023375	0.00878
0.1261	-1.4511	-0.3351	0.006401867696315201	0.0010210176124166828	0.002281145332356589	1.2425493	68.73571777	1.12007066	0.16959497715889055	0.0200979	0.00653
0.1172	-1.6067	-0.1894	0.004075343803406759	0.0006894050545377602	0.0021991148575128553	1.12379062	62.16618729	1.03295871	0.44720834628155487	0.0173693	0.00235
0.1117	-1.5101	-0.2017	0.0023753931119642824	0.000614355896702004	0.002258456052080662	1.12797403	62.39760971	1.04774751	0.206117052192302	0.0152636	0.0011
0.1129	-1.472	-0.1351	0.0011606439525762293	0.0004468042885105483	0.002356194490192345	1.0454452	57.83225632	0.9817499	0.17990196028455963	0.0131782	0.00022
0.1083	-1.6237	-0.0177	0.00037350045992678646	0.00010297442586766544	0.0020804324683772408	1.10613036	61.18925476	1.03126651	0.3440367688553714	0.0119963	0.00011
0.1065	-1.5364	-0.1137	0.0011466813185602744	0.0001308996938995747	0.002186897552748895	1.0708549	59.23787308	1.00224241	0.23047856055185248	0.0132043	0.00018
0.1111	-1.5185	-0.0748	0.00045553093477052	0.00029845130209103034	0.002356194490192345	1.02739382	56.8336792	0.97176661	0.11279994647123304	0.012032	7e-05
0.1112	-1.6347	-0.0178	1.3962634015954635e-05	7.330382858376184e-05	0.0022933626371205488	1.06317103	58.81281662	1.00112563	0.20977738136668156	0.0113913	9e-05
0.1026	-1.5357	-0.1003	0.0006510078109938849	7.330382858376184e-05	0.0022549653935766737	1.03120482	57.04449844	0.97829916	0.22387212102609028	0.0117697	0.0001
0.1048	-1.5496	-0.082	0.0010506882097005862	0.00018151424220741024	0.002171189589480946	1.03514588	57.26251221	0.97910729	0.0639833308213039	0.012168	0.00011
0.1022	-1.6638	-0.0397	0.000731292956585624	-2.792526803190927e-05	0.002103121748653167	1.14222932	63.18618774	1.05000061	0.1889451302091029	0.0125571	0.00019
0.106	-1.5473	-0.1315	0.001322959573011702	0.00016231562043547262	0.002261946710584651	1.1212374	62.02494812	1.03554898	0.25913662334124726	0.0122505	0.00018
0.1068	-1.5564	-0.0452	-0.0009913470151327792	0.00040317105721069014	0.002082177797629235	1.19234133	65.95829773	1.06483343	0.23294654689375585	0.0131903	0.00054
0.0919	-1.7559	-0.0059	-0.00010471975511965978	0.0008028514559173916	0.0015289084247470327	1.27421331	70.48731995	1.13440326	0.3456788515801012	0.0170884	0.00206
0.0896	-1.6058	-0.2301	0.003166027263117714	0.001298524963483781	0.001574286985298885	1.55049491	85.77074432	1.32159357	0.5671899543177809	0.0196854	0.00413
0.0879	-1.5739	-0.2101	0.002143264321449037	0.0012636183784438947	0.0016667894356545846	1.14906967	63.56458282	1.05208472	0.11110859885321293	0.0163811	0.00139
0.1004	-1.5232	-0.1248	0.00028623399732707005	0.0010890854532444615	0.0017697638615222502	1.07700372	59.57801819	1.00305308	0.25522688375945324	0.0132512	0.00016
0.1058	-1.6548	-0.0531	-0.00039095375244672985	0.0008831366015091308	0.0018727382873899156	1.08143675	59.823246	1.00690322	0.25800555136883974	0.0124991	0.00024
0.1066	-1.5897	-0.1241	-6.108652381980153e-05	0.0010000736613927507	0.002040289895581371	1.05698657	58.47069931	0.99880958	0.16761779483510036	0.0129452	0.00016
0.1139	-1.5332	-0.1123	0.00048520153205442357	0.000879645943005142	0.002118829711921116	0.98442614	54.45678329	0.94954229	0.11286277953007892	0.0122644	0.00013
0.1166	-1.6743	-0.0185	0.0001884955592153876	0.0008011061266653974	0.002171189589480946	1.10150492	60.93338394	1.01712246	0.25898028333693046	0.0125868	0.00027
0.1078	-1.6659	-0.0793	0.0002548180707911721	0.000645771823237902	0.0021380283336930534	1.18959582	65.80641937	1.08229052	0.09074090353955856	0.012969	0.00019
0.1075	-1.5539	-0.099	0.0003682644721708035	0.0006108652381980154	0.002181661564992912	1.04337966	57.71799469	0.99076105	0.14159931088596872	0.011773	7e-05
0.109	-1.6016	-0.0397	4.537856055185256e-05	0.0005585053606381855	0.0022427480888127134	1.03704107	57.36735153	0.98108355	0.130316615649929	0.0120649	9e-05
0.1025	-1.7081	-0.0088	-0.0002548180707911721	0.0003473205211468716	0.0020699604928652747	1.17342997	64.91215515	1.07607721	0.17810845333908892	0.0125155	0.00019
0.1027	-1.5945	-0.1025	7.330382858376184e-05	0.0004468042885105483	0.0021380283336930534	1.11925197	61.91511536	1.04248801	0.23228367537831937	0.0122086	0.00011
0.1085	-1.5631	-0.0807	0.00042935099599060504	0.00042236967898262774	0.002197369528260861	1.00779998	55.74978638	0.96179043	0.08099114857512865	0.0120419	6e-05
0.1079	-1.7242	0.0155	-0.0002199114857512855	0.00034906585039886593	0.0020717058221172693	1.1341176	62.73746109	1.02992244	0.30031150082346214	0.0120969	0.00018
0.0992	-1.6522	-0.086	-0.0002583087292951608	0.00034208453339088857	0.0020804324683772408	1.16633368	64.51959991	1.05865552	0.1849052603405913	0.0127916	0.0002
0.1018	-1.5594	-0.0859	-0.00010821041362364843	0.0003385938748868999	0.0021624629432209744	1.00018752	55.32867813	0.96272596	0.10728097245096171	0.0113344	8e-05
0.1065	-1.6501	0.0057	-0.0006056292504420323	0.00032812189937493397	0.00222529479629277	1.07222188	59.31349182	1.00958567	0.2155361332701073	0.0115774	0.0001
0.1013	-1.7036	-0.0161	-0.0004921828490624009	0.0001291543646475804	0.0021170843826691216	1.19125772	65.89835358	1.08827605	0.10153121748653178	0.0124686	0.00015
0.1024	-1.5956	-0.0866	-0.0002897246558310587	0.00017976891295541595	0.0021851522234969008	1.09422922	60.53090286	1.02089728	0.19565702911834795	0.0118659	7e-05
0.1094	-1.6287	-0.0349	-0.00034906585039886593	0.00013788101090755203	0.0022497294058206906	1.05389869	58.29988861	0.99496862	0.10009031394697317	0.0114517	7e-05
0.1094	-1.7298	-0.0021	-0.0005724679946541401	-6.9813170079773176e-06	0.002171189589480946	1.13201714	62.62126541	1.05113566	0.15624021442552735	0.0116709	0.00016
0.1059	-1.6339	-0.0811	-0.0005061454830783556	0.0001064650843716541	0.0022130774915288098	1.06736815	59.04499054	1.0127903	0.18948284075016408	0.011953	9e-05
0.1081	-1.6052	-0.0574	-0.0004433136300065597	0.00012740903539558605	0.0022968532956245376	1.00859654	55.79384995	0.9672769	0.06297758040957274	0.0111433	7e-05
0.1121	-1.7516	0.0364	-0.0011117747335203881	1.7453292519943294e-06	0.002253220064324679	1.08271825	59.89413834	1.02055199	0.28608790204786405	0.0115463	0.00023
0.1071	-1.677	-0.0643	-0.0008499753457212384	2.96705972839036e-05	0.002267182698340634	1.0948478	60.5651207	1.03024453	0.1954843644923507	0.0119474	0.00012
0.1049	-1.6232	-0.0634	-0.0007627088831215222	8.726646259971648e-05	0.002258456052080662	0.99821436	55.21952438	0.95839007	0.06457944870877513	0.011461	5e-05
0.1076	-1.7543	0.046	-0.0010960667702524388	-7.67944870877505e-05	0.0021921335405048776	1.12698531	62.34291077	1.03190727	0.2713870674197084	0.0115263	0.00017
0.1056	-1.7015	-0.0519	-0.0006544984694978735	-4.18879020478639e-05	0.0022427480888127134	1.17075443	64.7641449	1.06530952	0.17905447170511432	0.0119771	0.00011
0.1047	-1.6167	-0.0631	-0.0005951572749300663	3.4906585039886588e-06	0.0023230332344044524	1.01336873	56.05783844	0.97028019	0.10615024503556993	0.0114165	7e-05
0.1076	-1.7437	0.0498	-0.0011676252695842063	-0.0001972222054753592	0.002267182698340634	1.12187827	62.0603981	1.02072179	0.28425156973486526	0.0113662	9e-05
0.095	-1.7008	-0.0459	-0.001069886831472524	-2.268928027592628e-05	0.0021275563581810873	1.16588902	64.49500275	1.05697505	0.17179488517353303	0.0121024	0.00015
0.0978	-1.6027	-0.0572	-0.0010210176124166828	9.42477796076938e-05	0.0022165681500327986	1.0228765	56.58378983	0.97530516	0.1249409035395587	0.0115819	9e-05
0.1069	-1.6887	0.0202	-0.001450368608407288	-8.028514559173915e-05	0.0022427480888127134	1.05898654	58.58134079	0.99359487	0.20400319299849767	0.0113173	0.00011
0.1027	-1.7097	-0.0198	-0.0014835298641951804	-3.665191429188092e-05	0.002251474735072685	1.13171256	62.60441971	1.0464479	0.069476056667386	0.0120161	0.00018
0.1025	-1.6041	-0.0492	-0.001158898623324235	-5.235987755982989e-05	0.0023212879051524586	1.03038406	56.99909973	0.97976143	0.15570761871093336	0.0111707	7e-05
0.1025	-1.6272	-0.0052	-0.0012793263417118436	-5.759586531581287e-05	0.002281145332356589	1.0056529	55.63101196	0.96551669	0.07539031394697296	0.0110383	0.00011
0.1017	-1.7371	0.0326	-0.0016196655458507376	-0.00020769418098732522	0.002145009650701031	1.11392987	61.62071228	1.03658148	0.17982866007329834	0.0114872	0.00015
0.1013	-1.6469	-0.0469	-0.0013805554383275148	-0.00017453292519943296	0.002234021442552742	1.07291222	59.35168076	1.01048544	0.18816415775814127	0.0115056	0.0001
0.1041	-1.6008	-0.0299	-0.001356120828799594	-0.00023911010752322313	0.0023352505391684127	0.98466378	54.46992874	0.95272604	0.0754120444233691	0.0111213	7e-05
0.1063	-1.7243	0.0495	-0.001637118838370681	-0.000317649923862968	0.0021467549799530253	1.06547868	58.94047165	1.0079235	0.23250166925631088	0.0117283	0.0001
0.0965	-1.6516	-0.0426	-0.0014311699866353504	-0.0002303834612632515	0.002134537675189065	1.09717441	60.69382477	1.02978717	0.18987163095495033	0.0119138	9e-05
0.0975	-1.6111	-0.0285	-0.001324704902263696	-0.00018500490071139895	0.002209586833024821	1.0142591	56.10709	0.96615018	0.06694464013796313	0.0113164	7e-05
0.1036	-1.7453	0.047	-0.0016615534478986017	-0.0003525565089028545	0.002089159114637212	1.07208562	59.30595398	1.01021717	0.2470413936106986	0.0114361	0.00015
0.0932	-1.6622	-0.0285	-0.0023282692221604354	-0.00010995574287564276	0.0020629791758572974	1.12905419	62.45736313	1.05330232	0.21577482395344813	0.0133027	0.00023
0.0916	-1.5898	0.0148	-0.0036599554414321086	4.71238898038469e-05	0.0019826940302655584	1.06209612	58.75335693	0.99181925	0.1957525498771449	0.0134864	0.00026
0.0986	-1.7289	0.1061	-0.003333578871309169	-0.00032812189937493397	0.00204378055408536	1.10240436	60.98313904	1.03065071	0.27553544415607606	0.0124767	0.00024
0.0966	-1.6593	-0.0062	-0.0029408797896104456	-0.0002548180707911721	0.0021223203704251047	1.12243283	62.09107971	1.05055007	0.2111271363311116	0.0125462	0.00019
0.0876	-1.5761	-0.0123	-0.002700024352835228	-0.0001605702911834783	0.001973967384005587	1.03309369	57.14899063	0.98092456	0.12247281014012137	0.0128514	0.00022
0.0867	-1.7104	0.0758	-0.002811725424962865	-0.00016406094968746698	0.001853539665617978	1.16709697	64.56182098	1.06733575	0.2350809724509616	0.0138472	0.00039
0.0916	-1.7293	-0.0622	-0.0018971728969178364	8.901179185171081e-05	0.0018814649336498872	1.34592044	74.4540329	1.20532207	0.22157752688080593	0.0184162	0.00318
0.1006	-1.6512	-0.2461	0.0022200588085367874	0.0006003932626860494	0.0018762289458939042	1.56345892	86.48789215	1.35206819	0.5026924582022473	0.0238177	0.00669
0.083	-1.5667	-0.3294	0.003707079331235956	0.00022689280275926284	0.0016231562043547262	1.27251947	70.39361572	1.15267041	0.29107968620825664	0.0187278	0.00473
0.0859	-1.6295	-0.1972	0.0011728612573401894	0.00029845130209103034	0.0016249015336067207	1.18224931	65.40002441	1.07864395	0.32827609512397643	0.0168226	0.00122
0.0845	-1.7328	-0.1494	0.0012583823906879114	5.4105206811824215e-05	0.0017383479349863521	1.14574647	63.38074875	1.06649394	0.17466568150032788	0.0150833	0.00081
0.0966	-1.6411	-0.1731	0.00032812189937493397	-0.00010471975511965978	0.0019774580425095754	1.16126287	64.23908997	1.07401471	0.1939097780383841	0.0160646	0.0013
0.1008	-1.7073	-0.0961	0.000317649923862968	-0.0003385938748868999	0.002057743188101315	1.14180768	63.16286469	1.06202501	0.16363156204354729	0.0134111	0.0002
0.0975	-1.6935	-0.1389	0.00011344640137963142	-0.00035081117965086024	0.0020734511513692635	1.11743379	61.81454086	1.04534777	0.07150643952576231	0.0134202	0.00024
0.0963	-1.5984	-0.1399	-0.00014137166941154068	-0.00035081117965086024	0.002150245638457014	1.01129127	55.94291687	0.97073217	0.1138806278939461	0.0128894	0.00012
0.0967	-1.6958	-0.049	-0.0010454522219446034	-0.00038397243543875244	0.002012364627549462	1.07854724	59.66340256	1.00524568	0.2424561409614253	0.012058	0.00014
0.0894	-1.7214	-0.1054	-0.001117010721276371	-0.000291469985083053	0.001996656664281513	1.12763786	62.37900925	1.04842111	0.09828844564777087	0.013114	0.00026
0.0913	-1.6332	-0.1256	-0.000710349005561692	-0.0003351032163829112	0.00205599785884932	1.03290343	57.13846588	0.98581591	0.1357818070791173	0.0123539	0.00014
0.0994	-1.7614	-0.04	-0.0010803588069844899	-0.0003892084231947355	0.0020420352248333657	1.09250796	60.43568802	1.0211407	0.24380388211252887	0.0121486	0.00014
0.0936	-1.7998	-0.0851	-0.0011257373675363424	-0.00034033920413889426	0.0019844393595175526	1.17229378	64.8493042	1.0802842	0.09689218224617532	0.0132644	0.00026
0.0923	-1.6789	-0.1269	-0.0008779006137531476	-0.00028274333882308137	0.0021153390534171274	1.09380233	60.50728989	1.02219531	0.18581661564992916	0.012966	0.00015
0.0962	-1.7484	-0.0478	-0.0014346606451393388	-0.0003944444109507184	0.002050761871093337	1.07538831	59.48865509	1.01522118	0.1891519142918808	0.0121077	0.00014
0.0945	-1.812	-0.0676	-0.001350884841043611	-0.0004572762640225143	0.0020263272615654165	1.12139487	62.03366089	1.04916429	0.0936521133347723	0.0126847	0.00027
0.0946	-1.7144	-0.1315	-0.0007679448708775049	-0.00039968039870670147	0.002145009650701031	1.07975209	59.73004913	1.0103396	0.1995609112308768	0.0129375	0.0002
0.0993	-1.7037	-0.1002	-0.0008988445647770796	-0.00038397243543875244	0.002197369528260861	1.00072038	55.35815048	0.96468284	0.05664837673636761	0.0122606	0.00011
0.1036	-1.8495	-0.0182	-0.001324704902263696	-0.000439822971502571	0.0020315632493213996	1.07594979	59.51971436	1.01125722	0.2644758576244947	0.0120165	0.00023
0.0924	-1.7867	-0.1002	-0.0011763519158441782	-0.0002897246558310587	0.0021205750411731105	1.14487553	63.33257294	1.06736541	0.175373154697137	0.0134581	0.00039
0.0935	-1.6792	-0.1055	-0.0009546951008408983	-0.00028623399732707005	0.0022026055160168437	1.02919364	56.93324661	0.984245	0.12925889741755003	0.0134955	0.00016
0.095	-1.7254	-0.0431	-0.0012042771838760874	-0.000317649923862968	0.0022130774915288098	1.0376147	57.39908218	0.98624396	0.12467349925415268	0.0125453	0.00014
0.0934	-1.811	-0.0388	-0.0013543754995475996	-0.0003595378259108319	0.0021938788697568722	1.10903883	61.35014343	1.03844059	0.10205924197456556	0.0132449	0.00028
0.0926	-1.6948	-0.1136	-0.0009965830028887623	-0.0002565634000431664	0.0022479840765686964	1.08244586	59.87907028	1.0226913	0.21754360646691623	0.0133225	0.00023
0.0994	-1.6556	-0.0845	-0.0010873401239924673	-0.00030194196059501896	0.002331759880664424	0.99882549	55.25333023	0.96399721	0.08609557428756437	0.0126949	0.00014
0.1001	-1.7939	0.006	-0.001556833692778942	-0.0003211405823669566	0.0022916173078685546	1.06007946	58.64179611	1.00766111	0.2559417381677141	0.0117921	0.00015
0.0951	-1.7597	-0.0708	-0.0013718287920675431	-0.0002600540585471551	0.0023003439541285265	1.09566402	60.61027145	1.02858866	0.1287409035395586	0.0132357	0.00018
0.0906	-1.6755	-0.0991	-0.001186823891356144	-0.0002199114857512855	0.0022113321622768156	1.01634979	56.22274399	0.97410304	0.13270796326794904	0.0127338	0.00016
0.0997	-1.6757	-0.0799	-0.0012479104151759456	-0.00028797932657906436	0.0022968532956245376	0.98763883	54.63450241	0.95976255	0.03923377489976509	0.0129201	0.00014
0.0976	-1.8096	-0.0082	-0.001726130630222392	-0.00020769418098732522	0.0021991148575128553	1.05597174	58.41456604	1.0042769	0.24051218993749351	0.0116943	0.00018
0.0884	-1.7241	-0.0985	-0.0013735741213195373	-0.00016929693744344995	0.002183406894244906	1.07619643	59.53335953	1.01814616	0.2053330857857341	0.0130067	0.00018
0.0934	-1.6651	-0.0865	-0.0012426744274199627	-0.00022863813201125715	0.002235766771804736	0.99227911	54.8911972	0.95863621	0.08813003830136051	0.0126614	0.00015
0.0924	-1.7689	-0.0074	-0.0017540558982543013	-0.00020769418098732522	0.0022689280275926286	1.06531012	58.93114853	0.99572364	0.212174333882308	0.0120758	0.00018
0.0839	-1.7944	-0.0499	-0.001668534764906579	-0.0001239183768915974	0.0022654373690886398	1.14468706	63.32214355	1.05666313	0.08513937979737202	0.0132288	0.00034
0.0899	-1.6907	-0.0963	-0.0013526301702956054	-0.00018500490071139895	0.002251474735072685	1.0716393	59.28126907	1.00393665	0.1756476876223364	0.0130649	0.00016
