trans_x	trans_y	trans_z	rot_x	rot_y	rot_z	dvars_std	dvars_nstd	dvars_vstd	framewise_displacement	aqi	aor
0.0	-0.0	0.0	-0.0	0.0	-0.0	n/a	n/a	n/a	n/a	0.0473492	0.00526
-0.038	-0.02	0.0128	-0.0018064157758141308	0.00029496064358704166	-0.0012531464029319286	0.96789432	64.04881287	0.98033069	0.23852614111665504	0.0441062	0.00202
-0.0685	-0.0341	0.0277	-0.0035465090400524776	0.00037524578917878077	-0.002183406894244906	0.92544365	61.23971176	0.95119358	0.1970319450571532	0.0417636	0.0009
-0.1074	-0.0467	0.0384	-0.00538957673015849	0.0003054326190990077	-0.0032463124087094525	0.9123345	60.37223434	0.9382438	0.21098931873251656	0.040126	0.00064
-0.1471	-0.0622	0.0482	-0.007110471372624898	0.00018500490071139895	-0.004276056667386107	0.88488925	58.55609131	0.91760357	0.2085533309765336	0.0393969	0.00052
-0.1805	-0.0335	0.127	-0.007138396640656808	-0.0003944444109507184	-0.005019566928735692	0.93597782	61.93679428	0.95147371	0.20844424205218065	0.0407314	0.00058
-0.2699	0.1531	0.3485	-0.007220427115500541	-0.00027925268031909274	-0.006613052535806515	1.09563041	72.50154114	1.03495719	0.5870353906273091	0.0392625	0.00065
-0.3746	0.3213	0.4984	-0.010217157441174806	-0.0007155849933176752	-0.009218829109034049	0.96277058	63.70975876	0.94018308	0.724741960595019	0.0373145	0.00062
-0.418	0.3516	0.5157	-0.012475613493255468	-0.0009459684545809266	-0.010554005986809712	0.92681038	61.33015442	0.91249506	0.28220081955597887	0.0376012	0.00066
-0.4241	0.094	0.2258	-0.016311847189139004	-0.0005637413483941684	-0.011498229112138644	1.16163266	76.869133	1.06304669	0.8117341963699615	0.0327189	0.00033
-0.4291	-0.0024	0.2043	-0.017388715337619504	-7.504915783575618e-05	-0.0120654611190368	0.84709424	56.05506897	0.84759331	0.22953961729685343	0.0330393	0.00027
-0.3993	-0.0188	0.186	-0.015582299561805376	-0.0006911503837897545	-0.01117010721276371	0.86342382	57.13565063	0.86824002	0.2303935454020609	0.0348642	0.00044
-0.2674	-0.0861	0.0566	-0.004982915014443811	0.00048171087355043494	-0.008140215631301554	1.84946096	122.38504028	1.55951587	1.0687068693081956	0.0776935	0.01756
0.0891	-0.3834	-0.4718	0.03443883680035211	0.006988298324985294	0.0005410520681182421	2.49797463	165.29936218	2.10936985	3.9126803482825294	0.0985605	0.01298
0.1101	-0.4069	-0.4846	0.03320837967769611	0.0063407811724954	0.0019355701404617114	1.4829495	98.13174438	1.28688631	0.22092461737446817	0.0869732	0.0054
0.0989	-0.2641	-0.1969	0.027096236637211966	0.005232497097479001	0.0016598081186466073	1.22195542	80.86089325	1.09855735	0.8165094568657822	0.078168	0.00343
0.0822	-0.0322	0.1489	0.023015656846049223	0.004982915014443811	0.000947713783832921	1.1687814	77.34218597	1.07009937	0.8465128104505809	0.0708504	0.00218
0.0211	0.178	0.238	0.019716984559779938	0.0054873151682701725	-0.0007853981633974483	0.92021847	60.89394379	0.91266223	0.6372092193663007	0.0672473	0.00137
0.0169	0.2709	0.2175	0.020706586245660723	0.0053616514621265795	-0.0007766715171374765	1.02224159	67.64515686	0.98254773	0.17379960191421753	0.0728488	0.00276
0.0301	0.0296	-0.2749	0.02692519437051652	0.007007496946757234	-0.00035430183815484887	1.41848969	93.8662262	1.2439352	1.1612411644234537	0.0721887	0.00238
-0.0241	-0.2053	-0.2777	0.01820029343979687	0.006490879488166912	-0.00205599785884932	1.29706836	85.83136749	1.1471901	0.8390607205002224	0.056439	0.00044
-0.0443	-0.261	-0.2172	0.014199998794225866	0.006108652381980153	-0.0028728119487826664	0.92842591	61.4370575	0.89395515	0.3963667920845554	0.0531557	0.00039
-0.0395	-0.2631	-0.1687	0.011763519158441782	0.005632177496185701	-0.0033807027611130165	0.84555423	55.95315933	0.85884452	0.22644226669544423	0.0520133	0.00034
-0.0291	-0.2633	-0.1578	0.010471975511965976	0.0056042522281537915	-0.0036250488563922224	0.82213193	54.40322876	0.85243506	0.09969075048934604	0.0504361	0.00037
-0.0341	-0.2693	-0.161	0.009016370915802705	0.00558330827712986	-0.004016002608838952	0.83401662	55.18967819	0.86498048	0.10757511498169658	0.0488842	0.00031
-0.0508	-0.2604	-0.1362	0.006747442888210078	0.005419247327442393	-0.004614650542273007	0.8670578	57.37612534	0.89031411	0.20198184553570747	0.0460632	0.00031
-0.0982	-0.0792	0.0802	0.0037000980142279784	0.004661774432076854	-0.005532693728822024	1.03193963	68.28690338	0.98867139	0.6811430477948328	0.0443633	0.00028
-0.1627	0.1294	0.1769	0.0008761552845011534	0.004148647631990522	-0.006515314097694833	1.00716031	66.64717865	0.97145236	0.5857844949342983	0.0405364	0.00016
-0.2011	0.2797	0.1967	-0.0010925761117484504	0.0039898226700590365	-0.007145377957664784	0.91370076	60.46264648	0.92525197	0.346381010907552	0.0378897	0.0002
-0.2219	0.2979	0.1623	-0.0029373891311064567	0.003755948550291797	-0.007543313027119492	0.96640313	63.95013809	0.95147132	0.19723111042899769	0.0373606	0.00015
-0.2421	0.0628	0.0025	-0.006515314097694833	0.0036215581978882336	-0.007850490975470494	1.17585456	77.8102417	1.06498652	0.6160746633671471	0.0311516	0.00012
-0.25	-0.026	0.039	-0.008660323748395862	0.003572688978832392	-0.00830427658098902	0.94240355	62.36200333	0.91786464	0.26558322376376986	0.0297305	7e-05
-0.2615	-0.0506	0.0599	-0.010574949937833642	0.003373721444105039	-0.008810422064067375	0.84117764	55.66354752	0.8684376	0.1879869603621744	0.0289221	6e-05
-0.2687	-0.0561	0.0607	-0.011812388377497622	0.003586651612848347	-0.00914727060970228	0.81246591	53.76359558	0.8508971	0.10286085770210963	0.028319	6e-05
-0.3079	0.0364	0.1764	-0.011479030490366705	0.0037210419652519105	-0.009908234163571809	0.89005083	58.89764786	0.89771502	0.30883558967020047	0.028147	7e-05
-0.3494	0.1846	0.2842	-0.012533209358571279	0.003518583772020568	-0.010801842740592905	0.89052993	58.92935181	0.87962098	0.40501228192285055	0.02686	3e-05
-0.3444	0.0947	0.1406	-0.014618877814704502	0.003626794185644217	-0.011198032480795619	0.97444671	64.48240662	0.94806323	0.3680034304979793	0.0263344	3e-05
-0.3437	-0.018	0.0702	-0.016311847189139004	0.0040613811693908045	-0.01116661655425972	0.89893395	59.48547363	0.87642237	0.2917486142358493	0.0250421	3e-05
-0.3615	-0.0369	0.0907	-0.017235126363444004	0.004146902302738527	-0.011732103231905884	0.78847361	52.17594528	0.81825843	0.13591434926494428	0.0251855	3e-05
-0.3675	-0.0463	0.0954	-0.017893115491445864	0.0040561451816348215	-0.011927580108129249	0.76834363	50.84387589	0.80806092	0.06731115626644653	0.0258014	3e-05
-0.3772	-0.0488	0.1045	-0.01910088333382594	0.00416435559525847	-0.012346459128607889	0.7649073	50.61648178	0.803175	0.10804286382411828	0.025356	3e-05
-0.3992	-0.0505	0.1126	-0.020657717026604884	0.00429700061841004	-0.01301317490286972	0.76949674	50.92018127	0.80189754	0.14960972450961724	0.0256162	1e-05
-0.392	-0.0529	0.1168	-0.01845511151058804	0.004014257279586958	-0.012227776739472273	1.46680379	97.0633316	1.27595002	0.17733735091186864	0.0459044	0.00984
0.2304	-0.1935	-0.2052	0.048404961474810736	0.011061896799140061	0.0045553093477052	3.17449689	210.06710815	2.72167395	5.619539929606469	0.164032	0.07076
0.1351	0.1972	0.0847	0.03267779958508983	0.00915076126820627	0.0036285395148962112	3.11349297	206.03027344	2.66560845	1.704153362673184	0.104849	0.02326
0.0192	0.3383	0.2064	0.020504128052429384	0.007473499857039719	0.0007592182246175333	1.74919927	115.75038147	1.54988296	1.2147127117052838	0.0692456	0.00157
-0.0509	0.0765	-0.0407	0.012180652849668424	0.006473426195646968	-0.0011938052083641214	1.35442305	89.62671661	1.23026275	1.142828614856768	0.0542718	0.00052
-0.0939	-0.0728	-0.0764	0.0069027771916375736	0.005963790054064624	-0.002583087292951608	1.12778294	74.62918091	1.03164775	0.586839694210034	0.0467392	0.00027
-0.1139	-0.1015	-0.1014	0.0044540802510895285	0.005965535383316617	-0.003321361566545209	0.92875892	61.459095	0.93353021	0.23313582716968195	0.0438852	0.00023
-0.1468	0.0756	0.0955	0.002190388211252884	0.005564109655357922	-0.004331907203449926	1.04300022	69.01882172	1.00705588	0.5906831702350028	0.0417413	0.00025
-0.1927	0.3062	0.2157	-0.0011833332328521555	0.005096361415823441	-0.005419247327442393	1.05466473	69.79070282	1.0013556	0.6431404903815994	0.0369136	0.00012
-0.2407	0.4859	0.315	-0.0024155356847601517	0.005070181477043527	-0.006829473363053811	0.91093355	60.27952957	0.91213779	0.4604304213149664	0.0364891	0.00012
-0.2826	0.5853	0.3599	-0.004024729255098924	0.005010840282475721	-0.007813839061178614	0.89108038	58.96577835	0.89012275	0.31884502315156915	0.0359394	0.0001
-0.3671	0.2925	0.0211	-0.00797790001086608	0.005672320068981571	-0.009361946107697583	1.36000264	89.99594116	1.20144347	1.0242378794395983	0.0305869	0.0001
-0.3993	0.0876	-0.0376	-0.011276572297135364	0.0056985000077614855	-0.010454522219446033	1.0505023	69.51525879	0.97246759	0.5166714168398824	0.025455	2e-05
-0.4027	0.0194	-0.0359	-0.012826424672906329	0.00607898178469625	-0.010838494654884786	0.86646545	57.33692551	0.85733474	0.18901532940722407	0.0248274	4e-05
-0.3943	-0.0038	-0.0268	-0.013978341979222583	0.00628493063643158	-0.011171852542015703	0.78559607	51.98552704	0.82136394	0.12526120225912507	0.0245301	5e-05
-0.3987	-0.0254	-0.0337	-0.014800392056911913	0.006396631708559217	-0.011540117014186509	0.77889299	51.54196167	0.81420138	0.09800078109938867	0.0248815	3e-05
-0.3953	-0.0215	-0.0109	-0.015104079346758928	0.006204645490839842	-0.011655308744818132	0.78186882	51.73888397	0.81897082	0.06064326190990071	0.0249297	3e-05
-0.4306	0.1568	0.2867	-0.01417381885544595	0.005733406592801372	-0.01228362727553609	1.04135716	68.91009521	0.9917001	0.6126908960034705	0.0254381	4e-05
-0.4519	0.3906	0.4078	-0.015224507065146536	0.0056374134839416844	-0.012761847490582536	0.93598872	61.93751526	0.90455498	0.457445076680336	0.0255036	6e-05
-0.461	0.5466	0.4774	-0.015503759745465629	0.005276130328778859	-0.01278279144160647	0.848234	56.13048935	0.84414831	0.2677739893252926	0.0279737	0.0001
-0.498	0.6569	0.5479	-0.01620538210476735	0.005194099853935124	-0.013292427583188814	0.82410043	54.53348923	0.83665422	0.28246444878639	0.0279685	8e-05
-0.531	0.4382	0.2772	-0.018460347498344024	0.005119050696099368	-0.014770721459628012	1.07242799	70.96615601	1.00290194	0.7128154213925817	0.0234208	2e-05
-0.5391	0.2063	0.1954	-0.020615829124557023	0.004649557127312894	-0.015170401858334712	0.93972617	62.18483353	0.88571746	0.4730327796853087	0.0215625	1e-05
-0.5274	0.1159	0.1702	-0.020669934331368843	0.004539601384437251	-0.01506917276171904	0.78497219	51.94424438	0.80530781	0.14056450231515677	0.0225876	1e-05
-0.5235	0.0871	0.1632	-0.020851448573576258	0.004722860955896656	-0.014974924982111346	0.74686205	49.4223671	0.78872888	0.06265107966372571	0.0233032	0.0
-0.5311	0.0649	0.1562	-0.022026055160168437	0.0051277773423593406	-0.015241960357666479	0.75997108	50.28983688	0.79247805	0.12912791743049987	0.0240435	2e-05
-0.5414	0.0567	0.1584	-0.022966787626993383	0.005235987755982988	-0.015650367402633154	0.75089741	49.68939972	0.78913214	0.09356749627076345	0.024762	1e-05
-0.5859	0.0871	0.1774	-0.026305602486058538	0.0056985000077614855	-0.016708036929341717	0.87450176	57.86871719	0.87785799	0.33684983187761075	0.0264072	5e-05
-0.6364	0.2197	0.3673	-0.02485348854839925	0.004600687908257053	-0.018076375062905273	0.9414081	62.29613113	0.91472467	0.5689132085363638	0.0249146	3e-05
-0.6615	0.3952	0.4625	-0.024593434489852094	0.004276056667386107	-0.018245672000348722	0.86213171	57.05014801	0.84986158	0.3334991118430775	0.0237874	2e-05
-0.657	0.4455	0.4165	-0.025967008611171637	0.0047577675409365425	-0.018484782107871942	0.85345435	56.47593689	0.85885027	0.20551975511966	0.0245132	1e-05
-0.6492	0.2415	0.1993	-0.028115508920376654	0.0058416170064250214	-0.018172368171764958	0.9755044	64.55239868	0.92816973	0.6062381855400242	0.0251471	2e-05
-0.6124	0.1708	0.1619	-0.0291487438375573	0.006421066318087138	-0.018048449794873363	0.81196862	53.73068619	0.82165424	0.2317301302867177	0.0268293	1e-05
-0.6126	0.1535	0.167	-0.030639255018760452	0.006775368156241988	-0.0184062422915322	0.77154887	51.05597687	0.80448672	0.13273027580084204	0.0285798	1e-05
-0.6261	0.1336	0.1675	-0.030839967882739797	0.007113962031128888	-0.01871691089838719	0.75050354	49.66333771	0.79731354	0.07639876728606172	0.0294178	2e-05
-0.6647	0.1649	0.2185	-0.03110700325829493	0.007066838141325039	-0.01976934443733977	0.80988812	53.59301376	0.8389986	0.1892296402155781	0.0292706	1e-05
-0.7115	0.3374	0.4033	-0.030469958081317004	0.006082472443200237	-0.02091428042664805	0.92018366	60.89163971	0.89479657	0.5424173432205506	0.0266052	1e-05
-0.7455	0.5107	0.4993	-0.03067765226230433	0.005843362335677014	-0.02159844949342983	0.81977558	54.24729919	0.827874	0.3598486677646166	0.0260807	0.0
-0.7609	0.6249	0.5539	-0.0299795205615066	0.005204571829447091	-0.02203478180642841	0.78592861	52.00753403	0.81514374	0.2728627260013115	0.0253087	2e-05
-0.7879	0.7324	0.6788	-0.029719466502959445	0.005600761569649804	-0.02211506695202015	0.87347043	57.80046844	0.87665044	0.29622644721708047	0.0278344	5e-05
-0.8107	0.923	0.9454	-0.028756044755858575	0.005944591432292687	-0.022354177059543373	0.98422939	65.12976074	0.9534032	0.5573180858633489	0.0306426	0.0002
-0.797	0.7284	0.6074	-0.03155555287605748	0.006607816548050532	-0.023129103247428853	1.4004674	92.67362976	1.23057043	0.7581829711921112	0.0368529	0.00091
-0.7937	0.4198	0.3182	-0.0352399429270175	0.0072954762733362976	-0.023345524074676147	1.34770751	89.18232727	1.19154482	0.8305235301746542	0.0299998	0.0
-0.7888	0.3083	0.2883	-0.03696781888649189	0.00808261976598574	-0.023451989159047802	0.83475471	55.23851776	0.83540634	0.2773742268247745	0.0320146	1e-05
-0.7892	0.2519	0.2431	-0.03726103420082694	0.008564330639536174	-0.023799309680194676	0.76807743	50.82625961	0.80635784	0.15811233545161768	0.0336655	1e-05
-0.7806	0.226	0.1962	-0.037049849361335624	0.00865508776063988	-0.023738223156374878	0.7490586	49.56772232	0.79558972	0.09955142422074088	0.0342977	3e-05
-0.7999	0.2157	0.2026	-0.037344810004922666	0.008250171374177195	-0.024137903555081577	0.74564964	49.34213638	0.79572953	0.09097787143782136	0.0347569	3e-05
-0.8051	0.2175	0.215	-0.03815289744859604	0.008443902921148567	-0.024467770783708504	0.74552214	49.33370209	0.79378261	0.08598431096358368	0.0357429	2e-05
-0.839	0.3077	0.3738	-0.038411206177891205	0.007496189137315645	-0.026096162975819216	0.86470091	57.22016144	0.87066274	0.42462073526193994	0.0357533	3e-05
-0.8447	0.3069	0.3765	-0.034348079679248404	0.005948082090796675	-0.025445155164825328	1.12091947	74.17500305	1.02486052	0.322312067807783	0.0351054	7e-05
-0.79	0.1819	0.1595	-0.02960252944307582	0.005873032932960919	-0.022874285176637685	1.14593327	75.83024597	1.0418479	0.766273469109799	0.0360729	0.00016
-0.7802	0.1894	0.0988	-0.029262190238936933	0.005618214862169747	-0.022197097426863883	1.01231098	66.98801422	0.96104949	0.14161725123519314	0.0327722	7e-05
-0.721	0.0319	-0.1979	-0.01504473815219112	0.006607816548050532	-0.019746655157063843	1.54030037	101.92684174	1.30875092	1.3962748021213323	0.0415334	0.00186
-0.6764	-0.0571	-0.2792	-0.004143411644234539	0.006014404602372459	-0.018001325905069518	1.60236835	106.03408813	1.34858315	0.876903385281449	0.0341969	0.00027
-0.6979	0.1996	0.1442	-0.008571311956544151	0.0037768925013157294	-0.018589501862991603	1.27256262	84.20973969	1.12884339	1.064279418564421	0.030876	0.00017
-0.7754	0.5591	0.3006	-0.016301375213627036	0.0038693949516714287	-0.020490165418413427	1.18311119	78.29043579	1.0726166	1.0795614631430204	0.0260903	7e-05
-0.8105	0.7246	0.373	-0.020165534177542483	0.003766420525803763	-0.021359339385906603	0.91063958	60.26007843	0.89291736	0.5148153678638145	0.0246286	2e-05
-0.8192	0.651	0.2751	-0.022626448422854488	0.005066690818539539	-0.022020819172412456	0.96390831	63.78504562	0.91897513	0.4013332162276817	0.0256505	2e-05
-0.8268	0.3334	0.0972	-0.026593581812637598	0.006670648401122327	-0.022315779815999498	1.1195327	74.08323669	1.01248683	0.796402580797647	0.0237929	2e-05
-0.8274	0.2186	0.1245	-0.028794441999402447	0.007557275661135446	-0.022759093446006056	0.86214018	57.05070877	0.85124957	0.3192400538392264	0.0257046	1e-05
-0.8161	0.2219	0.1461	-0.030639255018760452	0.007995353303386023	-0.023214624380776577	0.80540591	53.29641342	0.82675815	0.1731210798189551	0.0296519	3e-05
-0.8396	0.3434	0.3226	-0.031140164514082826	0.006887069228369624	-0.024336871089808934	0.88791686	58.75643921	0.88178142	0.45807201396855646	0.0299382	3e-05
-0.8825	0.5509	0.4898	-0.03160616742436531	0.006072000467688272	-0.02500009620556677	0.9146297	60.52411652	0.8835196	0.5148148393360836	0.0271972	3e-05
-0.9051	0.6731	0.567	-0.03121870433042257	0.005609488215909776	-0.025391049958013508	0.80527556	53.28778458	0.82556324	0.2840464549083987	0.0262599	3e-05
-0.8961	0.6345	0.4396	-0.03247010540410251	0.006255260039147678	-0.025415484567541426	1.0044018	66.46463776	0.96325804	0.27108037532228785	0.0306587	6e-05
-0.8874	0.3606	0.1659	-0.036114352882266665	0.00826762466669714	-0.02478018471981549	1.17733741	77.90836334	1.07754734	0.8708955976719778	0.0313359	1e-05
-0.8737	0.2751	0.1569	-0.035480798363792726	0.008382816397328765	-0.024544565270796258	0.8019948	53.07068634	0.81980345	0.15741828490623963	0.031009	2e-05
-0.8787	0.2754	0.2147	-0.03467271092011935	0.008087855753741723	-0.025165902484506238	0.80185753	53.06160355	0.83033398	0.14931926504851975	0.0306084	2e-05
-0.9022	0.4823	0.484	-0.03430444644794854	0.00654673002423073	-0.026101398963575197	0.9857499	65.2303772	0.93494365	0.6419443340375379	0.0289274	1e-05
-0.9227	0.6609	0.5805	-0.03392396467101378	0.005824163713905078	-0.02657787384936965	0.85539848	56.60458755	0.84853022	0.3745761486527433	0.0281839	1e-05
-0.9252	0.7202	0.5871	-0.03419274537582091	0.005590289594137836	-0.026850145212680764	0.83955306	55.55604172	0.85103934	0.10714630939427434	0.0293866	2e-05
-0.9033	0.4367	0.2724	-0.036201619344866376	0.006970845032465352	-0.02634050907109842	1.10940456	73.4130249	1.03053054	0.8150532774477661	0.0304289	2e-05
-0.8871	0.3359	0.2608	-0.03698527217901184	0.007585200929167356	-0.026068237707787306	0.82759172	54.76451874	0.83901873	0.21211400470792913	0.0312765	2e-05
-0.8785	0.3164	0.2671	-0.03707079331235956	0.007916813487046278	-0.026073473695543286	0.75468659	49.94014359	0.79776387	0.05551848394913116	0.0325699	1e-05
-0.8742	0.3033	0.2663	-0.03747047371106626	0.008112290363269643	-0.026251497279246708	0.74718964	49.44404602	0.79124503	0.05685904293167427	0.0335572	1e-05
-0.8915	0.3249	0.3023	-0.03639709622108975	0.0076881753550350216	-0.026720990848033185	0.81195515	53.72979736	0.84574604	0.1732493033498805	0.0325649	1e-05
-0.9022	0.4429	0.4223	-0.032180380748271446	0.006258750697651665	-0.026268950571766654	1.12757349	74.6153183	1.02712097	0.5536090203234095	0.0317869	0.0004
-0.2411	0.2329	-0.0951	0.025310764812421768	0.0046041785667610404	-0.005792747787369179	2.58099294	170.79296875	2.16563914	5.369596023799065	0.089012	0.01351
-0.2961	0.2172	-0.1843	0.026035076451999414	0.004539601384437251	-0.007042403531797119	1.79642773	118.8756485	1.58168108	0.2618272283164687	0.0696239	0.00207
-0.3993	-0.0166	-0.2465	0.015858061583620478	0.0030246555937061734	-0.009508553764865106	1.34283793	88.86009216	1.2057038	1.1071055446089	0.0515162	0.00034
-0.4471	-0.063	-0.1718	0.00965516142203263	0.002597049926967562	-0.010636036461653444	1.0490948	69.42211914	0.97615401	0.55679942625574	0.0460096	0.00024
-0.5096	0.0141	-0.0423	0.0045483280306972225	0.0020472712125893483	-0.01242848960345162	1.02600574	67.89424133	0.97762509	0.6415532623755899	0.0402916	0.00018
-0.5935	0.2445	0.1858	0.0011082840750163993	0.0018936822384138475	-0.014679964338524306	1.06329274	70.36164856	0.99665066	0.8346553832464506	0.0353125	8e-05
-0.6482	0.4068	0.2749	-0.0010960667702524388	0.0023788837704682713	-0.015994197265276035	0.9026165	59.72916412	0.90024672	0.5062892652037495	0.0338105	7e-05
-0.6601	0.3375	0.1863	-0.00409977841293468	0.0026092672317315226	-0.01662949711300197	1.02418673	67.77387238	0.97731816	0.3632697475835712	0.0311418	4e-05
-0.6533	0.143	0.0591	-0.0065275314024587925	0.0030717794835100195	-0.016589354540206103	1.03120208	68.23809814	0.9698967	0.47502039070492386	0.0263138	5e-05
-0.6618	0.0989	0.044	-0.00869173967493176	0.003837979025135531	-0.017332864801555686	0.85172987	56.36182404	0.86448397	0.2513959037724032	0.02478	2e-05
-0.6695	0.0827	0.0545	-0.010297442586766544	0.0040229839258469294	-0.01781457567510612	0.79420418	52.55515671	0.83036983	0.1480209343048307	0.0236152	2e-05
-0.684	0.0775	0.0669	-0.011583750245486364	0.004417428336797647	-0.018486527437123937	0.78485197	51.93628693	0.81635102	0.14973519158441784	0.0232702	1e-05
-0.7231	0.2114	0.2799	-0.012604767857903047	0.003623303527140228	-0.019949113350295186	0.92564744	61.25319672	0.90359142	0.5498864167622675	0.0242342	3e-05
-0.7839	0.4592	0.27	-0.01718102115663218	0.004035201230610889	-0.020898572463380102	1.05360591	69.72063446	0.98920471	0.6153805057642356	0.0227696	0.0
-0.8369	0.6197	0.3264	-0.020519836015697332	0.004197516851046362	-0.022408282266355196	0.90416008	59.83130646	0.89160451	0.5204420141237859	0.0225285	1e-05
-0.8285	0.5139	0.2337	-0.021553070932877977	0.0044156830075456534	-0.02195100600233268	0.97808385	64.72309113	0.92302954	0.2923338668851225	0.0241992	1e-05
-0.815	0.238	0.0824	-0.021422171238978403	0.00519235452468313	-0.021013764194011724	0.96941227	64.14926147	0.91256707	0.5329406509679004	0.0208594	1e-05
-0.8023	0.1684	0.0915	-0.02018822345781841	0.005267403682518886	-0.0206838969653848	0.80772763	53.45004654	0.82037483	0.17334320838113362	0.0207784	1e-05
-0.8188	0.3653	0.3802	-0.021108011973619424	0.0048136180770003605	-0.021472785787286234	0.97345126	64.41653442	0.91716193	0.6102231471610488	0.0217512	1e-05
-0.814	0.5946	0.48	-0.020992820242987795	0.004537856055185257	-0.021127210595391358	0.88783777	58.75120544	0.86015076	0.3707264472170804	0.022135	1e-05
-0.8042	0.7324	0.5251	-0.021422171238978403	0.004651302456564888	-0.021097539998107456	0.81736284	54.08764267	0.83258776	0.22132339973270695	0.0233548	1e-05
-0.8001	0.5754	0.3255	-0.02210808563501217	0.004948008429403923	-0.021444860519254327	1.02717543	67.97164154	0.96599504	0.42719704450098367	0.0245148	4e-05
-0.8006	0.302	0.2024	-0.024809855317099394	0.005141739976375294	-0.021853267564221	1.05565548	69.85626221	0.97148296	0.5621954137012634	0.0212829	1e-05
-0.7837	0.2322	0.2047	-0.02484301657288729	0.005242969072990966	-0.02171713188256544	0.7844376	51.90886688	0.8083904	0.1025263017029562	0.0219786	1e-05
-0.7919	0.2644	0.2534	-0.024825563280367346	0.005433209961458348	-0.022321015803755482	0.80042213	52.96661758	0.81837015	0.12967890510886843	0.022882	2e-05
-0.8145	0.5083	0.4315	-0.024612633111624035	0.004382521751757761	-0.02260724980108255	0.94377542	62.45278549	0.90319921	0.5220926187885482	0.0221581	1e-05
-0.8344	0.6554	0.4498	-0.025644122699552685	0.004162610266006475	-0.023031364809317174	0.815929	53.9927597	0.82953317	0.26907580409572807	0.0230218	0.0
-0.8074	0.4509	0.1898	-0.024513149344260358	0.004380776422505768	-0.0222232773656438	0.98045754	64.8801651	0.92720012	0.5993613477732498	0.0243489	1e-05
-0.7966	0.2564	0.1398	-0.026068237707787306	0.0051557026103912496	-0.021919590075796785	0.92339122	61.10389709	0.88354501	0.38698509206297216	0.023017	1e-05
-0.7937	0.2227	0.1498	-0.027281241537923363	0.005831145030913055	-0.022134265573792087	0.7835874	51.85260773	0.80435669	0.15175608743265828	0.0239038	1e-05
-0.8043	0.2683	0.2404	-0.028319712442859992	0.0057526052145733106	-0.023197171088256634	0.82332712	54.48231888	0.83238555	0.2557958117870461	0.0244995	1e-05
-0.8426	0.5063	0.4534	-0.029099874618501456	0.004677482395344803	-0.02406459972649782	0.93791103	62.06472015	0.9008599	0.6254356816555579	0.0243503	1e-05
-0.8607	0.6542	0.5339	-0.029276152872952883	0.00449073216538141	-0.024479988088472467	0.81387788	53.85702896	0.82333071	0.2854208423194734	0.0247036	1e-05
-0.861	0.473	0.3497	-0.030229102644541785	0.005202826500195096	-0.024425882881660643	0.95847976	63.42582321	0.92421038	0.4516574656607206	0.0260901	1e-05
-0.8402	0.3159	0.2701	-0.030820769260967863	0.005612978874413764	-0.024022711824449955	0.87780827	58.08751678	0.86232865	0.3277495023927717	0.0255439	0.0
-0.8436	0.3222	0.3145	-0.031251865586210466	0.005768313177841259	-0.02446602545445651	0.80378503	53.18915176	0.82523635	0.10558721293383264	0.0259601	1e-05
-0.8822	0.5812	0.4421	-0.03228510050339111	0.005077162794051505	-0.025401521933525472	0.9818728	64.97381592	0.93601823	0.5581940890019681	0.0273812	0.0
-0.909	0.8064	0.3973	-0.03400250448735353	0.004665265090580842	-0.025900686099595848	0.8908239	58.94880676	0.88014401	0.4282232926751728	0.029092	0.0
-0.9288	0.9085	0.35	-0.0349659262344544	0.004981169685191816	-0.02627069590101865	0.79176426	52.39369583	0.81820544	0.2516668071567323	0.0309581	1e-05
-0.9093	0.5909	0.1593	-0.03409675226696122	0.006110397711232148	-0.025302038166161795	0.97110397	64.26120758	0.93184572	0.6761529864195184	0.0308471	2e-05
-0.89	0.4093	0.22	-0.03369009055124654	0.00589397688398485	-0.02518161044777419	0.8847158	58.54461288	0.86720082	0.298775513067479	0.0284343	1e-05
-0.8865	0.3566	0.2083	-0.03414911214452105	0.0066881016936422705	-0.025118778594702393	0.77575171	51.334095	0.80910229	0.1336989128001864	0.0297413	1e-05
-0.8816	0.3499	0.2217	-0.03471285349291522	0.0069481557521894255	-0.025528930968921056	0.75068355	49.67524719	0.79517446	0.08669738905799917	0.0305409	2e-05
-0.907	0.4947	0.3816	-0.034478979373147985	0.005956808737056647	-0.026333527754090442	0.88255823	58.40184021	0.88203402	0.4315908960034698	0.0296618	1e-05
-0.9305	0.6922	0.4917	-0.03522248963449756	0.005464625887994246	-0.026879815809964666	0.86228788	57.06048203	0.85736752	0.42019905831431026	0.0295789	2e-05
-0.9379	0.7709	0.5069	-0.03551395961958062	0.005375614096142535	-0.027181757770559686	0.81197989	53.73143387	0.82791335	0.13542118687648946	0.0296148	2e-05
-0.9226	0.529	0.3231	-0.036815975241568384	0.006188937527571893	-0.026907741077996577	0.94779438	62.71873474	0.91768584	0.5604677872990116	0.0308387	1e-05
-0.9076	0.4531	0.306	-0.03770260250158151	0.0066881016936422705	-0.026783822701104982	0.80441141	53.23060226	0.81595043	0.1834854901487548	0.0318629	1e-05
-0.9055	0.4519	0.3217	-0.03766944124579361	0.006602580560294549	-0.027180012441307688	0.76671284	50.73596191	0.80797758	0.044743606466916094	0.0321471	0.0
-0.9336	0.6238	0.474	-0.03796265656012866	0.005916666164260778	-0.02804569575029688	0.87952673	58.20123672	0.87058385	0.44454065096790063	0.0323697	2e-05
-0.9628	0.8165	0.5416	-0.03809530158328023	0.005656612105713622	-0.028579766501407144	0.84354359	55.82011032	0.84051265	0.33583849164044927	0.0321782	2e-05
-0.9825	0.9098	0.5902	-0.038207002655407864	0.0060405845411523745	-0.029078930667477524	0.78300118	51.81381607	0.81209522	0.21134188368183843	0.0326752	3e-05
-0.9693	0.6629	0.324	-0.040547489182332266	0.0067160269616741795	-0.0289637389368459	1.06731737	70.62796783	1.01324605	0.6828560339038917	0.0366062	2e-05
-0.9546	0.4997	0.2739	-0.0411217025062384	0.007274532322312366	-0.02848202806329546	0.85871482	56.82403946	0.85255197	0.30872147790473825	0.0371559	1e-05
-0.9581	0.4472	0.2399	-0.04230329040983856	0.008155923594569502	-0.0291784144348412	0.81570351	53.97783661	0.82717342	0.22796827737015168	0.0441088	7e-05
-0.9509	0.4755	0.3186	-0.04240102884795024	0.007504915783575617	-0.02948035639543622	0.81550133	53.96445847	0.83721065	0.16673441048502918	0.0410599	3e-05
-0.6213	0.2795	0.0631	0.0013962634015954637	0.006204645490839842	-0.016980308292652832	2.77637601	183.72212219	2.27855163	3.660980532253244	0.0957462	0.0314
-0.5683	0.4118	0.081	0.004876449930072156	0.004848524662040247	-0.015144221919554798	2.45667648	162.56652832	2.0150113	0.5368196865187159	0.0483804	0.00085
-0.6258	0.3184	-0.0769	-0.0025254914276357948	0.004145156973486532	-0.015783012425784722	1.48093224	97.99825287	1.30427576	0.7460049776245795	0.0400068	0.0007
-0.6234	0.1202	-0.3265	0.005654866776461627	0.0052778756580308525	-0.016025613191811935	1.52204394	100.71875763	1.30134779	0.9279838827334477	0.047098	0.00091
-0.6528	0.1767	-0.134	-0.002408554367752175	0.004557054676957195	-0.01687907919603716	1.57935965	104.51152802	1.34179218	0.7602854064756343	0.036986	0.00036
-0.6992	0.1792	-0.0261	-0.009782570457428216	0.003715805977495928	-0.017690657298214525	1.19303811	78.94733429	1.06270618	0.6081421445657337	0.0252433	3e-05
-0.746	0.2799	0.1675	-0.012798499404874418	0.003522074430524557	-0.019301596197805294	0.94545931	62.5642128	0.91723272	0.5821299697004172	0.0255849	2e-05
-0.8056	0.5351	0.388	-0.01586678822988045	0.0026668630970473357	-0.020755455464716566	0.98747605	65.34460449	0.93564426	0.8041679712697264	0.0234811	2e-05
-0.8422	0.7202	0.5369	-0.018959511664414404	0.0025202554398798117	-0.02191784474654479	0.87865376	58.14346695	0.87285306	0.590686018676485	0.0239276	2e-05
-0.872	0.8654	0.6798	-0.021371556690670562	0.0026616271092913526	-0.023122121930420878	0.83833736	55.47559738	0.84970209	0.5057846939771894	0.026194	4e-05
-0.8715	0.6119	0.2097	-0.02732662009847522	0.005300564938306779	-0.0242234246884293	1.38348997	91.5501709	1.22714247	1.208865199741425	0.027609	5e-05
-0.8985	0.6273	0.3147	-0.03498512485622634	0.005216789134211051	-0.024952972315762927	1.48002815	97.93843079	1.29257247	0.5709914094590236	0.0446208	0.00339
-0.8781	0.4376	0.2132	-0.030377455630961305	0.0048188540647563435	-0.024319417797288988	1.39880168	92.56340027	1.24940441	0.593557940659684	0.0276288	1e-05
-0.8877	0.4238	0.2537	-0.030991811527663313	0.004511676116405342	-0.024804619329343414	0.78889054	52.20353317	0.82433607	0.13423676885537175	0.0275112	1e-05
-0.9068	0.4887	0.3647	-0.03266907293882986	0.004495968153137393	-0.026014132500975482	0.832367	55.08051682	0.84007639	0.3401241273033284	0.0290284	2e-05
-0.9389	0.7005	0.55	-0.03383844353766606	0.003820525732615587	-0.026895523773232618	0.90384531	59.81047821	0.87741212	0.5655102145807569	0.0291001	2e-05
-0.9475	0.8603	0.5923	-0.034719834809923196	0.0039287361462392355	-0.027338837403239176	0.79973245	52.92097855	0.82165333	0.2823457657943671	0.0298021	2e-05
-0.9339	0.81	0.4663	-0.0369660735572399	0.004790928796724435	-0.027483699731154707	0.95527321	63.21363449	0.93481449	0.3525646862858718	0.033059	5e-05
-0.9156	0.5991	0.3348	-0.03834139300781143	0.005431464632206353	-0.02704038610114815	0.96187097	63.65023041	0.92063381	0.4836584458030004	0.0323906	1e-05
-0.9048	0.5481	0.342	-0.038727110772502175	0.005866051615952942	-0.027094491307959972	0.77135354	51.04305267	0.80234954	0.1127204977624576	0.0336397	3e-05
-0.9027	0.543	0.3571	-0.03913726314672084	0.006201154832335853	-0.02738945195154701	0.74587762	49.35722351	0.78941527	0.07431081170943087	0.0343801	3e-05
-0.9027	0.5386	0.3613	-0.0397376564094069	0.00641408500107916	-0.02760587277879431	0.74220777	49.11437607	0.78649258	0.060087212933833366	0.03541	2e-05
-0.9317	0.6282	0.4528	-0.04063126498642799	0.006396631708559217	-0.028628635720462987	0.80060077	52.97843933	0.82127187	0.3067912405604854	0.0365532	4e-05
-0.9641	0.8155	0.5819	-0.04122816759061006	0.005258677036258915	-0.029242991617164992	0.85611004	56.65167236	0.84567089	0.4662606586592188	0.0362776	2e-05
-0.9861	0.987	0.6795	-0.041400955186557495	0.005295328950550796	-0.029651398662131668	0.8063972	53.36200714	0.82273882	0.32199232776029973	0.0363457	1e-05
-0.9815	1.1222	0.7608	-0.042133993472395104	0.00477696616270848	-0.029907962062174828	0.82475394	54.57673645	0.84119424	0.29649822368615425	0.0372759	8e-05
-0.9693	0.851	0.4526	-0.04583583681587508	0.00477696616270848	-0.030099948279894203	1.18262017	78.2579422	1.08946037	0.7862914780599678	0.0431305	3e-05
-0.9747	0.6724	0.3711	-0.04721988291270658	0.006899286533133583	-0.029972539244498622	0.92587763	61.2684288	0.89814209	0.4471887751326092	0.0441437	2e-05
-0.9683	0.632	0.368	-0.04754800481208152	0.007531095722355532	-0.030030135109814435	0.76781052	50.80859756	0.80057473	0.1007763476956348	0.0447673	3e-05
-0.9678	0.6136	0.3643	-0.047804568212124685	0.007895869536022348	-0.030115656243162158	0.737468	48.80073166	0.78504511	0.057942917352885294	0.0453826	5e-05
-0.9964	0.7363	0.5236	-0.04777664294409278	0.007386233394440003	-0.03106860601475106	0.88105965	58.30267334	0.87978156	0.3851255590601576	0.0453825	6e-05
-1.037	0.9031	0.6483	-0.046715482758880225	0.006510078109938849	-0.031508428986253625	0.86941934	57.53239441	0.86009668	0.4509569220608136	0.0419488	4e-05
-1.0551	1.0456	0.7465	-0.04754102349507354	0.006895795874629596	-0.032337460380950936	0.80420858	53.21717834	0.8304827	0.36081449477906874	0.0426832	6e-05
-1.0553	0.8912	0.505	-0.049570841415142945	0.008276351312957111	-0.03236014966122687	1.08740246	71.9570694	1.02158622	0.5677531319336429	0.0490973	0.0001
-1.0343	0.6909	0.3846	-0.0505098285527159	0.008616690517096005	-0.031958723933268166	0.97714835	64.66118622	0.93627497	0.4257376034835276	0.0476497	8e-05
-1.0204	0.6432	0.3828	-0.050188687970348936	0.008683013028671789	-0.032009338481576007	0.76486927	50.61396408	0.80416804	0.08530388211252948	0.0477564	9e-05
-1.0057	0.6711	0.4589	-0.05000542839888954	0.0072570790297924225	-0.03261496773201804	0.80576795	53.32036972	0.83458074	0.22944114103903976	0.0477647	6e-05
-1.0137	0.853	0.6337	-0.04985358475396603	0.006707300315414208	-0.03282789790076134	0.89670753	59.33814621	0.87987898	0.41042762640225133	0.0455157	0.00011
-1.0371	1.0193	0.7367	-0.04960574800018283	0.006780604143997971	-0.033175218421908216	0.83490831	55.24868393	0.84397199	0.3261230551756916	0.0444212	7e-05
-1.0546	0.8941	0.5595	-0.051626839273992274	0.007730063257082885	-0.03338814859065153	1.00770521	66.68323517	0.96512711	0.4790740277818836	0.0496376	0.00012
-1.0418	0.7217	0.4645	-0.05159716867670837	0.00796568270610212	-0.03314554782462431	0.90311688	59.7622757	0.88696194	0.3055945406165177	0.0482919	0.0001
-1.0269	0.6899	0.4518	-0.05138598383721705	0.007899360194526335	-0.03283138855926533	0.76238334	50.44946289	0.79948652	0.08898333082130438	0.048671	7e-05
-1.0202	0.7024	0.471	-0.0512481028263095	0.0076881753550350216	-0.03305304537426861	0.76351172	50.52413177	0.80029941	0.06693613327010732	0.0486505	0.0001
-1.0379	0.8746	0.6485	-0.05160414999371634	0.0069307024596694826	-0.03396759790231364	0.87323159	57.78466415	0.87126891	0.4688036295408706	0.0480938	7e-05
-1.0529	1.0287	0.719	-0.051029936669810205	0.00715584993317675	-0.03453832056771579	0.82217497	54.40607452	0.83068737	0.30810417314077726	0.0464292	8e-05
-1.0594	0.9877	0.6326	-0.05135282258142916	0.007620107514207243	-0.034632568347323485	0.88045335	58.26255035	0.88086436	0.17796956361285704	0.0486857	0.0001
-1.0491	0.7776	0.4465	-0.05169141645631606	0.008302531251737025	-0.033803536952626174	0.92771888	61.39027023	0.90684921	0.4990024503556996	0.0488253	9e-05
-1.045	0.7357	0.4836	-0.05120097893650565	0.008063421144213804	-0.03386636880569797	0.791628	52.3846817	0.82064566	0.12271897402027096	0.0485532	6e-05
-1.054	0.87	0.6588	-0.05164952855426819	0.007368780101920059	-0.034416147520076185	0.8656984	57.28616714	0.86334259	0.40314846872172494	0.0487284	9e-05
-1.0668	1.0211	0.6817	-0.050331804969012475	0.00740543201621194	-0.034791393309254966	0.86154157	57.01109695	0.85360226	0.27328106443631844	0.0460995	9e-05
-1.0842	1.1405	0.7236	-0.049569096085890954	0.007400196028455957	-0.035168384427685745	0.80974495	53.58354187	0.82976299	0.23594679946541447	0.0453014	9e-05
-1.0635	0.8633	0.4036	-0.04685161844053578	0.0075502943441274695	-0.03427303052141265	1.11638403	73.87487793	1.03828628	0.8060464933649892	0.0470512	0.00022
-1.0355	0.6776	0.3281	-0.043942154577461236	0.007332128187628178	-0.03292389100962104	1.03519261	68.50216675	0.98096039	0.5130384765682723	0.0413345	2e-05
-1.0504	0.7329	0.4644	-0.045284312772244865	0.007117452689632876	-0.03369532653900253	0.88172436	58.34666061	0.87101172	0.32291346110802105	0.0420215	2e-05
-1.0668	0.9848	0.6066	-0.04498237081164986	0.0066165431943105025	-0.033955380597549684	0.94397581	62.46604538	0.90280848	0.4636452757232268	0.04013	2e-05
-1.0688	1.098	0.552	-0.04308345258548003	0.00665144977935039	-0.033735469111798394	0.88611048	58.63690567	0.87027917	0.27748681484805054	0.038727	6e-05
-0.8289	0.7316	0.078	-0.02527236756887789	0.00953822436214901	-0.029068458691965556	3.4729135	229.81434631	3.02781826	2.34854350096168	0.176085	0.10221
0.341	-0.1497	-1.026	0.06876946318708058	0.02519906374029413	-0.0017139133254584315	4.09225702	270.79837036	3.53556822	10.008060775030536	0.135499	0.03579
0.4327	-0.0648	-0.8906	0.06286850498608774	0.024462534795952524	0.0009180431865490173	1.3307364	88.05929565	1.19637372	0.7754721828670944	0.121052	0.02453
0.169	0.371	-0.2673	0.028548350574871244	0.01719672911990013	-0.0035796702958403696	2.06144524	136.41275024	1.83992058	3.6269836784829135	0.0743781	0.00491
0.1345	0.5083	-0.1886	0.02248682208269494	0.01682671931847733	-0.004436626958569585	1.31695223	87.14714813	1.17667564	0.6149247478164157	0.0602753	0.00066
0.0881	0.2503	-0.4674	0.019757127132575807	0.017931512734989743	-0.00507541746479951	1.10409582	73.0617218	1.02906021	0.8068639436430735	0.0542918	0.00037
0.006	0.0901	-0.4618	0.017395696654627483	0.017474236470967228	-0.006462954220135002	0.9082551	60.10228729	0.88516437	0.45821217486531657	0.0506123	0.00035
0.0236	0.0677	-0.4542	0.0161285876176796	0.01737475270360355	-0.006101671064972177	0.80170047	53.0512085	0.82692969	0.13399379797371913	0.0499797	0.00025
0.028	0.0439	-0.4639	0.015610224829837285	0.01718102115663218	-0.005989969992844539	0.7730509	51.15537262	0.81280944	0.07908977034706627	0.0493242	0.00021
0.0252	0.1404	-0.3837	0.015097098029750951	0.016646950405521915	-0.006354743806511354	0.82843322	54.82020569	0.8493698	0.25009856824317067	0.0487383	0.00018
0.0254	0.3371	-0.3738	0.017585937543094867	0.016355480420438863	-0.005824163713905078	0.91528034	60.56716919	0.89714702	0.3723444795516622	0.052327	0.00031
-0.0043	0.472	-0.3568	0.015622442134601244	0.016062265106103812	-0.006719517620178169	0.88869065	58.80764389	0.89108496	0.3392032314550882	0.0508998	0.00027
-0.0185	0.2196	-0.5036	0.015238469699162491	0.016289157908863077	-0.006435028952103093	0.9380272	62.07240677	0.91462728	0.45816769531365453	0.0488443	0.0002
-0.0337	0.0876	-0.4809	0.014482742133048945	0.016671385015049837	-0.006630505828326458	0.86730176	57.39226913	0.86064666	0.2365715774261836	0.047519	0.00013
-0.0041	0.0863	-0.4796	0.015510741062473608	0.016308356530635015	-0.005989969992844539	0.84871584	56.1623764	0.86166085	0.13377816246607016	0.0496067	0.00025
0.0858	0.2323	-0.5156	0.020546015954477248	0.016552702625914222	-0.004220206131322289	1.01992667	67.49196625	0.97031429	0.6243692424402549	0.0551409	0.00043
0.0625	0.4239	-0.4606	0.019343484099853155	0.016561429272174192	-0.004630358505540956	0.89390063	59.15240479	0.88804616	0.3509705437551365	0.0554127	0.00035
0.5347	0.0148	-1.0563	0.06376560422161283	0.02202256450166445	0.0034313173094208515	2.88397694	190.84242249	2.50109961	4.374246558310587	0.172043	0.07541
0.6334	-0.276	-1.1686	0.07343821893616541	0.02580818364924015	0.004480260189869444	2.66061592	176.06188965	2.25312594	1.2271588371288435	0.13461	0.03647
0.58	-0.3242	-1.0772	0.0679631210726592	0.02453932928304027	0.004145156973486532	1.03249145	68.32342529	0.96446281	0.54695277230445	0.126017	0.02846
0.5409	-0.3247	-1.035	0.0650693651728526	0.023846433569998524	0.0036285395148962112	0.83902436	55.52105713	0.84591489	0.2869634535719334	0.120294	0.02335
0.2888	-0.1921	-0.8275	0.04418126468498446	0.018936822384138473	-0.0009669124056048585	2.20383978	145.83547974	1.89273513	2.111858179711463	0.120023	0.0353
0.2157	0.0387	-0.4832	0.03169866987472101	0.01618094749523943	-0.0021467549799530253	2.15890384	142.86190796	1.82439682	1.469115613675533	0.0709884	0.00212
0.2373	0.2532	-0.425	0.03109304062427898	0.01669232896607377	-0.0017889624832941875	0.90129405	59.64165115	0.88869187	0.36804016089676017	0.0712417	0.0017
0.2437	0.3941	-0.4122	0.030707322859588236	0.016989034938912805	-0.0017366026057343581	0.82024473	54.27834702	0.83782846	0.19683918075448056	0.0721005	0.00189
0.2025	0.1599	-0.6385	0.03060783909222456	0.017945475369005696	-0.002178170906488923	0.97650158	64.61838531	0.93017633	0.5765746249105566	0.0687369	0.00158
0.1896	-0.0073	-0.6374	0.029171433117833222	0.01835737307247636	-0.002569124658935653	0.90600586	59.95344925	0.87594181	0.2931628715154366	0.0659311	0.00145
0.1824	0.0066	-0.5621	0.026841418566420795	0.017969909978533618	-0.0032724923474893677	0.83681744	55.37501907	0.84320928	0.2674422666954442	0.0646431	0.00136
0.1769	0.207	-0.4045	0.025448645823329317	0.017287486241003833	-0.0034871678454846703	0.89057028	58.93202209	0.87795731	0.47799359893082827	0.0627153	0.00108
0.1436	0.4053	-0.3249	0.02330189084337629	0.016828464647729323	-0.004340633849709897	0.86289591	57.10071564	0.86317717	0.4841621288726381	0.0616611	0.00076
0.1061	0.4631	-0.3797	0.022083651025484253	0.016856389915761234	-0.0049131018443640375	0.85363823	56.48810577	0.86086382	0.24103165402890447	0.0603267	0.00062
0.1067	0.2008	-0.5739	0.02320415240526461	0.01757197490907891	-0.004405211032033687	0.95336998	63.08768845	0.92018073	0.5742988592714191	0.0589557	0.00061
0.114	0.1022	-0.588	0.023753931119642822	0.018245672000348722	-0.00428129265514209	0.836797	55.37366486	0.84636666	0.1873697091269812	0.0598879	0.00083
0.1123	0.1181	-0.5444	0.022321015803755482	0.017982127283297577	-0.004860741966804208	0.80643743	53.3646698	0.82914561	0.17499546723003015	0.0581853	0.00071
0.1279	0.3014	-0.3766	0.021788690381897208	0.01708851870627648	-0.004838052686528281	0.89464277	59.2015152	0.88174796	0.43913116395776497	0.0576757	0.00057
0.1439	0.447	-0.4091	0.02317448180798071	0.016961109670880894	-0.004508185457901353	0.86117828	56.98705673	0.8528962	0.2862533845053008	0.0599376	0.0007
0.1234	0.2601	-0.6103	0.023560199572671456	0.01783726495538205	-0.004153883619746505	0.92666489	61.32052612	0.90018093	0.48940874436733733	0.0592198	0.00069
0.1179	0.104	-0.6247	0.0235776528651914	0.018130480269717093	-0.0041556289489984985	0.85836077	56.8006134	0.85687494	0.19162069680534913	0.0582814	0.0007
0.1263	0.1007	-0.5686	0.022532200643246795	0.017716837236994437	-0.004384267081009755	0.79899377	52.87209702	0.82329956	0.15218666933392583	0.0574646	0.00054
0.1449	0.1095	-0.5581	0.0223768663398193	0.017392205996123494	-0.004214970143566306	0.79985654	52.92919159	0.82429359	0.07036312408709436	0.0571879	0.00053
0.1218	0.1729	-0.4396	0.02100678287700375	0.016989034938912805	-0.005098106745075437	0.87515616	57.91201782	0.86859096	0.3378195560767685	0.0554385	0.00041
0.0972	0.3621	-0.3015	0.0204378055408536	0.016046557142835868	-0.00540179403492245	0.96291679	63.71943283	0.91462455	0.44265712110370486	0.0574296	0.00054
0.1321	0.3895	-0.4174	0.020788616720504458	0.01555262896452147	-0.00420449816805434	1.08735657	71.9540329	1.00578199	0.2803017612416682	0.061408	0.00093
0.1573	0.1969	-0.58	0.021427407226734384	0.01642005760276265	-0.003384193419617005	1.1289084	74.70365906	1.04410714	0.496726194645422	0.0556156	0.00054
0.2389	0.0548	-0.7167	0.032004102493820026	0.01589122283940837	0.0003700098014227979	1.36292481	90.18930817	1.23022786	1.1033866625739863	0.0742451	0.00277
0.2107	0.0758	-0.6376	0.028600710452431077	0.01638340568847077	-0.0009424777960769379	1.1538893	76.3567276	1.05539434	0.3887031243975544	0.0643804	0.00106
0.1742	0.2162	-0.3721	0.024769712744303524	0.015496778428457652	-0.0026022859147235454	1.0207423	67.54594421	0.96304676	0.7612716543393638	0.061196	0.0008
0.1537	0.4597	-0.2299	0.02280272667730591	0.015152948565814768	-0.0031049407392979124	0.92451513	61.17826843	0.89430564	0.5468735377107432	0.0599138	0.00059
0.1511	0.4965	-0.2571	0.02233323310851944	0.015201817784870609	-0.003639011490408177	0.85350353	56.47919083	0.86208031	0.1192216769476288	0.0599349	0.0006
0.1566	0.2042	-0.4574	0.02168571595602954	0.015695745963185005	-0.0035098571257605967	0.99197149	65.64208221	0.93684443	0.5616299847725936	0.0559656	0.00042
0.1588	0.0715	-0.4765	0.020771163427984515	0.01627344994559513	-0.0033999013828849537	0.86325014	57.12415695	0.85283467	0.23411061266653968	0.0560679	0.00051
0.1441	0.0526	-0.4568	0.0196366994141882	0.016329300481658947	-0.004124213022462601	0.79623908	52.68981171	0.82112222	0.1490313094718889	0.0553637	0.00047
0.1328	0.2308	-0.2495	0.018828611970514827	0.015297810893730297	-0.004801400772236401	0.93376261	61.79020309	0.90492644	0.5226382390687913	0.0549332	0.00033
0.113	0.4653	-0.1165	0.017135642596080327	0.014397220999701223	-0.005045746867515607	0.88731736	58.71676636	0.87888001	0.5291952681871389	0.0541336	0.00029
0.102	0.5859	-0.0798	0.01639911365173872	0.014325662500369455	-0.005330235535590682	0.80282861	53.12586212	0.83045219	0.22292880558742256	0.0537423	0.00028
0.085	0.3844	-0.3174	0.01499237827463129	0.015147712578058786	-0.005482079180514189	1.01130891	66.92170715	0.9740231	0.5751314549860131	0.0506574	0.00025
0.1099	0.2042	-0.3967	0.015224507065146536	0.015683528658421046	-0.004885176576332128	0.92690343	61.33631134	0.90489592	0.3526423737529783	0.0512607	0.00024
0.1267	0.1604	-0.4369	0.01649161610209442	0.01626646862858715	-0.0044628068973495	0.82574171	54.64209747	0.85066599	0.2144209343048309	0.0527897	0.00035
0.1247	0.2724	-0.2857	0.014840534629707783	0.015252432333178446	-0.00519235452468313	0.89355987	59.12985611	0.8840959	0.43493326975644847	0.0511911	0.00028
0.0992	0.5171	-0.1124	0.011601203538006309	0.014198253464973871	-0.005539675045830002	0.94165242	62.31230164	0.91817814	0.6755415240526462	0.0476139	0.00014
0.0694	0.7059	-0.0444	0.009742427884632348	0.013657201396855627	-0.0060405845411523745	0.84328806	55.80319977	0.85218846	0.4316368608407288	0.0453845	0.0001
0.0287	0.8531	0.0058	0.007536331710111515	0.013240067705628985	-0.006661921754862355	0.80717772	53.41365814	0.82696127	0.4003283539728728	0.0441537	6e-05
-0.0233	0.658	-0.2057	0.005988224663592545	0.013034118853893653	-0.0074019413577079505	1.02496386	67.82529449	0.96789146	0.5833037750549948	0.041184	7e-05
-0.0379	0.403	-0.3126	0.004386012410261751	0.013697343969651499	-0.007576474282907384	0.98957717	65.48364258	0.94038535	0.4984985147144037	0.0367864	8e-05
-0.0404	0.3334	-0.32	0.003607595563872279	0.014138912270406066	-0.007531095722355532	0.83885866	55.51009369	0.85676999	0.1427681853847946	0.037093	9e-05
-0.0511	0.3107	-0.3325	0.002701769682087222	0.014526375364348806	-0.00780860307342263	0.79791093	52.80044174	0.84050421	0.12443981633974475	0.0365733	8e-05
-0.0647	0.3544	-0.2526	0.0013316862192716734	0.013713051932919447	-0.008475318847684463	0.83299214	55.12188339	0.8577405	0.27970613342533707	0.0349755	6e-05
-0.0891	0.5426	-0.0688	0.0001972222054753592	0.011564551623714427	-0.008817403381075353	0.93513966	61.88132858	0.90841448	0.5776524428196113	0.0336484	6e-05
-0.1059	0.6882	-0.0073	0.000752236907609556	0.01110203937193593	-0.008728391589223642	0.84883767	56.17043686	0.85977647	0.2792269372882203	0.0354795	6e-05
-0.0962	0.7587	-0.0457	0.0023963370629882146	0.012051498485020845	-0.008806931405563387	0.84715325	56.05897141	0.85227306	0.252204954240166	0.0378623	6e-05
-0.0878	0.5002	-0.3269	0.002515019452123829	0.0140359378445384	-0.008269369995949134	1.05071008	69.52901459	0.98581044	0.6801341579133712	0.0356658	5e-05
-0.0844	0.3561	-0.3515	0.002478367537831948	0.014814354690927869	-0.007946484084330182	0.8774066	58.06093979	0.86928111	0.22899773361501513	0.0360047	0.00012
-0.0797	0.3325	-0.3362	0.002064724505109292	0.014613641826948522	-0.008044222522441864	0.8059305	53.33112335	0.83639819	0.07920471674068424	0.035939	9e-05
-0.0809	0.4433	-0.1811	0.001281071670963838	0.013781119773747226	-0.00859400123682008	0.89566094	59.26889038	0.88670831	0.37539768008624824	0.034884	7e-05
-0.0951	0.6494	-0.0029	0.00017278759594743863	0.012999212268853765	-0.00899368163552678	0.92113507	60.95459747	0.8910719	0.512993598930828	0.0345438	6e-05
-0.0999	0.7061	-0.0425	-0.001410226035611418	0.012667599710974845	-0.00947713783832921	0.92162526	60.98703384	0.90708719	0.22100411961201033	0.0345832	7e-05
-0.0873	0.4588	-0.2412	-0.0016528268016386303	0.013224359742361035	-0.008930849782454984	1.00194621	66.30213928	0.9490974	0.5258824426643814	0.0317596	0.0001
-0.0846	0.3742	-0.2638	-0.0018832102629018814	0.014154620233674012	-0.008808676734815382	0.83467054	55.23295212	0.84397239	0.1740408500107915	0.0321116	5e-05
-0.0889	0.3644	-0.2423	-0.0027296949501191318	0.014231414720761762	-0.00933576616891767	0.82720566	54.73897552	0.84645539	0.10811843042036443	0.0329243	9e-05
-0.102	0.4641	-0.1098	-0.003214896482173555	0.012814207368142365	-0.009702285311836477	0.91613173	60.62351227	0.89907594	0.3587464013796314	0.0313783	7e-05
-0.1227	0.6769	0.0147	-0.00272096830385916	0.011702432634621979	-0.009690068007072518	0.93910301	62.14359665	0.90146415	0.43889601082993696	0.0311906	6e-05
-0.1395	0.818	0.0234	-0.0033597588100890844	0.011817624365253606	-0.010262536001726656	0.8204298	54.29059219	0.83867001	0.23292251157578453	0.0315625	6e-05
-0.1501	0.7538	-0.1012	-0.004640830481052923	0.012418017627939655	-0.010396926354130222	0.94672453	62.64793777	0.91484416	0.3001927643026726	0.0319126	6e-05
-0.1487	0.5022	-0.201	-0.006031857894892403	0.013060298792673565	-0.010328858513302442	0.98501456	65.18171692	0.92613582	0.45786882097005854	0.0276125	3e-05
-0.1586	0.4236	-0.2163	-0.00653102206096278	0.013695598640399504	-0.010745992204529087	0.82892102	54.85248566	0.83098999	0.181379885251148	0.0273429	6e-05
-0.1733	0.4152	-0.1938	-0.007506661112827611	0.013461724520632264	-0.011255628346111431	0.77115548	51.02994537	0.80674365	0.13155746566072074	0.0265789	6e-05
-0.1986	0.5135	-0.078	-0.008716174284459682	0.012140510276872556	-0.01194503340064919	0.8378312	55.44210052	0.84018436	0.4004066234964768	0.0255453	4e-05
-0.2379	0.7312	0.0063	-0.010810569386852877	0.011410962649538926	-0.012568115943611164	0.8868621	58.68664169	0.864354	0.5136512636344399	0.0240768	1e-05
-0.2788	0.9312	0.0277	-0.011454595880838784	0.011564551623714427	-0.013233086388621005	0.81411278	53.87257385	0.82634462	0.3354292956585624	0.0253984	3e-05
-0.3558	1.0943	0.0811	-0.013784610432251215	0.01193281609588523	-0.014910347799787557	0.82006228	54.2662735	0.83690063	0.5122770217374892	0.0259383	1e-05
-0.4	0.8624	-0.0676	-0.014479251474544957	0.011910126815609306	-0.015877260205392416	0.98443198	65.14316559	0.93265409	0.5090121364087262	0.0247962	1e-05
-0.4361	0.6241	-0.0784	-0.01735031809407563	0.011623892818282234	-0.01673770752662562	0.97313452	64.39557648	0.90523346	0.4860873969045473	0.0206782	1e-05
-0.4443	0.5534	-0.0724	-0.01803448716085741	0.011655308744818132	-0.01698728960966081	0.78327268	51.83177948	0.80372233	0.13315835381764343	0.0210142	1e-05
-0.4528	0.5236	-0.0583	-0.018975219627682352	0.011876965559821411	-0.017428857910415374	0.7525996	49.8020401	0.78800609	0.1325978791291393	0.021592	1e-05
-0.4585	0.5092	-0.0492	-0.01976410844958379	0.011784463109465713	-0.017680185322702557	0.74269366	49.14653015	0.78159115	0.0858359342272159	0.0219713	2e-05
-0.4641	0.5183	-0.0301	-0.020731020855188645	0.011658799403322121	-0.017872171540421936	0.74208552	49.10628891	0.78475399	0.09802811647339128	0.0223727	1e-05
-0.478	0.5113	-0.0137	-0.020830504622552322	0.011178833859023681	-0.0182526533173567	0.74191743	49.09516525	0.78966814	0.08529655442984406	0.0226415	1e-05
-0.4826	0.5139	0.007	-0.021842795588709035	0.011058406140636072	-0.018460347498344024	0.75385326	49.88499832	0.7943377	0.09492064327658233	0.0231154	0.0
-0.5291	0.654	0.1477	-0.021169098497439226	0.010170033551370958	-0.019046778127014115	0.8886137	58.80255127	0.87781055	0.43472501546025066	0.0211014	1e-05
-0.5475	0.8635	0.2247	-0.01905899543177808	0.009848892969004002	-0.018687240301103285	0.9059785	59.95163727	0.87003612	0.44443907369694646	0.0212459	0.0
-0.5883	0.9995	0.3275	-0.021532126981854045	0.009632472141756703	-0.019842648265923534	0.88159508	58.33810425	0.87055503	0.47184801710717567	0.0227338	0.0
-0.6123	0.7692	0.0484	-0.025984461903691573	0.00947364717982522	-0.020397662968057728	1.14322591	75.65109253	1.0470383	0.7917087292951601	0.0239382	2e-05
-0.6278	0.6327	-0.0008	-0.026752406774569082	0.010367255756846317	-0.020202186091834363	0.86827117	57.45641708	0.85548499	0.29405151620609854	0.0238355	1e-05
-0.618	0.5905	-0.0297	-0.026099653634323206	0.010620328498385496	-0.019940386704035216	0.78240138	51.77412415	0.81254127	0.1392812634792102	0.0243525	0.0
-0.5335	0.6075	-0.016	-0.015240215028414486	0.008976228343006836	-0.017259560972971925	1.56632042	103.64867401	1.33167835	0.8744182246175336	0.0404769	0.00527
-0.3976	0.6585	-0.0705	0.002750638901143063	0.008316493885752979	-0.01354899098323198	2.34165812	154.95536804	1.90830749	1.3594579188275675	0.0606369	0.00757
-0.4907	0.9297	0.1708	-0.011606439525762293	0.007168067237940712	-0.01596103600948814	1.84684622	122.21201324	1.56198031	1.5014775050486893	0.0252779	3e-05
-0.4852	0.7031	-0.057	-0.014763740142620033	0.008389797714336742	-0.016041321155079884	1.06381476	70.39619446	0.99132779	0.6828658119422757	0.021892	1e-05
-0.489	0.5615	-0.0846	-0.016643459747017926	0.009262462340333906	-0.01624203401905923	0.8971746	59.36905289	0.86349832	0.3206548547187201	0.0211589	2e-05
-0.4995	0.5341	-0.068	-0.017484708446479192	0.009717993275104427	-0.017151350559348275	0.78744596	52.10794067	0.80923937	0.1648048087260416	0.020572	1e-05
-0.5195	0.6842	0.1496	-0.01786519022341396	0.009382890058721515	-0.018432422230312114	0.91238409	60.37551498	0.88618978	0.4875328332140759	0.0201916	1e-05
-0.5341	0.8781	0.2335	-0.01665742238103388	0.008491026810952413	-0.018296286548656556	0.88690239	58.68930817	0.86494438	0.40418833859023695	0.0209754	1e-05
-0.5467	0.9828	0.234	-0.018195057452040884	0.008752826198751562	-0.018791960056222946	0.8598575	56.89965439	0.86288559	0.23255539831862715	0.0210673	0.0
-0.5477	0.7286	0.0234	-0.02012364627549462	0.009318312876397726	-0.018898425140594602	0.9820205	64.98358917	0.93293034	0.5958270292735777	0.0203384	1e-05
-0.5339	0.6027	0.0232	-0.021345376751890653	0.009827949017980071	-0.01875879880043505	0.84517771	55.92824554	0.83322505	0.23344964790689648	0.0204877	1e-05
-0.5315	0.5767	0.0296	-0.02205048976969636	0.010721557595001166	-0.0191131006385899	0.77389282	51.21108627	0.80222551	0.1324511716490827	0.0213605	0.0
-0.5295	0.6514	0.114	-0.022598523154822577	0.010995574287564275	-0.01953197965906854	0.80265749	53.1145401	0.81939522	0.22314645490839824	0.0212485	1e-05
-0.5458	0.8267	0.2228	-0.022722441531714176	0.010574949937833642	-0.019921188082263275	0.85386676	56.50322723	0.8462798	0.3470875574908483	0.0206971	1e-05
-0.5548	0.9345	0.2307	-0.022984240919513323	0.010822786691616838	-0.020303415188450035	0.78681052	52.06589127	0.8072721	0.16929316238845507	0.0217771	1e-05
-0.5513	0.7643	0.0539	-0.023844688240746533	0.011318460199183226	-0.02012364627549462	0.91342801	60.44459534	0.89620181	0.4272944870877508	0.0232174	0.0
-0.5342	0.6163	-0.0021	-0.023970351946890123	0.011637855452298188	-0.01953547031757253	0.84999663	56.24712753	0.84475763	0.272761745859032	0.0224429	0.0
-0.5397	0.6365	0.048	-0.024127431579569612	0.011665780720330098	-0.01991071610675131	0.79973698	52.92127991	0.81843446	0.103812534494509	0.0227443	2e-05
-0.5843	0.8689	0.1564	-0.026181684109166936	0.011423179954302887	-0.02095093234093993	0.91833305	60.7691803	0.8891845	0.5522534764906579	0.0243088	2e-05
-0.5897	1.0095	0.2061	-0.02550100570088915	0.010964158361028377	-0.020867156536844202	0.91291606	60.41072083	0.89043414	0.25687379028240126	0.027099	2e-05
-0.5568	1.0512	0.1361	-0.023811526984958642	0.010648253766417403	-0.019620991450920253	1.03667891	68.6005249	0.96747947	0.3071774198232714	0.0355138	0.00022
-0.5039	0.8474	-0.134	-0.019371409367885065	0.009719738604356421	-0.01789137016219387	1.21349633	80.30112457	1.10778632	0.8817127033930469	0.0307989	0.00036
-0.4413	0.6732	-0.2036	-0.015728907218972896	0.010297442586766544	-0.016037830496575894	1.24961936	82.69150543	1.10402495	0.6100872898470134	0.0356202	0.00321
-0.3351	0.453	-0.4291	0.0035203291012725624	0.011458086539342773	-0.012795008746370429	1.92991424	127.70890045	1.61088262	1.7345351011513577	0.0453175	0.00127
-0.4265	0.5559	-0.1895	-0.01099731961681627	0.009274679645097867	-0.014859733251479722	1.56415117	103.50513458	1.33811975	1.3721890058721515	0.0238721	3e-05
-0.4843	0.7257	0.0269	-0.013999285930246517	0.008829620685839314	-0.01639038700547875	0.94097221	62.26728821	0.90383861	0.6928839513343914	0.0215945	1e-05
-0.5438	0.9747	0.1347	-0.017484708446479192	0.00913505330493832	-0.017856463577153984	0.93196917	61.67152786	0.90048243	0.6791465853503457	0.0224121	1e-05
-0.5974	1.1269	0.1948	-0.021734585175085388	0.009532988374393028	-0.0195756128903684	0.87757838	58.07230759	0.86927972	0.5842480555637661	0.0230094	1e-05
-0.6112	1.1153	0.1495	-0.023329816111408202	0.009822713030224086	-0.02019520477482639	0.83322597	55.1373558	0.8407007	0.19592737383059297	0.0237043	2e-05
-0.5885	0.8186	-0.0254	-0.023863886862518467	0.009564404300928926	-0.01946391181824076	0.96593732	63.91931152	0.9159852	0.5704836218495526	0.0223183	0.0
-0.5931	0.6794	-0.04	-0.024588198502096113	0.01038470904936626	-0.019538960976076516	0.84851348	56.148983	0.83527052	0.23938327729253667	0.0218686	1e-05
-0.5955	0.6757	0.0035	-0.02518161044777419	0.010075785771763265	-0.02007826771494277	0.76990294	50.94705963	0.80403188	0.12168209810736628	0.022206	1e-05
-0.6269	0.8636	0.203	-0.02688854245622464	0.009402088680493453	-0.02105565209605959	0.886406	58.65645981	0.86990622	0.5867006740418541	0.0230928	1e-05
-0.6611	1.0578	0.2888	-0.027543040925722517	0.009183922523994161	-0.02164731871248567	0.85555917	56.61521912	0.8447778	0.38741656212116254	0.0234757	0.0
-0.6916	1.1946	0.3514	-0.028256880589788196	0.009389871375729494	-0.02261074045958654	0.78518641	51.9584198	0.80935318	0.32406051314509404	0.0248796	2e-05
-0.7159	1.0574	0.1995	-0.029895744757410872	0.00947364717982522	-0.023387411976724018	1.01911497	67.43825531	0.97199231	0.43836557444279434	0.0290556	3e-05
-0.7179	0.805	0.0681	-0.03129375348825832	0.00922755575529402	-0.02317448180798071	1.01568723	67.21143341	0.95097407	0.47865151620609775	0.0256883	1e-05
-0.7127	0.7442	0.0742	-0.031876693458424435	0.009382890058721515	-0.023308872160384266	0.77228796	51.1048851	0.80232651	0.1157332312998582	0.0267162	0.0
-0.7166	0.724	0.0668	-0.03229557247890307	0.009604546873724796	-0.023471187780819743	0.7362318	48.71892929	0.78508681	0.07164257279586973	0.0275961	1e-05
-0.716	0.7168	0.0685	-0.032642893000049945	0.009637708129512687	-0.023631758072003222	0.7402429	48.98435593	0.78756841	0.03655260340591223	0.0283857	0.0
-0.732	0.7524	0.1166	-0.03216816344350749	0.009494591130849153	-0.024160592835357503	0.79511762	52.61560059	0.82929157	0.15703406592801367	0.0283388	0.0
-0.7706	0.9563	0.2628	-0.030963886259631403	0.009208357133522081	-0.024760986098043555	0.93314838	61.74956131	0.90394998	0.4932452221944604	0.0262669	1e-05
-0.7975	1.109	0.3052	-0.032103586261183696	0.009653416092780637	-0.025413739238289434	0.82406145	54.53091049	0.840929	0.33387560505283653	0.0277627	2e-05
-0.8098	0.9104	0.1048	-0.03385589683018601	0.010414379646650164	-0.025598744139000828	0.9629401	63.72097778	0.92637305	0.5462139511791616	0.0302268	2e-05
-0.8199	0.7974	0.0752	-0.03477044935823103	0.010871655910672679	-0.025546384261441003	0.8310535	54.99359894	0.83255282	0.2239094334813682	0.0302593	1e-05
-0.8196	0.8073	0.1222	-0.03424859591188473	0.010735520229017121	-0.025886723465579894	0.80341715	53.16480637	0.83057526	0.1071164166070376	0.0300043	1e-05
-0.8388	1.0511	0.348	-0.03452435793369983	0.01013861762483506	-0.026864107846696718	0.96117878	63.60442352	0.91771062	0.5813024503556994	0.0297057	3e-05
-0.8679	1.2527	0.4755	-0.03530975609709728	0.010107201698299161	-0.02778564169174973	0.86607444	57.31105042	0.85687853	0.44511739674931794	0.0306801	2e-05
-0.8777	1.2221	0.4175	-0.037362263297442605	0.009262462340333906	-0.02882062193818236	1.01351261	67.06752777	0.96998998	0.29501134023716047	0.0361145	7e-05
-0.8798	0.9755	0.2999	-0.04060857570615207	0.009206611804270088	-0.029242991617164992	1.074579	71.10849762	1.0073202	0.5525266311877955	0.0354739	1e-05
-0.8762	0.9082	0.3456	-0.04062253834016802	0.009443976582541317	-0.02930756879948878	0.79570407	52.6544075	0.81947749	0.13239522973054843	0.0355904	1e-05
-0.8741	0.8856	0.3321	-0.040882592398715174	0.009672614714552575	-0.02928313418996086	0.74654192	49.40118408	0.79021536	0.0638563400043167	0.0361388	1e-05
-0.8894	0.9382	0.4008	-0.04114613711576631	0.009508553764865106	-0.029773571709771268	0.78564721	51.98891068	0.81792212	0.18250215932745076	0.0369	2e-05
-0.9366	1.1572	0.5688	-0.04241673681121819	0.008761552845011535	-0.030906290394315587	0.89638376	59.31671906	0.87800481	0.5917159649924885	0.0375531	2e-05
-0.9762	1.3325	0.6555	-0.04337666789981507	0.00873188224772763	-0.031812116276100644	0.81449139	53.89762878	0.83250028	0.396371378383292	0.038265	6e-05
-0.9751	1.2089	0.4863	-0.044668211546290866	0.009053022830094588	-0.03206518901763982	0.98597044	65.24497223	0.95139448	0.3871878485190964	0.042473	2e-05
-0.9555	0.991	0.3509	-0.04550247892874416	0.009334020839665676	-0.03143687048692186	0.96708381	63.99518204	0.92773182	0.46007919613711695	0.0413157	1e-05
-0.9508	0.9299	0.3479	-0.045190064992637176	0.009602801544472801	-0.03125012025695847	0.7729845	51.15097809	0.80601896	0.10719724354387516	0.041019	1e-05
-0.9548	0.9205	0.3447	-0.04504520266472166	0.009936159431603718	-0.03130946145152628	0.74124795	49.05086517	0.78651315	0.04347807048071216	0.0411729	2e-05
-0.9578	0.91	0.3468	-0.0453087473817728	0.010206685465662838	-0.03147526773046574	0.73590553	48.6973381	0.78606921	0.05059385150248583	0.0422077	2e-05
-0.9582	0.9121	0.3793	-0.04511152517629744	0.00990474350506782	-0.03168470724070506	0.74135649	49.05804443	0.78800041	0.0704301838154849	0.0420071	5e-05
-0.9962	1.076	0.5467	-0.04531049271102479	0.009541715020653	-0.03251024797689838	0.87956917	58.20404434	0.86967138	0.4386768377667743	0.0422035	6e-05
-1.034	1.2916	0.6757	-0.045877724717922945	0.009262462340333906	-0.03332531673757973	0.86540014	57.2664299	0.85876998	0.4654776723949298	0.0413316	5e-05
-1.0564	1.4485	0.7897	-0.04608890955741426	0.008857545953871221	-0.03380179162337418	0.8155129	53.96522522	0.83516278	0.34792880558742245	0.0415101	0.00016
-1.0859	1.5994	0.9412	-0.0465077885778929	0.00855036800552022	-0.03451737661669185	0.83130777	55.01042557	0.84675363	0.4039820981073659	0.0431632	0.00025
-1.095	1.6401	0.9152	-0.04803669700263993	0.008515461420480335	-0.034967671563706386	0.96932304	64.14335632	0.94477327	0.1765054978400724	0.0467109	0.00062
-1.0589	1.2503	0.314	-0.04982042349817813	0.01117010721276371	-0.033716270490026456	1.42509997	94.3036499	1.26559351	1.311588668075075	0.0491118	0.00018
-1.0446	1.0761	0.2594	-0.05082049715957089	0.011869984242813434	-0.03340560188317147	0.90836406	60.10949707	0.88693153	0.3436309649148735	0.0487747	0.00016
-1.0377	1.0396	0.2608	-0.05047492196767601	0.012009610582972983	-0.03351381229679511	0.76587641	50.68061066	0.80405892	0.07447059728390373	0.0485075	0.00012
-1.0334	1.0335	0.2844	-0.05036845688330436	0.011744320536669845	-0.03393443664652575	0.75545186	49.99078369	0.79860141	0.07361897402027104	0.0488626	0.0001
-1.0386	1.0539	0.3359	-0.05021137725062487	0.011587240903990355	-0.034412656861572195	0.77679944	51.40342712	0.81543515	0.11671897402027116	0.048816	0.00012
-1.0689	1.2453	0.5326	-0.05065643620988342	0.010749482863033075	-0.03528881214607335	0.89019346	58.90708923	0.8799507	0.5263486142358494	0.0485514	9e-05
-1.0916	1.4065	0.6168	-0.05074893866023912	0.010269517318734636	-0.03599392516387906	0.81882375	54.18431473	0.82875529	0.33197905062299227	0.0480049	9e-05
-1.1013	1.523	0.7044	-0.05122890420453756	0.009983283321407565	-0.03624001658841026	0.77890539	51.54278183	0.81346751	0.26441454830783534	0.0482823	0.00016
-1.1016	1.3673	0.4805	-0.051626839273992274	0.011341149479459155	-0.03582462822643561	1.05387807	69.73864746	0.99813775	0.4884594794740476	0.0533851	0.0003
-1.0802	1.1083	0.2611	-0.052038736977462925	0.012313297872819996	-0.03467794690787533	1.04722738	69.29854584	0.99076036	0.6263363707695883	0.0520502	0.00016
-1.0667	1.0304	0.2546	-0.051626839273992274	0.012466886846995496	-0.03421194399759285	0.77478653	51.27022552	0.81093944	0.1494744793964318	0.0515949	0.00015
-1.0638	1.0025	0.2493	-0.051443579702532855	0.012596041211643075	-0.03437425961802832	0.7414009	49.06098557	0.78953398	0.05983647782712336	0.0523109	0.00013
-1.0622	0.9789	0.2489	-0.05155353544540851	0.01263792911369094	-0.03429746513094057	0.73973966	48.95105362	0.79045449	0.03703190660056364	0.0529487	0.00018
-1.0718	1.0032	0.3282	-0.051267301448081434	0.012395328347663728	-0.035037484733786164	0.8233906	54.48651886	0.84877221	0.1766427183099943	0.0525934	0.0002
-1.1034	1.2024	0.5155	-0.05111196714465394	0.011575023599226393	-0.03608293695573077	0.91736042	60.70481873	0.89625625	0.5191545636904711	0.0499127	0.00017
-1.1213	1.3838	0.5933	-0.05082573314732687	0.011691960659110014	-0.03653148657349332	0.82685459	54.71574402	0.83782662	0.3196860337486623	0.0486703	0.00016
-1.1236	1.5206	0.6537	-0.0505098285527159	0.011676252695842066	-0.03668507554766881	0.78855234	52.18115234	0.8177134	0.2237600766027205	0.0477443	0.00015
-1.1172	1.4309	0.4595	-0.05107880588886605	0.01241627229868766	-0.03629586712447408	1.08753335	71.96572876	1.01971877	0.37521026810952335	0.0540283	0.00051
-1.0967	1.1221	0.216	-0.05243841737616963	0.012735667551802624	-0.035337681365129194	1.13856697	75.34279633	1.05666932	0.7046596249881715	0.052435	0.00028
-1.0854	1.0332	0.2237	-0.052279592414238144	0.012854349940938236	-0.03500257814874628	0.78906208	52.21488571	0.81917323	0.13853052837250107	0.0519854	0.00028
-1.0867	1.0329	0.2711	-0.051799626869939705	0.012870057904206186	-0.03521899897599358	0.78107488	51.68634415	0.82024392	0.08460471674068448	0.051778	0.00026
-1.1169	1.2343	0.5059	-0.051366785215445104	0.012231267397976262	-0.03647912669593348	0.94978482	62.85044861	0.92061457	0.5829879940332212	0.0498927	0.00013
-1.1469	1.4163	0.6188	-0.051303953362373304	0.011046188835872113	-0.03800628979142852	0.85932833	56.86463928	0.85748386	0.4636536755335494	0.0492778	0.00021
-1.1221	1.4089	0.4968	-0.05251695719250937	0.011412707978790921	-0.037198202347755144	1.07648659	71.23472595	1.01449934	0.2735805208364123	0.0557015	0.00044
-1.1086	1.117	0.2216	-0.05329188338039485	0.012699015637510741	-0.03606373833395883	1.16460812	77.06602478	1.07108679	0.7403848930200808	0.0544598	0.00033
-1.0984	1.0407	0.2249	-0.052874749689168214	0.013055062804917585	-0.035791466970647716	0.78296751	51.81158829	0.81520352	0.14207261109722985	0.0542716	0.00027
-1.0567	1.0311	0.2944	-0.05275781262928459	0.013103932023973426	-0.035472071717532756	0.78781289	52.13222122	0.82029053	0.14506007660272133	0.054238	0.00035
-1.1042	1.1534	0.4455	-0.05246459731494954	0.01180366173123765	-0.036960837569483915	0.90007889	59.56124115	0.89254647	0.4750125729510994	0.053237	0.00026
-1.1242	1.3338	0.5994	-0.05232846163329399	0.011075859433156017	-0.03762406268524176	0.88127625	58.31700516	0.86778943	0.43065815477475133	0.0516178	0.00016
-1.1327	1.4489	0.6715	-0.052263884450970195	0.011199777810047613	-0.03797487386489263	0.79651302	52.70793915	0.82528039	0.22266533694331317	0.0510361	0.0002
-1.1268	1.2126	0.3682	-0.053105133150431465	0.01244070690821558	-0.03724532623755899	1.06193912	70.27207184	1.00390712	0.6860862712481439	0.0551995	0.00039
-1.1101	1.0573	0.3291	-0.05305102794361964	0.012503538761287378	-0.036630970340856994	0.86409408	57.18000412	0.86073853	0.24766464782928072	0.0538443	0.0002
-1.0964	1.0181	0.3098	-0.052806681848340434	0.012744394198062595	-0.03631157508774202	0.76168698	50.40338135	0.79897544	0.1124298392584698	0.054126	0.00022
-1.0897	1.0021	0.2959	-0.05274210466601665	0.012728686234794645	-0.036267941856442165	0.73859608	48.87538147	0.78692649	0.04279591884457967	0.0543101	0.00027
-1.0869	1.0241	0.365	-0.05252044785101336	0.012309807214316007	-0.03674267141298462	0.79809171	52.81240463	0.82948183	0.14966326960121915	0.054044	0.00024
-1.1216	1.2054	0.5514	-0.0534646709763423	0.011098548713431942	-0.037857936805009	0.88170642	58.34547043	0.87676263	0.5659373509118688	0.0536213	0.00025
-1.1408	1.3453	0.5999	-0.05363745857228973	0.010749482863033075	-0.03826808917922767	0.79531997	52.62899017	0.81660633	0.25420029102824854	0.0529177	0.0002
-1.1399	1.3462	0.4838	-0.05436875152887535	0.01123119373658351	-0.03792076865808079	0.92149425	60.97836685	0.9109911	0.19591621756414723	0.0568373	0.00037
-1.1238	1.0942	0.243	-0.054480452601002996	0.012585569236131109	-0.03660129974357308	1.02338886	67.72107697	0.97380254	0.6481772743091476	0.0565429	0.00044
-1.1107	1.0242	0.2403	-0.054094734836312254	0.01293638041578197	-0.036325537721757985	0.780846	51.6711998	0.81319765	0.13641454830783495	0.0560374	0.00042
-1.1098	1.0211	0.2513	-0.05384689808252906	0.013002702927357754	-0.0364110588551057	0.74970484	49.61048508	0.79857741	0.034984019935334926	0.0557678	0.00047
-1.1295	1.166	0.4324	-0.053815482155993154	0.012067206448288795	-0.03752108825937409	0.88268036	58.40991974	0.8753914	0.44954709049366287	0.0546935	0.00025
-1.1531	1.3274	0.4956	-0.052183599305378456	0.011814133706749616	-0.03837106360509534	0.85754305	56.74650192	0.85433734	0.3849465468937562	0.0515266	0.0002
-1.1591	1.4951	0.5998	-0.0523546415720739	0.011449359893082803	-0.038418187494899184	0.82160336	54.3682518	0.84046708	0.3070469985083054	0.0505576	0.00017
-1.16	1.6192	0.6527	-0.052190580622386434	0.011245156370599465	-0.038276815825487635	0.78210646	51.75460815	0.81431051	0.2033818070791174	0.0499799	0.00014
-1.1442	1.3657	0.2876	-0.053501322890634175	0.012494812115027405	-0.03744778443079033	1.17704797	77.88921356	1.09535884	0.8038714703686489	0.0567648	0.00061
-1.1302	1.1561	0.2406	-0.054496160564270944	0.012925908440270004	-0.03686135380212024	0.94173628	62.31784821	0.91066542	0.3712182313774732	0.0563538	0.00046
-1.1181	1.0833	0.238	-0.054161057347888036	0.013096950706965448	-0.03661002638983306	0.77062219	50.99465561	0.80516137	0.1253736447682765	0.0560697	0.00045
-1.113	1.0653	0.233	-0.05397954310568062	0.013079497414445505	-0.03653846789050129	0.74282628	49.15530777	0.79183575	0.04162630170295645	0.0562139	0.00036
-1.1137	1.049	0.2286	-0.054175019981903993	0.013171999864801205	-0.036569883817037185	0.73887318	48.89371872	0.78858613	0.03736976265574833	0.0568032	0.0005
-1.1104	1.0649	0.2587	-0.05393416454512877	0.01275835683207855	-0.03698178152050785	0.77900922	51.5496521	0.81934891	0.10261980864842712	0.0565658	0.00042
-1.1232	1.2458	0.4507	-0.054157566689384054	0.011283553614143339	-0.03796614721863265	0.89514637	59.23484039	0.88561185	0.5198285530157649	0.0555558	0.00029
-1.1406	1.3902	0.5225	-0.053567645402209964	0.011297516248159294	-0.03846007539694704	0.81663424	54.03942871	0.83095855	0.28849060497522183	0.0540121	0.00024
-1.1502	1.3685	0.4476	-0.05402666699548447	0.012177162191164435	-0.03838502623911129	0.94183159	62.32415771	0.92425423	0.17688583470576963	0.0574793	0.00039
-1.1334	1.1423	0.2532	-0.05471781737927423	0.012793263417118434	-0.03731688473689076	0.98062485	64.89123535	0.94258322	0.5561696555982145	0.0582806	0.00054
-1.1192	1.0718	0.2299	-0.054323372968323506	0.013079497414445505	-0.036784559315032495	0.76914209	50.89671326	0.80457812	0.1686501915068029	0.0577071	0.00043
-1.116	1.0909	0.2934	-0.0542029452499359	0.01262222115042299	-0.03722089162803107	0.79141021	52.37026978	0.82174571	0.1365018147704346	0.0578921	0.00046
-1.1371	1.275	0.4704	-0.05413138675060413	0.011486011807374682	-0.03808133894926428	0.88762158	58.73689651	0.8758821	0.485610758180664	0.0558974	0.00037
-1.1536	1.4262	0.5613	-0.05352226684165811	0.011526154380170553	-0.03855606850580673	0.83340073	55.14892197	0.83976977	0.3147996019142172	0.0542442	0.00027
-1.1577	1.5233	0.6522	-0.05292187357897206	0.011971213339429106	-0.038404224860883227	0.79393744	52.5375061	0.82280602	0.2519647933434055	0.0525708	0.00024
-1.1588	1.4308	0.5457	-0.05348037893961025	0.01204975315576885	-0.038474038030963005	0.90498096	59.88562775	0.89773554	0.235442917352886	0.0557719	0.00038
-1.1509	1.1696	0.3123	-0.05455550175883875	0.012479104151759455	-0.03797138320638864	0.98984015	65.50104523	0.94947872	0.6028564319896733	0.05848	0.00059
-1.1329	1.0719	0.2795	-0.05434780757785143	0.012740903539558606	-0.03728721413960686	0.77783263	51.47179413	0.81476833	0.20618313177841224	0.0585431	0.00055
-1.1272	1.0534	0.2811	-0.05427799440777166	0.012903219159994076	-0.03738669790697054	0.7458176	49.35325241	0.79177116	0.04238062789394614	0.0588475	0.00047
-1.1216	1.0251	0.2789	-0.05431290099281153	0.01282293401440234	-0.03729419545661483	0.73850113	48.86909866	0.78895942	0.04648470904936573	0.0592739	0.00057
-1.1282	1.1119	0.4047	-0.05412091477509217	0.012137019618368567	-0.03808482960776827	0.82251328	54.42846298	0.84829263	0.3026267382453289	0.0582346	0.0004
-1.1481	1.1469	0.3743	-0.04892332426265305	0.01252099205380732	-0.038126717509816124	1.08745408	71.96048737	0.99865181	0.36647254249628625	0.0575039	0.0004
-0.7921	0.9001	-0.1536	-0.009684832019316534	0.008946557745722932	-0.023342033416172164	2.42325091	160.35464478	2.02809092	4.010580532253243	0.0729929	0.01997
-0.6906	0.654	-0.4103	0.001001818990644745	0.009679596031560551	-0.020446532187113568	2.15564132	142.64601135	1.78420606	1.3200595262428747	0.0368521	0.00051
-0.7104	0.5684	-0.5471	0.005815437067645105	0.010524335389525807	-0.020767672769480525	1.1717931	77.54148102	1.06561838	0.5411749008666289	0.0404328	0.00057
-0.5058	0.519	-0.6002	0.019303341527057285	0.011526154380170553	-0.017228145046436025	2.49807405	165.30593872	2.14039883	1.2085625586550712	0.117387	0.04472
0.5016	0.5742	-0.8222	0.08530296719122285	0.02744355715835884	0.0013997540600994523	3.21859479	212.98521423	2.84866379	6.311846377444466	0.17437	0.07218
0.533	0.7662	-0.7075	0.07560417253789037	0.02452885730752831	0.005031784233499652	1.84240472	121.91809845	1.66017135	1.1503762338781607	0.146665	0.04284
0.263	0.6109	-0.8069	0.045354125942324644	0.01778665040707421	0.001335176877775662	2.33205509	154.31991577	2.0597389	2.559143042587191	0.114373	0.02836
0.1573	0.4795	-0.6474	0.03216292745575151	0.015065682103215051	-0.0008883725892651138	2.01181865	133.12878418	1.72372019	1.3033858128736535	0.0699388	0.00225
0.1013	0.4936	-0.5456	0.029707249198195482	0.014393730341197234	-0.0025726153174396417	0.89764804	59.400383	0.89007212	0.41249363738741845	0.0667944	0.00129
0.1363	0.7098	-0.4553	0.03146654108420577	0.014023720539774437	-0.0018727382873899156	1.06792939	70.66847229	0.98763643	0.4829589358741404	0.0733019	0.00196
0.2199	0.8714	-0.5497	0.03423463327786878	0.015266394967194402	-0.000445058959258554	1.02203238	67.63130951	0.95016487	0.6115222974607167	0.0776663	0.00257
0.1779	0.6512	-0.7444	0.03304955471576462	0.016050047801339853	-0.0008412486994612669	1.00155973	66.27656555	0.94285885	0.5751460568226159	0.0712195	0.0018
0.1279	0.4728	-0.722	0.030023153792806456	0.01631010185988701	-0.0016545721308906245	0.96010947	63.5336647	0.90053874	0.455788920646734	0.0653813	0.00115
0.1234	0.4468	-0.6971	0.02853613327010729	0.01620538210476735	-0.0018814649336498872	0.80365849	53.1807785	0.82625188	0.14633165402890447	0.0637951	0.0011
0.2613	0.4121	-0.8062	0.03698876283751582	0.0170518667919846	0.0012863076587198209	1.63097286	107.92694855	1.42199719	0.9050443423497744	0.0967491	0.01719
0.7589	0.3945	-1.1625	0.09028413687641468	0.026998498199100284	0.009342747485925645	2.62632132	173.79249573	2.32803502	4.436422263661018	0.174321	0.06923
0.4937	0.7308	-0.6069	0.060847413712278316	0.018952530347406425	0.006339035843243405	2.08145857	137.73709106	1.86877054	3.181420132925622	0.12408	0.02486
0.4529	0.8577	-0.5278	0.05597445444071015	0.01834690109696439	0.005422737985946381	1.07392013	71.06489563	1.03331141	0.5665443189653613	0.113641	0.01632
0.4011	0.6951	-0.7217	0.05172283238285195	0.019001399566462265	0.004565781323217166	1.09132516	72.21664429	1.02399436	0.6964538595042645	0.10325	0.01167
0.3905	0.4541	-0.8151	0.05005255228869338	0.01918989512567765	0.004598942579005058	1.02259135	67.66830444	0.95085024	0.4395968454580923	0.0978134	0.00968
0.3958	0.3719	-0.8608	0.04992165259479381	0.019626227438676237	0.004900884539600078	0.87019795	57.58391953	0.86149088	0.17665869837465886	0.0971364	0.00955
0.3524	0.415	-0.7674	0.04525115151645698	0.018835593287522802	0.003501130479500625	0.93330193	61.75971985	0.90076767	0.522944464479486	0.0906392	0.00683
0.3058	0.6362	-0.5815	0.042645374943229446	0.01781283034585413	0.0021956241990088664	0.93295389	61.73669052	0.89748366	0.7004022897693982	0.0874077	0.00524
0.2823	0.7878	-0.54	0.04033630434284095	0.017092009364780468	0.001254891732183923	0.85375124	56.49558258	0.84958008	0.4151312024143547	0.086508	0.00455
0.3003	0.6355	-0.7432	0.041776200975736276	0.018018779197589457	0.0020298179200694054	1.07835793	71.35855865	1.00792465	0.5305796326794896	0.0893115	0.00649
0.6325	0.2454	-1.1411	0.08549495340894224	0.0218846834907569	0.009239773060057981	2.60089159	172.10972595	2.28345979	3.8599305933180985	0.185345	0.0802
0.6316	0.2054	-1.1254	0.08405156611754293	0.02246413280241901	0.009321803534901715	2.65698051	175.82131958	2.23425714	0.16184335389525784	0.162782	0.0623
0.533	0.4219	-0.7359	0.07035771280639541	0.019203857759693608	0.006824237375297828	1.69254482	112.00136566	1.47662499	1.6771847256738404	0.133838	0.03316
0.4692	0.6576	-0.6017	0.06567499442329462	0.018893189152838614	0.005194099853935124	0.97978085	64.83538818	0.93758716	0.7648762255659245	0.128805	0.02741
0.4327	0.7945	-0.5092	0.06184574204441906	0.018399260974524222	0.004159119607502487	0.87871808	58.14772415	0.87431669	0.5338080401811296	0.125191	0.02442
0.3846	0.5954	-0.75	0.05818927726149095	0.01808335637991325	0.0035360370645405115	1.09523952	72.47567749	1.0252349	0.7177725960250528	0.113053	0.01735
0.3903	0.4303	-0.7934	0.05782973943558011	0.018123498952709118	0.0038083084278516272	1.00645316	66.60037994	0.94189758	0.24779758810089125	0.112949	0.01727
0.3725	0.3992	-0.7957	0.056194365926461425	0.01849350875413192	0.0032847096522533284	0.94148421	62.30117035	0.90444261	0.17764910430698927	0.109948	0.01576
0.3562	0.4182	-0.7296	0.05330410068515882	0.017256070314467936	0.0024015730507441976	0.82789272	54.78443909	0.83850804	0.3519420141237859	0.105063	0.01287
0.3575	0.4293	-0.6798	0.051626839273992274	0.016804030038201405	0.0019460421159736775	0.86250818	57.07505798	0.86178882	0.19144163111017984	0.103539	0.01194
0.4793	0.5712	-0.6974	0.06029938032715209	0.01802401518534544	0.004356341812977846	1.21035326	80.09313965	1.09485732	0.8964412948654011	0.115311	0.01865
0.4432	0.795	-0.6188	0.05690122427351913	0.017982127283297577	0.0038187804033635933	0.91640115	60.64133835	0.90079949	0.5373802682647537	0.113729	0.0164
0.3767	0.8112	-0.6199	0.05424657848123575	0.01779712238258618	0.0023701571242082994	0.91790718	60.74099731	0.89681874	0.29821369860750363	0.10923	0.01398
0.3188	0.5487	-0.7244	0.05014330940979709	0.017486453775731187	0.0013194689145077131	1.04935384	69.43926239	0.97446725	0.6981312943997121	0.0984805	0.00946
0.317	0.4497	-0.7173	0.04883780312930533	0.017779669090066234	0.001403244718603441	0.85082531	56.30196381	0.83807579	0.19202486994612664	0.0965149	0.00869
0.3232	0.4081	-0.7323	0.04821472058634336	0.018285814573144592	0.0016807520696705393	0.77644908	51.38024139	0.80865655	0.13313676885537123	0.0955391	0.00863
0.3233	0.3905	-0.7329	0.047176249681406726	0.01791929543022578	0.0012863076587198209	0.77053624	50.9889679	0.80343068	0.10827172294030812	0.0929787	0.00768
0.3025	0.4703	-0.6215	0.04502600404294972	0.017085028047772493	0.0005026548245743669	0.85638082	56.66959381	0.85368549	0.4004082927527872	0.0914846	0.00706
0.2797	0.7008	-0.483	0.043498840947454674	0.016296139225871052	0.00035604716740684323	0.91268402	60.39536285	0.88256154	0.5149329787282008	0.0900831	0.00567
0.3193	0.8317	-0.4872	0.046252970507101726	0.016557938613670203	0.001022762941668677	1.54232502	102.06082153	1.35837823	0.3588322360854018	0.115707	0.02529
0.6753	0.4148	-1.1778	0.0875387339630276	0.024952972315762927	0.007843509658462517	2.28166246	150.98526001	2.04426771	4.288577193740622	0.161561	0.05639
0.5327	0.2984	-1.0312	0.0716213311848393	0.022151718866312033	0.0062447880636357115	1.59711373	105.68637085	1.4232419	1.4214688911232995	0.132471	0.03216
0.4434	0.2894	-0.9214	0.06449689717819845	0.020589649185777104	0.004159119607502487	1.07641876	71.23023987	1.00143468	0.7467086071654503	0.121515	0.02385
0.3943	0.4512	-0.6324	0.05948780222497473	0.01832595714594046	0.0025080381351158514	1.04107833	68.89164734	0.9692546	0.9460934232723501	0.115286	0.01902
0.3717	0.6647	-0.5574	0.05716127833206629	0.017943730039753702	0.0022410027595607188	0.91925347	60.83008575	0.89296566	0.4598893187325168	0.112701	0.01667
0.3526	0.64	-0.7236	0.05637588016866884	0.01833468379220043	0.00217293491873294	0.93741065	62.03160858	0.90867025	0.27222098783359766	0.109401	0.01487
0.3047	0.3872	-0.8392	0.054337335602339464	0.018514452705155848	0.0013665928043115599	0.98347688	65.07996368	0.92186878	0.5675327796853086	0.103088	0.01201
0.2927	0.3223	-0.8143	0.05190958261281535	0.018860027897050723	0.000804596785169386	0.85254019	56.41544342	0.84635531	0.2685662100280581	0.0999018	0.01042
0.2908	0.4177	-0.6866	0.049869292717233976	0.018303267865664535	1.3962634015954635e-05	0.86168432	57.02054214	0.85862069	0.39438420390604967	0.0968859	0.00904
0.2868	0.6143	-0.5601	0.04850269991292242	0.01807986572140926	-0.0003351032163829112	0.89266348	59.07053757	0.86769832	0.4240530399482847	0.0961227	0.0082
0.28	0.6892	-0.5829	0.0477696616270848	0.018036232490109404	-0.0006492624817418905	0.83466232	55.23240662	0.83777603	0.15904153912482283	0.0965034	0.00799
0.2574	0.4592	-0.7457	0.0471518150718788	0.018268361280624645	-0.0009075712110370514	0.93247133	61.70475769	0.8883731	0.47081420375082006	0.09285	0.00721
0.2544	0.3787	-0.7404	0.046277405116629644	0.018861773226302718	-0.0008988445647770796	0.83447117	55.21975708	0.82710261	0.16262742735936017	0.0917768	0.00723
0.2463	0.3898	-0.6985	0.045561820123311975	0.018589501862991603	-0.0016877333866785165	0.79867822	52.85121918	0.82125239	0.14993725892651102	0.0906934	0.00713
0.2252	0.5616	-0.5011	0.04395088122372121	0.017631316103646717	-0.002501056818107874	0.89174408	59.00969696	0.87639884	0.5594224045182503	0.0889716	0.00592
0.1976	0.7634	-0.4112	0.04170115181790052	0.016790067404185448	-0.0027995081201989047	0.9042564	59.83768082	0.88355783	0.4887714703686497	0.0883582	0.00535
0.1793	0.6758	-0.5589	0.03938859055900803	0.016847663269501264	-0.0029478611066184224	0.99864274	66.08354187	0.95574174	0.379525505531391	0.0822135	0.00395
0.1785	0.4916	-0.6583	0.03891735166096956	0.017585937543094867	-0.002886774582798621	0.92321634	61.0923233	0.88918697	0.3479299847725936	0.078896	0.00337
0.1421	0.4531	-0.6277	0.03692244032594004	0.01728225025324785	-0.00404741853537485	0.83521289	55.26883698	0.8414869	0.2784621288726383	0.0759226	0.00281
0.1188	0.6416	-0.4037	0.03444756344661208	0.016168730190475468	-0.004909611185860049	0.94564039	62.57619858	0.90858958	0.6583294796292769	0.0747731	0.00243
0.1018	0.8648	-0.3054	0.03285058718103727	0.01581791901082461	-0.005103342732831419	0.90846467	60.11615372	0.88037192	0.4455759496098521	0.0756751	0.002
0.0923	1.0185	-0.4071	0.031944761299252215	0.016404349639494702	-0.005133013330115323	0.9071027	60.02602768	0.89099735	0.3409963553869525	0.0766463	0.00231
0.0458	0.7927	-0.5414	0.029724702490715425	0.016264723299335156	-0.0061453042962720346	1.0070945	66.64282227	0.94423595	0.5751988057426524	0.0685186	0.00166
0.0417	0.58	-0.5649	0.028729864817078656	0.016784831416429467	-0.006155776271784001	0.9290275	61.47686768	0.88731273	0.31657088831215235	0.0635026	0.00104
0.0314	0.5209	-0.5723	0.027995081201989045	0.01711120798655241	-0.00644201026911107	0.79295248	52.47232437	0.81856929	0.14416970912698107	0.0631782	0.00106
0.0345	0.4395	-0.5582	0.02766172331485813	0.016755160819145562	-0.006667157742618338	0.96890199	64.11549377	0.94466205	0.14432762640225164	0.0686648	0.00219
0.0703	0.4014	-0.5387	0.02902133480216171	0.015337953466526168	-0.005300564938306779	1.0858376	71.85351562	1.02715351	0.3005705822117269	0.0792596	0.00413
0.0577	0.5348	-0.5269	0.027457519792374794	0.013522811044452066	-0.0050509828552715895	1.15322363	76.31267548	1.07324049	0.3392269757448105	0.0634978	0.00093
0.0427	0.52	-0.5689	0.027869417495845452	0.013634512116579702	-0.004991641660703782	1.02468657	67.8069458	0.99007706	0.100946998508305	0.0643836	0.00099
0.0657	0.4677	-0.6436	0.031147145831090805	0.01446877949903299	-0.004120722363958612	1.00634634	66.59331512	0.961977	0.39914575072219055	0.067739	0.0014
0.0385	0.657	-0.3793	0.02819055807821241	0.013768902468983267	-0.005256931707006921	1.16021752	76.77548981	1.05161626	0.7204337062988213	0.0656168	0.00126
-0.0524	1.0271	-0.2649	0.01910786465083392	0.012142255606124551	-0.006307619916707506	1.38982296	91.96924591	1.22807283	1.1634014249968891	0.0589014	0.00086
-0.1084	1.3984	-0.7878	0.00992917811459574	0.010021680564951441	-0.005176646561415181	1.62019491	107.21372986	1.41998582	1.5717117466351809	0.0599005	0.00266
-0.0976	1.6352	-1.1123	0.010093239064283208	0.00819083017960939	-0.001996656664281513	1.34743035	89.16398621	1.19149325	0.8308450616081594	0.0653008	0.00362
-0.113	1.8789	-0.6629	0.006274458660919614	0.006627015169822469	-0.0015254177662430443	1.24214745	82.19706726	1.12650391	1.0011917155594492	0.069245	0.00472
-0.0894	1.9135	-0.3648	0.004527384079673291	0.004424409653805625	-0.0007853981633974483	1.40798986	93.17140961	1.24639725	0.5907849850054382	0.071227	0.00476
-0.1202	1.5341	-0.4945	0.005068436147791533	0.0066165431943105025	-0.0019582594207376374	1.19550776	79.11076355	1.09565487	0.7352023432981653	0.0543982	0.00195
-0.188	1.2055	-0.4603	0.0024312436480281013	0.007641051465231174	-0.004405211032033687	1.0194571	67.46089935	0.95565166	0.7360326190990076	0.0398747	0.00037
-0.2578	0.9316	-0.3066	-0.00011693705988362007	0.006991788983489284	-0.006368706440527309	0.99920446	66.12071228	0.92542665	0.7554469299073616	0.0330076	7e-05
-0.2977	0.8336	-0.231	-0.0016039575825827887	0.0068591439603377154	-0.00738099740668402	0.87143582	57.66583252	0.86181285	0.3450978256003724	0.0314116	2e-05
-0.2423	0.8378	-0.2493	-0.0031922072018976287	0.0069097585086455495	-0.007435102613495844	0.79274303	52.45846558	0.82597213	0.1625484687217249	0.0297667	1e-05
-0.2766	0.8247	-0.2729	-0.005169665244407204	0.007560766319639435	-0.008393288372840731	0.7818796	51.73959732	0.81170916	0.25033258064241737	0.0278926	1e-05
-0.2969	0.8149	-0.2636	-0.006757914863722044	0.007929030791810239	-0.009169959889978206	0.76656395	50.72610855	0.79941736	0.17605928043115596	0.0265309	3e-05
-0.3242	0.8462	-0.2232	-0.008391543043588736	0.0079412480965742	-0.010182250856134918	0.77556407	51.32167816	0.80492799	0.23190682253936823	0.025516	2e-05
-0.3694	1.0214	-0.0618	-0.010494664792241901	0.007606144880191289	-0.011489502465878671	0.87576252	57.95214462	0.85962719	0.5690738287389916	0.0250149	3e-05
-0.4129	1.191	0.0488	-0.012260937995260164	0.007710864635310948	-0.012543681334083246	0.84405416	55.85389709	0.84608674	0.4699585913171248	0.0265158	0.00017
-0.4449	1.3352	0.1551	-0.014521139376592822	0.008105309046261666	-0.013494885776420155	0.83026379	54.9413414	0.84585029	0.46279251173101416	0.0274832	0.00014
-0.4696	1.4046	0.2678	-0.016135568934687577	0.007813839061178614	-0.014402456987457207	0.81582063	53.98558807	0.83443221	0.3474735377107431	0.0278817	6e-05
-0.5169	1.2357	0.1127	-0.019556414268596462	0.0080948370707497	-0.016276940604099118	1.04470849	69.13186646	0.98932	0.6501163480060942	0.0269151	6e-05
-0.5645	1.0499	-0.0488	-0.02273640416573013	0.008422958970124635	-0.01750390706825113	1.00609958	66.57698822	0.94546349	0.6316539130330305	0.0248013	2e-05
-0.5846	0.9898	-0.0662	-0.023561944901923447	0.00848579082319643	-0.018296286548656556	0.79555744	52.64470673	0.81315714	0.18163760348352695	0.0252197	3e-05
-0.5915	0.972	-0.0701	-0.023652702023027154	0.008503244115716374	-0.018521434022163823	0.74793428	49.49332047	0.78864766	0.04526789435654598	0.0257092	1e-05
-0.6037	0.9686	-0.0731	-0.024310691151029015	0.008737118235483614	-0.019010126212722234	0.74414104	49.24230957	0.78699728	0.08762777191637555	0.0262987	2e-05
-0.6019	0.9716	-0.0497	-0.024748768793279592	0.008796459430051421	-0.019177677820913692	0.73701578	48.77080536	0.78200778	0.06144852225049214	0.0269388	2e-05
-0.6255	1.0683	0.0737	-0.024300219175517054	0.008480554835440447	-0.019980529276831083	0.84593135	55.97811508	0.8589428	0.3220652834145451	0.0258378	3e-05
-0.6302	1.2137	0.1752	-0.0229615516392374	0.009093165402890457	-0.019711748572023957	0.85387349	56.50367355	0.84773775	0.36260294042683944	0.024446	3e-05
-0.6301	1.3592	0.2753	-0.022903955773921587	0.009730210579868387	-0.02002416250813094	0.82400995	54.52750397	0.83576364	0.2960527489200363	0.0262047	5e-05
-0.6534	1.425	0.324	-0.02423564199319326	0.009992009967667536	-0.020851448573576258	0.86561507	57.28065491	0.86186535	0.25883858362580686	0.0283064	7e-05
-0.6762	1.1738	0.037	-0.02686061718819273	0.009892526200303859	-0.021645573383233675	1.09451592	72.42778778	1.02204466	0.7369291886010283	0.0268835	2e-05
-0.642	1.0853	-0.0205	-0.026761133420829055	0.009649925434276646	-0.02081305133003238	0.82924533	54.87394714	0.8342597	0.23893032932960917	0.0259725	1e-05
-0.6337	1.0532	-0.0336	-0.02689203311472863	0.009845402310500014	-0.020903808451136083	0.75706506	50.09753418	0.79489785	0.07435668456133225	0.0263419	1e-05
-0.6284	1.046	-0.0393	-0.027652996668598155	0.00999724595542352	-0.02102598149877569	0.7494936	49.59650803	0.79006367	0.06994901232163192	0.0268533	1e-05
-0.4626	0.9068	-0.23	-0.012833405989914306	0.00881216739331937	-0.014276793281313616	2.10323691	139.17823792	1.74732658	1.6333928729125036	0.0725476	0.01987
-0.4393	0.9882	-0.1035	-0.005248205060746949	0.007375761418928036	-0.013343042131496648	2.31172872	152.97483826	1.90304818	0.7289679026687828	0.0314857	0.00012
-0.5015	1.2114	0.0569	-0.00879995008855541	0.00724835238353245	-0.014861478580731717	0.99087262	65.56936646	0.95011832	0.7056795256219559	0.0272291	2e-05
-0.537	1.3739	0.1501	-0.011588986233242348	0.007642796794483169	-0.015905185473424323	0.85318428	56.45806503	0.86258607	0.502559372416513	0.0255161	1e-05
-0.5389	1.3137	0.028	-0.013507103081184116	0.008028514559173916	-0.016276940604099118	0.97814357	64.72704315	0.93614383	0.31797948716536534	0.026293	2e-05
-0.5408	1.0612	-0.1715	-0.01586678822988045	0.009049532171590598	-0.016727235551113655	1.04206014	68.95661163	0.9726902	0.6454498854063777	0.0224025	1e-05
-0.53	1.0023	-0.1538	-0.016556193284418208	0.009131562646434332	-0.016739452855877614	0.79737824	52.76519394	0.81114386	0.12658264170727235	0.021708	1e-05
-0.5315	0.9984	-0.1264	-0.018121753623457124	0.00890466984367507	-0.017203710436908104	0.77379292	51.2044754	0.80312399	0.14563553614143335	0.0219678	1e-05
-0.5568	1.1269	0.044	-0.01880243203173491	0.009236282401553992	-0.01803972314861339	0.86425728	57.19080353	0.85704849	0.41661518389309976	0.021884	0.0
-0.5709	1.2951	0.1399	-0.019250981649497453	0.00896226570899088	-0.01834690109696439	0.86798674	57.43759537	0.85047261	0.3296872129338326	0.022212	2e-05
-0.5776	1.4316	0.1788	-0.019877554850963416	0.008922123136195012	-0.018364354389484337	0.79802769	52.80817032	0.81748151	0.21630845333908896	0.0234548	0.0
-0.5905	1.3331	0.0597	-0.022598523154822577	0.009217083779782056	-0.01930508685630928	0.97397757	64.45136261	0.93952218	0.4283330707135574	0.0263134	3e-05
-0.5701	1.1075	-0.0434	-0.023258257612076436	0.009080948098126495	-0.019018852858982208	0.93464279	61.84844971	0.89146997	0.40320520681182453	0.0230747	3e-05
-0.5663	1.0507	-0.0624	-0.023036600797073155	0.009541715020653	-0.018982200944690327	0.77916586	51.56002045	0.80320538	0.11555378259108325	0.0233908	1e-05
-0.5238	1.0185	-0.0968	-0.022036527135680405	0.009602801544472801	-0.017945475369005696	0.77177364	51.07085037	0.80680625	0.21399428804485915	0.0236937	1e-05
-0.5381	1.0193	-0.0958	-0.023687608608067037	0.010016444577195456	-0.01880766801949089	0.7810359	51.68376541	0.81634083	0.16244585777972417	0.0245572	0.0
-0.568	1.0827	0.0151	-0.023900538776810348	0.00953822436214901	-0.02002765316663493	0.83113045	54.99869156	0.84555646	0.29975677654668964	0.0242904	1e-05
-0.6041	1.2356	0.1579	-0.024595179819104092	0.009801769079200155	-0.02060710247829705	0.85742378	56.73860931	0.84585275	0.40868175355035047	0.0240289	0.0
-0.624	1.3506	0.2231	-0.024804619329343414	0.009749409201640325	-0.02102598149877569	0.78809088	52.15061951	0.80988457	0.23413392041388964	0.0243422	1e-05
-0.6386	1.2854	0.1097	-0.02688505179772065	0.009986773979911554	-0.021736330504337383	0.93795121	62.067379	0.91946789	0.3446073126105078	0.0275654	5e-05
-0.6375	1.1131	-0.0298	-0.028321457772111987	0.010115928344559134	-0.021642082724729686	0.93559813	61.91166687	0.90020634	0.3958904059323308	0.0268534	0.0
-0.6344	1.0793	-0.0328	-0.029098129289249465	0.010567968620825666	-0.02161939344445376	0.77604789	51.3536911	0.8038389	0.10247005368399686	0.0272085	1e-05
-0.4851	0.9242	-0.2582	-0.009820967700972091	0.009337511498169663	-0.01695412835387292	2.01994729	133.66668701	1.66217702	1.7884441900757104	0.0580861	0.01194
-0.3586	0.8605	-0.3743	0.01817585883026895	0.011346385467215137	-0.013664182713863606	2.20554852	145.94854736	1.82746962	1.9710823070147916	0.0563053	0.00099
-0.4346	1.12	-0.1259	0.00645422757387503	0.007927285462558244	-0.014624113802460488	1.3927505	92.1629715	1.23274039	1.388933117482385	0.0413666	8e-05
-0.4843	1.3302	-0.0435	0.0023003439541285265	0.007265805676052394	-0.01554041165975751	0.94432026	62.4888382	0.92703156	0.6288830631774687	0.0392748	0.00013
-0.4793	1.1752	-0.2492	0.0023788837704682713	0.007988371986378046	-0.015156439224318757	1.07959557	71.44046021	1.00401103	0.42495392810520743	0.0383031	0.00013
-0.349	0.7983	-0.603	0.018172368171764958	0.010089748405779218	-0.011217231102567558	2.3593502	156.12611389	1.98893034	1.9527034471224527	0.10263	0.03294
-0.2814	0.6291	-0.7986	0.03190636405570834	0.012051498485020845	-0.009238027730805985	2.48275685	164.2923584	2.08387782	1.3161474667473294	0.0693973	0.0025
-0.4029	0.6336	-0.8357	0.015505505074717624	0.010117673673811127	-0.012119566325848624	1.54477012	102.2226181	1.38619729	1.2239111193621537	0.0490015	0.00066
-0.4738	0.883	-0.7115	0.008061675814961809	0.009295623596121799	-0.014456562194269032	1.42278385	94.150383	1.25377628	0.9746437602932777	0.0412689	0.0008
-0.4741	1.2045	-0.1149	0.004159119607502487	0.006485643500410928	-0.014114477660878142	1.48819876	98.47910309	1.28908946	1.271131041828054	0.0395764	0.00012
-0.5696	0.8479	-0.9044	9.599310885968811e-05	0.009112364024662395	-0.015496778428457652	1.57758665	104.39420319	1.36149849	1.6452073895236887	0.0344274	0.00051
-0.632	0.5871	-1.4617	-0.0022200588085367874	0.007843509658462517	-0.015833626974092557	1.34545195	89.03307343	1.18815368	1.0765877414615628	0.0377936	0.00111
-0.6735	0.5148	-1.6627	-0.003757693879543791	0.007379252077432025	-0.01637642437146279	1.43524182	94.97476959	1.26017801	0.4420345024703865	0.0360936	0.00119
-0.5763	0.8723	-0.2476	-0.002288126649364566	0.0055431657043339905	-0.015166911199830723	1.59093547	105.27753448	1.42439804	2.0955583387454655	0.0371704	0.00043
-0.6058	1.1027	0.0665	-0.0033649947978450674	0.003785619147575701	-0.015388568014834004	1.138273	75.32334137	1.05660335	0.7268035760121037	0.0319139	6e-05
-0.6243	1.2841	0.1315	-0.003153809958353753	0.003495894491744642	-0.015502014416213634	0.96084076	63.58205795	0.93084615	0.2956177948351002	0.0344822	0.00011
-0.6097	1.4028	-0.3427	0.0008587019919812101	0.00447851486061745	-0.013934708747922726	1.49719	99.07408905	1.29433346	0.9356218993749339	0.0490975	0.0014
-0.6523	1.5771	-0.6555	-0.006435028952103093	0.004366813788489812	-0.014866714568487698	1.44828916	95.83815002	1.28044577	0.9465718918388452	0.0421066	0.00066
-0.6407	1.297	-0.511	-0.006913249167149539	0.005667084081225588	-0.015582299561805376	0.98943627	65.47431946	0.94267791	0.5609037750549949	0.033585	0.00025
-0.6567	1.0891	-0.307	-0.008756316857255551	0.005646140130201657	-0.01637642437146279	1.00110054	66.24617767	0.9346398	0.5608068225393679	0.0252531	2e-05
-0.6571	1.0215	-0.2591	-0.009379399400217526	0.005523967082562053	-0.01644798287079456	0.78360498	51.85377121	0.80634729	0.15674070449666735	0.0243842	1e-05
-0.6543	0.9846	-0.2392	-0.009604546873724796	0.005550147021341968	-0.016421802932014645	0.74822116	49.51230621	0.79051093	0.07347536755335515	0.0242786	2e-05
-0.6694	0.969	-0.2298	-0.01028697061125458	0.005827654372409066	-0.017015214877692718	0.75467461	49.93935013	0.79424939	0.11776715171374774	0.0234216	4e-05
-0.6763	0.9609	-0.2127	-0.011540117014186509	0.005731661263549379	-0.01727701426549187	0.75608093	50.03241348	0.79738576	0.11264694497953832	0.023232	5e-05
-0.678	0.949	-0.2011	-0.012248720690496205	0.005808455750637128	-0.017379988691359535	0.74800664	49.49810791	0.78851444	0.0696186294632556	0.0228291	4e-05
-0.6829	0.9539	-0.1788	-0.013070770768185535	0.0057421332390613445	-0.017629570774394723	0.74626589	49.38291931	0.78696756	0.088997733615015	0.0224359	3e-05
-0.6933	0.946	-0.1849	-0.013503612422680127	0.00613134166225608	-0.017978636624793588	0.74783629	49.48683548	0.78960208	0.08295579640440974	0.0224109	3e-05
-0.7007	0.9554	-0.174	-0.014364059743913332	0.006199409503083859	-0.018303267865664535	0.7467221	49.41310501	0.7896387	0.09035732014659661	0.0217705	1e-05
-0.7096	0.9929	-0.1161	-0.013688617323391526	0.005799729104377157	-0.018395770316020233	0.85716629	56.72156906	0.85756734	0.1626812634792103	0.0237341	3e-05
-0.6934	1.1467	0.0014	-0.0060580378336723174	0.003522074430524557	-0.01664520507626992	1.34084272	88.72805786	1.16589928	0.870439970166106	0.0381367	0.00027
-0.7053	1.4254	0.1559	-0.0073897240529439915	0.00244695161129605	-0.016397368322486724	1.35776532	89.84788513	1.17680907	0.5778322896141689	0.051453	0.00149
-0.5483	1.3631	-0.1402	0.0027593655474030345	0.002921681167838507	-0.01192408944962526	1.56570506	103.60795593	1.34214419	1.2702549014875475	0.048008	0.00074
-0.5311	0.989	-0.4273	0.011442378576074823	0.006944665093685436	-0.014034192515286405	1.68149662	111.2702713	1.45232928	1.4192050010089932	0.0608364	0.0051
-0.5111	0.8707	-0.5444	0.01825614397586069	0.008499753457212385	-0.013788101090755204	1.5401361	101.91596985	1.33505193	0.6861472593922008	0.0539424	0.00051
-0.5732	0.8798	-0.428	0.010492919462989908	0.0068329640215578	-0.014782938764391972	1.23185802	81.51617432	1.11283493	0.7088425811081068	0.047053	0.00076
-0.608	0.9586	-0.1628	0.0019058995431778078	0.0052447144022429604	-0.015608479500585288	1.33465123	88.31835175	1.17898711	0.9288405137660128	0.035938	9e-05
-0.6359	1.2944	0.1281	-0.00028099800957108706	0.005019566928735692	-0.016200146117011368	1.15927303	76.71298218	1.05977476	0.8047855821341121	0.0365726	8e-05
-0.6753	1.5609	0.1514	-0.003597123588360313	0.005099852074327431	-0.016978562963400837	0.99104041	65.58046722	0.96079636	0.5379413785385216	0.0366674	9e-05
-0.6642	1.59	0.1009	-0.002858849314766712	0.00467224640758882	-0.016985544280408812	0.97392786	64.44807434	0.95146352	0.14934306286700946	0.0399045	0.00031
-0.6084	1.1796	-0.3174	0.004673991736840814	0.005988224663592545	-0.015498523757709647	1.33257425	88.1809082	1.17794611	1.401291991515521	0.0397789	0.00022
-0.6378	1.0114	-0.2107	-0.00048520153205442357	0.005630432166933707	-0.016058774447599827	1.09673643	72.57472992	0.9951247	0.6081618227722126	0.030975	9e-05
-0.6522	1.0749	-0.0735	-0.0026773350725593018	0.004956735075663896	-0.016877333866785166	0.91990238	60.8730278	0.90142508	0.3993195025480013	0.0307971	6e-05
-0.6807	1.3258	0.0824	-0.00411199571769864	0.004309217923174	-0.01762084412813475	0.97919989	64.79694366	0.93476516	0.5765844029489409	0.0319491	6e-05
-0.6932	1.4727	0.1528	-0.005667084081225588	0.00443837228782158	-0.018022269856093447	0.8899309	58.88971329	0.88920584	0.33408342280666115	0.0334374	7e-05
-0.7013	1.2513	-0.101	-0.007227408432508519	0.005412266010434416	-0.01807462973365328	1.09528518	72.47869873	1.02478198	0.6126288975727798	0.030491	0.00012
-0.6951	1.0719	-0.1355	-0.007799876427162659	0.0060685098091842835	-0.01789835147920185	0.92655742	61.31341171	0.89289158	0.29034950239277174	0.0256608	3e-05
-0.6967	1.0535	-0.0962	-0.008143706289805541	0.005955063407804653	-0.018390534328264253	0.79520756	52.62155151	0.82490023	0.10677295565424556	0.0253806	1e-05
-0.7265	1.2613	0.0565	-0.010225884087434776	0.005131268000863328	-0.019383626672649024	0.92617476	61.28808975	0.90367012	0.5852532774477666	0.0263297	1e-05
-0.7431	1.4711	0.0931	-0.010906562495712565	0.004536110725933263	-0.019573867561116405	0.89151013	58.99421692	0.87779908	0.33630382858376173	0.0293424	7e-05
-0.7451	1.6004	0.1369	-0.0112957709189073	0.004839798015780276	-0.019762363120331795	0.8235724	54.49855042	0.8444809	0.2191695636128569	0.0306512	0.00013
-0.75	1.3954	-0.073	-0.012449433554475555	0.00620813614934383	-0.01968556863324404	1.00424993	66.45458984	0.95266763	0.5497397628109782	0.0282334	6e-05
-0.7411	1.1497	-0.0809	-0.013337806143740666	0.006361725123519331	-0.019420278586940905	0.94275451	62.3852272	0.89685882	0.32786258048718747	0.0221937	2e-05
-0.7425	1.0891	-0.069	-0.014009757905758483	0.006778858814745977	-0.01947089313524874	0.78736454	52.10255432	0.81080321	0.1308850000776149	0.021365	1e-05
-0.7427	1.0694	-0.0575	-0.015053464798451092	0.006960373056953386	-0.019718729889031932	0.75798541	50.15843964	0.79588141	0.10505289443416065	0.0211957	1e-05
-0.7518	1.1832	0.1242	-0.015250687003926452	0.006138322979264057	-0.02039068165104975	0.88509488	58.56969833	0.88311034	0.38916120225912537	0.0221617	0.0
-0.784	1.4266	0.3076	-0.01624203401905923	0.005590289594137836	-0.021121974607635374	0.93114436	61.61694717	0.88869248	0.5725336678422313	0.0248218	2e-05
-0.7928	1.5502	0.4124	-0.016880824525289155	0.005162683927399226	-0.02142915255598638	0.85061836	56.28826904	0.84965655	0.30587870606597684	0.0270244	6e-05
-0.8044	1.3205	0.1349	-0.01838355301125627	0.005914920835008782	-0.021683970626777547	1.10156488	72.89424133	1.02683998	0.644289173218392	0.025668	3e-05
-0.7961	1.1451	0.0177	-0.019643680731196177	0.006510078109938849	-0.021317451483858742	0.96418375	63.80327225	0.91032121	0.4119902068894388	0.0215018	1e-05
-0.7932	1.1366	0.0547	-0.019570376902612416	0.006403613025567195	-0.021715386553313447	0.79413128	52.55033112	0.81269535	0.07728519912050592	0.0213143	1e-05
-0.808	1.3228	0.2802	-0.01915673386988976	0.005391322059410484	-0.022174408146587957	0.92625129	61.29315567	0.89212222	0.5207477796076938	0.0226133	2e-05
-0.8295	1.5068	0.4072	-0.019549432951588487	0.004780456821212468	-0.02278876404328996	0.85764742	56.75340652	0.85086013	0.41339601082993727	0.0250912	1e-05
-0.8324	1.5001	0.3797	-0.020821777976292352	0.004661774432076854	-0.023221605697784555	0.89352661	59.12765503	0.88505209	0.1282934534167036	0.0265551	1e-05
-0.8255	1.252	0.1932	-0.022588051179310616	0.005330235535590682	-0.02331585347739225	0.98463154	65.15637207	0.9333325	0.5679491043069895	0.0227711	1e-05
-0.8106	1.1772	0.1871	-0.02293362637120549	0.005420992656694387	-0.023061035406601076	0.80084574	52.99464798	0.81153223	0.13035751918948765	0.0222337	2e-05
-0.8241	1.1785	0.213	-0.02323207767329652	0.005759586531581288	-0.023821998960470603	0.75564367	50.00347519	0.79153001	0.11060043654237307	0.022674	1e-05
-0.8422	1.3189	0.3581	-0.024000022544174025	0.005318018230826722	-0.02437177767484882	0.84254652	55.75413132	0.84106331	0.39156459430051416	0.0234967	1e-05
-0.863	1.4879	0.4478	-0.023591615499207352	0.004949753758655919	-0.024738296817767624	0.83758748	55.42597198	0.83096	0.33665953300281404	0.0247692	3e-05
-0.8661	1.4186	0.3331	-0.024326399114296966	0.005176646561415181	-0.024825563280367346	0.90620029	59.96631241	0.88953604	0.23954714402242971	0.0261159	2e-05
-0.8528	1.252	0.2186	-0.024954717645014925	0.0055152404363020815	-0.024492205393236426	0.87816584	58.11117935	0.86084583	0.3594135146367891	0.0238887	0.0
-0.8146	1.1512	0.1283	-0.019607028816904296	0.005468116546498235	-0.023205897734516607	1.1653564	77.11553955	1.04873064	0.5633560188317146	0.0301117	0.00084
-0.5301	1.0043	-0.1322	0.016046557142835868	0.008286823288469077	-0.015138985931798812	2.20364952	145.82287598	1.86580255	3.01886022522144	0.0731183	0.00994
-0.5214	1.2111	-0.0025	0.01746027383695127	0.007756243195862801	-0.015348425442038134	1.7029376	112.68909454	1.44975167	0.4528868148480503	0.0542532	0.00043
-0.5548	1.3369	0.0478	0.012655382406210884	0.007267551005304389	-0.01622283539728729	0.91839343	60.77317429	0.90099305	0.5178996788273976	0.0498336	0.00032
-0.5855	1.1296	-0.1031	0.006255260039147678	0.006675884388878311	-0.0170832827185205	1.12341392	74.340065	1.03697592	0.7815118152361247	0.0405433	0.0001
-0.6034	1.0097	-0.1189	0.003623303527140228	0.006796312107265919	-0.017975145966289602	0.93248338	61.70555496	0.90408517	0.335812373908208	0.0360687	6e-05
-0.6026	0.9924	-0.1027	0.002336995868420407	0.006581636609270616	-0.017896606149949857	0.80268323	53.11624146	0.83437846	0.11327614865274356	0.0341394	5e-05
-0.6205	1.0686	0.0119	0.0009651670763528643	0.005782275811857213	-0.018784978739214968	0.87860554	58.14027786	0.8783657	0.3616781089373029	0.0344038	4e-05
-0.6615	1.2906	0.1372	-1.9198621771937625e-05	0.005553637679845957	-0.019716984559779938	0.94930959	62.81900024	0.91152105	0.4955504825350512	0.0350321	3e-05
-0.6743	1.4793	0.2328	-0.0011082840750163993	0.005263913024014897	-0.019620991450920253	0.86661977	57.34713745	0.8716097	0.3708401608967604	0.0362142	7e-05
-0.6964	1.5639	0.2727	-0.0022410027595607188	0.004907865856608054	-0.02016378884829049	0.8332364	55.13804626	0.85438121	0.24817816246606983	0.0375439	9e-05
-0.7013	1.3573	0.0858	-0.004562290664713178	0.005133013330115323	-0.020004963886359008	1.09193063	72.25671387	1.02619276	0.5336630170295604	0.0328119	5e-05
-0.691	1.1819	0.0507	-0.006059783162924312	0.005195845183187119	-0.019872318863207436	0.93967903	62.1817131	0.91170586	0.3054484687217252	0.0275344	2e-05
-0.6873	1.1246	0.029	-0.006513568768442837	0.005612978874413764	-0.01986882820470345	0.81119472	53.67947769	0.83900248	0.1264204977624576	0.0265289	3e-05
-0.713	1.2161	0.133	-0.00745779189377177	0.005344198169606637	-0.0208374859395603	0.87217259	57.71458817	0.8753057	0.33028307824964537	0.0272492	2e-05
-0.7483	1.4282	0.2898	-0.00914727060970228	0.004763003528692525	-0.021743311821345358	0.91437888	60.50751877	0.89419908	0.5630249619314839	0.0276172	2e-05
-0.769	1.5752	0.3348	-0.009754645189396307	0.004811872747748367	-0.022205824073123853	0.82370448	54.50728989	0.84504295	0.2686378025264182	0.0287712	6e-05
-0.7758	1.4961	0.214	-0.010766936155553018	0.005365142120630569	-0.022448424839151066	0.95477569	63.18070984	0.93103086	0.2971080552533063	0.0293879	3e-05
-0.7655	1.2568	0.0928	-0.011442378576074823	0.0058695422744569304	-0.022218041377887812	0.97177356	64.3055191	0.92271259	0.4413113017805712	0.0238839	2e-05
-0.7573	1.1927	0.0834	-0.010859438605908718	0.005972516700324595	-0.02188991947851288	0.79670209	52.72045135	0.82136785	0.13240181477043492	0.0235555	4e-05
-0.7788	1.3242	0.2408	-0.01242848960345162	0.0051783918906671755	-0.0229912222365213	0.88239384	58.39096069	0.87792741	0.4836239282604372	0.0243662	3e-05
