trans_x	trans_y	trans_z	rot_x	rot_y	rot_z	dvars_std	dvars_nstd	dvars_vstd	framewise_displacement	aqi	aor
0.0	-0.0	0.0	-0.0	0.0	-0.0	n/a	n/a	n/a	n/a	0.0253052	0.00696
-0.0048	0.0365	-0.0334	0.00026354471705114377	-5.061454830783555e-05	0.0001291543646475804	1.15199494	59.85732269	1.06304446	0.09686568150032797	0.0244259	0.00349
-0.0018	0.056	-0.0175	0.0005026548245743669	-3.490658503988659e-05	0.0001361356816555577	1.11523032	57.94704437	1.03902942	0.05148996938995747	0.0249731	0.00193
0.0001	0.032	0.0376	-6.45771823237902e-05	0.00013788101090755203	-6.45771823237902e-05	1.14395642	59.43964386	1.04844399	0.12803662334124719	0.0245453	0.00143
-0.0056	0.039	0.0109	-0.0002495820830351891	6.283185307179586e-05	-8.552113334772214e-05	1.16613448	60.59200668	1.06406901	0.05344990047855436	0.024136	0.00108
-0.0082	0.08	-0.0125	0.00013962634015954637	1.7453292519943296e-05	2.6179938779914945e-05	1.11861467	58.12289429	1.03268442	0.09431440279371123	0.0243068	0.00093
-0.0078	0.0994	-0.006	0.0004921828490624009	8.726646259971648e-05	8.37758040957278e-05	1.09999669	57.15550995	1.02586731	0.050298277214922034	0.0250759	0.0011
-0.0017	0.0826	0.0254	0.00015184364492350666	0.0001937315469713706	8.203047484373349e-05	1.10056412	57.18498993	1.03015082	0.0767274808881271	0.024388	0.00106
0.0034	0.0404	0.0768	-0.0006597344572538566	0.0003438298626428829	1.7453292519943296e-05	1.13500988	58.97478485	1.04015363	0.15001268000863327	0.0236098	0.00085
-0.0007	0.0613	0.0262	-0.0006684611035138282	5.93411945678072e-05	-8.726646259971648e-06	1.1161989	57.99737167	1.03126996	0.09156976265574812	0.0234405	0.00086
-0.006	0.1026	-0.0052	-2.4434609527920616e-05	3.490658503988659e-05	9.599310885968811e-05	1.14612091	59.55210876	1.04531227	0.11665904293167435	0.0242245	0.00093
-0.0064	0.102	-0.0002	0.00021642082724729686	7.67944870877505e-05	3.141592653589793e-05	1.10385144	57.35580063	1.02611601	0.023366026057343583	0.024285	0.00098
-0.0003	0.0528	0.065	-0.00028797932657906436	0.0002897246558310587	-0.0001308996938995747	1.13143051	58.78879929	1.03979152	0.1644822971502571	0.0235274	0.00084
-0.0102	0.0703	0.0006	-9.250245035569947e-05	-1.0471975511965975e-05	-0.00017976891295541595	1.15419114	59.97143555	1.0529903	0.11902713633111152	0.0237419	0.00083
-0.0167	0.1004	-0.0469	0.0011309733552923255	-5.93411945678072e-05	-7.504915783575618e-05	1.25148821	65.02696228	1.09044112	0.15295323899117627	0.0251403	0.00143
-0.0103	0.0706	-0.0199	0.001621410875102732	2.4434609527920616e-05	-0.00011519173063162575	1.16672444	60.62266541	1.06168039	0.0939177948351002	0.0253455	0.00171
-0.01	0.0462	-0.0334	0.0019058995431778078	-0.0001675516081914556	1.7453292519943296e-05	1.16338384	60.44908524	1.05417608	0.06865599544730105	0.0258842	0.00172
-0.0147	0.0898	-0.1032	0.003010692959690218	-0.00034906585039886593	0.0001884955592153876	1.15554404	60.04173279	1.05564793	0.19096749627076323	0.0272444	0.00235
-0.0109	0.0871	-0.0843	0.0029478611066184224	-0.0002495820830351891	0.00016406094968746698	1.11879945	58.13249207	1.02651865	0.034737511498169664	0.0272922	0.00232
-0.0045	0.0412	-0.0078	0.0014748032179352085	4.0142572795869576e-05	8.552113334772214e-05	1.24142647	64.50415802	1.08669912	0.22086611804270087	0.0253881	0.00154
-0.0095	0.0549	-0.0343	0.0004136430327226561	-0.0001291543646475804	-2.268928027592628e-05	1.20399296	62.55912399	1.07427813	0.11213337681398251	0.0240481	0.0013
-0.0119	0.0843	-0.0491	0.000726056968829641	-0.00011170107212763708	2.4434609527920616e-05	1.15772808	60.1552124	1.05234243	0.06544955592153875	0.0243166	0.00123
-0.008	0.0712	-0.0125	0.0005846852994181004	-1.5707963267948964e-05	-4.537856055185256e-05	1.14786839	59.64290619	1.04956893	0.06895889741755008	0.0243539	0.00107
-0.0006	0.0312	0.026	7.67944870877505e-05	0.00010995574287564276	-0.0001361356816555577	1.16025376	60.28644562	1.04915662	0.12211558197888232	0.0234943	0.00092
-0.0117	0.0704	-0.0377	0.0005218534463463045	-2.792526803190927e-05	-5.585053606381854e-05	1.16909766	60.74597549	1.05826437	0.14716125578789224	0.0237361	0.00089
-0.0123	0.0751	-0.0258	0.0006300638599699529	1.9198621771937625e-05	-1.3962634015954635e-05	1.12023759	58.20721817	1.0380252	0.027061110273767952	0.0237982	0.00092
-0.0028	0.035	0.0344	8.901179185171081e-05	0.00013439035240356338	-0.00010297442586766544	1.16365361	60.46310043	1.05110501	0.14706277953007896	0.0235589	0.00079
-0.0066	0.0432	-0.0174	0.0002181661564992912	-3.141592653589793e-05	-3.665191429188092e-05	1.14059758	59.26512146	1.04451707	0.08186415775814129	0.0236099	0.00093
-0.0102	0.0772	-0.0322	0.0007853981633974483	-5.4105206811824215e-05	5.759586531581287e-05	1.14291739	59.38565445	1.04053592	0.08660845333908884	0.0242076	0.00096
-0.0074	0.0559	0.0113	0.00037524578917878077	2.96705972839036e-05	-8.726646259971648e-06	1.14942944	59.72402191	1.04744141	0.09561253449450899	0.0238003	0.00089
-0.0072	0.036	0.0229	1.0471975511965975e-05	0.00010995574287564276	-2.96705972839036e-05	1.11951482	58.16966629	1.04121464	0.055000145514124285	0.0232665	0.00089
-0.0107	0.0694	-0.0247	0.0004625122517784973	-6.45771823237902e-05	8.37758040957278e-05	1.16353297	60.4568367	1.05858417	0.12150098014227977	0.0234976	0.00077
-0.0104	0.0694	-0.0106	0.0004625122517784973	-1.5707963267948964e-05	9.599310885968811e-05	1.1117816	57.76784897	1.02793627	0.017454326190990077	0.0234156	0.00091
-0.0021	0.0294	0.0461	-3.490658503988659e-05	0.00015533430342749534	3.665191429188092e-05	1.1147064	57.91981888	1.0418675	0.1413901149040818	0.0227444	0.00078
-0.008	0.0287	0.014	-0.00013264502315156904	0.0001256637061435917	4.71238898038469e-05	1.15677977	60.10594177	1.06324142	0.04559405054537761	0.0230123	0.00073
-0.0089	0.0514	-0.0146	0.00010995574287564276	6.806784082777885e-05	0.0001605702911834783	1.14789307	59.64418793	1.05183707	0.0728821516361328	0.0235574	0.00079
-0.0043	0.0317	0.0226	-1.0471975511965975e-05	0.00015009831567151235	6.108652381980153e-05	1.13818717	59.13987732	1.05084762	0.07659709802975094	0.0230281	0.00076
-0.0041	0.0075	0.0562	-0.00033684854563490564	0.0002617993877991494	-4.18879020478639e-05	1.13463104	58.95510101	1.046057	0.08505260340591211	0.0233228	0.00087
-0.0096	0.0417	0.0021	-0.00017278759594743863	6.45771823237902e-05	0.00010821041362364843	1.15794337	60.16640091	1.05680711	0.11936907354171691	0.0235367	0.00088
-0.0091	0.0562	0.0164	-0.00013264502315156904	2.96705972839036e-05	0.00016231562043547262	1.10184848	57.25172806	1.02755738	0.03575771823237901	0.0235573	0.0009
-0.0012	0.0316	0.0678	-0.00030194196059501896	0.00023561944901923448	-6.9813170079773176e-06	1.13427353	58.93652344	1.04569658	0.11112713633111154	0.0235261	0.00098
-0.0041	0.0189	0.0451	-0.0004974188368183839	0.00013962634015954637	5.235987755982988e-06	1.172997	60.9485817	1.07908877	0.05348436449235067	0.0228484	0.00085
-0.0119	0.0333	-0.006	-4.18879020478639e-05	8.726646259971648e-06	8.203047484373349e-05	1.15388751	59.95565796	1.05560618	0.10646125578789224	0.0229439	0.00073
-0.0066	0.0223	0.0098	6.283185307179586e-05	2.6179938779914945e-05	7.504915783575618e-05	1.11760688	58.07052612	1.03364315	0.038557718232379024	0.0233654	0.00092
-0.004	-0.0182	0.0579	-0.0005340707511102648	0.0002583087292951608	-2.268928027592628e-05	1.16779137	60.67809677	1.05087152	0.13753849164044943	0.022454	0.00084
-0.0095	0.0007	0.0015	-0.00039269908169872416	6.108652381980153e-05	7.330382858376184e-05	1.1568507	60.10962677	1.06097934	0.10252934918732938	0.0232061	0.00071
-0.0074	0.0161	0.0009	-0.00017278759594743863	-5.235987755982988e-06	0.0002024581932313422	1.09266627	56.77462006	1.02453958	0.038869418098732525	0.0228795	0.00065
-0.0046	-0.0083	0.0344	-0.0002722713633111154	0.00019896753472735358	0.00010821041362364843	1.11295295	57.82871246	1.03043205	0.08059675347273534	0.0227157	0.00083
-0.0071	-0.0415	0.0429	-0.000577703982410123	0.00020594885173533088	5.235987755982988e-06	1.19220018	61.94637299	1.06705825	0.06496941809873252	0.022044	0.00074
-0.0109	-0.0188	-0.011	-0.00017453292519943296	3.490658503988659e-05	0.00011344640137963142	1.14765692	59.63191986	1.05411596	0.11452118687648911	0.022248	0.0008
-0.001	-0.0316	0.0256	-0.00023911010752322313	0.0001186823891356144	9.250245035569947e-05	1.1249361	58.45135117	1.04243762	0.06776484687217249	0.0224637	0.00068
-0.0031	-0.0573	0.037	-0.0004921828490624009	0.0002129301687433082	5.585053606381854e-05	1.17345321	60.97229004	1.06540161	0.05839862177193761	0.0220357	0.00076
-0.0078	-0.032	-0.0184	-0.00014660765716752367	7.155849933176751e-05	0.0001658062789394613	1.1629169	60.42482376	1.05540871	0.11524513020910301	0.0224646	0.00072
-0.007	-0.0275	0.0046	-0.0002478367537831948	5.759586531581287e-05	0.0002181661564992912	1.1277622	58.59819412	1.04228444	0.03667758040957277	0.0219955	0.00058
0.003	-0.0709	0.0615	-0.0007470009198535729	0.00030194196059501896	0.0001675516081914556	1.11710763	58.04459	1.04333981	0.150006240482871	0.0220934	0.00078
-0.0061	-0.0494	0.0079	-0.0005724679946541401	5.235987755982989e-05	0.00023561944901923448	1.17148411	60.86997604	1.0670282	0.10880914245312004	0.0217217	0.0006
-0.0048	-0.0339	0.0012	-0.00019024088846738194	5.4105206811824215e-05	0.000312413936106985	1.12884545	58.65447998	1.04245601	0.04653834612632515	0.0223504	0.00074
0.0035	-0.0554	0.0524	-0.0004921828490624009	0.00019896753472735358	0.00014660765716752367	1.12232041	58.31544495	1.03782128	0.11163052837250045	0.022344	0.00077
-0.0015	-0.0698	0.0467	-0.0006492624817418905	0.00022863813201125715	9.948376736367679e-05	1.18182254	61.4071579	1.06327795	0.036793705988362006	0.0218115	0.00072
-0.0084	-0.0431	-0.0021	-0.0002705260340591211	9.773843811168246e-05	0.00021642082724729686	1.15376532	59.9493103	1.0486436	0.1137286600732982	0.022149	0.00068
-0.0048	-0.0469	0.029	-0.0003438298626428829	9.250245035569947e-05	0.00022863813201125715	1.12929273	58.67771912	1.04633302	0.043037856055185245	0.0219682	0.00071
0.0036	-0.0768	0.0768	-0.0007993607974134029	0.00034557519189487725	0.000153588974175501	1.12315166	58.35863113	1.04062344	0.12528264170727269	0.0220207	0.00081
-0.0061	-0.0508	0.0153	-0.0005131268000863328	6.108652381980153e-05	0.0002007128639793479	1.19686973	62.18900299	1.06159486	0.1280923277602996	0.0218288	0.00059
0.0007	-0.0419	0.037	-0.0006911503837897545	0.00014311699866353502	0.0003159045946109737	1.14435685	59.46044922	1.03937772	0.05616228945893904	0.0220478	0.00062
0.0112	-0.0653	0.1088	-0.0012740903539558604	0.00042411500823462205	0.0001605702911834783	1.11823046	58.10292816	1.03844756	0.1566636141582344	0.0221596	0.00072
0.0065	-0.0693	0.0769	-0.0014364059743913332	0.00026354471705114377	0.0001256637061435917	1.2012012	62.4140625	1.07333361	0.058489624832941886	0.0215256	0.0007
0.0029	-0.0409	0.0457	-0.0010786134777324957	0.00017278759594743863	0.0002199114857512855	1.14456284	59.47115326	1.04849214	0.09033986986851182	0.0219054	0.00063
0.0084	-0.0565	0.08	-0.001155407964820246	0.0002652900463031381	0.00021642082724729686	1.11376262	57.87078094	1.03719777	0.06403937979737194	0.022479	0.00061
0.0081	-0.0806	0.0994	-0.0013648474750595659	0.00034906585039886593	0.00017627825445142725	1.12471914	58.44007874	1.0439856	0.06046789435654587	0.0221528	0.00071
0.0019	-0.0536	0.0383	-0.0009564404300928925	0.00015707963267948963	0.000291469985083053	1.16748559	60.66221237	1.05931066	0.13007924966588374	0.022019	0.0006
0.0034	-0.0637	0.0705	-0.001085594794740473	0.00023212879051524583	0.00023387411976724014	1.1436094	59.42161179	1.04222821	0.056889969389957475	0.0217581	0.00056
0.0102	-0.0876	0.1023	-0.001467821900927231	0.00040666171571467877	0.0002443460952792061	1.12744129	58.5815239	1.03868217	0.09086160034490784	0.0222827	0.00068
0.002	-0.0606	0.0403	-0.0011397000015522971	0.00016231562043547262	0.00032812189937493397	1.1854111	61.59361649	1.06460102	0.13001218993749336	0.0212962	0.00059
0.0	-0.0578	0.0453	-0.0009808750396208131	0.0002181661564992912	0.0003438298626428829	1.11310709	57.83671951	1.03157411	0.021319173063162576	0.021633	0.00057
0.01	-0.0919	0.1127	-0.001410226035611418	0.00039269908169872416	0.00030368728984701333	1.1480788	59.65383911	1.04868691	0.14370132469929536	0.0215344	0.00063
0.0058	-0.0948	0.078	-0.0014556045961632708	0.00028797932657906436	0.0002617993877991494	1.15156507	59.83498383	1.0514484	0.051399310885968816	0.0211428	0.00061
-0.0001	-0.0727	0.0371	-0.0010332349171806431	0.00017627825445142725	0.00033684854563490564	1.14997149	59.75218582	1.05316606	0.09935599544730105	0.0217269	0.0006
0.0068	-0.0894	0.0669	-0.0013020156219877698	0.00019024088846738194	0.00033335788713091696	1.1224581	58.3225975	1.04443563	0.06771169986635349	0.0213994	0.00055
0.0094	-0.1257	0.1038	-0.0016388641676226754	0.00039968039870670147	0.0002583087292951608	1.11954355	58.17115784	1.03890934	0.10686686068549908	0.0215312	0.00067
0.0048	-0.0955	0.0364	-0.0012775810124598492	0.00014660765716752367	0.00039793506945470715	1.2056334	62.64435959	1.07112354	0.13989911184307754	0.0218462	0.00053
0.0041	-0.0917	0.0445	-0.0011117747335203881	0.00017976891295541595	0.0004049163864626844	1.11977017	58.18293381	1.03312103	0.02289744258676652	0.0218234	0.00066
0.0118	-0.1165	0.1007	-0.0015655603390389136	0.0003106686068549907	0.0003525565089028545	1.12444818	58.4260025	1.04016206	0.1205522588488965	0.0217939	0.00068
0.0123	-0.1315	0.1039	-0.0019076448724298022	0.0003473205211468716	0.0003211405823669566	1.14722776	59.60962296	1.04741374	0.039207618710933374	0.0213703	0.00049
0.0018	-0.1011	0.0534	-0.0015306537539990272	0.0002024581932313422	0.00032637657012293966	1.15222502	59.86927414	1.04741074	0.11775447170511438	0.0214329	0.00044
0.0051	-0.1018	0.0733	-0.0015638150097869194	0.00018675022996339323	0.00042236967898262774	1.118397	58.11158371	1.03008635	0.031143116395776473	0.0208712	0.00045
0.0124	-0.1374	0.1313	-0.002092649773141201	0.0004625122517784973	0.0003193952531149623	1.11880553	58.1328125	1.02884769	0.14627856055185257	0.0209275	0.00054
0.005	-0.1187	0.0571	-0.00182212373908208	0.00019024088846738194	0.0003769911184307752	1.20086658	62.39667892	1.06635126	0.13031966313430246	0.0207469	0.00057
0.0059	-0.1094	0.0508	-0.001520181778487061	0.00014660765716752367	0.0004415683007545654	1.09569705	56.93209839	1.02300363	0.03700761871093337	0.0211272	0.0005
0.0102	-0.1344	0.1079	-0.0019146261894377795	0.00032812189937493397	0.0003717551306747922	1.11708808	58.04357147	1.03660723	0.11868859116189508	0.0212661	0.00057
0.0094	-0.1381	0.0862	-0.002050761871093337	0.00027925268031909274	0.00038048177693476387	1.12826824	58.62448883	1.04247446	0.03588657734856854	0.020678	0.00041
0.0043	-0.1073	0.0526	-0.0015847589608108511	0.00017104226669544429	0.00039793506945470715	1.13883591	59.17358017	1.04118684	0.09908333082130387	0.0205119	0.00039
0.0116	-0.1261	0.0922	-0.0017540558982543013	0.0002478367537831948	0.0004206243497306334	1.13329256	58.88555145	1.03640118	0.0791390352403563	0.0207146	0.00042
0.0108	-0.1531	0.1192	-0.0019826940302655584	0.00041189770347066176	0.000317649923862968	1.09667277	56.98279953	1.03065143	0.0795836753783195	0.0207493	0.00046
0.0019	-0.1145	0.0439	-0.0013072516097437528	0.0002251474735072685	0.0003961897402027128	1.18111539	61.37041092	1.05841242	0.1698366233412472	0.0209662	0.00043
0.0003	-0.1019	0.0414	-0.0010402162341886204	0.00023212879051524583	0.00037524578917878077	1.09977782	57.14413834	1.0271161	0.03144803217935209	0.0217006	0.00055
0.0079	-0.1264	0.094	-0.0015254177662430443	0.0003159045946109737	0.0003595378259108319	1.11632204	58.00376892	1.0377914	0.11393426497090504	0.0208997	0.00053
0.0119	-0.1533	0.114	-0.0019268434942017398	0.00039968039870670147	0.0003159045946109737	1.09454381	56.87218094	1.02177468	0.07734173816771406	0.0204452	0.00055
0.0014	-0.118	0.0462	-0.0015114551322270892	0.0002181661564992912	0.00037350045992678646	1.18084896	61.35656738	1.05558443	0.14632492347489368	0.0207627	0.00047
0.0038	-0.1167	0.0444	-0.0011623892818282235	0.00014311699866353502	0.0004433136300065597	1.13251686	58.84524918	1.03129977	0.030196408915719744	0.0205852	0.00045
-0.0022	-0.1433	0.0737	-0.001043706892692609	0.0002443460952792061	8.028514559173915e-05	1.10806251	57.57460403	1.03098443	0.09104699850830532	0.0214126	0.00068
0.0069	-0.1652	0.0848	-0.0017680185322702558	0.0003211405823669566	0.00017453292519943296	1.18681657	61.66664505	1.06484156	0.08686769531365454	0.0201464	0.00051
0.0019	-0.1298	0.0355	-0.001450368608407288	0.00016406094968746698	0.0003211405823669566	1.16978741	60.78181458	1.04436809	0.12076686068549908	0.0204415	0.00054
0.004	-0.1253	0.0433	-0.001270599695451872	0.00017278759594743863	0.0003298672286269283	1.11474979	57.92207336	1.02262254	0.02426111027376797	0.0202828	0.00043
0.0113	-0.1635	0.1035	-0.0016982053621904826	0.00039793506945470715	0.00026354471705114377	1.12103021	58.24840546	1.0299122	0.1416537825910832	0.0208946	0.00049
0.0078	-0.1652	0.0524	-0.0016126842288427606	0.00026354471705114377	0.000296705972839036	1.19466758	62.07458115	1.06187606	0.06895363707695888	0.0202877	0.00046
0.0031	-0.1447	0.0269	-0.0011344640137963143	0.00022863813201125715	0.0003316125578789226	1.13165772	58.80060577	1.03387451	0.07810166925631101	0.0208	0.00046
0.0103	-0.17	0.0766	-0.0014660765716752368	0.00032463124087094524	0.00029321531433504735	1.15112662	59.81220627	1.03934211	0.10550014551412432	0.020673	0.00045
0.0063	-0.2006	0.0929	-0.0017715091907742446	0.0003630284844148205	0.00024609142453120044	1.11151743	57.75411987	1.02713664	0.0704476876223365	0.020374	0.00051
-0.0009	-0.1682	0.0294	-0.0013456488532876281	0.00014137166941154068	0.0003787364476827695	1.1591109	60.22706604	1.04689521	0.14210810878207328	0.0202809	0.00047
0.0041	-0.1836	0.0653	-0.001408480706359424	0.0002443460952792061	0.0003787364476827695	1.12718332	58.56811905	1.03633173	0.0645903139469731	0.0203986	0.00047
0.0098	-0.2212	0.0906	-0.001843067690106012	0.0003682644721708035	0.00037350045992678646	1.13170326	58.80297089	1.03766041	0.0967870674197084	0.0199746	0.00043
0.0023	-0.189	0.0316	-0.0013980087308474581	0.00016929693744344995	0.0004520402762665313	1.13460577	58.95378494	1.03621028	0.13482831551628263	0.0203056	0.00049
0.0081	-0.2025	0.0611	-0.0014346606451393388	0.000307177948351002	0.0004014257279586958	1.12841725	58.63223267	1.02457272	0.06005737367536343	0.0203815	0.00046
0.013	-0.2448	0.1033	-0.002022836603061428	0.0004799655442984406	0.00042236967898262774	1.17348754	60.9740715	1.04216782	0.12849537524467297	0.0196924	0.00037
0.0056	-0.2109	0.0269	-0.0014974924982111347	0.00021467549799530252	0.0004468042885105483	1.11951375	58.16960907	1.02668558	0.15845343803406758	0.0199491	0.00043
0.0057	-0.2008	0.0362	-0.0012688543661998775	0.0002617993877991494	0.0004572762640225143	1.12320244	58.36127472	1.02512574	0.0338116998663535	0.0201524	0.00046
0.0119	-0.2397	0.1111	-0.0018901915799098587	0.0005358160803622592	0.000445058959258554	1.14610994	59.55154037	1.04377478	0.16537856055185254	0.0201751	0.00047
0.009	-0.2394	0.0718	-0.002001892652037496	0.00034208453339088857	0.0004886921905584122	1.11930656	58.15884399	1.03179651	0.059953292519943295	0.0193874	0.00034
0.0042	-0.2055	0.0368	-0.0014329153158873448	0.0002740166925631097	0.0004886921905584122	1.13681626	59.06864548	1.02920178	0.1055522588488965	0.0203038	0.00049
-0.0023	-0.2051	0.0435	-0.0013788101090755204	0.0002548180707911721	0.0004433136300065597	1.10175729	57.2469902	1.02040218	0.01953411945678071	0.0206785	0.00058
0.008	-0.2445	0.1183	-0.0019757127132575807	0.00048345620280242926	0.00048345620280242926	1.13675749	59.06558609	1.0391468	0.16778416544945934	0.0205265	0.00054
0.004	-0.2445	0.0763	-0.0019757127132575807	0.0003892084231947355	0.00042760566673861073	1.13846684	59.15440369	1.03805124	0.053504915783575614	0.0205976	0.00056
0.0006	-0.2235	0.0357	-0.001595230936322817	0.00022689280275926284	0.0004625122517784973	1.14925742	59.71508026	1.03809652	0.09388519912050616	0.0207022	0.00053
0.0028	-0.233	0.0657	-0.0016755160819145565	0.0003211405823669566	0.0004520402762665313	1.11465669	57.91724014	1.02291621	0.05095024503556996	0.020627	0.00053
0.0073	-0.2732	0.0976	-0.001956514091485643	0.0005113814708343385	0.0003211405823669566	1.13475263	58.96141815	1.0269796	0.10670692959690216	0.0205625	0.00063
-0.0083	-0.2553	-0.0096	-0.00013962634015954637	0.00022863813201125715	0.0003577924966588376	1.35875261	70.60038757	1.14355125	0.24751415022205295	0.0230737	0.00129
-0.005	-0.2596	-0.0451	0.001621410875102732	9.250245035569947e-05	0.0005009094953223725	1.2438643	64.63082886	1.09397802	0.14511449477906854	0.0246872	0.0018
-0.0035	-0.2886	-0.005	0.0014137166941154068	0.000158824961931484	0.0003769911184307752	1.1105926	57.70606995	1.02146318	0.09049675347273536	0.024945	0.00186
-0.0123	-0.3565	-0.1385	0.005925392810520749	-0.0009197885158010115	0.0008569566627292158	1.60764909	83.53298187	1.3311226	0.5137127569218137	0.0304989	0.00974
-0.0097	-0.2821	-0.0617	0.0016301375213627037	-0.0002443460952792061	0.0005183627878423159	1.66195333	86.35461426	1.3811582	0.4192645792283376	0.0247923	0.00287
-0.0075	-0.2762	-0.0084	0.00032463124087094524	-9.773843811168246e-05	0.0005235987755982988	1.21138024	62.94296265	1.09177736	0.13426749627076323	0.0219523	0.00086
-0.0054	-0.2633	-0.0012	3.141592653589793e-05	-6.45771823237902e-05	0.00045902159327450867	1.06677854	55.42950439	1.01114735	0.04174768762233651	0.0220107	0.00091
-0.0031	-0.2929	0.0398	-0.00042411500823462205	0.00010297442586766544	0.000312413936106985	1.16108131	60.3294487	1.02951463	0.111384510006475	0.0214866	0.00086
-0.0035	-0.3056	0.0065	-0.0003351032163829112	6.283185307179586e-05	0.00029845130209103034	1.18324542	61.48108673	1.05495317	0.05355584993317675	0.0215617	0.00075
-0.0099	-0.2836	-0.0713	0.0017610372152622785	-0.00010821041362364843	0.0002705260340591211	1.27016735	65.99752808	1.09414031	0.22095539831862715	0.0240338	0.00153
-0.0096	-0.2769	-0.0597	0.0014974924982111347	1.7453292519943294e-06	0.00023212879051524583	1.119946	58.19207001	1.02368605	0.03919488517353313	0.0234505	0.00138
-0.0026	-0.3276	0.0079	0.00041015237421866745	0.00028797932657906436	8.726646259971648e-05	1.15406036	59.96464157	1.04574652	0.20122182246175332	0.0221109	0.00105
-0.0134	-0.3052	-0.0875	0.00048171087355043494	9.948376736367679e-05	8.028514559173915e-05	1.21358073	63.05730057	1.07679005	0.1419517687777566	0.0218561	0.00091
-0.0224	-0.2629	-0.1521	0.0018465583486100008	-3.141592653589793e-05	0.0001937315469713706	1.19357407	62.01776123	1.06303425	0.19635967851693864	0.0238025	0.00141
-0.0135	-0.2771	-0.0907	0.0013107422682477415	2.96705972839036e-05	0.0002024581932313422	1.14043629	59.25674057	1.0424232	0.11478146252210163	0.0230919	0.00114
-0.0017	-0.3273	0.0093	0.00028797932657906436	0.00022689280275926284	0.000158824961931484	1.19344664	62.01113892	1.06279863	0.2251809189221947	0.0217685	0.00096
-0.0057	-0.3005	-0.0378	0.0001239183768915974	5.061454830783555e-05	0.0002548180707911721	1.09849763	57.07761765	1.01541397	0.09971661564992912	0.0214944	0.00081
-0.0034	-0.2705	-0.0429	0.00047123889803846896	8.37758040957278e-05	0.00033335788713091696	1.11703825	58.04098511	1.02314097	0.06035107966372541	0.0219107	0.00083
-0.0047	-0.2943	-0.0162	0.00013439035240356338	0.0001675516081914556	0.0001675516081914556	1.10607386	57.47127533	1.02292728	0.08112153143350474	0.0218068	0.00099
-0.004	-0.3181	0.0027	-0.00032812189937493397	0.0002443460952792061	0.0001884955592153876	1.12001884	58.19585419	1.02506273	0.07141253449450898	0.0212288	0.00079
-0.0071	-0.2882	-0.0474	0.0005358160803622592	9.42477796076938e-05	0.00024085543677521747	1.14773786	59.63612366	1.03669755	0.13641980864842676	0.0223519	0.0011
-0.0075	-0.2991	-0.0652	0.0014381513036433276	-1.2217304763960308e-05	0.00024085543677521747	1.14047742	59.2588768	1.03413831	0.07954001538263608	0.0234866	0.00162
-0.0037	-0.3443	-0.0209	0.0012409290981679683	0.00016929693744344995	0.00012042771838760874	1.11894917	58.14027405	1.02174294	0.11825820830351892	0.0231174	0.00158
-0.0156	-0.3367	-0.1335	0.0022898719786165604	-6.283185307179586e-05	-0.00016406094968746698	1.22204423	63.49706268	1.09556928	0.2103780169519457	0.0243573	0.00236
-0.0523	-0.3548	-0.5205	0.011342894808711148	-0.0009145525280450286	-0.000783652834145454	1.91004872	99.24557495	1.55187527	0.9680167694762905	0.0354618	0.01817
-0.049	-0.3852	-0.5163	0.01202182788773694	-0.0006911503837897545	-0.0012374384396639797	1.72330379	89.54236603	1.50517969	0.10570604143997958	0.0350407	0.01647
-0.0476	-0.3602	-0.3933	0.006485643500410928	-0.0003525565089028545	-0.0011431906600562858	1.48791337	77.31154633	1.24617393	0.44785130209103025	0.0279279	0.00578
-0.0531	-0.3085	-0.3484	0.004584979944989103	-0.0002617993877991494	-0.0010978120995044332	1.16974306	60.77950668	1.03605759	0.2039399618538692	0.0259767	0.00341
-0.0417	-0.3595	-0.2779	0.003858922976159462	0.0002251474735072685	-0.0008604473212332044	1.11370683	57.86788559	1.01883628	0.2054184304203644	0.0253878	0.00275
-0.0205	-0.4871	-0.2683	0.004429645641561609	0.00046949356878647465	-0.000307177948351002	1.1703583	60.81147766	1.04178749	0.22681690667817772	0.026946	0.00391
-0.0204	-0.6273	-0.1585	0.004626867847036967	0.0008412486994612669	-0.0006911503837897545	1.27691317	66.34803772	1.12772668	0.2977474885794451	0.0303541	0.00856
-0.019	-0.5883	-0.1285	0.002921681167838507	0.0006579891280018621	-0.0010349802464326373	1.22624016	63.71508408	1.0889849	0.18201380566503728	0.0287769	0.00517
-0.0205	-0.5155	-0.1719	0.0028518679977587343	0.00026878070480712676	-0.001165879940332212	1.06225491	55.19445801	0.98731049	0.14719606435870422	0.0280898	0.00475
-0.023	-0.4411	-0.1785	0.002036799237077382	0.0001972222054753592	-0.0010890854532444615	1.19173312	61.92210388	1.04518751	0.13167108735504343	0.025956	0.00298
-0.0206	-0.3905	-0.1914	0.0011449359893082802	0.0003298672286269283	-0.0008168140899333463	1.17469692	61.03691101	1.04105791	0.1307389817115893	0.0249745	0.00268
-0.0185	-0.3569	-0.2034	0.00040840704496667313	0.00020594885173533088	-0.000609119908946021	1.10257685	57.28956985	1.01060251	0.10110707511102653	0.0233685	0.00225
-0.0105	-0.3111	-0.1583	-0.00032637657012293966	-5.759586531581287e-05	-0.000148352986419518	1.12908244	58.66679764	1.02338652	0.17185476273336303	0.0225053	0.00184
-0.0	-0.2944	-0.1017	-0.0007539822368615504	2.6179938779914945e-05	0.00010995574287564276	1.15529191	60.02863312	1.04762989	0.12228451000647496	0.021354	0.00132
0.012	-0.2847	-0.0922	-0.0007243116395776468	1.0471975511965975e-05	0.0007557275661135446	1.10737598	57.5389328	1.01365476	0.06575751918948769	0.0206946	0.00107
0.0192	-0.2956	-0.0809	-0.0010402162341886204	6.108652381980153e-05	0.001064650843716541	1.04514003	54.30517197	0.99535372	0.06317212102609025	0.02057	0.00096
0.0163	-0.2885	-0.0897	-0.000783652834145454	0.00011519173063162575	0.0010943214410004448	1.12010932	58.20055389	1.02785508	0.03581696020694471	0.0209168	0.00109
0.0184	-0.2885	-0.0964	-0.00045902159327450867	0.00021118483949131387	0.0011623892818282235	1.06741309	55.46247482	1.00723976	0.03323460952792061	0.0216092	0.00107
0.0191	-0.3115	-0.1014	-0.0006824237375297829	0.0002530727415391778	0.0010838494654884787	1.07587802	55.90230942	1.01169512	0.045891493132144176	0.0213234	0.00097
0.0163	-0.3347	-0.0942	-0.0008883725892651138	0.00028099800957108706	0.0009529497715889039	1.0745275	55.83213425	1.01581445	0.051438690683340726	0.0217579	0.00113
0.0113	-0.3062	-0.1054	-0.0006841690667817771	0.0002181661564992912	0.001001818990644745	1.11010289	57.6806221	1.0295829	0.06049522973054865	0.022536	0.00141
0.0096	-0.3036	-0.0845	-0.0007696902001294993	0.00021467549799530252	0.000895353906273091	1.12864077	58.6438446	1.03678069	0.03497384381116828	0.0229155	0.0014
0.0101	-0.3184	-0.0765	-0.0009040805525330626	0.0002513274122871834	0.0007714355293814937	1.05476749	54.80541229	1.00721816	0.03804803217935211	0.0234622	0.00188
0.0046	-0.3277	-0.0982	-0.0003961897402027128	0.0002530727415391778	0.0007400196028455958	1.15971136	60.25826263	1.0461103	0.06355260340591208	0.0245456	0.00262
0.0091	-0.3194	-0.0997	-0.00027750735106709843	0.00028623399732707005	0.0008237954069413235	1.10957599	57.65324402	1.02808759	0.026080972450961692	0.0241908	0.00246
0.0129	-0.3192	-0.0908	-0.0005131268000863328	0.00027925268031909274	0.0008499753457212384	1.04722905	54.41371918	0.99767986	0.026339035240356357	0.0237846	0.00219
0.0163	-0.34	-0.057	-0.0010175269539126942	0.000322885911618951	0.0008813912722571365	1.08955872	56.61315536	1.00818686	0.08697246558310592	0.0228187	0.00196
0.0121	-0.3203	-0.0725	-0.0009128071987930344	0.00023911010752322313	0.0009354964790689606	1.07240343	55.72176743	1.00803578	0.05153003830136063	0.0227074	0.00177
0.0102	-0.3189	-0.0703	-0.0009232791743050004	0.0002530727415391778	0.0008848819307611251	1.05811906	54.97956085	0.99984313	0.009252457891787757	0.0224448	0.00147
0.0127	-0.3366	-0.0475	-0.0012322024519079964	0.0003211405823669566	0.0008307767239493009	1.06839156	55.51331329	0.99290302	0.06455481626212993	0.0221022	0.00124
0.0107	-0.3301	-0.063	-0.0011152653920243766	0.0002181661564992912	0.0008831366015091308	1.1222465	58.31160355	1.0150758	0.03761356816555577	0.0217467	0.00124
0.0099	-0.3197	-0.0644	-0.0010524335389525807	0.00024260076602721178	0.0008395033702092724	1.07355309	55.78150558	1.00695009	0.01914498469497876	0.0218382	0.00105
0.0159	-0.3412	-0.0382	-0.0014381513036433276	0.00023911010752322313	0.0008604473212332044	1.09361589	56.82396317	1.00855491	0.07420761871093341	0.0213476	0.00091
0.0164	-0.3523	-0.0348	-0.0016859880574265225	0.0003159045946109737	0.000853466004225227	1.04994845	54.55501938	0.98702246	0.03158062789394614	0.020757	0.00088
0.0143	-0.3277	-0.0533	-0.0013596114873035826	0.0002548180707911721	0.0008988445647770796	1.09574831	56.93476486	1.00266362	0.06684208272472972	0.0208884	0.0008
0.0194	-0.3308	-0.0437	-0.0015184364492350666	0.00032463124087094524	0.0009232791743050004	1.07576156	55.89625549	1.00028089	0.03045363707695889	0.0205237	0.00067
0.0223	-0.363	-0.0055	-0.002082177797629235	0.0004625122517784973	0.000804596785169386	1.06147385	55.15386963	0.9974946	0.11431523742186676	0.0201542	0.00061
0.0189	-0.3655	-0.0273	-0.002089159114637212	0.00039269908169872416	0.0008639379797371932	1.06448197	55.31017685	0.99496121	0.03450678408277788	0.0196867	0.00058
0.0144	-0.3468	-0.0388	-0.0017086773377024485	0.00034557519189487725	0.0008255407361933179	1.09603894	56.94986343	1.00126482	0.05800014551412429	0.0198405	0.00052
0.0174	-0.3622	-0.0296	-0.0018483036778619948	0.00041538836197465044	0.000853466004225227	1.07411051	55.81047058	0.99671336	0.03946823891356144	0.0196717	0.00045
0.0257	-0.4058	0.0049	-0.0023160519173964756	0.0005393067388662478	0.0008569566627292158	1.04499614	54.29769516	0.98162891	0.11615786374650332	0.0193539	0.00044
0.0158	-0.4033	-0.0268	-0.002314306588144481	0.0004433136300065597	0.0008691739674931761	1.07979095	56.10562515	0.99495283	0.04959778714378215	0.0195263	0.00059
0.0145	-0.3823	-0.0343	-0.0020263272615654165	0.0004049163864626844	0.000783652834145454	1.08170891	56.2052803	0.98917067	0.05039488517353311	0.0194206	0.00043
0.0173	-0.3949	-0.0231	-0.0021170843826691216	0.0004328416544945937	0.0008098327729253688	1.07069826	55.63317108	0.99008375	0.03384311639577645	0.0194488	0.00046
0.0279	-0.4444	0.0258	-0.0026127578902355115	0.0006754424205218055	0.0009442231253289323	1.062585	55.21160507	0.98862346	0.15263323129985829	0.0190456	0.00034
0.0257	-0.436	-0.0146	-0.002846632010002751	0.0005096361415823442	0.0010140362954087054	1.09672534	56.98552704	0.9937737	0.07447467843932372	0.018952	0.00044
0.0243	-0.4172	0.0047	-0.0028885199120506156	0.000640535835481919	0.0008674286382411819	1.09269083	56.77589798	0.98892597	0.055469762655748114	0.0189704	0.00035
0.0287	-0.4453	0.0362	-0.0031503192998497648	0.0007644542123735164	0.0008220500776893293	1.07188225	55.6946907	0.98849398	0.08555481626212992	0.0189784	0.0004
0.0351	-0.4895	0.0654	-0.0036215581978882336	0.0007714355293814937	0.0008011061266653974	1.05153155	54.6372757	0.98082508	0.10475820830351892	0.0189222	0.00033
0.0287	-0.4628	0.0107	-0.003427826650916863	0.0006544984694978735	0.0009145525280450286	1.07900679	56.06487656	0.98968327	0.1090057504117311	0.0190871	0.0005
0.0262	-0.4491	0.0158	-0.003157300616857742	0.0006824237375297829	0.0008726646259971648	1.05503976	54.819561	0.97562116	0.038316960206944715	0.0190658	0.00037
0.0354	-0.4841	0.0566	-0.003570943649580398	0.000752236907609556	0.0009285151620609833	1.08081913	56.15904999	0.98997498	0.11196533694331234	0.0190172	0.0004
0.0394	-0.507	0.0693	-0.003906046865963309	0.0007749261878854823	0.0009372418083209549	1.05692255	54.91738892	0.98916541	0.05792595714594048	0.0189376	0.00038
0.0315	-0.4703	0.0199	-0.003384193419617005	0.0006283185307179585	0.0010140362954087054	1.06988418	55.59087372	0.9939432	0.13126277953007895	0.019254	0.00041
0.0318	-0.4784	0.0444	-0.0035395277230445004	0.0007138396640656808	0.0009494591130849152	1.05783916	54.96501541	0.97806297	0.04817163095495039	0.0189077	0.00035
0.0424	-0.5119	0.1086	-0.004146902302738527	0.000900589894029074	0.001048942880448592	1.09367764	56.82717514	0.99584516	0.15298042885105487	0.0180961	0.0004
0.0314	-0.4702	0.0254	-0.0036302848441482054	0.0006073745796940267	0.0010122909661567112	1.07309163	55.7575264	0.98452399	0.17822423436086252	0.0181434	0.00034
0.0298	-0.4539	0.0264	-0.0033021629447732717	0.0006475171524898963	0.0009372418083209549	1.05280805	54.70360184	0.9774513	0.04106568150032795	0.0184258	0.00038
0.0349	-0.4984	0.101	-0.00400727596257898	0.0009599310885968812	0.0008866272600131194	1.1002562	57.16899109	1.00086449	0.17760707511102644	0.0180502	0.00035
0.0334	-0.4905	0.0538	-0.004110250388446646	0.000710349005561692	0.0009337511498169664	1.11079979	57.71683502	1.00309683	0.0765840199353351	0.0182993	0.00042
0.0264	-0.4436	0.0185	-0.003576179637336381	0.0006213372137099814	0.0009459684545809266	1.04218543	54.15165329	0.97711474	0.1209649923862968	0.0185427	0.00039
0.035	-0.4563	0.0448	-0.003637266161156183	0.000705113017805709	0.0009442231253289323	1.05724633	54.93421173	0.97789883	0.0549303828583762	0.018671	0.00039
0.0374	-0.5079	0.1049	-0.004310963252425994	0.0008883725892651138	0.0008674286382411819	1.08395326	56.3218956	0.99273576	0.1607875574908484	0.0183029	0.0004
0.0384	-0.5151	0.0627	-0.004468042885105484	0.0005969026041820607	0.0009128071987930344	1.07440841	55.82595062	0.97969368	0.07509640891571971	0.0177399	0.0003
0.0313	-0.4651	0.0242	-0.0038432150128915135	0.0005427973973702365	0.0010506882097005862	1.03797829	53.93305206	0.97032578	0.13644070449666731	0.0183869	0.00037
0.032	-0.4455	0.0281	-0.003490658503988659	0.0006178465552059926	0.0010332349171806431	1.04214537	54.14957047	0.9746118	0.04645294796292769	0.01848	0.00045
0.0343	-0.4618	0.0518	-0.003661700770684103	0.000731292956585624	0.0010402162341886204	1.05028319	54.57241058	0.9783656	0.05687349925415258	0.0186121	0.00042
0.0435	-0.512	0.1186	-0.004506440128649358	0.0009180431865490173	0.0009948376736367678	1.0693469	55.56295395	0.98558398	0.18004340742402508	0.018141	0.00037
0.0367	-0.5103	0.0649	-0.004602433237509047	0.0006318091892219474	0.0009861110273767962	1.04193234	54.13850021	0.97039515	0.08174768762233654	0.0184221	0.00045
0.0337	-0.4716	0.0291	-0.003897320219703338	0.0005846852994181004	0.0010960667702524388	1.06920075	55.55535889	0.98418727	0.12060963252425987	0.0191019	0.00048
0.0377	-0.4607	0.0442	-0.003961897402027128	0.000614355896702004	0.001155407964820246	1.0510689	54.61323166	0.9796646	0.03767944870877508	0.0189717	0.00041
0.0471	-0.5041	0.1195	-0.004667010419832838	0.0008639379797371932	0.0011152653920243766	1.07161272	55.68068314	0.99366649	0.1778418836818384	0.0184367	0.00054
0.0463	-0.5067	0.0898	-0.004640830481052923	0.0007609635538695277	0.0010873401239924673	1.05375576	54.75284576	0.9868503	0.04095398163397453	0.0190263	0.00054
0.0248	-0.5021	-0.0963	4.537856055185256e-05	0.0005375614096142535	0.0009337511498169664	1.6997689	88.31949615	1.39589649	0.4653600080017776	0.0256138	0.00633
0.0175	-0.5088	-0.1512	0.0023544491609403502	0.0006632251157578452	0.0007278022980816354	1.60946536	83.62734985	1.37291503	0.20093415791337105	0.025335	0.00296
0.0303	-0.5477	-0.0256	-0.0007452555906015787	0.001043706892692609	0.000752236907609556	1.27293694	66.14143372	1.1018173	0.35253105690023057	0.0214219	0.00139
0.0177	-0.5106	-0.0744	-0.0012880529879718153	0.0007696902001294993	0.0005759586531581287	1.13062859	58.74713516	1.02252895	0.1481546172192386	0.02031	0.00084
0.0133	-0.456	-0.0338	-0.002103121748653167	0.0008098327729253688	0.0003944444109507184	1.1409198	59.28186417	1.02425868	0.1514362787842316	0.0199451	0.00066
0.0254	-0.4248	-0.0092	-0.003640756819660172	0.000445058959258554	-2.792526803190927e-05	1.24697173	64.79228973	1.09467366	0.18413892818282235	0.0188141	0.00072
0.0473	-0.3227	-0.0196	-0.004494222823885398	-0.0003106686068549907	-0.0012461650859239514	1.37947834	71.67729187	1.24783823	0.2757716694115407	0.0245616	0.00373
0.0398	-0.3416	0.1102	-0.0037943457938356727	-0.0010786134777324957	-0.0030874874467779687	1.5078696	78.34846497	1.29503742	0.3216572130890624	0.0303457	0.00978
0.0291	-0.2975	0.1233	-0.005590289594137836	-0.0012025318546240932	-0.0032445670794574587	1.50513101	78.20616913	1.30238349	0.17174709049366255	0.028503	0.0102
0.0325	-0.3783	0.4117	-0.012615239833415013	-0.002748893571891069	-0.0035203291012725624	2.03339696	105.65470886	1.67475757	0.8149536989179629	0.0185835	0.00308
-0.0177	-0.3874	0.3229	-0.011194541822291628	-0.0022497294058206906	-0.003673918075448063	1.20242083	62.47743607	1.08526459	0.2517725575684632	0.0182651	0.00194
-0.0026	-0.4579	0.4291	-0.012067206448288795	-0.0012758356832078548	-0.002356194490192345	1.13760793	59.10977936	1.01737528	0.350014096693286	0.0160117	0.00092
-0.0103	-0.4512	0.3382	-0.011796680414229672	-0.0012897983172238095	-0.001324704902263696	1.14435351	59.46027756	1.00137107	0.17109891280018633	0.017157	0.00114
-0.0035	-0.4254	0.3509	-0.010847221301144759	-0.0012775810124598492	-0.0008429940287132613	1.07012677	55.60347366	0.96474939	0.11746936456996536	0.0163175	0.00102
0.0053	-0.4388	0.4002	-0.011639600781550184	-0.0011798425743481666	-0.0006632251157578452	1.01295817	52.63301086	0.93613956	0.1249943415736262	0.0163557	0.00094
0.0107	-0.4927	0.4379	-0.012060225131280817	-0.0010314895879286487	-0.0006789330790257941	1.0426755	54.17711258	0.94780678	0.126234264970905	0.0154073	0.00073
0.0054	-0.4693	0.3611	-0.011536626355682518	-0.001064650843716541	-0.0004729842272904633	1.06558073	55.36726379	0.95311454	0.14363544415607618	0.0162659	0.00081
0.0096	-0.4538	0.3648	-0.011192796493039633	-0.0010262536001726657	-0.0004310963252425994	1.01243222	52.60568619	0.92997493	0.04460575041173123	0.0156751	0.00083
0.0146	-0.4896	0.4143	-0.011529645038674539	-0.000921533845053006	-0.00047647488579445195	0.99758959	51.83446503	0.9302259	0.1146473430653209	0.0153646	0.00086
0.0171	-0.5197	0.4111	-0.011777481792457734	-0.001001818990644745	-0.0003089232776029963	1.05612886	54.87614822	0.96353337	0.06058367537831955	0.0150803	0.00072
0.0144	-0.4847	0.3651	-0.011337658820955164	-0.0010192722831646884	-0.0001832595714594046	1.05237806	54.68125916	0.95161713	0.11284699850830536	0.015835	0.00077
0.0175	-0.4781	0.3793	-0.011157889907999749	-0.0009913470151327792	-0.00017802358370342162	1.00861251	52.4072113	0.92902356	0.034546508437165384	0.0149721	0.00065
0.0292	-0.51	0.426	-0.011545353001942489	-0.0009040805525330626	-2.792526803190927e-05	0.98793453	51.33279037	0.92173063	0.1215413936106984	0.0148316	0.00052
0.025	-0.5336	0.4289	-0.011852530950293493	-0.0009372418083209549	-9.250245035569947e-05	1.06810594	55.49847412	0.96489023	0.05094581932313431	0.014299	0.00044
0.0151	-0.5009	0.386	-0.0114807758196187	-0.0010175269539126942	-0.00014137166941154068	1.04144228	54.11303711	0.94578657	0.11054547476611865	0.0148422	0.00052
0.0151	-0.4945	0.4048	-0.011473794502610721	-0.0009564404300928925	-0.00016231562043547262	0.99771434	51.8409462	0.92466524	0.029650589592585607	0.0143378	0.00035
0.0235	-0.5275	0.4657	-0.01207767842380076	-0.0007592182246175333	-0.00017453292519943296	0.99543238	51.72237778	0.92193854	0.14296617157146788	0.0138227	0.00033
0.0201	-0.5357	0.4345	-0.012137019618368567	-0.0007749261878854823	-0.00017976891295541595	1.0557934	54.85871887	0.95505601	0.04681425727958695	0.0139369	0.00037
0.0182	-0.5069	0.4013	-0.011637855452298188	-0.0008569566627292158	-0.000158824961931484	1.0127393	52.62163925	0.93714919	0.09400692959690221	0.0142102	0.0004
0.0202	-0.509	0.4298	-0.0115732782699744	-0.0008255407361933179	-0.00011693705988362007	1.00280952	52.10569382	0.92591575	0.03949405054537749	0.0138385	0.00038
0.033	-0.5498	0.4935	-0.012166690215652472	-0.0006422811647339132	8.203047484373349e-05	0.99949276	51.93335342	0.92607439	0.16608195259324146	0.0136709	0.00024
0.0238	-0.5261	0.4411	-0.012241739373488228	-0.0009145525280450286	8.726646259971648e-05	1.06999516	55.59663773	0.95182908	0.10292782544514265	0.013991	0.00032
0.0219	-0.4974	0.4631	-0.012295844580300051	-0.0006387905062299246	-3.141592653589793e-05	1.00849175	52.40093994	0.93138732	0.07502748088812712	0.0136825	0.00027
0.0289	-0.5119	0.5228	-0.012953833708301913	-0.00046949356878647465	-4.363323129985824e-05	0.97469634	50.64493942	0.92085256	0.12317516851046369	0.0132114	0.00016
0.0325	-0.5477	0.5627	-0.013552481641735966	-0.0003473205211468716	-3.4906585039886588e-06	1.01266515	52.61778641	0.93304275	0.11734817769347616	0.0132122	0.0001
0.0254	-0.5225	0.4921	-0.013006193585861742	-0.0006108652381980154	-3.316125578789226e-05	1.03666663	53.86489868	0.94513548	0.1448751685104636	0.0134952	0.00021
0.0269	-0.5	0.4901	-0.01256986127286316	-0.0005550147021341969	4.18879020478639e-05	0.98145837	50.99629211	0.9211242	0.054361600344907765	0.0134997	0.00021
0.0313	-0.5104	0.5046	-0.012571606602115157	-0.0004468042885105483	4.537856055185256e-05	0.95664346	49.70691681	0.90664121	0.03497232006898172	0.0132542	0.00024
0.0417	-0.5782	0.585	-0.013276719619920866	-1.7453292519943294e-06	0.00024260076602721178	1.02732146	53.37932587	0.92855807	0.22596970912698108	0.0124871	0.00015
0.0424	-0.601	0.5455	-0.013624040141067736	-0.0003316125578789226	0.00028797932657906436	1.07855225	56.04125977	0.96748639	0.09912831551628248	0.0125546	0.00012
0.0321	-0.5504	0.4748	-0.013044590829405619	-0.0004363323129985824	0.00028274333882308137	1.07924557	56.07728577	0.95475412	0.166070252726888	0.0135676	0.0002
0.0337	-0.5301	0.4875	-0.012498302773531395	-0.0004677482395344803	0.000317649923862968	1.02272439	53.14046097	0.92143562	0.06523052837250042	0.0128776	0.0002
0.0362	-0.5434	0.515	-0.012472122834751478	-0.0002740166925631097	0.0003787364476827695	0.97275341	50.54398346	0.90716808	0.05734990047855441	0.0130914	0.00022
0.041	-0.5913	0.5832	-0.013273228961416875	-6.632251157578452e-05	0.0004328416544945937	1.02062392	53.03132248	0.93467122	0.17404527572322737	0.0123739	0.00013
0.0309	-0.5693	0.5013	-0.01297303233007385	-0.0005602506898901797	0.0003473205211468716	1.0749495	55.85406494	0.95354052	0.15798229715025713	0.0128063	0.00015
0.0356	-0.5422	0.5034	-0.01251750139530333	-0.0005619960191421741	0.0003665191429188092	0.97925591	50.8818512	0.91327529	0.05772374428972262	0.0129275	0.00016
0.043	-0.5947	0.578	-0.01306902543893354	-0.00020594885173533088	0.0003647738136668148	1.02049327	53.02453613	0.92804506	0.17996582701445235	0.0122924	9e-05
0.0323	-0.5765	0.5107	-0.013048081487909608	-0.0005340707511102648	0.00035430183815484887	1.05684626	54.91342545	0.94778813	0.11417689129554152	0.0127923	0.00011
0.0326	-0.555	0.5033	-0.012601277199399059	-0.0006003932626860494	0.0004188790204786391	1.00122857	52.02354431	0.91841455	0.058085199120506234	0.0126572	0.00019
0.0437	-0.5872	0.5619	-0.012981758976333824	-0.00038397243543875244	0.0005026548245743669	0.98054224	50.94868851	0.91483625	0.13593392041388946	0.0125644	0.00014
0.0437	-0.6122	0.5743	-0.013397147338308471	-0.0003193952531149623	0.0005009094953223725	1.03266537	53.65699387	0.94103881	0.061485543677521584	0.0121987	0.0001
0.0364	-0.5751	0.5065	-0.012931144428025987	-0.0005742133239061344	0.0005026548245743669	1.02729321	53.37785339	0.93245438	0.14832831551628267	0.0128914	0.00017
0.0364	-0.5778	0.5354	-0.01291194580625405	-0.0005113814708343385	0.00042236967898262774	0.9956584	51.73411942	0.9174581	0.039715781021773616	0.0124519	0.00017
0.0382	-0.6254	0.5913	-0.013510593739688104	-0.00032812189937493397	0.0003612831551628262	1.00976503	52.46709442	0.923916	0.14744970143566297	0.0120451	0.0001
0.0303	-0.5984	0.5112	-0.01302888286613767	-0.0006510078109938849	0.0003577924966588376	1.05767119	54.95628738	0.94772134	0.1554043721836686	0.0127495	0.00014
0.0336	-0.5896	0.5169	-0.01277057413684251	-0.0006126105674500097	0.0003665191429188092	1.00293994	52.1124649	0.91501289	0.03307163095495047	0.0125699	0.00012
0.0419	-0.6366	0.5946	-0.013569934934255911	-0.00029496064358704166	0.00034033920413889426	1.0008496	52.00385666	0.92398361	0.19015953300281424	0.0117207	0.00011
0.034	-0.6361	0.5436	-0.013440780569608332	-0.0004886921905584122	0.0002530727415391778	1.0685854	55.52338791	0.96121286	0.07990761871093342	0.0125086	0.00015
0.0307	-0.6026	0.5034	-0.01292416311101801	-0.0006161012259539982	0.0003298672286269283	1.03559911	53.80942917	0.93778441	0.11304104905368292	0.0130488	0.00017
0.0375	-0.633	0.5602	-0.01331511686346474	-0.0004258603374866164	0.0003316125578789226	1.01185143	52.5755043	0.93240369	0.1231469985083054	0.0117597	8e-05
0.0414	-0.6696	0.58	-0.013903292821386828	-0.0003385938748868999	0.00032812189937493397	0.99337143	51.6152916	0.92443839	0.0942466539512895	0.0117874	7e-05
0.0292	-0.6202	0.4675	-0.013177235852557187	-0.0003612831551628262	0.00038397243543875244	1.10366535	57.34613037	0.97545255	0.2143298392584692	0.0129109	0.00021
0.0316	-0.6084	0.5054	-0.013138838609013314	-0.000296705972839036	0.00040317105721069014	1.02370358	53.1913414	0.93266039	0.05820865238197992	0.0123165	0.00013
0.0383	-0.6408	0.575	-0.0137270145669354	-0.00020420352248333657	0.00041538836197465044	1.01075113	52.51833344	0.92923099	0.1433447856520873	0.0114518	8e-05
0.0411	-0.6728	0.6065	-0.014247122684029712	-0.00023387411976724014	0.0004363323129985824	1.02237225	53.12216187	0.93431618	0.09483613327010736	0.0115034	6e-05
0.0345	-0.6337	0.5143	-0.013452997874372293	-0.00040840704496667313	0.0005235987755982988	1.08096015	56.16637421	0.96518255	0.1906962098728284	0.0122923	0.00015
0.0388	-0.6554	0.5778	-0.014212216098989826	-0.0002897246558310587	0.0005742133239061344	1.02197301	53.10141754	0.9436575	0.1359257581030491	0.0120543	0.0001
0.0423	-0.6988	0.6259	-0.014948745043331433	-0.000148352986419518	0.0005602506898901797	1.04445517	54.26958466	0.95179973	0.13959316238845515	0.0110928	5e-05
0.0345	-0.6565	0.5559	-0.01435533309765336	-0.00041015237421866745	0.0006265732014659643	0.98823744	51.34852982	0.9209469	0.1661766922526504	0.0118548	9e-05
0.04	-0.668	0.5688	-0.014137166941154071	-0.0002495820830351891	0.0005497787143782138	0.98356849	51.10593414	0.91802974	0.05267654673852601	0.0117909	0.0001
0.0418	-0.7317	0.6336	-0.014934782409315478	-1.5707963267948964e-05	0.0004433136300065597	1.02686906	53.35581589	0.94384945	0.18719773361501513	0.0106535	7e-05
0.0391	-0.7239	0.5471	-0.014487978120804929	-0.00039095375244672985	0.0005497787143782138	1.03557134	53.80798721	0.93479583	0.14342575810304925	0.011211	8e-05
0.0441	-0.717	0.5635	-0.014196508135721876	-0.00032812189937493397	0.0006597344572538566	0.97737545	50.78414536	0.91385292	0.051512879051524525	0.0113298	4e-05
0.0541	-0.7701	0.6583	-0.014995868933135278	5.061454830783555e-05	0.0006562437987498679	1.03511965	53.78451538	0.94110554	0.216979395180008	0.0106999	4e-05
0.0504	-0.7567	0.581	-0.014967943665103369	-0.00018151424220741024	0.0007714355293814937	1.06769967	55.47736359	0.96557116	0.11316228945893904	0.0111968	6e-05
0.0446	-0.731	0.5672	-0.014491468779308918	-0.0003106686068549907	0.0007033676885537148	0.98927355	51.40236664	0.91910549	0.0789848545634905	0.01098	5e-05
0.0474	-0.7326	0.6136	-0.014695672301792253	-0.000153588974175501	0.0007504915783575615	0.9741345	50.61574554	0.91018706	0.07122035224833358	0.0111679	8e-05
0.0531	-0.7715	0.6665	-0.015406021307353947	8.726646259971648e-05	0.0007853981633974483	1.04967844	54.54098892	0.94044428	0.1468055513688398	0.0105036	5e-05
0.0454	-0.7344	0.5834	-0.015042992822939125	-0.00023561944901923448	0.0007295476273336296	1.04229093	54.1571312	0.94774137	0.16498824660487943	0.0113273	4e-05
0.0433	-0.7053	0.5878	-0.014650293741240402	-0.00031415926535897925	0.0007033676885537148	0.97974992	50.90752029	0.91159573	0.06047094184091907	0.0110616	3e-05
0.0481	-0.7273	0.6607	-0.01513374994404283	5.4105206811824215e-05	0.0007086036763096977	0.9859345	51.22887039	0.91642565	0.14254783313646055	0.0110961	7e-05
0.0508	-0.7373	0.6389	-0.015385077356330015	-0.00012740903539558605	0.000736528944341607	1.06387043	55.27839661	0.95896537	0.057538346126325135	0.0110915	7e-05
0.0451	-0.6918	0.588	-0.01488765851951163	-0.00023911010752322313	0.0008429940287132613	1.01776862	52.88296127	0.93054215	0.13787924966588383	0.0113674	3e-05
0.047	-0.6944	0.6366	-0.015200072455618614	-0.00015009831567151235	0.0007853981633974483	0.98349398	51.10206223	0.91714763	0.07605107966372555	0.0110767	3e-05
0.0493	-0.7218	0.6718	-0.015634659439365206	1.7453292519943294e-06	0.0007208209810736582	1.00607562	52.27539444	0.92606048	0.0974503905496943	0.010852	5e-05
0.0464	-0.6843	0.5869	-0.014943509055575448	-0.00028274333882308137	0.0008709192967451704	1.04881167	54.49594879	0.94925118	0.18158686837681723	0.0115244	7e-05
0.0461	-0.681	0.602	-0.014821336007935846	-0.00020943951023931956	0.000853466004225227	0.9813208	50.98914337	0.90628584	0.029346508437165325	0.0112544	0.00011
0.0581	-0.7281	0.7077	-0.015781267096532728	8.203047484373349e-05	0.0009197885158010115	1.02827406	53.42882156	0.93209955	0.23068617926278595	0.0105295	3e-05
0.0513	-0.7029	0.618	-0.015500269086961642	-0.000307177948351002	0.0009581857593448868	1.04168475	54.12563705	0.94919935	0.15713018381548485	0.0115518	8e-05
0.0497	-0.67	0.5995	-0.01497667031136334	-0.00042411500823462205	0.0009093165402890458	1.00980246	52.46903992	0.92167096	0.08747025272688798	0.0120557	6e-05
0.0523	-0.6976	0.682	-0.015892968168660364	1.2217304763960308e-05	0.0008883725892651138	1.03524148	53.79084396	0.93751276	0.18137870606597684	0.0114533	7e-05
0.0551	-0.7149	0.6799	-0.01603957582582789	-0.00013788101090755203	0.0009686577348568529	1.00939035	52.44763184	0.92838117	0.04104955592153892	0.0111008	4e-05
0.0465	-0.6706	0.6115	-0.015337953466526168	-0.00028274333882308137	0.0009581857593448868	1.02754724	53.39105606	0.93053861	0.16414783313646072	0.0115703	5e-05
0.0511	-0.6947	0.6715	-0.015863297571376462	-0.00010821041362364843	0.0009075712110370514	1.016047	52.79350662	0.93361917	0.12622457891787803	0.0110734	4e-05
0.0586	-0.7537	0.7276	-0.016680111661309806	5.585053606381854e-05	0.0009861110273767962	1.04414999	54.25373077	0.94225327	0.17557074279802787	0.010182	1e-05
0.0476	-0.7193	0.6335	-0.01618443815374342	-0.00026354471705114377	0.000926769832808989	1.00943494	52.44994736	0.92946396	0.18322049776245788	0.0111483	5e-05
0.0467	-0.6994	0.6323	-0.01557706357404939	-0.0002199114857512855	0.0009512044423369096	0.98665684	51.2664032	0.91371821	0.05577212102609044	0.0108232	4e-05
0.0524	-0.7221	0.6666	-0.016121606300671623	-0.00015533430342749534	0.0009302604913129776	0.97313583	50.56385422	0.90990042	0.09420319299849769	0.0105865	4e-05
0.0611	-0.781	0.7402	-0.017142623913088302	9.42477796076938e-05	0.0009145525280450286	0.99465138	51.68179703	0.92076928	0.2055153829359909	0.00985706	4e-05
0.0551	-0.7552	0.6627	-0.016941911049108957	-0.0002722713633111154	0.0009686577348568529	0.99283808	51.58757782	0.92527996	0.140366860685499	0.010737	1e-05
0.0561	-0.7122	0.6423	-0.016193164800003386	-0.0003298672286269283	0.0011082840750163993	1.01514924	52.74685669	0.92772995	0.1116984227290464	0.0111419	7e-05
0.0615	-0.7365	0.69	-0.01643052957827462	-9.948376736367679e-05	0.0010821041362364843	0.99003744	51.44205856	0.92177761	0.10209640891571992	0.0105984	7e-05
0.0626	-0.7826	0.7261	-0.016924457756589014	3.141592653589793e-05	0.0011938052083641214	1.01473415	52.72529221	0.9332672	0.1201264472170803	0.0100647	1e-05
0.057	-0.7349	0.644	-0.016208872763271338	-0.0002548180707911721	0.0012409290981679683	1.01218379	52.59277344	0.92939556	0.18784714402242955	0.010801	4e-05
0.0552	-0.7264	0.654	-0.015887732180904383	-0.00023561944901923448	0.0012304571226560022	0.99065608	51.4742012	0.91033637	0.03784055898254286	0.0110008	7e-05
0.0658	-0.7757	0.7496	-0.01684242728174528	0.00015533430342749534	0.0012514010736799342	1.02462542	53.23923874	0.94270998	0.22382964021557783	0.0105007	7e-05
0.0611	-0.7668	0.7007	-0.016854644586509242	-0.000158824961931484	0.0012863076587198209	1.00568438	52.25506973	0.93568195	0.08056415775814138	0.0109209	4e-05
0.0555	-0.733	0.6559	-0.01615651288571151	-0.0003473205211468716	0.0012897983172238095	0.98874348	51.37482452	0.9189875	0.12870589592585546	0.0114376	5e-05
0.0609	-0.7604	0.7141	-0.016596335857214078	-5.759586531581287e-05	0.001181587903600161	0.98900986	51.38866425	0.92423981	0.13288790204786372	0.0113108	3e-05
0.0675	-0.7941	0.745	-0.01721592774167207	1.5707963267948964e-05	0.001308996938995747	1.04569209	54.33385468	0.94362297	0.11221523742186708	0.0109525	3e-05
0.0609	-0.7523	0.6599	-0.016425293590518635	-0.00033335788713091696	0.0013578661580515882	1.02057445	53.02875137	0.9264385	0.19292846103040712	0.011496	6e-05
0.0617	-0.7438	0.6789	-0.016182692824491425	-0.00022165681500327985	0.0013055062804917586	0.99970967	51.94462204	0.91356145	0.04863308578573366	0.0112156	7e-05
0.0695	-0.7878	0.7653	-0.017296212887263806	3.490658503988659e-05	0.0013386675362796509	1.01377571	52.67549133	0.94024362	0.20836223593017195	0.0105641	4e-05
0.0631	-0.7852	0.6943	-0.017283995582499843	-0.00023561944901923448	0.001254891732183923	1.03419423	53.73643112	0.94055201	0.09832595714594047	0.0107425	3e-05
0.0659	-0.7476	0.6707	-0.01657713723544214	-0.00035081117965086024	0.001377064779823526	0.99017286	51.44909286	0.91396683	0.11121115626644663	0.0108325	3e-05
0.0697	-0.7887	0.7531	-0.017114698645056395	-2.094395102393195e-05	0.00124965574442794	1.03097713	53.56927109	0.93455209	0.17704188368183835	0.0103415	5e-05
0.0714	-0.7943	0.72	-0.01721767307092406	-0.00030368728984701333	0.001239183768915974	1.05062318	54.59007263	0.94997076	0.06020948701013576	0.0105951	7e-05
0.0684	-0.764	0.6822	-0.01682671931847733	-0.00038571776469074686	0.001350884841043611	0.96843433	50.31956482	0.91341821	0.10033426497090495	0.0102486	3e-05
0.0684	-0.7713	0.7276	-0.016821483330721348	-0.0002251474735072685	0.0013072516097437528	0.99293166	51.59244156	0.92347508	0.06317197551196599	0.0107168	7e-05
0.0726	-0.8098	0.7709	-0.017453292519943295	-0.00015184364492350666	0.0012897983172238095	1.02870739	53.45133591	0.9511058	0.1221283155162826	0.0105737	4e-05
0.0663	-0.7819	0.6925	-0.0172054557661601	-0.0004188790204786391	0.0014224433403753785	1.04075229	54.07718658	0.94171994	0.14497585762449483	0.0103315	3e-05
0.0656	-0.7571	0.689	-0.016716763575601687	-0.0004014257279586958	0.00147131255943122	0.94726682	49.21970749	0.89440893	0.05675073510670992	0.0111341	2e-05
0.0718	-0.8022	0.7695	-0.017249088997459958	-5.061454830783555e-05	0.0013788101090755204	1.03291047	53.66972733	0.92954532	0.18058195259324153	0.0106826	8e-05
0.0692	-0.8132	0.7346	-0.017458528507699276	-0.00017104226669544429	0.0013910274138394805	1.07655931	55.93770599	0.95823398	0.0656042266695443	0.0106953	6e-05
0.061	-0.7801	0.6945	-0.017041394816472634	-0.00030368728984701333	0.0014259339988793671	0.97841793	50.83831024	0.92003619	0.11063426497090492	0.0101418	3e-05
0.0628	-0.7704	0.7108	-0.016739452855877614	-0.0002373647782712288	0.0014119713648634124	0.96303123	50.03882217	0.90466459	0.046911355309338	0.0106634	5e-05
0.0686	-0.8179	0.7801	-0.017413149947147426	6.283185307179586e-05	0.0014416419621473165	1.026443	53.3336792	0.93800463	0.17277821599483703	0.0101491	8e-05
0.0674	-0.808	0.7012	-0.01729446755801181	-0.0002652900463031381	0.0014835298641951804	1.0451237	54.3043251	0.94592966	0.11443460952792048	0.0103388	3e-05
0.0652	-0.7881	0.6836	-0.01684940859875326	-0.0003595378259108319	0.001467821900927231	0.95533973	49.63917542	0.90235686	0.06745073510670989	0.00996488	1e-05
0.0669	-0.8	0.7155	-0.01683370063548531	-0.0002303834612632515	0.0013962634015954637	0.98404151	51.13051224	0.9116641	0.05632104136236487	0.0104509	3e-05
0.0723	-0.853	0.7705	-0.01754055898254301	-2.96705972839036e-05	0.0012845623294678264	1.02810538	53.4200592	0.93856847	0.1643636141582341	0.00995815	5e-05
0.0699	-0.8361	0.6935	-0.017301448875019786	-0.0004206243497306334	0.0014346606451393388	1.03344989	53.69775391	0.93377696	0.13530810878207328	0.00974303	2e-05
0.0694	-0.8126	0.6883	-0.01684591794024927	-0.0003944444109507184	0.0014329153158873448	0.98083919	50.96411896	0.90732521	0.05337281014012125	0.0100622	2e-05
0.0754	-0.8541	0.7735	-0.0173904606668715	-8.028514559173915e-05	0.0013334315485236678	1.01941264	52.96838379	0.93396907	0.18060928796724424	0.00988907	5e-05
0.0702	-0.8474	0.6924	-0.01729446755801181	-0.0004433136300065597	0.00147131255943122	1.05473149	54.80353928	0.9565659	0.12284513020910288	0.0100873	6e-05
0.0668	-0.8295	0.6781	-0.01687907919603716	-0.00041015237421866745	0.0015289084247470327	0.96073836	49.91968536	0.90773061	0.060907274153917806	0.00952786	3e-05
0.0703	-0.8446	0.7191	-0.016948892366116932	-0.000296705972839036	0.0014189526818713899	0.97268766	50.54056931	0.91619013	0.07426076571675222	0.00980544	3e-05
0.0774	-0.8768	0.7615	-0.01752310569002307	-0.0002478367537831948	0.0013945180723434693	1.04508471	54.3022995	0.94698632	0.114075857624495	0.00970167	2e-05
0.0713	-0.8533	0.689	-0.017222909058680045	-0.0004956735075663896	0.0015358897417550098	1.02928078	53.48113251	0.94125232	0.1365702527268881	0.00986719	4e-05
0.0685	-0.8391	0.6854	-0.016851153928005253	-0.000450294947014537	0.0014905111812031574	0.97211701	50.51091766	0.90470023	0.04372561258892477	0.00952202	2e-05
0.0727	-0.8729	0.7619	-0.017259560972971925	-0.00013962634015954637	0.0014154620233674013	0.99970686	51.94447708	0.92600003	0.154206240482871	0.00978374	5e-05
0.0719	-0.8889	0.7317	-0.017514379043763097	-0.0003193952531149623	0.001450368608407288	1.03323126	53.68639374	0.95053539	0.07047467843932374	0.00966322	3e-05
0.0681	-0.8649	0.6816	-0.01714785990084429	-0.0003717551306747922	0.001553343034274953	1.00919735	52.43759918	0.93075029	0.1039926723173152	0.00969714	5e-05
0.0702	-0.8562	0.6828	-0.016905259134817077	-0.00046425758103049166	0.0016109388995907662	0.9481439	49.26528168	0.9033731	0.0316349540849363	0.00979811	4e-05
0.0752	-0.8856	0.7391	-0.01743932988592734	-0.0003001966313430247	0.001481784534943186	0.98104161	50.97463608	0.92065685	0.13206430327226557	0.00973439	2e-05
0.0736	-0.9106	0.7383	-0.01781457567510612	-0.0003106686068549907	0.001562069680534925	1.01896513	52.94513321	0.94650704	0.050700145514124245	0.00999558	6e-05
0.0673	-0.8806	0.6903	-0.017357299411083608	-0.00043458698374658803	0.0016318828506146981	1.01602447	52.79233551	0.92855288	0.11685039054969396	0.00960457	1e-05
0.0731	-0.8944	0.723	-0.017289231570255827	-0.0003001966313430247	0.0016318828506146981	0.97305608	50.55971146	0.9125069	0.06242290966156706	0.00976866	4e-05
0.0779	-0.9323	0.7604	-0.01774127184652236	-0.0001605702911834783	0.001658062789394613	1.02800202	53.4146843	0.93544506	0.11099232776029964	0.00961518	1e-05
0.073	-0.9119	0.6844	-0.01730493953352378	-0.0004328416544945937	0.0017296212887263805	1.02135849	53.06948853	0.9343303	0.14030810878207303	0.00972825	4e-05
0.0759	-0.9103	0.7083	-0.01741838593490341	-0.0004415683007545654	0.00182212373908208	0.96892643	50.34513474	0.9142048	0.03913377489976517	0.00944906	2e-05
0.0808	-0.9507	0.8038	-0.018177604159520945	1.2217304763960308e-05	0.001778490507782222	0.99401611	51.64878845	0.92723701	0.20363185307179588	0.00962532	5e-05
0.0813	-0.9543	0.7498	-0.018219492061568806	-0.0003001966313430247	0.001726130630222392	1.03992403	54.03414917	0.95963721	0.07843308578573377	0.0097605	3e-05
0.0733	-0.9255	0.7106	-0.017739526517270364	-0.0003385938748868999	0.001710422666954443	1.00794244	52.37239838	0.9331341	0.10270353755551336	0.00968534	7e-05
0.0807	-0.9512	0.7861	-0.01801179788058148	-0.00014311699866353502	0.001656317460142619	1.01762867	52.87569046	0.93869655	0.13469267231731524	0.00940788	2e-05
0.0851	-0.9775	0.8029	-0.018327702475192456	-0.00019896753472735358	0.001706932008450454	1.00451362	52.19423676	0.92762505	0.06861848394913148	0.00961071	4e-05
0.0752	-0.947	0.7095	-0.017622589457386744	-0.0004468042885105483	0.0017505652397503124	1.07174098	55.68735123	0.95706749	0.18362915014443823	0.00981098	8e-05
0.0723	-0.9485	0.7307	-0.017612117481874783	-0.00033335788713091696	0.0016632987771505957	0.99092942	51.48840332	0.92210141	0.0361592419745655	0.00974715	2e-05
0.0829	-0.993	0.8266	-0.018446384864328067	-9.599310885968811e-05	0.0016388641676226754	1.03368366	53.70990372	0.94071239	0.20580333851262164	0.00936455	4e-05
0.0826	-0.9801	0.7555	-0.01833991977995641	-0.00045902159327450867	0.0017086773377024485	0.99351293	51.62264252	0.92431595	0.11126533694331252	0.009408	3e-05
0.0783	-0.9461	0.7135	-0.01775697980979031	-0.0004956735075663896	0.001820378409830086	1.00780702	52.36535645	0.92144837	0.11686464782928083	0.00961781	5e-05
0.0787	-0.943	0.7308	-0.01768716663971054	-0.0004380776422505767	0.001811651763570114	0.97933513	50.88596725	0.91090867	0.027606784082777915	0.00941807	4e-05
0.0869	-0.9836	0.8166	-0.01842718624255613	-0.00019024088846738194	0.001790707812546182	0.9933787	51.61566925	0.9255705	0.18504001538263595	0.00945216	1e-05
0.0882	-0.9937	0.773	-0.018437658218068097	-0.00041713369122664475	0.0017941984710501708	0.99167693	51.52724457	0.9263726	0.06704277183876094	0.00957525	5e-05
0.0787	-0.9582	0.7182	-0.01795594734451766	-0.0004991641660703782	0.0018500490071139892	1.04141486	54.11161041	0.93558995	0.13077959422289948	0.0096091	3e-05
0.076	-0.9421	0.7303	-0.01778141441931823	-0.0004206243497306334	0.001811651763570114	0.98043114	50.94291687	0.91985109	0.04547349925415263	0.00936431	4e-05
0.0828	-0.9624	0.7899	-0.01808859236766923	-0.00019024088846738194	0.0017924531417981763	0.98468685	51.16404343	0.92538694	0.11453800156930959	0.00945586	3e-05
0.0863	-0.9927	0.8303	-0.018627899106535475	-8.552113334772214e-05	0.0017819811662862105	1.00888026	52.4211235	0.93492468	0.10692492347489356	0.00977588	3e-05
0.0789	-0.9601	0.7437	-0.01841496893779217	-0.0004014257279586958	0.0017715091907742446	1.06648171	55.41407776	0.95853512	0.15356533694331223	0.0101734	4e-05
0.0798	-0.9286	0.7439	-0.01808859236766923	-0.00042760566673861073	0.0018360863730980347	0.9965142	51.77858734	0.92215425	0.05345668456133228	0.0103291	2e-05
0.0848	-0.9262	0.7825	-0.018154914879245015	-0.0003351032163829112	0.001895427567665842	0.97233909	50.52245712	0.91147632	0.05690830782496456	0.0104355	4e-05
0.0886	-0.9525	0.8317	-0.018613936472519525	-0.00018151424220741024	0.0018552849948699724	1.02856064	53.44371414	0.94260419	0.11193765701229402	0.0107549	5e-05
0.0845	-0.9298	0.7417	-0.01822472804932479	-0.00047822021504644627	0.0019617500792416262	1.05818057	54.98275375	0.95579112	0.1564189740202712	0.0105643	4e-05
0.0841	-0.9121	0.7442	-0.017863444894161966	-0.0005096361415823442	0.0019861846887695473	0.98422766	51.1401825	0.9162021	0.04145668456133204	0.0102069	2e-05
0.0896	-0.9456	0.8326	-0.018439403547320092	-0.00021118483949131387	0.0019006635554218248	1.00883198	52.41861343	0.93679247	0.17539655442984395	0.010421	4e-05
0.0833	-0.9397	0.7585	-0.018345155767712396	-0.0005096361415823442	0.0019233528356977512	1.07188714	55.69494247	0.96925026	0.10706941809873272	0.0105169	3e-05
0.0805	-0.9191	0.7368	-0.01804321380711738	-0.0005602506898901797	0.0019931660057775245	0.99192524	51.54014587	0.92252608	0.06621848394913117	0.00978029	1e-05
0.0851	-0.9463	0.7953	-0.01842020492554815	-0.00037350045992678646	0.0019041542139258136	0.98073465	50.95868683	0.92605179	0.1229376570122938	0.00981492	5e-05
0.0839	-0.9759	0.7809	-0.018516198034407842	-0.00040840704496667313	0.0018238690683340744	1.04743314	54.42432022	0.95520592	0.055759241974565776	0.0097068	3e-05
0.0785	-0.957	0.7204	-0.018069393745897295	-0.0005881759579220891	0.001996656664281513	1.03729856	53.89773178	0.94326351	0.12476803987067012	0.00967264	2e-05
0.086	-0.9899	0.7963	-0.018444639535076073	-0.0004014257279586958	0.0018325957145940458	1.04264438	54.17549896	0.94436077	0.15260284844148192	0.00916505	2e-05
0.0821	-0.994	0.7709	-0.018673277667087332	-0.0005480333851262194	0.0019041542139258136	1.01440692	52.70828629	0.94252029	0.05574021442552749	0.00974762	3e-05
0.0802	-0.9603	0.7251	-0.018058921770385327	-0.0006719517620178169	0.0019530234329816546	1.05538797	54.83765411	0.94426442	0.12075717463247218	0.00969076	6e-05
0.0831	-0.9794	0.7775	-0.01843067690106012	-0.0004572762640225143	0.0018500490071139892	1.00990498	52.47436905	0.92874023	0.108870252726888	0.00972205	7e-05
0.0873	-1.0092	0.8024	-0.018959511664414404	-0.0004485496177625427	0.0018936822384138475	1.0178895	52.88924408	0.93524259	0.08795973204570584	0.00947684	2e-05
0.0797	-0.9707	0.7244	-0.018308503853420515	-0.000635299847725936	0.0019512781037296606	1.0323838	53.6423645	0.93502172	0.1688676953136548	0.0098424	4e-05
0.0829	-0.9587	0.7384	-0.018154914879245015	-0.0006335545184739417	0.00199142067652553	0.99854809	51.88426971	0.91732011	0.03897384381116812	0.00987768	3e-05
0.0902	-0.9993	0.8168	-0.018860027897050723	-0.00029845130209103034	0.002007128639793479	1.0210278	53.05230713	0.93551533	0.17909620987282843	0.00967729	4e-05
0.088	-1.0023	0.7645	-0.01888969849433463	-0.0005445427266222308	0.0020525072003453313	0.99381679	51.63843155	0.9272554	0.07355702911834792	0.00952858	1e-05
0.0825	-0.9655	0.7306	-0.01829454121940456	-0.0005864306286700947	0.0021048670779051613	0.99408126	51.65217209	0.92077949	0.11067025272688792	0.00978625	7e-05
0.0844	-0.9549	0.7365	-0.01807462973365328	-0.0005916666164260777	0.00210835773640915	0.98014504	50.92805099	0.91536345	0.0298319066005628	0.00979245	5e-05
0.0894	-0.9925	0.8122	-0.01872214688614317	-0.00024609142453120044	0.002103121748653167	1.01683819	52.83461761	0.93588309	0.1682164166070377	0.00948012	2e-05
0.0897	-1.017	0.8153	-0.018997908907958275	-0.00032812189937493397	0.002129301687433082	0.96545595	50.16481018	0.91739242	0.04709862177193748	0.00969487	4e-05
0.0864	-0.9844	0.7326	-0.018521434022163823	-0.0006544984694978735	0.0022113321622768156	1.05797005	54.97181702	0.95315264	0.16284409653805612	0.00986212	6e-05
0.0849	-0.9673	0.7402	-0.01815666020849701	-0.0005585053606381855	0.002178170906488923	0.98517603	51.18946075	0.9262705	0.05089640891571962	0.00969774	7e-05
0.0938	-1.0023	0.8369	-0.01882163065350685	-0.0002251474735072685	0.002237512101056731	1.03040278	53.53942871	0.94906668	0.19348347633542823	0.00949281	1e-05
0.0902	-0.9974	0.7663	-0.01879894137323092	-0.0005864306286700947	0.0022427480888127134	1.01317203	52.64412308	0.94400774	0.09856042115973696	0.00968444	3e-05
0.089	-0.967	0.7399	-0.01832944780444445	-0.0006440264939859076	0.0022427480888127134	1.01636124	52.80983734	0.93076596	0.08435447170511415	0.00997412	6e-05
0.096	-0.9958	0.8339	-0.01895776633516241	-0.00038571776469074686	0.0022078415037728267	1.05307758	54.71760178	0.95255337	0.17587669225265032	0.0097903	4e-05
0.0959	-1.0017	0.8	-0.019244000332489478	-0.0006161012259539982	0.0022078415037728267	1.03635192	53.84854126	0.94687939	0.06573087292951595	0.00980419	2e-05
0.089	-0.9641	0.7573	-0.018736109520159125	-0.000736528944341607	0.0022689280275926286	1.00951445	52.45407867	0.93204685	0.12167025272688832	0.00981921	1e-05
0.0898	-0.9729	0.7826	-0.01872040155689118	-0.0006475171524898963	0.0022008601867648495	0.97917747	50.8777771	0.92329352	0.04353937979737177	0.00989538	2e-05
0.0981	-1.0255	0.8605	-0.019460421159736774	-0.00042760566673861073	0.002171189589480946	1.01680684	52.83298492	0.94274295	0.18828008429403936	0.00949669	2e-05
0.0923	-1.0144	0.7674	-0.01913229926036184	-0.0007347836150896127	0.002258456052080662	1.00620615	52.28218079	0.9354077	0.14612831551628272	0.00958019	4e-05
0.0876	-0.9929	0.7439	-0.018594737850747584	-0.0007504915783575615	0.002228785454796759	0.99516803	51.70864105	0.91646276	0.07884699850830543	0.00963455	6e-05
0.0918	-1.0296	0.8095	-0.018997908907958275	-0.00048171087355043494	0.0021851522234969008	0.99981207	51.94994354	0.93396762	0.1422792496658839	0.00952607	3e-05
0.0962	-1.0646	0.8338	-0.019497073074028655	-0.00047123889803846896	0.002190388211252884	0.9949314	51.69634628	0.93539947	0.0894436064669163	0.00943232	1e-05
0.088	-1.0339	0.7481	-0.019137535248117826	-0.0007278022980816354	0.0022602013813326567	0.99668705	51.78757095	0.93721739	0.15889571980168837	0.00961381	4e-05
0.0859	-1.0284	0.7385	-0.018818139995002862	-0.000752236907609556	0.0021886428820008896	1.00343442	52.13816071	0.9224684	0.03796941809873253	0.00995338	7e-05
0.091	-1.0639	0.8204	-0.01944645852572082	-0.00047647488579445195	0.002089159114637212	1.03431952	53.74294281	0.94990096	0.17267821599483704	0.00970453	5e-05
0.0947	-1.0752	0.8138	-0.019547687622336492	-0.0006527531402458793	0.002143264321449037	1.00250351	52.08979034	0.9414802	0.0381806278939461	0.00997412	4e-05
0.0879	-1.0304	0.7532	-0.01901536220047822	-0.0008011061266653974	0.0022410027595607188	1.00998974	52.47877121	0.93859002	0.15112084231947365	0.0101956	6e-05
0.0858	-1.0246	0.7684	-0.018856537238546738	-0.0007086036763096977	0.0022008601867648495	0.98358983	51.10704041	0.9209683	0.03767349925415251	0.0104646	4e-05
0.0949	-1.0686	0.8552	-0.01949881840328065	-0.0004677482395344803	0.002134537675189065	1.03012359	53.52492142	0.94609471	0.1873729556542457	0.00994635	1e-05
0.0906	-1.0616	0.8048	-0.019343484099853155	-0.0006073745796940267	0.00210835773640915	0.97779441	50.80591202	0.92624435	0.07775702911834771	0.0101398	2e-05
0.0881	-1.0269	0.7533	-0.018840829275278786	-0.0007382742735936014	0.0022863813201125715	1.03857315	53.96395874	0.93881516	0.1292789051088684	0.0101415	3e-05
0.0878	-1.0234	0.7657	-0.01874832682492309	-0.0006998770300497262	0.002288126649364566	0.98576748	51.22019196	0.92192336	0.022832251157578146	0.0099718	3e-05
0.0967	-1.0504	0.8506	-0.019278906917529363	-0.0004572762640225143	0.0022444934180647076	1.00807476	52.37926865	0.93846622	0.161640704496667	0.0100687	3e-05
0.0926	-1.0589	0.8018	-0.019371409367885065	-0.0006003932626860494	0.002256710722828668	1.04452825	54.27338409	0.95871172	0.07379183768915987	0.00995272	4e-05
0.0909	-1.0304	0.7534	-0.018882717177326654	-0.0007557275661135446	0.0023439771854283846	1.00561714	52.25157166	0.93336512	0.11516464782928117	0.0102934	6e-05
0.0899	-1.0251	0.7726	-0.018791960056222946	-0.0007557275661135446	0.002234021442552742	0.98034024	50.93819427	0.91887334	0.03553564319896757	0.0095312	3e-05
0.0981	-1.0531	0.8445	-0.01934872008760914	-0.0005096361415823442	0.0022724186860966175	1.0029788	52.11448669	0.92270362	0.1501624349730635	0.00984299	5e-05
0.0898	-1.0475	0.7895	-0.01934173877060116	-0.000710349005561692	0.0022148228207808044	1.0475477	54.43027115	0.95300235	0.08216450231515686	0.0100533	5e-05
0.0915	-1.032	0.7641	-0.018980455615438332	-0.0008115781021773631	0.002281145332356589	0.99970722	51.94449615	0.92521596	0.0690417381677142	0.00955576	2e-05
0.0952	-1.0515	0.8253	-0.01915324321138577	-0.0006038839211900379	0.0022322761133007477	1.00053525	51.98751831	0.92818653	0.10586754979953032	0.00959992	4e-05
0.0966	-1.0802	0.8389	-0.019563395585604437	-0.0005270894341022875	0.0022200588085367874	1.02079952	53.04044724	0.94560552	0.06865820830351878	0.00958276	3e-05
0.0913	-1.0592	0.7565	-0.019078194053550015	-0.0008377580409572782	0.0022759093446006054	1.04887235	54.49910355	0.9516115	0.1512860337486617	0.00973231	7e-05
0.0925	-1.0658	0.7704	-0.01883908394602679	-0.0007644542123735164	0.002234021442552742	0.99211729	51.55012512	0.92767542	0.03941509190774263	0.00945836	1e-05
0.0983	-1.1097	0.8528	-0.019530234329816546	-0.0004520402762665313	0.0022113321622768156	0.99831963	51.87239838	0.93096643	0.1834126800086332	0.00964457	5e-05
0.101	-1.1075	0.8026	-0.01964891671895216	-0.0007225663103256524	0.00222529479629277	1.03602898	53.83176422	0.95363918	0.07525855286053452	0.00975764	2e-05
0.0907	-1.0724	0.7518	-0.01903456082225016	-0.0008499753457212384	0.0022427480888127134	1.0369848	53.88142776	0.94417956	0.1341609112308764	0.0101238	5e-05
0.0976	-1.0756	0.7906	-0.019057250102526086	-0.0007888888219014368	0.0022846359908605773	1.01792002	52.89082718	0.93874233	0.05518318530717944	0.00966799	4e-05
0.1055	-1.1185	0.8605	-0.019680332645488057	-0.0005305800926062762	0.0023003439541285265	1.00090921	52.00695419	0.93576388	0.16555496177625423	0.00974059	2e-05
0.0944	-1.097	0.7723	-0.01950405439103663	-0.0007644542123735164	0.002371902453460294	1.05548775	54.84283447	0.96307445	0.14488554367752188	0.0101045	4e-05
0.0889	-1.0719	0.7622	-0.018992672920202295	-0.0007976154681614085	0.00233001455141243	1.01413286	52.69404602	0.93641699	0.07002153143350444	0.0104693	7e-05
0.0975	-1.1137	0.8536	-0.01951103570804461	-0.0005253441048502931	0.002324778563656447	1.05039704	54.57832336	0.96608874	0.18159350694547047	0.0102482	6e-05
0.1013	-1.1364	0.8352	-0.019668115340724098	-0.0007033676885537148	0.00231779724664847	1.01742291	52.86500168	0.95069682	0.06200422666954456	0.0104882	3e-05
0.0927	-1.0919	0.7548	-0.01908866602906198	-0.0008674286382411819	0.0024050637092481865	1.03877199	53.97428894	0.95164957	0.17503883619746516	0.0106365	5e-05
0.0962	-1.1019	0.8021	-0.01907295806579403	-0.0006911503837897545	0.0024312436480281013	1.02574062	53.29718399	0.94424324	0.07170830782496453	0.0108432	4e-05
0.1032	-1.1486	0.8634	-0.019671605999228087	-0.00045902159327450867	0.0023265238929084412	1.04559803	54.32896805	0.96149234	0.161774823953448	0.0106074	6e-05
0.099	-1.1187	0.7824	-0.019533724988320535	-0.0008307767239493009	0.0024120450262561633	1.02043855	53.02169037	0.95032258	0.1448578637465033	0.0103987	2e-05
0.0937	-1.0863	0.7603	-0.018882717177326654	-0.0008447393579652555	0.002441715623540067	0.99060977	51.47179413	0.92469566	0.09453205211468697	0.0107406	7e-05
0.0977	-1.1244	0.8416	-0.01934173877060116	-0.0005061454830783556	0.0023212879051524586	1.03300631	53.67470932	0.94776687	0.1693021593274508	0.0108125	4e-05
0.1001	-1.1554	0.8385	-0.01984090293667154	-0.0005881759579220891	0.0023788837704682713	1.03656626	53.85968399	0.96377566	0.06843952531149619	0.0111632	6e-05
0.0937	-1.1149	0.7617	-0.019514526366548598	-0.0009075712110370514	0.0024294983187761066	1.03951848	54.01307678	0.95401122	0.1585193185772869	0.011478	9e-05
0.0926	-1.1053	0.7872	-0.01921258440595358	-0.0007435102613495844	0.002389355745980237	1.00076962	51.99969864	0.93186678	0.061507274153917685	0.0112811	5e-05
0.1005	-1.1537	0.8567	-0.019839157607419545	-0.0004921828490624009	0.002356194490192345	1.0330745	53.67824936	0.94505543	0.17135309347705197	0.0106817	3e-05
0.0917	-1.1372	0.766	-0.019610519475408286	-0.0007853981633974483	0.0021956241990088664	1.06149673	55.15505981	0.96780693	0.1501211868764892	0.0110444	7e-05
0.0983	-1.1322	0.7227	-0.018423695584052144	-0.0008604473212332044	0.002256710722828668	1.19466448	62.07442093	1.07213278	0.12104797865058484	0.0154165	0.00118
0.0803	-1.1395	0.6526	-0.01664171441776593	-0.0012723450247038664	0.0017453292519943296	1.31356478	68.25244141	1.13784029	0.2306630170295605	0.0174828	0.00185
0.0824	-1.1611	0.6845	-0.01696285500013289	-0.0010140362954087054	0.0017767451785302276	1.13042569	58.73659134	1.04960315	0.08614326190990095	0.0122731	7e-05
0.0933	-1.224	0.8164	-0.018809413348742893	-0.000614355896702004	0.0018151424220741027	1.05566013	54.8517952	0.9780533	0.31993179954302897	0.0118206	8e-05
0.0931	-1.2334	0.7895	-0.019284142905285347	-0.0008552113334772215	0.0018500490071139892	0.97745323	50.78818512	0.93652905	0.07402457891787802	0.0123883	0.00017
0.0927	-1.1692	0.7183	-0.018943803701146452	-0.001129228026040331	0.0020856684561332234	0.98292595	51.07254791	0.93228879	0.17829876728606192	0.0124122	0.00023
0.0941	-1.1326	0.7227	-0.0187448361664191	-0.0010105456369047167	0.002258456052080662	1.02472162	53.24423599	0.93755961	0.0669218759905201	0.0123449	0.00023
0.0992	-1.1675	0.7927	-0.0196366994141882	-0.0008185594191853405	0.002145009650701031	1.04570985	54.33477783	0.95319777	0.16986479334340526	0.011577	9e-05
0.1059	-1.2193	0.8367	-0.02006430508092681	-0.0006719517620178169	0.0022427480888127134	0.97821558	50.82779694	0.93097463	0.13609758810089087	0.0115155	6e-05
0.0964	-1.1865	0.7536	-0.019493582415524666	-0.0009965830028887623	0.0022776546738526	1.02395809	53.20456314	0.95271263	0.1719130245656488	0.0117843	0.0001
0.0988	-1.1475	0.7462	-0.019008380883470243	-0.0009599310885968812	0.0023753931119642824	1.00019383	51.96978378	0.92842441	0.0797795942228995	0.0112657	5e-05
0.1013	-1.1659	0.801	-0.01941504259918492	-0.0007661995416255106	0.0022863813201125715	1.02238131	53.12263489	0.9398282	0.110170252726888	0.0107829	3e-05
0.1087	-1.2182	0.864	-0.020198695433330378	-0.0005951572749300663	0.0023527038316883565	0.99407381	51.6517868	0.9357691	0.17375088062083424	0.0112509	4e-05
0.0976	-1.1805	0.7619	-0.019620991450920253	-0.0009232791743050004	0.0024033183799961914	1.05813479	54.9803772	0.97410575	0.1987220215046445	0.0113077	7e-05
0.0982	-1.1505	0.7635	-0.019205603088945603	-0.0009302604913129776	0.002441715623540067	0.98935902	51.40680695	0.92931661	0.055238346126325125	0.0112007	4e-05
0.1031	-1.1752	0.8311	-0.019654152706708148	-0.0006963863715457374	0.0024312436480281013	1.00358474	52.14597321	0.94322932	0.13184478565208751	0.0107905	3e-05
0.1044	-1.2102	0.8745	-0.020176006153054447	-0.0005654866776461627	0.002452187599052033	0.98548359	51.20544052	0.93714448	0.11338485456349032	0.0113836	4e-05
0.0977	-1.1753	0.772	-0.01946565714749276	-0.0009721483933608416	0.0024818581963359366	1.071154	55.65684891	0.97523798	0.20143406592801355	0.0114053	9e-05
0.0966	-1.1584	0.7851	-0.019291124222293322	-0.000874409955249159	0.0024731315500759648	0.98137969	50.99220276	0.92545263	0.045149900478554425	0.0111122	3e-05
0.1065	-1.1987	0.8734	-0.019891517484979374	-0.0005794493116621174	0.002466150233067988	1.01099002	52.53074646	0.94201409	0.18361676116405343	0.011338	4e-05
0.1051	-1.2141	0.8527	-0.01996307598431114	-0.0006422811647339132	0.0025499260371637153	1.01805043	52.89760208	0.95036838	0.04840830782496426	0.0115385	8e-05
0.1012	-1.1806	0.7811	-0.01937315469713706	-0.0009442231253289323	0.0025761059759436306	1.0243454	53.22468948	0.94597657	0.15490215932745055	0.0114807	5e-05
0.104	-1.1687	0.8276	-0.01980250569312766	-0.000900589894029074	0.0026389378290154262	0.99605542	51.7547493	0.93082732	0.08799080401811275	0.0110055	3e-05
0.1111	-1.2094	0.9142	-0.02045874949187753	-0.0006283185307179585	0.0025516713664157096	0.9920854	51.54846954	0.93544406	0.18518908123303504	0.0119634	7e-05
0.1098	-1.2211	0.8815	-0.02064200906333694	-0.0007976154681614085	0.002593559268463574	1.05596828	54.86780548	0.97077454	0.0654222205475363	0.0120033	6e-05
0.1047	-1.1853	0.8263	-0.020181242140810435	-0.0008482300164692441	0.0026005405854715507	1.01547766	52.76392365	0.93951848	0.1220181393921158	0.0114606	9e-05
0.1064	-1.1775	0.8412	-0.020102702324470687	-0.0008587019919812101	0.002590068609959585	0.96303719	50.03913116	0.91581802	0.029374188368183927	0.0108581	3e-05
0.1144	-1.2168	0.9155	-0.02053205332046129	-0.0006056292504420323	0.0026249751949994717	0.99041247	51.46154404	0.93217307	0.15746651612848359	0.0118917	9e-05
0.108	-1.2273	0.8745	-0.02067517031912483	-0.0008360127117052838	0.002562143341927676	1.05742228	54.94335175	0.97064266	0.07971661564992918	0.0114939	3e-05
0.1023	-1.2017	0.831	-0.020106192982974672	-0.0008883725892651138	0.0025761059759436306	1.00825489	52.38862991	0.93685331	0.10656499238629728	0.0108506	5e-05
0.1038	-1.2006	0.8613	-0.020158552860534504	-0.00091106186954104	0.0025342180738957666	0.97625208	50.72577286	0.92279682	0.03874685299418121	0.0106722	2e-05
0.1102	-1.2416	0.9345	-0.020731020855188645	-0.0006335545184739417	0.0024801128670839424	1.00801468	52.37615204	0.93981659	0.16580402762665333	0.0114009	4e-05
0.1015	-1.2303	0.8534	-0.020477948113649468	-0.0009442231253289323	0.002515019452123829	1.04332471	54.21084595	0.96584586	0.13103239667170277	0.0115678	5e-05
0.0995	-1.2071	0.8424	-0.02000321855710701	-0.0009721483933608416	0.002593559268463574	0.99661636	51.7838974	0.93233213	0.06525973204570551	0.0108199	2e-05
0.1029	-1.2304	0.8984	-0.020380209675537785	-0.000752236907609556	0.002593559268463574	0.98761016	51.31593704	0.93024323	0.11254513020910288	0.011512	4e-05
0.1113	-1.2612	0.928	-0.02075196480621258	-0.0007033676885537148	0.0026825710603152844	1.02006614	53.00234222	0.95283691	0.09428180707911757	0.0120634	7e-05
0.0989	-1.2316	0.8512	-0.02038719099254576	-0.0010297442586766543	0.0025499260371637153	1.02642739	53.33286667	0.94976452	0.1599897703470666	0.0115095	3e-05
0.0992	-1.2156	0.8575	-0.02019520477482639	-0.001064650843716541	0.0026284658535034606	0.98777425	51.32446289	0.93073519	0.03787163095495028	0.0109851	2e-05
0.1054	-1.2403	0.9202	-0.020601866490541063	-0.0008726646259971648	0.0026389378290154262	0.98673385	51.27040482	0.93665922	0.12405599544730073	0.0116865	6e-05
0.1056	-1.2691	0.9309	-0.02100678287700375	-0.0008255407361933179	0.002530727415391778	1.04843748	54.47650528	0.96685297	0.06771253449450897	0.0123342	6e-05
0.1009	-1.2432	0.8514	-0.02055125194223323	-0.0010786134777324957	0.002574360646691636	1.0332973	53.68982697	0.95479747	0.14771184538047752	0.0118656	5e-05
0.0984	-1.2295	0.8566	-0.02023709267687425	-0.001048942880448592	0.002565634000431664	0.96850806	50.32339859	0.92159436	0.039027825445142765	0.0112939	3e-05
0.1064	-1.2596	0.9189	-0.020547761283729243	-0.0008831366015091308	0.002565634000431664	0.97746456	50.78877258	0.93035322	0.12422374428972276	0.012145	5e-05
0.1062	-1.2889	0.9171	-0.02084097659806429	-0.00091106186954104	0.0025987952562195565	1.03701806	53.88315964	0.96799072	0.04901509190774233	0.0122672	6e-05
0.0987	-1.2627	0.849	-0.020258036627898185	-0.0010995574287564276	0.0026441738167714093	1.01880658	52.93689346	0.94598736	0.14264070449666727	0.0116158	3e-05
0.103	-1.2484	0.8603	-0.020041615800650888	-0.0011397000015522971	0.0026354471705114374	0.96210366	49.99062729	0.91591075	0.04316450231515687	0.0114151	3e-05
0.1056	-1.2788	0.9431	-0.020685642294636795	-0.0008272860654453122	0.0025987952562195565	1.01178873	52.57225037	0.9403247	0.1654546172192387	0.0121927	8e-05
0.1023	-1.2706	0.8762	-0.020546015954477248	-0.0011257373675363424	0.0026546457922833754	1.05060315	54.58903503	0.96698136	0.10309640891571983	0.0119475	4e-05
0.1016	-1.2415	0.8705	-0.02017251549455046	-0.0012426744274199627	0.0027454029133870805	0.98121524	50.98365784	0.92730441	0.06455973204570543	0.0112606	5e-05
0.1063	-1.2462	0.9086	-0.02040988027282169	-0.0010262536001726657	0.0027384215963791032	0.95990574	49.87642288	0.92088635	0.07053834612632501	0.0117938	7e-05
0.1073	-1.277	0.9548	-0.02100678287700375	-0.0008220500776893293	0.002686061718819273	1.01981378	52.98922729	0.94921832	0.1206733002112612	0.0119063	0.0001
0.1034	-1.2599	0.8779	-0.02075720079396856	-0.0010995574287564276	0.002670353755551324	1.02516246	53.26714325	0.94960072	0.12503986986851165	0.0114858	9e-05
0.1053	-1.2397	0.882	-0.020535543978965284	-0.0011746065865921838	0.002766346864411012	0.96833593	50.31445312	0.92143023	0.04583495408493607	0.0108954	2e-05
0.1035	-1.2446	0.8985	-0.020444786857861576	-0.0010175269539126942	0.002663372438543347	0.97446233	50.63277817	0.92262426	0.04074055898254298	0.0116749	7e-05
0.1094	-1.29	0.9658	-0.021186551789959165	-0.000804596785169386	0.0026825710603152844	1.02387261	53.20012283	0.95625856	0.16729468613064188	0.0123409	7e-05
0.106	-1.2779	0.8756	-0.02106786940082355	-0.0011850785621041497	0.0026825710603152844	1.05951595	55.0521431	0.96871052	0.13065820830351885	0.0114871	3e-05
0.1043	-1.2419	0.8707	-0.02077290875723651	-0.0011728612573401894	0.002712241657599188	0.97423434	50.62093353	0.9238496	0.059442427281745314	0.0113525	3e-05
0.1027	-1.2451	0.8997	-0.020895081804876113	-0.0010088003076527223	0.0026162485487395003	0.98926675	51.40201187	0.92859896	0.05291135530933805	0.0121382	4e-05
0.1087	-1.2838	0.9746	-0.02161939344445376	-0.000731292956585624	0.002642428487519415	1.02200913	53.10329437	0.95595734	0.17099994647123287	0.0127798	9e-05
0.1075	-1.2808	0.9057	-0.02153561764035803	-0.0010995574287564276	0.00277332818141899	1.02719891	53.37295532	0.95346413	0.10224699850830556	0.0117466	2e-05
0.1019	-1.2472	0.8674	-0.020928243060664008	-0.0011728612573401894	0.0026755897433073067	0.96671766	50.23036957	0.91953091	0.11642084231947324	0.0114122	4e-05
0.1037	-1.2612	0.8935	-0.02095791365794791	-0.0010070549784007281	0.002584832622203602	0.99031162	51.45630264	0.93180096	0.05621169986635341	0.0118188	6e-05
0.1081	-1.3077	0.9406	-0.02148674842130219	-0.0008517206749732328	0.0025726153174396417	1.02993715	53.5152359	0.95781344	0.13281931857728685	0.012093	3e-05
0.1034	-1.2864	0.8638	-0.02118829711921116	-0.0012007865253720988	0.0026441738167714093	1.00901556	52.42815399	0.94659909	0.13875378259108329	0.0111963	3e-05
0.1024	-1.271	0.8699	-0.02075371013546457	-0.0011746065865921838	0.0026302111827554544	0.96758729	50.27555466	0.92384025	0.046236477827122986	0.011187	6e-05
0.1073	-1.3155	0.9417	-0.021291271545078826	-0.0009354964790689606	0.002574360646691636	1.02616966	53.31947708	0.95440161	0.16282610266006478	0.0118126	3e-05
0.1063	-1.3163	0.8652	-0.021101030656611446	-0.00119729586686811	0.0026930430358272505	1.06160581	55.16073227	0.97003104	0.10683613327010738	0.012033	7e-05
0.1067	-1.3032	0.8503	-0.02073625684294463	-0.0012863076587198209	0.0027314402793711255	0.97454423	50.63703537	0.92605803	0.05300914245312027	0.0114595	3e-05
0.1047	-1.3212	0.8756	-0.020774654086488504	-0.001117010721276371	0.002665117767795341	0.96315229	50.04511261	0.92090198	0.0590008346281556	0.0121183	7e-05
0.1048	-1.3699	0.931	-0.021366320702914582	-0.0008604473212332044	0.002537708732399755	1.01603675	52.79297256	0.94930638	0.1529819525932415	0.0128531	7e-05
0.1006	-1.3733	0.8448	-0.02087064719534819	-0.0011850785621041497	0.0026162485487395003	1.03785193	53.92648315	0.95800989	0.13874222823885418	0.0127341	4e-05
0.102	-1.3559	0.8372	-0.02054252529597326	-0.00124965574442794	0.0026581364507873638	0.96519691	50.15135193	0.92163388	0.048129349187329126	0.0121949	4e-05
0.1017	-1.3691	0.8512	-0.0203749736877818	-0.0011047934165124105	0.002590068609959585	0.97904128	50.87070084	0.92388863	0.04652408884673805	0.0124871	4e-05
0.1076	-1.4258	0.94	-0.02122494903350304	-0.0008098327729253688	0.002562143341927676	1.02304995	53.15737534	0.95698131	0.21004306286700944	0.0132548	5e-05
0.106	-1.4187	0.8731	-0.021195278436219135	-0.0011501719770642632	0.002712241657599188	1.02061284	53.03074646	0.9601766	0.10160540585471543	0.0123797	3e-05
0.1078	-1.3949	0.8479	-0.020626301100068984	-0.0012758356832078548	0.0028326693759867967	0.97489923	50.65547943	0.92546202	0.09155343803406765	0.0124794	5e-05
0.1153	-1.4056	0.9271	-0.021273818252558883	-0.001155407964820246	0.0029862583501622975	1.02659154	53.34140015	0.951424	0.1434766922526504	0.012901	7e-05
0.1145	-1.4267	0.9851	-0.022083651025484253	-0.0009442231253289323	0.002885029253546627	1.04652166	54.37696075	0.9702627	0.13601233545161773	0.013194	7e-05
0.1065	-1.4011	0.9056	-0.02164033739547769	-0.0012601277199399059	0.002895501229058593	1.00807714	52.37939453	0.9437128	0.15158451000647513	0.0120634	3e-05
0.1036	-1.3729	0.9093	-0.021291271545078826	-0.0012950343049797925	0.002841396022246768	0.9864307	51.25465393	0.92884359	0.05670388211252885	0.0121766	5e-05
0.1081	-1.385	1.0111	-0.022106340305760176	-0.0009704030641088471	0.0026563911215353696	1.05606675	54.87292099	0.96864975	0.1846352451131848	0.0131307	9e-05
0.1092	-1.3521	0.9447	-0.02199463923363254	-0.001265363707695889	0.002825688058978819	1.04502988	54.29944611	0.9726845	0.1291979326579064	0.0126603	5e-05
0.1051	-1.315	0.9244	-0.021624629432209743	-0.0013264502315156904	0.0028099800957108703	0.97329491	50.57212067	0.92520401	0.08384021442552748	0.0118058	4e-05
0.1053	-1.3112	0.9661	-0.02176425577236929	-0.0011222467090323538	0.0027349309378751144	0.98106414	50.97580719	0.93013574	0.06664395102393195	0.0124617	7e-05
0.1049	-1.3349	0.9969	-0.022226768024147785	-0.0009756390518648303	0.0027157323161031764	1.03841341	53.95565796	0.96487038	0.08631592653589798	0.0128847	5e-05
0.1024	-1.3101	0.9105	-0.021710150565557466	-0.0012252211349000194	0.002806489437206882	1.03872728	53.9719696	0.95574549	0.15654783313646065	0.0118449	8e-05
0.1034	-1.2947	0.9183	-0.02142915255598638	-0.0012531464029319286	0.002816961412718848	0.97184014	50.49653244	0.92632593	0.04016976265574827	0.0113472	2e-05
0.1046	-1.3203	0.9922	-0.02190911810028482	-0.0009704030641088471	0.0027401669256310974	0.98908883	51.39276886	0.93533417	0.14267516851046375	0.012629	7e-05
0.1027	-1.3406	0.9664	-0.022141246890800065	-0.0011205013797803594	0.002663372438543347	1.05425775	54.77892303	0.96982334	0.07095107966372532	0.0125344	8e-05
0.1024	-1.3163	0.9157	-0.02171713188256544	-0.0012775810124598492	0.002802998778702893	1.01836252	52.91381836	0.94410278	0.11134104905368306	0.0119618	5e-05
0.1047	-1.327	0.9545	-0.021760765113865297	-0.001165879940332212	0.002713986986851182	0.99279082	51.58512115	0.93658457	0.06401730476396017	0.0122148	5e-05
0.1108	-1.374	1.0059	-0.02230879849899152	-0.00102799892942466	0.0027331856086231197	1.02623498	53.32287216	0.96145526	0.13975565089028574	0.013141	3e-05
0.1036	-1.3524	0.9149	-0.021828832954693077	-0.0013369222070276565	0.002823942729726825	1.02487743	53.25233078	0.95818216	0.1637822971502572	0.0126894	4e-05
0.1046	-1.3485	0.922	-0.021676989309769572	-0.0013753194505715315	0.0028885199120506156	0.97965044	50.90235138	0.92279881	0.024740903539558583	0.0121958	2e-05
0.1138	-1.3827	1.0053	-0.022125538927532117	-0.0011065387457644049	0.0028658306317746896	0.99324453	51.60869598	0.93961193	0.16370098014227993	0.0134202	7e-05
0.113	-1.405	0.9906	-0.022383847656827275	-0.0011344640137963143	0.0029548424236264	1.03462243	53.75867844	0.96301271	0.0565622894589389	0.0134244	5e-05
0.1113	-1.3794	0.9242	-0.022095868330248212	-0.0013788101090755204	0.0029967303256742636	1.01893377	52.94350052	0.95269613	0.12241066619530672	0.0130038	4e-05
0.1107	-1.3634	0.9296	-0.02190562744178083	-0.0014014993893514465	0.0029688050576423546	0.97844613	50.83977509	0.92973111	0.034042771838760755	0.0123938	6e-05
0.1076	-1.3574	0.9294	-0.02167175332201359	-0.0013648474750595659	0.002981022362406315	0.95374328	49.55622482	0.91194773	0.023437166941154025	0.011857	4e-05
0.1124	-1.3872	0.9956	-0.022202333414619867	-0.0010506882097005862	0.003001966313430246	1.00899196	52.42692566	0.94561679	0.14408416544945943	0.0130371	7e-05
0.1149	-1.4271	1.023	-0.022750366799746086	-0.0009075712110370514	0.0029897490086662863	1.01383722	52.67868423	0.94758695	0.1049683844276856	0.0132139	3e-05
0.1122	-1.4032	0.9494	-0.0224990393874589	-0.0012339477811599909	0.003085742117525975	0.97561449	50.69264603	0.93127077	0.13388485456349064	0.0127872	2e-05
0.1096	-1.3705	0.9311	-0.02190911810028482	-0.001324704902263696	0.003178244567881674	0.98958719	51.41866302	0.92769696	0.09225904293167414	0.0123923	4e-05
0.109	-1.3727	0.9494	-0.021858503551976983	-0.001298524963483781	0.0031677725923697077	0.97427505	50.62304688	0.92820893	0.02546332312998592	0.0124936	5e-05
0.1188	-1.4218	1.0374	-0.022631684410610472	-0.0010088003076527223	0.0032009338481576006	1.01872408	52.93260956	0.95078102	0.20170333851262204	0.0133388	6e-05
0.1162	-1.4223	0.9818	-0.022423990229623145	-0.0011798425743481666	0.003267256359733385	0.98055124	50.94915771	0.93516189	0.08095294796292782	0.0134163	8e-05
0.1092	-1.391	0.9288	-0.02176425577236929	-0.0013683381335635543	0.003274237676741362	1.0267998	53.35221863	0.94972481	0.1340605666738609	0.0132075	5e-05
0.1125	-1.3912	0.9696	-0.022057471086704337	-0.001256637061435917	0.0033178709080412204	0.99468225	51.6833992	0.93997938	0.06672748088812717	0.0133011	8e-05
0.1218	-1.4349	1.0858	-0.02326698425833641	-0.00102799892942466	0.0033178709080412204	1.03589928	53.82502365	0.96948227	0.2411075651821666	0.0147668	7e-05
0.1163	-1.4198	1.0107	-0.022909191761677567	-0.001356120828799594	0.003378957431861022	1.01174068	52.56975174	0.95877366	0.1330500459926791	0.0140071	7e-05
0.1169	-1.3894	0.9885	-0.022568852557538675	-0.0014887658519511632	0.0033545228223331013	0.98948532	51.41336823	0.93136105	0.07807094184091892	0.0135843	7e-05
0.1231	-1.4062	1.0503	-0.022966787626993383	-0.0012775810124598492	0.003337069529813158	1.00966501	52.4618988	0.94484554	0.11612866007329815	0.014178	6e-05
0.1227	-1.4299	1.0659	-0.023373449342708057	-0.0011955505376161158	0.003307398932529255	0.98083758	50.96403503	0.93629997	0.06561813939211565	0.0144718	0.00011
0.12	-1.3942	0.9858	-0.02268055362966631	-0.001509709802975095	0.0033981560536329595	1.02635098	53.32889938	0.95790028	0.1733906049752214	0.0139182	8e-05
0.1192	-1.3922	1.0089	-0.022581069862302634	-0.001403244718603441	0.0034103733583969193	0.98646808	51.25659561	0.93225605	0.03680830782496444	0.0141715	8e-05
0.1248	-1.4375	1.0899	-0.023451989159047802	-0.0010821041362364843	0.0034103733583969193	1.02565396	53.29268265	0.95253453	0.19150299395560627	0.0145988	7e-05
0.1209	-1.4133	1.0002	-0.02307499804061703	-0.001439896632895322	0.003373721444105039	1.0072068	52.33417511	0.94319372	0.1563717764690746	0.013905	5e-05
0.1205	-1.3847	0.9871	-0.0226229577643505	-0.0014905111812031574	0.0033772121026090277	0.99196738	51.54233551	0.92932178	0.06740727415391773	0.0133635	7e-05
0.1257	-1.4088	1.0734	-0.023314108148140254	-0.0012409290981679683	0.0033353242005611634	1.0204196	53.02070618	0.95613655	0.16473101844364035	0.0140535	8e-05
0.1271	-1.4281	1.0674	-0.023589870169955354	-0.0012793263417118436	0.003447025272688801	1.02398336	53.2058754	0.95751855	0.04799301687433055	0.0140008	4e-05
0.1229	-1.3893	0.9951	-0.022907446432425576	-0.0015498523757709647	0.003502875808752619	0.99966615	51.94236374	0.94274367	0.16574001538263572	0.0132238	8e-05
0.123	-1.3898	0.9995	-0.022633429739862463	-0.0015690509975429022	0.0034574972482007667	1.00310862	52.12123489	0.92903326	0.02192969374434516	0.013323	5e-05
0.1288	-1.4357	1.0915	-0.02345722514680379	-0.0011990411961201044	0.0034714598822167216	1.01638162	52.81089401	0.95280853	0.20408839211900384	0.0140946	0.0001
0.1289	-1.4453	1.0404	-0.023478169097827722	-0.0014381513036433276	0.003563962332572421	0.99741375	51.82532883	0.94767274	0.07842782544514271	0.0138786	5e-05
0.1245	-1.4104	0.9937	-0.022790509372541956	-0.0015707963267948967	0.003532546406036523	1.02047968	53.0238266	0.94253038	0.1285860337486615	0.0135018	0.0001
0.124	-1.416	1.0266	-0.022903955773921587	-0.0015079644737231008	0.0034417892849328176	0.98766863	51.31897354	0.93265889	0.05235176877775635	0.0135157	4e-05
0.1294	-1.4613	1.1175	-0.0237312418393669	-0.0012356931104119853	0.0033929200658769764	1.01869512	52.93109894	0.94678408	0.19902133239061356	0.0143118	0.0001
0.1247	-1.447	1.0397	-0.023513075682867608	-0.0015132004614790836	0.003426081321664869	1.00655746	52.30043411	0.94531431	0.12324173816771394	0.0136603	9e-05
0.1205	-1.4228	0.999	-0.022855086554865744	-0.0015428710587629874	0.0034644785652087444	1.00918043	52.4367218	0.93762996	0.10540284844148223	0.0131409	6e-05
0.1286	-1.4579	1.0718	-0.023211133722272587	-0.0013648474750595659	0.003467969223712733	1.03460801	53.75793076	0.95658401	0.14287807048071266	0.0138873	8e-05
0.1255	-1.4863	1.0637	-0.023415337244755922	-0.0013421581947836393	0.0035238197597765512	0.99493968	51.69677734	0.94635297	0.053737166941153935	0.0143158	7e-05
0.1222	-1.4531	0.9956	-0.022863813201125717	-0.0015655603390389136	0.003560471674068432	1.00694144	52.32038498	0.94768404	0.1451789051088679	0.0134809	5e-05
0.1167	-1.4551	1.0259	-0.022853341225613746	-0.001420698011123384	0.003522074430524557	0.98757803	51.3142662	0.93543323	0.047486577348568794	0.0140024	5e-05
0.1267	-1.5083	1.1175	-0.023650956693775156	-0.0011344640137963143	0.0035133477842645856	1.0339061	53.72146225	0.95883108	0.20942880558742244	0.0149344	8e-05
0.1167	-1.5021	1.0208	-0.023244294978060485	-0.0014608405839192536	0.003485422516232676	1.00407743	52.17156982	0.94804788	0.15094817769347596	0.0141722	8e-05
0.1193	-1.4923	1.0017	-0.022659609678642383	-0.001514945790731078	0.003494149162492647	0.99657452	51.78172302	0.93414697	0.06387585762449485	0.0141137	7e-05
0.1238	-1.54	1.0969	-0.023342033416172164	-0.0012095131716320703	0.0033702307856010505	1.0243144	53.22307587	0.95724084	0.20298873667601927	0.0153068	0.00013
0.1266	-1.532	1.0345	-0.023294909526368313	-0.001553343034274953	0.0036320301734002	1.02588272	53.30456543	0.95516913	0.10583765701229422	0.0143657	4e-05
0.1214	-1.5015	0.9938	-0.022776546738526	-0.0016912240451825054	0.0036093408931242737	0.96683389	50.23640823	0.91980165	0.11034665395128952	0.0138764	4e-05
0.1222	-1.5176	1.0203	-0.02261597644734252	-0.0014800392056911916	0.0035849062835963527	0.99660307	51.78320694	0.93355293	0.06320948701013566	0.0144123	6e-05
0.1248	-1.5649	1.086	-0.02327047491684039	-0.0012583823906879114	0.0035133477842645856	1.02845478	53.43821335	0.96077083	0.16298568919164588	0.0156808	0.00012
0.1216	-1.5458	1.0082	-0.02307499804061703	-0.0016004669240788003	0.0035883969421003415	1.02447701	53.23152542	0.95566312	0.1307305283725003	0.0145164	9e-05
0.1179	-1.5126	0.9923	-0.022553144594270727	-0.001616174887346749	0.0035203291012725624	0.97677642	50.75301743	0.92798613	0.08308146252210166	0.0141127	7e-05
0.1173	-1.5176	1.0154	-0.022570597886790666	-0.0015341444125030156	0.0034348079679248403	0.99651396	51.7785759	0.94406233	0.037950245035569985	0.0147866	8e-05
0.1208	-1.5473	1.099	-0.023312362818888262	-0.0012932889757277981	0.0034417892849328176	1.04291856	54.18974304	0.96371256	0.1662800842940393	0.0153888	0.00013
0.1142	-1.5134	1.0135	-0.023022638163057198	-0.001593485607070823	0.003450515931192789	1.02266026	53.13713074	0.95874817	0.15593239667170275	0.0149381	0.0001
0.1149	-1.5014	1.0126	-0.02282890661608583	-0.001583013631558857	0.0034487706019407953	1.00253046	52.09119034	0.9371245	0.023897442586766456	0.0152051	0.00014
0.1207	-1.5263	1.0947	-0.023474678439323732	-0.0013805554383275148	0.0034819318577286873	1.03523934	53.79073715	0.95692201	0.15686956361285675	0.0159207	0.00013
0.1198	-1.5289	1.0662	-0.023462461134559773	-0.0014433872913993105	0.0035290557475325343	1.00600326	52.27163696	0.947948	0.03810865238197999	0.015816	0.00019
0.1152	-1.5025	1.0181	-0.02297725960250535	-0.0016406094968746698	0.003556981015564444	1.03368568	53.71001053	0.95119456	0.1146174502780846	0.0157005	0.00013
0.1186	-1.4992	1.0233	-0.022916173078685546	-0.0016423548261266642	0.003569198320328404	1.00043762	51.98244858	0.92992165	0.015652457891787937	0.0151741	0.00011
0.122	-1.5103	1.0808	-0.023172736478728712	-0.0014590952546672592	0.0035116024550125905	0.97955287	50.89728165	0.93567183	0.09687094184091904	0.0160438	0.0002
0.1181	-1.5299	1.0995	-0.023649211364523165	-0.0013805554383275148	0.003447025272688801	1.03169084	53.60635376	0.96417695	0.07317959422289932	0.0167502	0.00024
0.112	-1.5053	1.0267	-0.02325302162432045	-0.0015969762655748114	0.003485422516232676	1.03166163	53.60483932	0.95537512	0.13605039054969417	0.0155153	0.00021
0.1138	-1.4891	1.0425	-0.02307848869912102	-0.0015899949485668342	0.003455751918948773	0.96150732	49.9596405	0.92112794	0.04435924197456567	0.0155807	0.00018
0.1178	-1.5237	1.1258	-0.02354798226790749	-0.001256637061435917	0.0034313173094208515	1.02110982	53.05657196	0.95270697	0.16326430327226535	0.0167954	0.00032
0.1155	-1.5135	1.0449	-0.02338392131822003	-0.0015847589608108511	0.003485422516232676	1.05448234	54.79059601	0.97461057	0.12071440279371096	0.0157123	0.00015
0.1176	-1.5029	1.0285	-0.02305579941884509	-0.001673770752662562	0.00352731041828054	0.97107327	50.45668411	0.9242176	0.05205107966372586	0.0147248	9e-05
0.1207	-1.5112	1.0656	-0.023076743369869028	-0.001481784534943186	0.003543018381548489	0.98310608	51.08190536	0.92693359	0.05993190660056355	0.0151744	8e-05
0.1195	-1.5498	1.1175	-0.023649211364523165	-0.0012164944886400475	0.003427826650916863	1.02795005	53.41198349	0.95675845	0.1393474885794449	0.0160843	0.00014
0.1191	-1.5264	1.0243	-0.02314306588144481	-0.0015463617172669759	0.0035465090400524776	1.04081798	54.08060074	0.96423691	0.16473475504204488	0.0149533	0.00011
0.122	-1.5191	1.0436	-0.023024383492309196	-0.001579522973054868	0.0035412730522964946	1.00135279	52.02999878	0.94180615	0.03735398163397467	0.0146706	5e-05
0.1257	-1.5626	1.1048	-0.023495622390347665	-0.0013107422682477415	0.0035377823937925057	1.00851524	52.40215683	0.94847514	0.14557551306747926	0.0161018	0.00013
0.1245	-1.5576	1.0158	-0.02314132055219282	-0.0016964600329384882	0.003558726344816438	1.0490315	54.50737	0.96918986	0.1332481776934761	0.0151721	0.00013
0.1235	-1.5426	1.0116	-0.022787018714037967	-0.0017400932642383465	0.0035796702958403696	1.00324011	52.12806702	0.94057349	0.04114395102393223	0.0148282	0.00011
0.1294	-1.5769	1.105	-0.023478169097827722	-0.0014137166941154068	0.0035482543693044722	1.04293787	54.19074631	0.96622007	0.18604714402242953	0.0156673	0.00015
0.1317	-1.5917	1.0753	-0.02354100095089952	-0.001616174887346749	0.0036547194536761256	0.99407321	51.65175629	0.94628911	0.06538775653373961	0.0157384	8e-05
0.1219	-1.5597	1.0021	-0.022973768944001362	-0.0018238690683340744	0.003639011490408177	1.02004182	53.00107956	0.95070351	0.1545317075576713	0.0149052	0.00015
0.1253	-1.5608	1.038	-0.022992967565773296	-0.0017278759594743865	0.0035953782591083183	0.9877013	51.32067108	0.93798686	0.04834124809657395	0.0151213	5e-05
0.1342	-1.6055	1.127	-0.02375916710739881	-0.0014119713648634124	0.003602359576116296	1.03350389	53.70056152	0.95830376	0.1970542726622232	0.0160292	0.00017
0.1247	-1.5859	1.04	-0.023401374610739968	-0.0017208946424664088	0.003703588672731967	0.99942279	51.92971802	0.94841305	0.15449724354387528	0.0152014	0.00011
0.121	-1.5575	1.017	-0.022884757152149646	-0.0017278759594743865	0.003682644721708035	1.0064851	52.29667282	0.94042917	0.08232713633111174	0.0147868	6e-05
0.1281	-1.5914	1.1312	-0.023652702023027154	-0.0013753194505715315	0.003555235686312449	1.0468272	54.39283371	0.97538788	0.21759552075879732	0.0163527	0.00017
0.129	-1.5943	1.078	-0.023650956693775156	-0.0016545721308906245	0.003745476574779831	1.0538919	54.75991821	0.98199935	0.08056194490192371	0.0158145	0.00015
0.1233	-1.5478	1.0235	-0.02308197935762501	-0.0018308503853420514	0.0036966073557239895	1.0000596	51.9628067	0.94493243	0.1464062404828708	0.0147874	0.0001
0.124	-1.5474	1.0489	-0.023041836784829135	-0.0017662732030182616	0.003635520831904189	0.98731917	51.30081558	0.9303831	0.034790313946973	0.015342	0.0001
0.1292	-1.5954	1.1324	-0.023853414887006503	-0.0013334315485236678	0.003570943649580398	1.02304029	53.15687561	0.95754142	0.20214984694978755	0.0160772	0.00016
0.1276	-1.6049	1.0806	-0.02395115332511818	-0.0015865042900628454	0.0036302848441482054	1.00996065	52.47726059	0.94817784	0.08340761871093332	0.0156229	0.0001
0.1211	-1.5626	1.0208	-0.02353751029239553	-0.0017976891295541592	0.0035953782591083183	0.97602379	50.71391296	0.93427219	0.14158672286269275	0.0147247	8e-05
0.1237	-1.5515	1.0201	-0.023467697122315754	-0.0017872171540421933	0.0036163222101322505	0.98551428	51.20703506	0.92422074	0.019461454830783473	0.0147825	9e-05
0.1295	-1.5898	1.0973	-0.02407507170200978	-0.0015219271077390555	0.003586651612848347	1.01537669	52.75867844	0.94757535	0.16641676116405327	0.0156425	0.00011
0.131	-1.6267	1.1006	-0.02453932928304027	-0.0015585790220309364	0.003600614246864302	1.00612152	52.27777863	0.94177608	0.06744360646691631	0.0164198	0.00014
0.13	-1.6015	0.9972	-0.02387435883803043	-0.0019268434942017398	0.0037227872945039047	0.99990624	51.9548378	0.94771326	0.1873703982410124	0.0155196	0.0001
0.1284	-1.5867	0.9944	-0.023343778745424155	-0.001837831702350029	0.003754203221039803	0.98809099	51.34091949	0.93262083	0.05175039054969421	0.0156865	0.00012
0.1271	-1.5969	1.0036	-0.02327047491684039	-0.001820378409830086	0.003680899392456041	0.97423941	50.62119675	0.92568844	0.028903047484373563	0.0160705	0.00014
0.1351	-1.6445	1.0812	-0.024020966495197957	-0.0015062191444711063	0.003785619147575701	1.01895571	52.94464493	0.94605975	0.19166852994181025	0.0168296	0.00015
0.1413	-1.6872	1.0975	-0.024556782575560217	-0.001450368608407288	0.0037646751965517687	0.95506084	49.62468338	0.91773145	0.09583052837250047	0.0176759	0.00024
0.1346	-1.6726	1.042	-0.02440493893063671	-0.001710422666954443	0.0037437312455278365	0.99069434	51.47618866	0.9326645	0.09844208272472947	0.0169256	0.0002
0.1268	-1.6407	1.0017	-0.02386563219177046	-0.0018465583486100008	0.0037140606482439333	0.9857592	51.21976089	0.93208295	0.11525565089028572	0.0163391	0.00017
0.1278	-1.6243	1.0082	-0.023497367719599663	-0.0018517943363659836	0.0037995817815916558	0.98652339	51.25946808	0.93180737	0.04685107966372497	0.01579	0.00012
0.13	-1.6329	1.0497	-0.0235759075359394	-0.0016755160819145565	0.0038048177693476384	0.97420979	50.61965561	0.93037481	0.06530270292735743	0.0159724	0.00015
0.0829	-1.6212	1.2453	-0.02916968778858123	-0.0023474678439323734	0.0027680921936630064	1.51300681	78.61539459	1.28644203	0.6195228795172141	0.0231279	0.00436
0.0664	-1.586	1.2771	-0.03262893036603399	-0.0033196162372932147	0.00272096830385916	1.48585463	77.20457458	1.28782751	0.30742574303087195	0.0241286	0.00401
0.0745	-1.6029	1.0729	-0.026754152103821077	-0.002858849314766712	0.0027296949501191318	1.51913738	78.93393707	1.28186202	0.5464135915499692	0.0216512	0.00389
0.0779	-1.6322	1.0595	-0.02546435378659727	-0.0026773350725593018	0.002530727415391778	1.40730906	73.12336731	1.2448542	0.12961400470792855	0.0176213	0.00032
0.0812	-1.6447	1.0643	-0.026064747049283316	-0.0027838001569309555	0.0027611108766550296	1.0047183	52.20486832	0.94608604	0.06746209041604753	0.0179514	0.0004
0.0854	-1.6427	1.1122	-0.02697231826032037	-0.002853613327010729	0.0029792770331543207	0.98406315	51.13163376	0.93607177	0.11387752688080605	0.0188308	0.00049
0.0815	-1.6451	1.1394	-0.026879815809964666	-0.002855358656262723	0.0027768188399229783	0.9735114	50.58337021	0.92443171	0.04833529864195194	0.0186579	0.00043
0.0778	-1.6179	1.1104	-0.026125833573103118	-0.0028274333882308137	0.002501056818107874	0.96082205	49.92403412	0.92367742	0.1127834763354281	0.0181823	0.0004
0.0852	-1.6569	1.1574	-0.026720990848033185	-0.0022060961745208325	0.002516764781375823	1.01808834	52.89957428	0.94788967	0.15501012259539992	0.0191225	0.00047
0.0839	-1.6539	1.1151	-0.026712264201773216	-0.0025726153174396417	0.0026075219024795284	1.02823699	53.42689514	0.96241076	0.06990014551412434	0.0186389	0.00049
0.0705	-1.5386	0.9948	-0.027584928827770378	-0.004342379178961892	0.001439896632895322	1.23179102	64.00350189	1.09229124	0.4395026878551809	0.019838	0.00268
0.0872	-1.5094	0.8968	-0.026190410755426906	-0.004235914094590238	0.0006597344572538566	1.32162547	68.67127228	1.23775121	0.2579572666178294	0.0203777	0.00361
0.0643	-1.526	0.9585	-0.025884978136327903	-0.004391248398017733	-0.0007435102613495844	1.13490248	58.96920013	1.08044441	0.19440058205649685	0.0226127	0.00565
0.0844	-1.4982	1.0734	-0.026752406774569082	-0.005536184387326013	-0.0007888888219014368	1.07424557	55.81748581	0.98560408	0.2656871594050655	0.0231801	0.00558
0.095	-1.5206	1.2149	-0.027696629899898018	-0.0056042522281537915	-0.0006387905062299246	1.05820036	54.98378372	0.98937044	0.2326194640914115	0.0255326	0.00773
0.0888	-1.5011	1.1515	-0.028668778293258857	-0.005045746867515607	-0.000460766922526503	1.15620637	60.07614517	1.04953743	0.17453386688512224	0.0254245	0.00728
0.0863	-1.4403	1.0762	-0.02853438794085529	-0.004843288674284265	-0.0003089232776029963	1.06847227	55.51750946	0.99279284	0.16303460952792087	0.0243078	0.00575
0.0916	-1.469	1.1491	-0.029007372168145754	-0.004679227724596798	-0.00032463124087094524	1.00448358	52.19267273	0.94577711	0.13953765701229412	0.025058	0.00643
0.0703	-1.3996	1.1376	-0.030963886259631403	-0.005276130328778859	-0.000317649923862968	1.42063928	73.81600189	1.29730348	0.23021990063378453	0.0250826	0.00823
0.0615	-1.5272	1.1781	-0.032419490855794666	-0.005551892350593962	-0.00018500490071139895	1.24168169	64.51741791	1.14815235	0.27010058205649673	0.0265025	0.00884
0.0736	-1.5674	1.1189	-0.032873276461313196	-0.004384267081009755	0.001281071670963838	1.05562568	54.8500061	0.9896337	0.26587437233889866	0.0263062	0.00853
0.0774	-1.609	1.1767	-0.03283313388851733	-0.0038432150128915135	0.0015882496193148398	1.05199289	54.66124725	0.9647144	0.14761862946325563	0.0264049	0.00658
0.0719	-1.5793	1.1479	-0.03192730800673227	-0.0038798669271833948	0.0017208946424664088	1.00647926	52.29637146	0.93580903	0.11775614096142575	0.0251926	0.00574
0.0781	-1.5826	1.1618	-0.031808625617596654	-0.0037489672332838195	0.0018448130193580064	0.97901356	50.86925888	0.92202832	0.042075022996339466	0.0246113	0.00469
0.0811	-1.6331	1.2305	-0.032422981514298656	-0.0035482543693044722	0.0018605209826259553	0.98740256	51.30514908	0.92638401	0.16373883619746485	0.0254592	0.00465
0.071	-1.6162	1.1671	-0.031951742616260194	-0.0035395277230445004	0.0019530234329816546	0.96869075	50.33288956	0.92336608	0.11902339973270648	0.0245533	0.00436
