trans_x	trans_y	trans_z	rot_x	rot_y	rot_z	dvars_std	dvars_nstd	dvars_vstd	framewise_displacement	aqi	aor
0.0	-0.0	0.0	-0.0	0.0	-0.0	n/a	n/a	n/a	n/a	0.0266517	0.03999
0.0064	0.0453	0.051	-0.0005218534463463045	0.00023561944901923448	0.00013788101090755203	1.21779454	59.05710983	1.14400783	0.14746769531365453	0.0233165	0.02182
0.013	0.0509	0.0441	-0.0007278022980816354	0.0001361356816555577	0.0002617993877991494	1.13177729	54.8856926	1.08658549	0.04056754979953025	0.0222692	0.01366
0.0149	-0.0041	0.0479	-0.0005951572749300663	0.0002007128639793479	0.00037350045992678646	1.15244567	55.88800812	1.09016073	0.0761461638801498	0.0228314	0.01043
0.0136	-0.029	0.0705	-0.0006300638599699529	0.0002007128639793479	0.0003054326190990077	1.14101446	55.33364868	1.07461454	0.053948721293383274	0.0224347	0.00809
0.0152	-0.0369	0.0876	-0.0008115781021773631	0.00026354471705114377	0.00030194196059501896	1.12804103	54.70450211	1.06535933	0.038991837689159745	0.0220665	0.00665
0.0151	-0.0107	0.1139	-0.0013369222070276565	0.00018500490071139895	0.00023387411976724014	1.14183962	55.37366867	1.07282552	0.08619758810089084	0.0211321	0.00497
0.0209	0.0227	0.1323	-0.0017767451785302276	0.00034208453339088857	0.00020594885173533088	1.10581708	53.62675095	1.04962455	0.0888413936106985	0.0200491	0.00376
0.0215	-0.0163	0.1104	-0.0016441001553786586	0.00023212879051524583	0.00038571776469074686	1.13408887	54.9977951	1.06851475	0.08261848394913139	0.0210169	0.0038
0.0198	-0.0506	0.1133	-0.0013281955607676848	0.00021467549799530252	0.00041189770347066176	1.11741853	54.18936157	1.06028819	0.05687689129554159	0.0206417	0.0031
0.0221	-0.054	0.1145	-0.0012199851471440364	0.000312413936106985	0.0003630284844148205	1.1165694	54.14818573	1.0522892	0.01964090353955861	0.0202471	0.0031
0.0302	-0.0409	0.1405	-0.0014608405839192536	0.0005131268000863328	0.00048345620280242926	1.11875832	54.25433731	1.05485131	0.07529980095710868	0.0191187	0.00202
0.0324	-0.0243	0.1508	-0.0018343410438460403	0.0005916666164260777	0.000439822971502571	1.08213639	52.47835159	1.0434612	0.05388367537831946	0.0179287	0.00139
0.0304	-0.0448	0.1418	-0.0016667894356545846	0.0004729842272904633	0.00045553093477052	1.11348271	53.99849701	1.05594206	0.04659709802975093	0.017627	0.00111
0.0359	-0.0373	0.1591	-0.0018413223608540175	0.0004677482395344803	0.0005445427266222308	1.1098206	53.82090378	1.04731169	0.043739035240356314	0.0170287	0.00091
0.04	0.0043	0.1896	-0.0020856684561332234	0.0005061454830783556	0.00039269908169872416	1.14203823	55.38330078	1.06093417	0.09792934918732937	0.0159933	0.00075
0.0362	-0.0207	0.142	-0.0015655603390389136	0.00048345620280242926	0.00047123889803846896	1.12242758	54.43227768	1.05668776	0.10746686068549904	0.0164939	0.00072
0.0125	-0.1203	-0.0587	0.00451865743341332	0.000450294947014537	0.0003630284844148205	1.84697187	89.56915283	1.67947823	0.6352794720931887	0.031624	0.03195
0.0016	-0.1726	-0.15	0.007456046564519776	0.0006178465552059926	0.000312413936106985	1.68906379	81.91137695	1.5410275	0.31227776438028726	0.030697	0.0327
0.0215	-0.1282	-0.0511	0.003787364476827695	0.0005235987755982988	0.0006108652381980154	1.32523215	64.2673111	1.19413419	0.36626905846954017	0.0256717	0.01957
0.0361	-0.0622	0.0493	0.0015899949485668342	0.0006213372137099814	0.0008325220532012951	1.26055062	61.13057327	1.15474748	0.30683823906879115	0.0209438	0.00722
0.039	-0.0654	0.0506	0.0006544984694978735	0.0004363323129985824	0.0008726646259971648	1.1258508	54.59828568	1.06311411	0.06543219762881147	0.0196549	0.00445
0.0391	-0.0722	0.0593	0.00062482787221397	0.0004991641660703782	0.0008080874436733745	1.1278106	54.69332886	1.06444953	0.02345398163397448	0.0197187	0.00385
0.0407	-0.0676	0.0667	0.0005340707511102648	0.0005218534463463045	0.0007906341511534313	1.1205194	54.33974075	1.05344536	0.020144984694978732	0.0192152	0.00343
0.0479	-0.0242	0.0987	0.00014660765716752367	0.0006021385919380437	0.0007801621756414653	1.10642087	53.65603256	1.04784251	0.1065110107523223	0.017731	0.00212
0.0478	-0.0485	0.0844	8.37758040957278e-05	0.0005759586531581287	0.0008691739674931761	1.09830272	53.26234055	1.04264304	0.04760117918517107	0.0187079	0.00212
0.0458	-0.0529	0.0961	1.3962634015954635e-05	0.0007155849933176752	0.0007243116395776468	1.11840379	54.23714447	1.05218059	0.03581509190774245	0.0180711	0.00185
0.0515	-0.0195	0.1368	-0.0003647738136668148	0.0007609635538695277	0.0006719517620178169	1.15017045	55.77767181	1.06763365	0.1036237442897226	0.0169294	0.00127
0.0489	-0.0171	0.1197	-0.00048171087355043494	0.0006667157742618339	0.000752236907609556	1.11353171	54.00086975	1.04655292	0.036673499254152656	0.0171219	0.00114
0.0481	-0.041	0.1067	-0.0002513274122871834	0.0006073745796940267	0.0007138396640656808	1.10599029	53.63514709	1.04690199	0.0541060949687467	0.0177776	0.00146
0.0533	-0.0057	0.1456	-0.0003822271061867582	0.000614355896702004	0.0006597344572538566	1.1378063	55.17807007	1.06437697	0.08899931088596881	0.0168284	0.00105
0.053	-0.0013	0.1265	-0.0005724679946541401	0.0005951572749300663	0.0008133234314293575	1.15106547	55.82107925	1.07630722	0.04195142422074104	0.0169859	0.00123
0.0487	-0.0159	0.1197	-0.00048345620280242926	0.0005654866776461627	0.0008133234314293575	1.11436725	54.04139328	1.04646004	0.03163411945678072	0.0168877	0.00121
0.0534	0.0195	0.1576	-0.0005462880558742252	0.0006754424205218055	0.0007417649320975902	1.1098516	53.82240677	1.05422841	0.09021730476396028	0.016842	0.00121
0.0536	0.0371	0.1347	-0.000736528944341607	0.0006806784082777885	0.0008395033702092724	1.1612221	56.31362534	1.08984853	0.05536076571675236	0.0167077	0.00092
0.0507	0.019	0.1045	-0.0005078908123303499	0.000577703982410123	0.0008203047484373349	1.13840556	55.20713043	1.06925319	0.068740558982543	0.0173381	0.00124
0.059	0.0454	0.1361	-0.0007138396640656808	0.0006702064327658224	0.0008080874436733745	1.12814307	54.70945358	1.06021877	0.08183343034274952	0.01641	0.00081
0.0636	0.1094	0.1918	-0.0011135200627723821	0.0009459684545809266	0.0006789330790257941	1.12950063	54.77528763	1.05427165	0.1645298392584693	0.0150559	0.00057
0.0578	0.0691	0.1187	-0.0011379546723003027	0.0006370451769779302	0.0008447393579652555	1.14721406	55.63430405	1.07640256	0.14415820830351891	0.0167174	0.0009
0.054	0.0275	0.107	-0.0007417649320975902	0.0005951572749300663	0.0008150687606813518	1.14413345	55.48490906	1.06559927	0.080487411976724	0.0173476	0.00127
0.0573	0.0617	0.1579	-0.0009354964790689606	0.0008133234314293575	0.0006387905062299246	1.1638453	56.44083786	1.07572962	0.11780879789610443	0.0164381	0.00084
0.0644	0.112	0.1971	-0.0013543754995475996	0.0009843656981248017	0.0006021385919380437	1.15910649	56.21102905	1.08094121	0.1279286600732982	0.0151064	0.00049
0.0584	0.0647	0.1125	-0.0012636183784438947	0.0006318091892219474	0.0009232791743050004	1.15598583	56.05969238	1.0850858	0.1761227106186758	0.0166777	0.00087
0.0551	0.0302	0.1148	-0.0009250245035569946	0.0006422811647339132	0.0008552113334772215	1.13016832	54.80766678	1.06319999	0.060956684561332235	0.0172448	0.00111
0.0612	0.0825	0.1908	-0.00119729586686811	0.0009250245035569946	0.000635299847725936	1.16479647	56.48696136	1.08410614	0.1731463093942741	0.0156306	0.00049
0.0607	0.1007	0.1546	-0.0014416419621473165	0.0008115781021773631	0.0007853981633974483	1.18459177	57.44694138	1.09748133	0.08029454061651754	0.0155785	0.00063
0.0573	0.0545	0.1202	-0.00124965574442794	0.0005951572749300663	0.000932005820564972	1.13568175	55.07503891	1.05932472	0.11175073510670984	0.0162559	0.00066
0.0555	0.0384	0.1221	-0.000926769832808989	0.0006056292504420323	0.000879645943005142	1.11432719	54.03944778	1.0503092	0.039085888234537354	0.0170164	0.00095
0.0608	0.0893	0.1971	-0.001270599695451872	0.000895353906273091	0.0007400196028455958	1.17110109	56.79270554	1.0790009	0.1698590429316744	0.0146954	0.0004
0.0606	0.0902	0.1394	-0.0014433872913993105	0.0006789330790257941	0.0008377580409572782	1.19781399	58.08815384	1.10738468	0.0831473430653209	0.015951	0.00053
0.056	0.0559	0.1178	-0.0011397000015522971	0.0005585053606381855	0.000874409955249159	1.13186836	54.89011002	1.05946646	0.08353834612632513	0.0159193	0.00056
0.0565	0.0454	0.1192	-0.0009128071987930344	0.0005916666164260777	0.0008569566627292158	1.09510446	53.10724258	1.03973488	0.026275367553354908	0.0164852	0.00069
0.0582	0.0929	0.1753	-0.0012356931104119853	0.0008726646259971648	0.0006894050545377602	1.15177917	55.85569	1.06482777	0.1438717764690747	0.015098	0.00044
0.0639	0.108	0.157	-0.0015166911199830724	0.0007609635538695277	0.0007993607974134029	1.16280603	56.39043427	1.08358275	0.06423274122871836	0.0147207	0.00046
0.0572	0.0678	0.1186	-0.001270599695451872	0.0006649704450098395	0.0008813912722571365	1.12231648	54.42689133	1.05295846	0.10650575041173112	0.0156602	0.00049
0.0571	0.0584	0.1293	-0.0010035643198967395	0.0007400196028455958	0.0008325220532012951	1.11663997	54.15160751	1.05209708	0.03974768762233651	0.0159612	0.00068
0.0637	0.1149	0.2031	-0.0013334315485236678	0.0011187560505283654	0.0006911503837897545	1.16590095	56.54052353	1.07424852	0.17939876728606197	0.0143248	0.00033
0.0648	0.1066	0.1498	-0.0014014993893514465	0.000890117918517108	0.0008691739674931761	1.16631353	56.56053162	1.08372873	0.0864364778271229	0.0151016	0.00049
0.061	0.0707	0.12	-0.001090830782496456	0.0006981317007977319	0.0009389871375729493	1.11610389	54.12561035	1.05493142	0.098123399732707	0.0153868	0.00054
0.0587	0.0672	0.1375	-0.0009581857593448868	0.0008272860654453122	0.0008621926504851988	1.11451912	54.04875565	1.04783929	0.040229693744345006	0.015981	0.00068
0.0624	0.121	0.2056	-0.0013177235852557187	0.0010925761117484504	0.0006667157742618339	1.16582036	56.53661728	1.07124749	0.1666152374218667	0.0148343	0.00032
0.06	0.1024	0.1375	-0.0014660765716752368	0.0007592182246175333	0.0007888888219014368	1.17072427	56.77443314	1.08418631	0.11929419605950188	0.0152956	0.00045
0.0569	0.0746	0.1247	-0.0011047934165124105	0.0006894050545377602	0.0008342673824532895	1.10068858	53.37804413	1.04695892	0.0675237442897226	0.0158517	0.00055
0.0581	0.0867	0.1506	-0.001064650843716541	0.0008168140899333463	0.0008168140899333463	1.1196264	54.2964325	1.05072031	0.04845024503556994	0.0153517	0.00048
0.0611	0.1318	0.1846	-0.0013945180723434693	0.0010070549784007281	0.000752236907609556	1.17952847	57.20139313	1.08426444	0.111334264970905	0.014322	0.0004
0.0562	0.0931	0.1217	-0.0012409290981679683	0.0007330382858376184	0.0008761552845011534	1.17720902	57.08890915	1.08227643	0.1340762021815104	0.0150728	0.00052
0.0597	0.0993	0.1535	-0.0012077678423800758	0.0007923794804054256	0.0008656833089891874	1.12678552	54.64361572	1.06209782	0.04664872129338327	0.0144674	0.00036
0.066	0.1355	0.2039	-0.001626646862858715	0.0010140362954087054	0.0007976154681614085	1.14782119	55.66374207	1.06588066	0.12833018381548492	0.0134434	0.00023
0.0606	0.0979	0.152	-0.0016126842288427606	0.0007888888219014368	0.000900589894029074	1.1511246	55.82394409	1.06928888	0.11200422666954445	0.0144388	0.00032
0.0581	0.0852	0.1552	-0.001504473815219112	0.0008115781021773631	0.0008429940287132613	1.12761462	54.68382645	1.04652445	0.0278247779607694	0.0143252	0.00027
0.0662	0.1418	0.2322	-0.0019111355309337906	0.0010873401239924673	0.0007696902001294993	1.14725602	55.63633728	1.06059205	0.17948637830567724	0.0130371	0.0002
0.0625	0.1405	0.1937	-0.0019111355309337906	0.0009232791743050004	0.000757472895365539	1.12111819	54.36877823	1.05671983	0.052313912722571326	0.0135493	0.00028
0.0545	0.0955	0.154	-0.0013264502315156904	0.0007888888219014368	0.00062482787221397	1.16379559	56.43842316	1.07161332	0.13528603374866166	0.0152454	0.00043
0.0598	0.1374	0.2139	-0.0017435839227423352	0.0010471975511965976	0.0006126105674500097	1.17124236	56.79955673	1.0657839	0.1414829862642883	0.0133969	0.00023
0.0589	0.1655	0.2201	-0.002038544566329377	0.0009965830028887623	0.000577703982410123	1.13375509	54.98160553	1.06520673	0.054224088846738176	0.0131751	0.00017
0.0554	0.1213	0.1649	-0.0016929693744344998	0.0006998770300497262	0.0006894050545377602	1.11895239	54.26374817	1.05767735	0.14059911184307752	0.0139897	0.00023
0.0523	0.1166	0.1777	-0.001635373509118687	0.0008028514559173916	0.0006422811647339132	1.11661994	54.15063858	1.04610487	0.03098470904936627	0.0141804	0.00027
0.059	0.1766	0.2537	-0.0021223203704251047	0.0011222467090323538	0.0005131268000863328	1.15310955	55.92020416	1.06412471	0.189474823953448	0.0124463	0.00018
0.0596	0.1813	0.2151	-0.002305579941884509	0.0008325220532012951	0.000598647933434055	1.12858427	54.73085022	1.0564916	0.07182526803190921	0.0126089	0.00021
0.0535	0.1279	0.1622	-0.001748819910498318	0.0006632251157578452	0.0006771877497737998	1.12941051	54.77091599	1.05793038	0.15262983925846926	0.0137699	0.00027
0.0549	0.1316	0.1883	-0.0015987215948268059	0.0007906341511534313	0.00062482787221397	1.12537289	54.57511139	1.05043302	0.047693361431346365	0.0135152	0.00029
0.0613	0.1911	0.2473	-0.0020943951023931952	0.0010471975511965976	0.00045902159327450867	1.18406451	57.42136765	1.07752046	0.17080215932745088	0.0126728	0.00019
0.0547	0.1587	0.1681	-0.0020420352248333657	0.0006562437987498679	0.0006108652381980154	1.15118933	55.82708359	1.06923183	0.14795786374650327	0.0131571	0.00026
0.055	0.1361	0.1752	-0.0016755160819145565	0.0007120943348136865	0.000614355896702004	1.10933518	53.79736328	1.0487163	0.05129301687433083	0.0138376	0.00035
0.0563	0.1854	0.2469	-0.0020350539078253884	0.00102799892942466	0.0004014257279586958	1.15431523	55.97867203	1.07055739	0.1667186294632557	0.0128487	0.00022
0.0502	0.1554	0.1662	-0.002045525883337354	0.0006649704450098395	0.0005166174585903216	1.18176138	57.30968094	1.0882643	0.1412346095279206	0.0140671	0.00031
0.0502	0.136	0.1782	-0.0018605209826259553	0.0006597344572538566	0.0005515240436302081	1.11406338	54.0266571	1.04580184	0.04265737367536342	0.0135031	0.0002
0.0549	0.1772	0.2482	-0.0021170843826691216	0.000932005820564972	0.0003892084231947355	1.12892938	54.74758148	1.05746331	0.1504575191894877	0.0127866	0.00022
0.0461	0.1595	0.1682	-0.0021327923459370708	0.0006108652381980154	0.0004188790204786391	1.18439388	57.4373436	1.09941209	0.12482595714594048	0.0139023	0.00029
0.0463	0.1385	0.1632	-0.001895427567665842	0.0005288347633542819	0.0004572762640225143	1.12732661	54.66985703	1.04874921	0.04408962483294185	0.0138879	0.00035
0.0526	0.1975	0.2456	-0.002373647782712288	0.0008360127117052838	0.00027576202181510406	1.1455723	55.55468369	1.06329485	0.1960456202802429	0.0124875	0.00019
0.0465	0.1825	0.1888	-0.0023649211364523163	0.0006318091892219474	0.00027925268031909274	1.12826025	54.71513367	1.05922964	0.08872104136236486	0.0133046	0.00026
0.0461	0.1428	0.1608	-0.0019582594207376374	0.0005497787143782138	0.0004415683007545654	1.12664628	54.63686752	1.05659274	0.10065039054969424	0.0138721	0.00023
0.0527	0.1854	0.2297	-0.002190388211252884	0.0007941248096574199	0.00038048177693476387	1.15337944	55.93329239	1.06605475	0.14497807048071268	0.0124995	0.00018
0.0519	0.2115	0.2164	-0.0023788837704682713	0.0007696902001294993	0.0003630284844148205	1.12532151	54.57262039	1.06524284	0.05171917306316254	0.0125872	0.00016
0.0462	0.1676	0.162	-0.00205599785884932	0.0005393067388662478	0.0004363323129985824	1.14346766	55.45262146	1.05867042	0.1353286600732982	0.0135403	0.00018
0.0482	0.1566	0.1656	-0.0019146261894377795	0.000598647933434055	0.000439822971502571	1.11432838	54.03950882	1.03732963	0.026810176124166824	0.0136939	0.00027
0.0528	0.2032	0.2156	-0.0023404865269243957	0.0007435102613495844	0.00028623399732707005	1.13940418	55.25556183	1.05314774	0.13741558197888235	0.0124336	0.0002
0.0549	0.2318	0.2247	-0.0025289820861397836	0.0008185594191853405	0.000291469985083053	1.09714723	53.20630646	1.03538422	0.05323903524035636	0.0121957	0.0002
0.0494	0.1855	0.1622	-0.0022078415037728267	0.000582939970166106	0.0004799655442984406	1.13431001	55.00851822	1.05732068	0.15156277953007893	0.0133398	0.00023
0.0491	0.1666	0.1656	-0.001973967384005587	0.0006527531402458793	0.0005113814708343385	1.11719537	54.17854309	1.03992461	0.039355160819145536	0.0136247	0.00034
0.0541	0.1892	0.1949	-0.0020943951023931952	0.0006946410422937432	0.0005044001538263612	1.12184763	54.40415192	1.045629	0.06536484687217248	0.0131294	0.00023
0.0588	0.2496	0.2427	-0.0023963370629882146	0.0009250245035569946	0.0003351032163829112	1.09307969	53.00904846	1.02897282	0.14798111796508603	0.0121165	0.00017
0.0548	0.2299	0.181	-0.0023492131731843676	0.0006824237375297829	0.0004729842272904633	1.12403095	54.51003265	1.04795007	0.10678028333693054	0.0128672	0.00017
0.0516	0.1921	0.167	-0.002036799237077382	0.0007033676885537148	0.000593411945678072	1.11247218	53.94948959	1.03929314	0.07768928027592627	0.0132928	0.00024
0.0548	0.1895	0.1763	-0.001864011641129944	0.0006946410422937432	0.0006789330790257941	1.10946333	53.80357742	1.03617159	0.02845176877775659	0.0130177	0.00016
0.0582	0.2419	0.2234	-0.002054252529597326	0.0009250245035569946	0.0005637413483941684	1.09183192	52.94853592	1.02933833	0.12969080401811292	0.0123623	0.00014
0.0555	0.2498	0.2047	-0.002237512101056731	0.0008098327729253688	0.0005637413483941684	1.12241948	54.43188477	1.04851716	0.04422256510455152	0.0122996	0.00018
0.0527	0.2101	0.1717	-0.0020210912738094335	0.0006544984694978735	0.0006789330790257941	1.12359226	54.48875809	1.04458726	0.09984734306532089	0.0135814	0.00033
0.0541	0.2292	0.1892	-0.0019844393595175526	0.0007016223593017205	0.0006981317007977319	1.11292553	53.97147369	1.03690744	0.04314872129338328	0.012675	0.00016
0.0586	0.2772	0.2352	-0.0021519909677090087	0.0008709192967451704	0.0005811946409141118	1.08780241	52.75312805	1.02312395	0.1211892802759263	0.0118089	0.00015
0.0537	0.2402	0.1728	-0.0019303341527057286	0.0006161012259539982	0.0007225663103256524	1.13162911	54.87850952	1.04813714	0.13519232776029963	0.0129217	0.00021
0.0521	0.2127	0.1674	-0.0017208946424664088	0.0006684611035138282	0.000731292956585624	1.11225545	53.9389801	1.03509713	0.04802630170295608	0.0133939	0.00024
0.0577	0.2448	0.2209	-0.001998401993533507	0.0008168140899333463	0.0005969026041820607	1.11998069	54.31361389	1.04311315	0.11921253449450898	0.0122013	0.00016
0.0588	0.2538	0.2296	-0.0020734511513692635	0.0007766715171374765	0.0006963863715457374	1.07874775	52.31401825	1.02385863	0.02953377489976516	0.0120743	0.00017
0.0536	0.2041	0.1743	-0.0017941984710501708	0.0005707226654021458	0.0007923794804054256	1.13354087	54.97121811	1.04895091	0.1392597320457056	0.0128794	0.00023
0.0511	0.194	0.174	-0.0017086773377024485	0.0005864306286700947	0.0006981317007977319	1.1052599	53.59972763	1.03046033	0.022673843811168264	0.0130284	0.00019
0.0589	0.2374	0.2458	-0.0020856684561332234	0.0008429940287132613	0.000598647933434055	1.1365397	55.11664581	1.04844671	0.15965191429188091	0.0116517	0.00014
0.0558	0.2354	0.2153	-0.002181661564992912	0.0007033676885537148	0.0005916666164260777	1.1043427	53.55524826	1.03652634	0.047730038301360606	0.0122536	0.00017
0.0477	0.19	0.1724	-0.0018867009214058703	0.0005358160803622592	0.0006841690667817771	1.13276601	54.93363953	1.05383567	0.1241507351067098	0.0134144	0.00023
0.0509	0.1998	0.2057	-0.001891936909161853	0.0006213372137099814	0.0006492624817418905	1.13126028	54.86062241	1.0498084	0.05258318530717958	0.0131454	0.0002
0.053	0.2479	0.2545	-0.00214850030920502	0.0008168140899333463	0.00047822021504644627	1.10976577	53.81824493	1.04155205	0.1301541271480988	0.0124667	0.00016
0.0464	0.2036	0.177	-0.0019442967867216831	0.0005393067388662478	0.000640535835481919	1.15675437	56.09695816	1.06692678	0.1606013246992954	0.0136485	0.00029
0.0462	0.1871	0.1783	-0.0016877333866785165	0.0005183627878423159	0.000635299847725936	1.10940278	53.80064011	1.03676775	0.03213716694115409	0.0133321	0.00025
0.0556	0.2409	0.2584	-0.002131047016685076	0.000726056968829641	0.00046949356878647465	1.14270747	55.41575241	1.05800725	0.18414070449666736	0.0119894	0.00016
0.0551	0.252	0.2222	-0.0022060961745208325	0.0006161012259539982	0.0005550147021341969	1.09851956	53.27285767	1.03906168	0.061326301702956075	0.0123779	0.00027
0.046	0.2223	0.178	-0.0021101030656611444	0.0004677482395344803	0.0005794493116621174	1.1213969	54.38229752	1.0462043	0.09643903524035635	0.0130209	0.00027
0.0464	0.2289	0.1875	-0.0019495327744776662	0.0005951572749300663	0.0005497787143782138	1.10686457	53.67754745	1.03588308	0.03238249619314839	0.0127158	0.0002
0.0533	0.2857	0.2613	-0.002261946710584651	0.0009023352232810684	0.0004415683007545654	1.11369801	54.00893784	1.03840975	0.1738901149040818	0.0117404	0.00017
0.0481	0.2732	0.2064	-0.002310815929640492	0.0005864306286700947	0.000445058959258554	1.12727118	54.66716766	1.04852484	0.09101322360854018	0.0124153	0.00021
0.0449	0.2382	0.1767	-0.0020804324683772408	0.0005480333851262194	0.0005340707511102648	1.11835039	54.23455429	1.0365066	0.08578962483294188	0.0129749	0.00022
0.0489	0.259	0.2078	-0.002155481626212997	0.0006073745796940267	0.00045553093477052	1.11520815	54.08217239	1.03341219	0.06654650843716545	0.0120595	0.00015
0.0503	0.3016	0.2474	-0.0024015730507441976	0.0007976154681614085	0.00028099800957108706	1.0904845	52.88319397	1.0274816	0.11414326190990072	0.0117287	0.00016
0.046	0.2656	0.178	-0.002197369528260861	0.0005445427266222308	0.0004468042885105483	1.13537848	55.06033325	1.04822811	0.14085412714809875	0.0122699	0.00017
0.0474	0.2602	0.176	-0.0020315632493213996	0.0005724679946541401	0.000445058959258554	1.10155833	53.42021942	1.02244073	0.01857384381116827	0.012564	0.0002
0.0561	0.3183	0.2495	-0.0024731315500759648	0.0008621926504851988	0.00039793506945470715	1.13861775	55.21742249	1.04388101	0.17922084231947355	0.0113922	0.00015
0.053	0.3354	0.2364	-0.002581341963699613	0.0008307767239493009	0.00033335788713091696	1.08383346	52.56064987	1.01784103	0.04351017612416678	0.0115788	0.00014
0.0483	0.2934	0.1781	-0.002408554367752175	0.0005585053606381855	0.0004520402762665313	1.13404405	54.99562073	1.04516776	0.13318706741970834	0.0124171	0.0002
0.0493	0.2797	0.1798	-0.0022043508452688383	0.0005724679946541401	0.0004991641660703782	1.09936869	53.31403351	1.02183143	0.029664502315156868	0.0119715	0.00019
0.0517	0.3126	0.2237	-0.0022846359908605773	0.0007557275661135446	0.0004520402762665313	1.09182036	52.94797897	1.02214414	0.09473343034274953	0.0114889	0.00011
0.0497	0.34	0.2356	-0.002541199390903744	0.0008552113334772215	0.0003438298626428829	1.11958385	54.29436874	1.03733693	0.06451287905152463	0.0112895	0.00014
0.0449	0.3002	0.1734	-0.0023387411976724015	0.0005497787143782138	0.00042935099599060504	1.13912177	55.24186325	1.0467126	0.13647059728390362	0.0121571	0.00017
0.0468	0.2933	0.181	-0.0021467549799530253	0.0005550147021341969	0.00045553093477052	1.10758698	53.71258163	1.02113811	0.027570107212763727	0.0120955	9e-05
0.0541	0.3465	0.2437	-0.0024068090385001802	0.0008761552845011534	0.00033335788713091696	1.10482824	53.57879639	1.0251632	0.15836838442768572	0.0110385	0.00014
0.0537	0.3501	0.215	-0.0025254914276357948	0.0007086036763096977	0.0003892084231947355	1.12466538	54.54079819	1.04365724	0.04980422666954449	0.0114346	0.00011
0.0473	0.3029	0.17	-0.0022410027595607188	0.0005532693728822024	0.0004537856055185257	1.12515128	54.56436539	1.03642467	0.12382000769131805	0.0123839	0.00022
0.0554	0.3208	0.2174	-0.002288126649364566	0.0006876597252857658	0.0004415683007545654	1.12356782	54.48757553	1.03654964	0.08308657734856852	0.0114878	0.00015
0.0552	0.3594	0.2413	-0.002553416695667704	0.0008203047484373349	0.0003473205211468716	1.07979715	52.36491013	1.02496936	0.08730914245312003	0.0110865	0.00012
0.0497	0.3045	0.1695	-0.0022410027595607188	0.0005166174585903216	0.0004468042885105483	1.13492787	55.03848267	1.04891567	0.16797924966588376	0.0123364	0.00016
0.0501	0.3039	0.1924	-0.0022008601867648495	0.0006056292504420323	0.00047123889803846896	1.11224675	53.93855667	1.02881448	0.031579448708775	0.0119084	0.00013
0.0563	0.365	0.2712	-0.002623229865747477	0.0009354964790689606	0.00038048177693476387	1.12866783	54.73489761	1.04157625	0.18824970143566305	0.010586	5e-05
0.0509	0.3343	0.1899	-0.002522000769131806	0.0005044001538263612	0.0005410520681182421	1.09477401	53.09121323	1.02819402	0.15204478565208743	0.0117498	0.0001
0.0462	0.3024	0.1765	-0.0021851522234969008	0.0004956735075663896	0.0005410520681182421	1.10560453	53.61644363	1.02586427	0.06727875959474386	0.0122574	0.00012
0.0519	0.3425	0.2385	-0.0023422318561763904	0.000752236907609556	0.00040317105721069014	1.14349961	55.45417023	1.03586392	0.1353762021815104	0.0111402	8e-05
0.0538	0.378	0.2399	-0.0026267205242514655	0.0007173303225696694	0.0003961897402027128	1.09670389	53.18480682	1.02746532	0.05511882850614694	0.0108132	0.00011
0.047	0.3275	0.1773	-0.0022549653935766737	0.00048345620280242926	0.0004991641660703782	1.10819805	53.7422142	1.02850524	0.15533018381548483	0.012046	0.00012
0.0478	0.3388	0.2046	-0.002239257430308725	0.000614355896702004	0.0004136430327226561	1.10116267	53.40103149	1.02293952	0.05100643952576225	0.0117685	0.00014
0.0543	0.4003	0.2664	-0.0026354471705114374	0.0009023352232810684	0.0003089232776029963	1.12728679	54.66792679	1.03442448	0.16924444109507186	0.0108145	6e-05
0.0494	0.3811	0.1839	-0.002562143341927676	0.0005358160803622592	0.0004363323129985824	1.09164226	52.9393425	1.01880264	0.13496160034490784	0.0113744	8e-05
0.0493	0.3476	0.1788	-0.0021624629432209744	0.0005654866776461627	0.0004921828490624009	1.08299446	52.51996613	1.01520134	0.06296007660272118	0.0114446	0.00011
0.0534	0.3941	0.2581	-0.0024609142453120045	0.0008848819307611251	0.00032812189937493397	1.11903393	54.2677002	1.0312462	0.16899537524467295	0.0106809	0.00013
0.0545	0.3902	0.1954	-0.00238237442897226	0.0006283185307179585	0.00048520153205442357	1.12348831	54.48371887	1.0426658	0.09230914245312004	0.0108643	0.00014
0.0492	0.3605	0.1698	-0.0021013764194011725	0.0005515240436302081	0.0005201081170943102	1.06624544	51.7077179	0.99871649	0.08023495408493622	0.0112574	0.00011
0.051	0.3767	0.2157	-0.0021519909677090087	0.0007801621756414653	0.0003944444109507184	1.09437764	53.07199097	1.01533189	0.08414581932313424	0.0111662	7e-05
0.0534	0.3999	0.2165	-0.0025987952562195565	0.0007487462491055673	0.00038048177693476387	1.13097501	54.8467865	1.04695565	0.051009142453120014	0.0110353	0.00014
0.0498	0.3619	0.1718	-0.0023422318561763904	0.0005340707511102648	0.0005026548245743669	1.10639608	53.65482712	1.02234975	0.11597059728390356	0.0113101	8e-05
0.0507	0.3716	0.2091	-0.002253220064324679	0.0007435102613495844	0.0004380776422505767	1.09708762	53.20341492	1.02374188	0.06605142422074105	0.0112674	0.00014
0.0515	0.4086	0.2535	-0.0026162485487395003	0.0009389871375729493	0.0003193952531149623	1.11190462	53.92196655	1.02856514	0.11605938748869006	0.010462	9e-05
0.0518	0.3735	0.1771	-0.0024923301718479027	0.0006230825429619757	0.0005532693728822024	1.12234926	54.42848206	1.03365279	0.14548485456349056	0.0117775	0.00015
0.0508	0.3477	0.178	-0.002234021442552742	0.0006038839211900379	0.0005323254218582705	1.08973742	52.84696579	1.01091563	0.0426225651045515	0.0113302	6e-05
0.0534	0.359	0.2054	-0.0021991148575128553	0.0007190756518216638	0.0005218534463463045	1.05614686	51.21798325	1.00562698	0.04932851455917392	0.011559	7e-05
0.0556	0.4149	0.2642	-0.0026529004630313807	0.0010576695267085637	0.00034557519189487725	1.0935359	53.03117371	1.01662784	0.16533288674284263	0.010552	9e-05
0.06	0.435	0.2301	-0.002886774582798621	0.0008587019919812101	0.0004206243497306334	1.07748091	52.25258255	1.00711944	0.08399454061651751	0.0106662	0.0001
0.0565	0.3938	0.1783	-0.0027244589623631483	0.0006213372137099814	0.0005794493116621174	1.0812465	52.43519592	1.00522239	0.1244252680319093	0.010916	0.0001
0.0512	0.3498	0.1724	-0.0021956241990088664	0.000593411945678072	0.0005619960191421741	1.07881284	52.317173	1.01164407	0.08391066619530668	0.0118809	0.00016
0.053	0.3511	0.1951	-0.0020280725908174107	0.0007138396640656808	0.0005358160803622592	1.09684503	53.19164658	1.01912768	0.04150796326794898	0.0122548	0.00018
0.0561	0.4157	0.2553	-0.002356194490192345	0.0010681415022205296	0.00041015237421866745	1.13033521	54.81575775	1.02869807	0.16830437218366873	0.0111148	0.0001
0.0566	0.4327	0.2211	-0.00266860842629933	0.0007993607974134029	0.0005759586531581287	1.07999039	52.37428284	1.01389924	0.08905004599267864	0.0107002	0.0001
0.0519	0.3884	0.1487	-0.0015847589608108511	0.0004747295565424576	0.0008395033702092724	1.12573171	54.59251022	1.04410929	0.20500127117052833	0.012858	0.00024
0.0578	0.4063	0.1863	-0.002064724505109292	0.0009861110273767962	0.0007504915783575615	1.11951351	54.2909584	1.03424004	0.11541794034922448	0.0113309	0.00011
0.0649	0.457	0.2348	-0.0024260076602721182	0.0012409290981679683	0.0005515240436302081	1.10023713	53.35615158	1.01224762	0.1470534380340676	0.0102686	0.0001
0.0633	0.4394	0.1962	-0.002490584842595908	0.0009512044423369096	0.0007347836150896127	1.0650748	51.65094757	0.99768151	0.08467807048071267	0.0106833	8e-05
0.0583	0.3824	0.1685	-0.002015855286053451	0.0009093165402890458	0.0007435102613495844	1.07658088	52.2089386	1.01097843	0.11596720524251464	0.0117567	0.00018
0.0588	0.379	0.1878	-0.0018884462506578647	0.001001818990644745	0.0006946410422937432	1.08058202	52.40297318	1.00863136	0.036639035240356325	0.0115868	0.00012
0.0649	0.4198	0.2476	-0.002228785454796759	0.0013334315485236678	0.0006318091892219474	1.11206925	53.92995071	1.02082157	0.1434391807544806	0.0105392	0.00011
0.0642	0.3986	0.1913	-0.002237512101056731	0.0009564404300928925	0.0007417649320975902	1.07268918	52.02021027	1.00380099	0.10298367537831948	0.0106841	0.00013
0.0571	0.3531	0.1702	-0.0018186330805780916	0.0009145525280450286	0.000726056968829641	1.0903306	52.87573242	1.01064035	0.09752374428972259	0.0120993	0.0002
0.0591	0.3683	0.2025	-0.0019408061282176943	0.001064650843716541	0.0006928957130417488	1.10412884	53.5448761	1.02019894	0.06477163095495038	0.0118569	0.00024
0.0654	0.4136	0.2425	-0.002258456052080662	0.0012426744274199627	0.0006806784082777885	1.11168492	53.9113121	1.02385634	0.11699454061651748	0.0102753	9e-05
0.0621	0.3783	0.1792	-0.0021572269554649913	0.0008464846872172499	0.0007801621756414653	1.08219707	52.48129272	1.00796182	0.131745130209103	0.0112613	0.00014
0.0596	0.3575	0.1781	-0.0019093902016817967	0.0009180431865490173	0.0007470009198535729	1.07440221	52.10328293	1.00721879	0.04202782544514276	0.0117241	0.00019
0.0613	0.4097	0.242	-0.002256710722828668	0.0012339477811599909	0.0005969026041820607	1.10972679	53.81635284	1.02347919	0.15846617157146786	0.0105082	9e-05
0.0634	0.4267	0.2209	-0.002384119758224254	0.0010786134777324957	0.0007033676885537148	1.07982481	52.36624908	1.01198863	0.05966042115973676	0.0104936	8e-05
0.0611	0.3806	0.1733	-0.0019163715186897737	0.000905825881785057	0.0007679448708775049	1.09040666	52.87941742	1.01198139	0.13125565089028543	0.0114052	0.00015
0.0603	0.3941	0.2012	-0.0019233528356977512	0.001001818990644745	0.0007592182246175333	1.0903064	52.8745575	1.00740166	0.04778505360638184	0.0110767	0.0001
0.0661	0.4535	0.2521	-0.0023387411976724015	0.0013177235852557187	0.000661479786505851	1.10527301	53.60036469	1.01731409	0.1575515697348653	0.0102802	6e-05
0.0629	0.4402	0.1933	-0.0023387411976724015	0.0009686577348568529	0.0007853981633974483	1.06614316	51.70275497	0.99792601	0.0989492113645232	0.0107219	7e-05
0.0582	0.3919	0.1708	-0.0018465583486100008	0.0009180431865490173	0.0008011061266653974	1.08170199	52.45728683	1.00464485	0.1034252680319092	0.0121073	0.0001
0.0583	0.4057	0.1962	-0.0019303341527057286	0.0010454522219446034	0.0007679448708775049	1.09206665	52.95991898	1.0081503	0.0515173047639603	0.0117191	0.00012
0.0633	0.4697	0.2634	-0.0024748768793279594	0.0013857914260834976	0.0006702064327658224	1.11574006	54.10796356	1.01735901	0.1853310184436404	0.0103926	9e-05
0.0641	0.4625	0.2054	-0.00244695161129605	0.0009843656981248017	0.0008639379797371932	1.0585041	51.33229828	0.99647119	0.0971541271480988	0.0108712	0.00014
0.0577	0.4161	0.1708	-0.001980948701013564	0.0008970992355250854	0.000778416846389471	1.09168553	52.94143677	1.0129665	0.1193395253114962	0.0117174	0.00012
0.0572	0.4186	0.1957	-0.0019181168479417679	0.0010053096491487337	0.0007452555906015787	1.08062971	52.40528488	1.0093876	0.038110176124166846	0.0113882	0.00013
0.0654	0.4797	0.2582	-0.0024050637092481865	0.001282817000215832	0.0006178465552059926	1.11527884	54.08560181	1.01789854	0.17639316238845512	0.0100966	6e-05
0.064	0.4725	0.2082	-0.002457423586808016	0.0009965830028887623	0.0007417649320975902	1.05766904	51.29180527	0.98965067	0.08172561258892487	0.0102772	6e-05
0.0591	0.4234	0.1728	-0.00205599785884932	0.0008674286382411819	0.0007993607974134029	1.05716813	51.26750946	0.99576226	0.1188087978961044	0.0113723	0.00014
0.0583	0.4278	0.1944	-0.002033308578573394	0.0009407324668249436	0.000731292956585624	1.06813323	51.79926682	0.99766803	0.03500304748437335	0.0113016	0.00014
0.0627	0.4849	0.2543	-0.0025115287936198403	0.001298524963483781	0.0006702064327658224	1.09457397	53.08151245	1.00798225	0.16625496177625432	0.010164	5e-05
0.0607	0.4668	0.1937	-0.002452187599052033	0.000973893722612836	0.000778416846389471	1.05400383	51.11405945	0.98567863	0.10530914245312008	0.0107299	0.00011
0.0573	0.4266	0.1696	-0.001963495408493621	0.0009023352232810684	0.000731292956585624	1.06653535	51.72177887	0.99944961	0.09806872898470136	0.0113116	0.00011
0.06	0.4369	0.2014	-0.0019024088846738192	0.00102799892942466	0.0007033676885537148	1.08719027	52.72344208	1.00659836	0.05553377489976515	0.0108786	0.00015
0.0633	0.4919	0.2569	-0.002186897552748895	0.0012723450247038664	0.0007452555906015787	1.10567343	53.61978531	1.0108211	0.14233613327010733	0.00979376	6e-05
0.0583	0.4477	0.1737	-0.002040289895581371	0.0009075712110370514	0.0008831366015091308	1.09513664	53.1088028	1.01644843	0.16486312408709458	0.0111951	0.00011
0.0592	0.4231	0.1797	-0.0017575465567582897	0.0009407324668249436	0.000879645943005142	1.07799149	52.27734375	1.0104991	0.04746976265574814	0.0110263	9e-05
0.0627	0.4845	0.2552	-0.0022078415037728267	0.0013840460968315032	0.0006702064327658224	1.11597478	54.11935043	1.0183731	0.19555240436302085	0.00959587	4e-05
0.0643	0.4881	0.2092	-0.002333505209916419	0.0010576695267085637	0.0007976154681614085	1.05502605	51.16363144	0.9900916	0.08017246558310585	0.00970435	6e-05
0.0582	0.442	0.1693	-0.0019495327744776662	0.0008936085770210966	0.0008115781021773631	1.07068312	51.92292404	0.99721492	0.12019980095710868	0.0109136	0.0001
0.0589	0.4467	0.1914	-0.001932079481957723	0.0009983283321407565	0.0007853981633974483	1.09026444	52.87252045	1.00322901	0.034917649320975845	0.0106813	0.0001
0.0622	0.5087	0.2526	-0.002319542575900464	0.0013037609512397642	0.0006981317007977319	1.0999788	53.3436203	1.00617933	0.1655081087820733	0.00972492	5e-05
0.0601	0.4768	0.1865	-0.0021676989309769574	0.0009861110273767962	0.0008447393579652555	1.0692234	51.8521347	0.99313152	0.1309050612976999	0.0106649	0.0001
0.0577	0.4383	0.1673	-0.001839577031602023	0.0009250245035569946	0.0008621926504851988	1.07429576	52.09811783	1.00212221	0.08043308578573394	0.0111862	0.00013
0.0605	0.4518	0.208	-0.001956514091485643	0.0011013027580084218	0.0007853981633974483	1.09473002	53.08908081	1.0080837	0.07550049007113982	0.010529	9e-05
0.0657	0.5107	0.259	-0.002256710722828668	0.0013404128655316449	0.0007278022980816354	1.07681668	52.22037125	1.00026456	0.14494513020910313	0.00969183	5e-05
0.0597	0.4732	0.1762	-0.002155481626212997	0.0008936085770210966	0.000783652834145454	1.1065886	53.6641655	1.01899686	0.1564941960595019	0.0107183	0.00012
0.0567	0.4409	0.1718	-0.001864011641129944	0.0009180431865490173	0.0007993607974134029	1.08078587	52.41286087	0.99783707	0.056280627893946125	0.0113474	0.00013
0.0612	0.4869	0.2333	-0.002150245638457014	0.001192059879112127	0.000710349005561692	1.09784591	53.2401886	1.01123827	0.14446312408709447	0.0102963	7e-05
0.0652	0.517	0.2335	-0.002305579941884509	0.0011571532940722405	0.000736528944341607	1.04241514	50.5520668	0.98722765	0.04512104136236484	0.0102225	7e-05
0.0561	0.473	0.1733	-0.002038544566329377	0.0008639379797371932	0.0007871434926494425	1.10795915	53.73063278	1.02005664	0.14384326190990082	0.0110701	8e-05
0.0573	0.4662	0.1786	-0.0018238690683340744	0.0009232791743050004	0.0008080874436733745	1.07216179	51.99463272	0.99463723	0.028048032179352048	0.0105661	0.00012
0.063	0.5306	0.2571	-0.002143264321449037	0.0012793263417118436	0.000736528944341607	1.09113264	52.91462326	1.00390303	0.1859500459926786	0.00932884	4e-05
0.0622	0.5394	0.224	-0.002282890661608583	0.0011362093430483087	0.0007557275661135446	1.04855311	50.84972382	0.98331957	0.05779709802975096	0.00987673	0.00011
0.0595	0.4933	0.167	-0.0019512781037296606	0.0009075712110370514	0.0008517206749732328	1.10263813	53.47258377	1.01170908	0.13861218993749339	0.0114012	0.00012
0.0597	0.4867	0.1744	-0.0019093902016817967	0.0009529497715889039	0.0008063421144213803	1.07032025	51.90532684	0.99286484	0.02083225115757844	0.0104482	7e-05
0.0642	0.5332	0.23	-0.0021851522234969008	0.0012112585008840647	0.0007208209810736582	1.06381917	51.59005737	0.99397904	0.1375795942228993	0.00957465	7e-05
0.0647	0.5643	0.2267	-0.002305579941884509	0.0013439035240356337	0.0007138396640656808	1.0734334	52.0562973	0.98740315	0.04790270292735775	0.00980085	7e-05
0.0669	0.5248	0.1651	-0.002106612407157156	0.0010053096491487337	0.000921533845053006	1.09829497	53.26196289	1.00446501	0.14056277953007892	0.0107292	0.00017
0.0641	0.5056	0.1711	-0.0018570303241219666	0.0009948376736367678	0.0009180431865490173	1.07779026	52.26758575	0.99782357	0.04117723585255719	0.0101551	9e-05
0.0655	0.5346	0.2178	-0.001980948701013564	0.00124965574442794	0.0008080874436733745	1.07225418	51.99911118	0.99172205	0.10153460952792052	0.0102119	0.00012
0.0663	0.5671	0.2254	-0.002398082392240209	0.0012426744274199627	0.0007801621756414653	1.10548687	53.61073685	1.01769653	0.06350201381332664	0.00991774	0.0001
0.0632	0.5237	0.1707	-0.002171189589480946	0.0009581857593448868	0.0009337511498169664	1.08802271	52.7638092	1.00393164	0.13444852225049195	0.0103121	4e-05
0.0641	0.518	0.191	-0.0021589722847169856	0.0009808750396208131	0.0008866272600131194	1.0593183	51.37178802	0.98887597	0.031001523742186725	0.0105696	0.00012
0.0667	0.5635	0.2764	-0.002816961412718848	0.001420698011123384	0.0007120943348136865	1.11806369	54.22065353	1.01355219	0.19711725123519325	0.00956148	6e-05
0.0655	0.5509	0.2126	-0.002895501229058593	0.001085594794740473	0.0008098327729253688	1.10911429	53.7866478	1.01587541	0.10316907354171692	0.00980043	0.00011
0.064	0.5298	0.2103	-0.0026040312439755396	0.0010454522219446034	0.0007976154681614085	1.0557456	51.19852829	0.97581725	0.042091493132144074	0.00959039	5e-05
0.0658	0.5395	0.2322	-0.0024836035255879313	0.0012426744274199627	0.0008220500776893293	1.04180491	50.52246857	0.97547402	0.05050422666954434	0.00976408	9e-05
0.0687	0.5872	0.2778	-0.0027977627909469105	0.0015219271077390555	0.0007714355293814937	1.0791502	52.33353424	0.99312903	0.12840132469929547	0.00952905	8e-05
0.067	0.5592	0.2092	-0.0026912977065752563	0.0011519173063162574	0.0009686577348568529	1.08088911	52.41786575	0.99261963	0.13198485456349057	0.00978953	3e-05
0.066	0.5268	0.2025	-0.0022148228207808044	0.0010786134777324957	0.0009721483933608416	1.03751016	50.31419754	0.97401341	0.06776346864411008	0.0102518	0.00011
0.0646	0.5436	0.2245	-0.002209586833024821	0.0012671090369478833	0.0008761552845011534	1.06142759	51.47407532	0.9789735	0.05468623279155288	0.0105552	0.00014
0.0705	0.6149	0.2883	-0.0027855454861829498	0.0015847589608108511	0.0007504915783575615	1.09290361	53.00050735	0.99708871	0.19196361415823443	0.00968015	4e-05
0.0694	0.6097	0.2345	-0.002998475654926258	0.0012147491593880533	0.0009616764178488756	1.05941916	51.37667465	0.98038588	0.09980624048287101	0.00957841	5e-05
0.0652	0.5644	0.2068	-0.002452187599052033	0.0010995574287564276	0.0009093165402890458	1.05531156	51.17747879	0.98011366	0.112891983203284	0.0103736	9e-05
0.067	0.582	0.2255	-0.002441715623540067	0.001218239817892042	0.0008813912722571365	1.0606308	51.43543625	0.98430104	0.04595398163397444	0.00979054	9e-05
0.0717	0.6446	0.2939	-0.0030281462522101614	0.0015393804002589986	0.0007592182246175333	1.09587204	53.14446259	0.99665318	0.18718721293383267	0.00896823	5e-05
0.0711	0.6334	0.2299	-0.00308399678827398	0.0010733774899765126	0.0009285151620609833	1.03737974	50.30787277	0.97232688	0.11035751918948772	0.0089978	5e-05
0.0671	0.5881	0.2095	-0.002769837522915001	0.0010890854532444615	0.0009128071987930344	1.04885912	50.8645668	0.97145876	0.08697875959474383	0.00955451	6e-05
0.0666	0.5771	0.2134	-0.002642428487519415	0.0010611601852125523	0.0009372418083209549	1.05404925	51.11626434	0.9717842	0.024388445647770807	0.00956184	6e-05
0.0672	0.5998	0.2292	-0.0026546457922833754	0.0011379546723003027	0.0009337511498169664	1.04260111	50.56108093	0.96750669	0.04372512251778499	0.00919855	5e-05
0.0703	0.652	0.2904	-0.003010692959690218	0.0014556045961632708	0.0008115781021773631	1.0399133	50.43073654	0.96605144	0.15629350694547073	0.00938493	5e-05
0.072	0.6782	0.2743	-0.0032969269570172887	0.0013631021458075715	0.0008220500776893293	1.05006206	50.92290497	0.97391849	0.0634604211597368	0.00887847	7e-05
0.0707	0.6467	0.2189	-0.0031555552876057474	0.0011205013797803594	0.0010157816246606998	1.04940677	50.89112473	0.96965006	0.11708519912050612	0.0090614	9e-05
0.0705	0.6051	0.2119	-0.0027523842303950577	0.0010576695267085637	0.0010402162341886204	1.02481031	49.69831467	0.96162633	0.07332187599052038	0.00887817	6e-05
0.0681	0.5871	0.2133	-0.002570869988187647	0.0010890854532444615	0.0009372418083209549	1.03648055	50.26426697	0.96334615	0.0375952297305487	0.00971383	8e-05
0.0713	0.637	0.2768	-0.002993239667170275	0.0013945180723434693	0.0008517206749732328	1.07196653	51.98516464	0.98154578	0.1572661715714679	0.00913274	6e-05
0.0754	0.7061	0.3077	-0.003450515931192789	0.0015550883635269475	0.0008325220532012951	1.03656006	50.26811981	0.95175907	0.1359522588488964	0.00848353	3e-05
0.075	0.6674	0.24	-0.003351032163829113	0.0011222467090323538	0.0009616764178488756	1.02360427	49.63983154	0.95003082	0.13987398932529246	0.00895309	5e-05
0.0695	0.6188	0.2102	-0.0029914943379182805	0.0010384709049366262	0.0009878563566287904	1.05265284	51.04854202	0.9727902	0.1073746784393237	0.00927448	5e-05
0.0731	0.6121	0.2252	-0.0029862583501622975	0.001054178868204575	0.0010035643198967395	1.04992652	50.91633224	0.96829824	0.0271325957145941	0.00914848	4e-05
0.0768	0.6568	0.2927	-0.0032166418114255493	0.0014364059743913332	0.0008866272600131194	1.05446315	51.13633347	0.97602623	0.15237738136668158	0.00887191	5e-05
0.0744	0.6727	0.2779	-0.0034452799434368064	0.001308996938995747	0.0008150687606813518	1.05737782	51.27767944	0.98074493	0.05448028333693049	0.00899166	5e-05
0.0718	0.6274	0.214	-0.00324107642095347	0.0010506882097005862	0.0009494591130849152	1.08192861	52.46827316	0.98979827	0.14164513020910302	0.00954384	9e-05
0.0708	0.6066	0.2274	-0.0029914943379182805	0.0010262536001726657	0.0009389871375729493	1.04447341	50.65188217	0.96825771	0.04942443340375372	0.00878882	3e-05
0.0756	0.64	0.29	-0.0031712632508736965	0.0013456488532876281	0.0008237954069413235	1.04452133	50.65420151	0.96581559	0.13151779483510015	0.00916594	4e-05
0.0654	0.6484	0.2471	-0.0028396506929947744	0.0011903145498601325	0.0006719517620178169	1.11557341	54.09988403	1.01790726	0.09343952531149617	0.00948781	9e-05
0.0702	0.6253	0.2106	-0.0029478611066184224	0.0009773843811168245	0.0008848819307611251	1.08738351	52.73281097	0.99954626	0.0911035375555132	0.00894618	8e-05
0.0698	0.6248	0.2342	-0.0028379053637427798	0.0011414453308042916	0.0007592182246175333	1.0272826	49.8182106	0.96468464	0.044484019935335	0.0090481	4e-05
0.0747	0.6673	0.2914	-0.003127630019573839	0.0014381513036433276	0.0006126105674500097	1.0578568	51.30090714	0.97061201	0.14125191429188091	0.00880718	5e-05
0.074	0.6336	0.2195	-0.0030246555937061734	0.0010471975511965976	0.0008429940287132613	1.06850708	51.81739426	0.98908338	0.1425155819788823	0.00941169	8e-05
0.0703	0.6078	0.2156	-0.002874557278034661	0.0010367255756846318	0.0008848819307611251	1.03833008	50.35395813	0.96295701	0.043522909661567126	0.00876766	2e-05
0.074	0.6334	0.2661	-0.003029891581462156	0.001281071670963838	0.0007749261878854823	1.03841054	50.35786057	0.96799563	0.10528180707911712	0.00927979	6e-05
0.0756	0.6644	0.2787	-0.003426081321664869	0.001322959573011702	0.0007504915783575615	1.07812345	52.28374481	0.98874845	0.0683256125889249	0.00891089	7e-05
0.075	0.6244	0.2211	-0.0032899456400093115	0.0009581857593448868	0.0009599310885968812	1.05957007	51.38399506	0.97592058	0.13371745027808463	0.00888175	5e-05
0.0728	0.6238	0.2422	-0.0030525808617380824	0.0010611601852125523	0.0009197885158010115	1.02443743	49.680233	0.96441885	0.04292408884673814	0.00889611	3e-05
0.0731	0.6717	0.3018	-0.003375466773357033	0.0013892820845874865	0.0007347836150896127	1.07534325	52.14891815	0.98636952	0.14960063558526415	0.00893843	4e-05
0.0741	0.6501	0.2302	-0.003303908274025266	0.001022762941668677	0.001022762941668677	1.07619607	52.19027328	0.99365847	0.13050284844148202	0.00911558	0.00011
0.0742	0.6248	0.221	-0.002925171826342496	0.0009040805525330626	0.001064650843716541	1.03691959	50.28555679	0.96738949	0.06156533694331239	0.00905246	4e-05
0.074	0.6556	0.2824	-0.003078760800517997	0.0012077678423800758	0.0009354964790689606	1.05957365	51.38416672	0.9780217	0.12172153143350468	0.00943249	0.0001
0.0755	0.6938	0.285	-0.0033562681515850955	0.0011850785621041497	0.0008552113334772215	1.09438503	53.07235336	1.00517073	0.061324088846738185	0.00962478	6e-05
0.0733	0.6603	0.2259	-0.0030962140930379405	0.0009128071987930344	0.001069886831472524	1.05449128	51.13769913	0.97385532	0.1321500459926786	0.00917357	2e-05
0.0693	0.6404	0.2341	-0.0028675759610266834	0.0009791297103688187	0.001059414855960558	1.03315008	50.10275269	0.95501216	0.047371630954950415	0.00957382	0.0001
0.0741	0.7073	0.3088	-0.0033911747366249826	0.001329940890019679	0.0009180431865490173	1.07607448	52.18437958	0.98107051	0.19718908123303508	0.0089215	5e-05
0.0728	0.6985	0.2516	-0.0034714598822167216	0.0009721483933608416	0.0010192722831646884	1.05193603	51.01377869	0.97601447	0.09426533694331245	0.00858742	3e-05
0.0697	0.6553	0.2247	-0.0030281462522101614	0.0009162978572970229	0.001117010721276371	1.02874732	49.88924026	0.95659192	0.10304513020910307	0.0092954	0.0001
0.0694	0.674	0.2613	-0.00308399678827398	0.0011257373675363424	0.0010419615634406148	1.04799616	50.82271957	0.96646672	0.07261696020694472	0.00893247	9e-05
0.078	0.7337	0.3146	-0.0035412730522964946	0.0012845623294678264	0.0010524335389525807	1.06770408	51.77845764	0.98185067	0.15292866007329822	0.00855905	2e-05
0.0762	0.6998	0.2263	-0.0032480577379614467	0.0008970992355250854	0.0012199851471440364	1.03717136	50.29776382	0.9623743	0.16641150082346226	0.00872743	5e-05
0.0729	0.6716	0.2311	-0.0029269171555944902	0.0009773843811168245	0.0011431906600562858	1.03490734	50.18797302	0.95663466	0.060211010752322304	0.00927341	9e-05
0.0781	0.7241	0.3049	-0.003427826650916863	0.0013596114873035826	0.0009232791743050004	1.08719969	52.72389603	0.98140341	0.1866524043630208	0.00873089	6e-05
0.0786	0.7396	0.2655	-0.003488913174736664	0.0010681415022205296	0.0010000736613927507	1.03651178	50.26577759	0.96385769	0.07686754979953027	0.00839508	4e-05
0.0749	0.6928	0.213	-0.0029897490086662863	0.0009721483933608416	0.0010681415022205296	1.05289268	51.06017685	0.97289896	0.13616125578789234	0.00892586	4e-05
0.0767	0.6969	0.2431	-0.0030455995447301047	0.0010716321607245184	0.0010192722831646884	1.06127274	51.46656418	0.97267568	0.04621017612416684	0.00891572	7e-05
0.0811	0.7503	0.3077	-0.0034697145529647274	0.0013788101090755204	0.0009040805525330626	1.057693	51.29296875	0.97422929	0.16472423436086248	0.00839633	2e-05
0.0746	0.6997	0.2238	-0.003262020371977402	0.0009285151620609833	0.0011047934165124105	1.05902946	51.35777664	0.97995953	0.18393509959906043	0.00941104	0.00013
0.0744	0.6679	0.2236	-0.0030613075079980543	0.000932005820564972	0.001155407964820246	1.04417479	50.63739777	0.96192915	0.044940903539558555	0.00940937	6e-05
0.076	0.7173	0.3151	-0.003502875808752619	0.0013473941825396225	0.001059414855960558	1.07242823	52.0075531	0.98131337	0.1901474885794452	0.00894839	4e-05
0.0764	0.7003	0.2572	-0.0034662238944607386	0.0010088003076527223	0.0011431906600562858	1.04007578	50.43861389	0.96865635	0.09825107966372544	0.00905073	5e-05
0.0713	0.6607	0.223	-0.0032306044454415038	0.0009512044423369096	0.0011466813185602744	1.05616903	51.21906281	0.97348506	0.09373529864195186	0.00935823	0.00012
0.0772	0.6991	0.2905	-0.0034644785652087444	0.0012217304763960308	0.0009773843811168245	1.07654953	52.20741653	0.97983791	0.14548485456349067	0.00848514	2e-05
0.0809	0.7205	0.2895	-0.0035342917352885177	0.0011746065865921838	0.0009651670763528643	1.01650882	49.29573441	0.95526052	0.032557718232379	0.00877565	4e-05
0.0714	0.6707	0.2217	-0.0032463124087094525	0.000921533845053006	0.001064650843716541	1.06973827	51.8771019	0.9873785	0.15912679177409603	0.00936717	6e-05
0.0754	0.6684	0.2356	-0.0031834805556376572	0.000947713783832921	0.0010803588069844899	1.03829038	50.35203552	0.96199773	0.02543598775598291	0.00896835	3e-05
0.0775	0.7217	0.3124	-0.003459242577452761	0.001322959573011702	0.00091106186954104	1.05440748	51.13363647	0.9734606	0.17321523742186676	0.00902778	5e-05
0.0689	0.716	0.2629	-0.0034609879067047556	0.0009878563566287904	0.000900589894029074	1.08005595	52.37746048	0.98955952	0.08116602605734363	0.00983006	9e-05
0.0713	0.6766	0.2184	-0.003232349774693498	0.0008604473212332044	0.0010838494654884787	1.05808878	51.31215668	0.97609523	0.11326533694331242	0.00991851	8e-05
0.073	0.6933	0.2515	-0.0032515483964654355	0.0009983283321407565	0.0010192722831646884	1.04363513	50.61122894	0.96571854	0.06258284075016403	0.00891882	3e-05
0.0715	0.7358	0.3056	-0.0034871678454846703	0.0013473941825396225	0.0008307767239493009	1.01404405	49.17620468	0.95045642	0.13675904293167437	0.009067	4e-05
0.069	0.7012	0.2301	-0.0033772121026090277	0.0009756390518648303	0.0010297442586766543	1.08203423	52.4733963	0.9878229	0.14663392041388934	0.00946754	9e-05
0.0716	0.6831	0.2238	-0.00314857397059777	0.000900589894029074	0.0010995574287564276	1.03862226	50.36812592	0.95560438	0.045675022996339354	0.00872427	5e-05
0.0748	0.7144	0.2719	-0.003166027263117714	0.0011065387457644049	0.0009896016858807848	1.03769314	50.32307053	0.963984	0.09926789435654584	0.00888598	4e-05
0.0755	0.7487	0.2798	-0.003516838442768574	0.001129228026040331	0.000926769832808989	1.07329035	52.04936218	0.98486494	0.0647166156499291	0.00904053	6e-05
0.0752	0.7117	0.213	-0.003223623128433527	0.0008621926504851988	0.0010786134777324957	1.05446076	51.13621902	0.97473277	0.13970471674068433	0.00932747	8e-05
0.0769	0.7207	0.2502	-0.003162536604613725	0.000973893722612836	0.001001818990644745	1.04641223	50.74590302	0.96950393	0.06037910415175946	0.00874215	3e-05
0.0774	0.7635	0.3084	-0.003497639820996636	0.001228711793404008	0.0008639379797371932	1.01936829	49.43440628	0.95269985	0.1378901149040817	0.00879741	7e-05
0.0755	0.7394	0.2357	-0.0034574972482007667	0.0009023352232810684	0.0010402162341886204	1.07028604	51.90366745	0.98457492	0.1258398698685118	0.00899369	7e-05
0.0734	0.7186	0.222	-0.003223623128433527	0.0008656833089891874	0.0010960667702524388	1.02222276	49.57283401	0.9520986	0.05291882850614687	0.00841528	3e-05
0.0756	0.7314	0.2581	-0.0031503192998497648	0.0010297442586766543	0.0010402162341886204	1.01125836	49.04111099	0.95463782	0.06576076571675239	0.00843185	6e-05
0.0744	0.7742	0.3155	-0.003485422516232676	0.001329940890019679	0.0008813912722571365	1.03573585	50.22814941	0.96644297	0.141106240482871	0.0085113	6e-05
0.0724	0.749	0.2298	-0.0033649947978450674	0.000900589894029074	0.0010297442586766543	1.06850863	51.81747055	0.98679418	0.14780658503988656	0.00885022	6e-05
0.0729	0.7242	0.2245	-0.00308399678827398	0.0008569566627292158	0.0010576695267085637	1.02620769	49.76608276	0.95251698	0.048227825445142807	0.00825852	3e-05
0.0744	0.7348	0.2608	-0.003033382239966145	0.0010471975511965976	0.0009285151620609833	1.0299753	49.9487915	0.95670048	0.06690049007113988	0.008663	4e-05
0.0764	0.7873	0.3103	-0.0035116024550125905	0.0013020156219877698	0.0007993607974134029	1.06304169	51.55235291	0.96709799	0.14710963252425996	0.00849587	6e-05
0.0737	0.7729	0.2427	-0.003543018381548489	0.0009128071987930344	0.0009075712110370514	1.03318417	50.10440826	0.9573003	0.11114173816771412	0.00819993	3e-05
0.0711	0.7303	0.2182	-0.003159045946109736	0.0008325220532012951	0.0009861110273767962	1.00866878	48.91552734	0.94290616	0.09683986986851197	0.00888073	6e-05
0.0722	0.7472	0.2573	-0.0031922072018976287	0.0010140362954087054	0.000921533845053006	1.04059494	50.46379471	0.96075481	0.07106263401595464	0.00872314	4e-05
0.0754	0.8032	0.3137	-0.0036320301734002	0.0012583823906879114	0.0007958701389094143	1.05329323	51.07959747	0.96530593	0.1560916386462685	0.00842172	2e-05
0.0715	0.7737	0.2353	-0.003494149162492647	0.0008499753457212384	0.0009913470151327792	1.02543688	49.72869873	0.94973125	0.14888824660487948	0.0086537	6e-05
0.0687	0.7466	0.2227	-0.0031258846903218446	0.0008691739674931761	0.0010402162341886204	1.03526664	50.20539856	0.95527979	0.06431661564992908	0.00912875	4e-05
0.0697	0.7654	0.244	-0.0031956978604016175	0.0009564404300928925	0.0009896016858807848	1.03283978	50.08770752	0.95302455	0.05148470904936616	0.0085119	5e-05
0.0742	0.8303	0.3059	-0.003478441199224699	0.0012426744274199627	0.0008691739674931761	1.00570023	48.7715683	0.9397491	0.16577025272688808	0.00859058	5e-05
0.0723	0.8106	0.2418	-0.003454006589696778	0.0009546951008408983	0.0009896016858807848	1.04627645	50.73931885	0.96491761	0.10734208272472978	0.00864518	6e-05
0.0702	0.775	0.2186	-0.003193952531149623	0.0008517206749732328	0.0010524335389525807	1.04811537	50.82849503	0.95144016	0.08219301687433078	0.00882494	7e-05
0.0729	0.8102	0.2834	-0.0034103733583969193	0.0011379546723003027	0.0010210176124166828	1.05496371	51.16060638	0.97061186	0.1294035375555132	0.00837946	3e-05
0.0748	0.8365	0.2979	-0.0036302848441482054	0.0011257373675363424	0.0009913470151327792	1.00642467	48.80670166	0.94887149	0.05578996938995751	0.00867087	3e-05
0.0705	0.7928	0.2273	-0.0033283428835531865	0.000736528944341607	0.0011728612573401894	1.06322432	51.56121063	0.97607214	0.16223323129985828	0.00918674	7e-05
0.0734	0.8169	0.2665	-0.003312634920285238	0.0009389871375729493	0.0010960667702524388	1.04695666	50.77230453	0.95818058	0.08094803217935213	0.00866556	7e-05
0.0751	0.8737	0.3045	-0.0036250488563922224	0.0011449359893082802	0.001001818990644745	1.03150976	50.02320862	0.95659239	0.12713052837250047	0.00821322	1e-05
0.0734	0.8264	0.2358	-0.003572688978832392	0.0008098327729253688	0.001090830782496456	1.01396966	49.17259598	0.9523999	0.1415237442897226	0.0084644	3e-05
0.0763	0.8237	0.2676	-0.003787364476827695	0.000947713783832921	0.0009564404300928925	1.02762759	49.83493805	0.95202031	0.06174734306532097	0.00895005	5e-05
0.0822	0.8858	0.3443	-0.004241150082346221	0.001335176877775662	0.0008290313946973065	1.04566395	50.70961761	0.95527238	0.19313288674284265	0.00874203	5e-05
0.0803	0.8743	0.2925	-0.004129449010218584	0.0010000736613927507	0.0010192722831646884	1.00744438	48.8561554	0.94499339	0.09705225884889658	0.00848079	1e-05
0.0768	0.8216	0.2536	-0.0037227872945039047	0.0008831366015091308	0.0010943214410004448	1.02001953	49.46598434	0.94865	0.1250323966717027	0.00867957	6e-05
0.0744	0.8211	0.2833	-0.0037629298672997745	0.0010402162341886204	0.0009546951008408983	1.03166938	50.03094864	0.94806714	0.04944242728174524	0.00858164	6e-05
0.0911	0.887	0.358	-0.003790855135331684	0.001450368608407288	0.0011135200627723821	1.04791641	50.81885147	0.95746356	0.18714513020910292	0.00850898	4e-05
0.0862	0.8767	0.3117	-0.0038781215979314006	0.001085594794740473	0.001075122819228507	0.99151284	48.0835495	0.9395537	0.0860218759905203	0.00863487	4e-05
0.0772	0.8318	0.2579	-0.0037978364523396607	0.0008133234314293575	0.0010768681484805013	1.03090274	49.9937706	0.95907741	0.12541509190774247	0.00846589	7e-05
0.0787	0.8299	0.2757	-0.0036669367584400863	0.00091106186954104	0.0010733774899765126	1.02575028	49.7439003	0.9426955	0.03280643952576227	0.00849307	4e-05
0.0841	0.9006	0.3605	-0.004169591583014453	0.001410226035611418	0.0009302604913129776	1.03445089	50.16583633	0.95277849	0.21814679946541396	0.00858063	2e-05
0.0813	0.8843	0.3045	-0.004244640740850209	0.001043706892692609	0.0010157816246606998	1.01960576	49.44592285	0.95173668	0.10145447170511436	0.0086652	3e-05
0.0787	0.8364	0.2587	-0.003954916085019151	0.0008552113334772215	0.0011571532940722405	1.0313344	50.01470184	0.94520383	0.12727959422289928	0.00867432	5e-05
0.0778	0.8311	0.2716	-0.0038083084278516272	0.0009337511498169664	0.0011013027580084218	1.01455152	49.20081329	0.9327149	0.03314990047855447	0.0084883	2e-05
0.0787	0.8855	0.3501	-0.004098033083682686	0.0013281955607676848	0.0009581857593448868	1.01252615	49.10259628	0.94587552	0.17516430327226562	0.00908947	2e-05
0.0734	0.8852	0.2997	-0.004256858045614169	0.0011379546723003027	0.000853466004225227	1.05692649	51.25579453	0.97611178	0.07868928027592623	0.00899839	4e-05
0.0727	0.8435	0.2579	-0.004258603374866164	0.0008255407361933179	0.000921533845053006	1.0389328	50.38318634	0.95956451	0.10331135530933788	0.00878674	5e-05
0.079	0.8482	0.301	-0.003968878719035105	0.0010733774899765126	0.0009669124056048585	1.03745532	50.31153488	0.95909896	0.08324699850830518	0.0082624	0.0
0.0827	0.8829	0.3479	-0.004242895411598215	0.0013369222070276565	0.0009093165402890458	1.00394654	48.68652725	0.94061022	0.11505786374650336	0.00866115	4e-05
0.0782	0.8417	0.264	-0.004031710572106902	0.0008552113334772215	0.0010821041362364843	1.062904	51.54567719	0.9734592	0.1728841654494593	0.00867575	5e-05
0.0819	0.8297	0.2728	-0.003916518841475275	0.0008569566627292158	0.0011501719770642632	1.01833987	49.38453293	0.9384782	0.03375024503556999	0.00809509	3e-05
0.0857	0.8822	0.3536	-0.004223696789826277	0.0012688543661998775	0.0010349802464326373	1.01362658	49.15595627	0.94891858	0.17881336912266452	0.0087384	3e-05
0.0834	0.8767	0.3004	-0.0042603487041181585	0.0010088003076527223	0.0011100294042683937	1.04526734	50.6903801	0.9719991	0.07958775653373963	0.00889313	7e-05
0.0872	0.841	0.2664	-0.004131194339470578	0.000853466004225227	0.0012025318546240932	1.06130123	51.4679451	0.98212642	0.0923495559215388	0.0105183	0.00062
0.0903	0.8796	0.3155	-0.004602433237509047	0.0010663961729685354	0.000900589894029074	1.12118948	54.37223434	1.04771167	0.14010555136883987	0.0162854	0.00378
0.0935	0.9236	0.3683	-0.004925319149127998	0.0013002702927357754	0.0007086036763096977	1.0396508	50.4180069	0.96074153	0.13743731245527835	0.0154063	0.0026
0.0879	0.8723	0.2727	-0.004640830481052923	0.0009145525280450286	0.0009512044423369096	1.08893669	52.80813217	0.99740325	0.19814035993965173	0.0125402	0.00098
0.0835	0.8411	0.2721	-0.0042324234360862495	0.000900589894029074	0.0010367255756846318	1.04261732	50.56186676	0.95587944	0.061594540616517486	0.0116526	0.0008
0.0758	0.8386	0.2959	-0.004066617157146788	0.0010768681484805013	0.0009250245035569946	1.04010236	50.43990707	0.9673541	0.056689280275926256	0.00982064	8e-05
0.0805	0.903	0.3649	-0.004775220833456485	0.0013753194505715315	0.0008133234314293575	1.0334723	50.1183815	0.95672695	0.19403780252641825	0.0104108	0.0001
0.0819	0.8798	0.3016	-0.0047246062851486505	0.00102799892942466	0.0010035643198967395	1.02009594	49.46969223	0.94818219	0.11730879789610443	0.0103188	8e-05
0.0786	0.8248	0.2717	-0.004235914094590238	0.0008429940287132613	0.0011798425743481666	0.99491507	48.24854279	0.93232884	0.13069876728606195	0.00963795	0.0001
0.0743	0.8093	0.2755	-0.003960152072775134	0.0008709192967451704	0.0011362093430483087	1.0146836	49.20722198	0.93931085	0.040966026057343535	0.00950545	7e-05
0.0757	0.8711	0.3556	-0.004429645641561609	0.0013421581947836393	0.0009686577348568529	1.04751527	50.79939651	0.962317	0.19871420375082	0.00976753	6e-05
0.0835	0.9391	0.3757	-0.0048467793327882525	0.0013753194505715315	0.0009407324668249436	0.9760294	47.33267975	0.92133558	0.11981101075232226	0.00964803	3e-05
0.0813	0.8987	0.3011	-0.004673991736840814	0.001043706892692609	0.001085594794740473	1.00749576	48.85864639	0.9385718	0.1496631240870945	0.00956368	5e-05
0.0804	0.8498	0.2724	-0.00434586983746588	0.0008936085770210966	0.001228711793404008	1.01629138	49.28519058	0.94057459	0.10956686068549912	0.00917798	5e-05
0.0803	0.8797	0.3263	-0.00451516677490933	0.0011728612573401894	0.0011519173063162574	1.03346026	50.11779404	0.95289778	0.11016720524251472	0.00889474	2e-05
0.0812	0.9255	0.356	-0.00471238898038469	0.0013404128655316449	0.0010978120995044332	0.98861367	47.94295502	0.93531048	0.09734395102393192	0.00936198	3e-05
0.0806	0.8721	0.2688	-0.004272566008882118	0.0009023352232810684	0.0012514010736799342	1.06339037	51.56925964	0.97530793	0.19277447939643244	0.0090127	6e-05
0.0798	0.8548	0.2677	-0.0039514254265151615	0.0009599310885968812	0.0012164944886400475	1.00910485	48.93667984	0.93680595	0.0398821516361328	0.00889146	3e-05
0.0845	0.9093	0.3462	-0.004396484385773717	0.0013124875974997359	0.0011239920382843482	1.02188635	49.55651855	0.95133246	0.18220589592585548	0.00885165	2e-05
0.0822	0.9131	0.3247	-0.004541346713689245	0.0012130038301360591	0.0011414453308042916	0.98750991	47.88942719	0.93666225	0.040689969389957455	0.00914705	3e-05
0.0815	0.8604	0.2667	-0.004169591583014453	0.0009494591130849152	0.0012514010736799342	1.03900194	50.38654327	0.96270144	0.1486627795300789	0.00950658	7e-05
0.0811	0.8529	0.2826	-0.004066617157146788	0.0009773843811168245	0.0012199851471440364	1.02012312	49.4710083	0.94394042	0.03191578102177371	0.00864756	3e-05
0.0827	0.9074	0.3575	-0.0044593162388455124	0.0014276793281313615	0.0010629055144645468	1.00722384	48.84545517	0.94179101	0.18100368306963757	0.00931591	4e-05
0.0823	0.9184	0.3229	-0.004632103834792951	0.0012130038301360591	0.001117010721276371	1.03585684	50.23402023	0.96328653	0.06807841503772824	0.00923562	4e-05
0.0813	0.8778	0.2627	-0.004295255289158045	0.0009529497715889039	0.001223475805648025	1.02568591	49.74077606	0.95571312	0.13696838442768575	0.00900894	5e-05
0.0852	0.8914	0.3053	-0.004251622057858187	0.0011484266478122688	0.0011484266478122688	1.0209831	49.51271439	0.95238105	0.07580796326794893	0.0088008	2e-05
0.084	0.9379	0.3604	-0.00451865743341332	0.0014905111812031574	0.0009721483933608416	0.99476004	48.24102402	0.92840663	0.1420699081698724	0.00929934	4e-05
0.0818	0.9047	0.2798	-0.0044436082755775624	0.0010454522219446034	0.0011501719770642632	1.04693401	50.77120972	0.96310762	0.15090658503988663	0.00916028	4e-05
0.0865	0.8766	0.2694	-0.00422893277758226	0.0009145525280450286	0.0012252211349000194	0.99826032	48.41077042	0.93031689	0.06423121748653157	0.00852269	4e-05
0.0848	0.9133	0.327	-0.004328416544945937	0.001308996938995747	0.0010803588069844899	1.00313652	48.6472435	0.94224618	0.12793952531149624	0.00949013	3e-05
0.0806	0.9345	0.3103	-0.004539601384437251	0.001239183768915974	0.0010192722831646884	1.04030681	50.44981766	0.96418288	0.0592042266695444	0.00938207	6e-05
0.0809	0.9018	0.2603	-0.0043039819354180175	0.0009599310885968812	0.0010995574287564276	1.01827908	49.38158035	0.94811873	0.11275786374650326	0.00918144	8e-05
0.0832	0.9101	0.2922	-0.004223696789826277	0.0010192722831646884	0.0011519173063162574	1.00678301	48.82407761	0.94494331	0.05209931088596888	0.00858885	1e-05
0.0812	0.9626	0.3595	-0.0044436082755775624	0.001429424657383356	0.0009599310885968812	1.01341891	49.14588928	0.94531825	0.16290250388446642	0.0092026	3e-05
0.0807	0.9389	0.2817	-0.004431390970813603	0.0010053096491487337	0.0011850785621041497	1.05504704	51.16464996	0.97760165	0.13507398932529255	0.00940782	0.00011
0.0807	0.9087	0.2723	-0.004141666314982544	0.000926769832808989	0.0012304571226560022	1.01552057	49.24780655	0.93899155	0.060282151636132805	0.00892997	3e-05
0.0804	0.9215	0.2969	-0.004054399852382828	0.0010681415022205296	0.0011274826967883368	0.98994201	48.00737381	0.93271612	0.05428062789394615	0.0093931	4e-05
0.0829	0.9938	0.37	-0.004527384079673291	0.001473057888683214	0.0009843656981248017	1.02093565	49.51041412	0.94613712	0.19895088062083413	0.00979996	4e-05
0.0875	1.0274	0.3345	-0.004886921905584123	0.0012252211349000194	0.0010105456369047167	1.02251267	49.58689117	0.95724312	0.10537772592369712	0.0102141	8e-05
0.0832	0.9853	0.2736	-0.004593706591249075	0.0009128071987930344	0.0011780972450961724	1.01018405	48.98901367	0.94018189	0.14595904293167458	0.00912565	4e-05
0.0831	0.9361	0.2635	-0.004064871827894794	0.0009075712110370514	0.0011728612573401894	0.98648292	47.8396225	0.93077628	0.08636533694331228	0.00878531	5e-05
0.0823	0.9319	0.2717	-0.003960152072775134	0.00091106186954104	0.0011746065865921838	0.99631304	48.31633759	0.92989723	0.01869778714378223	0.00893676	5e-05
0.0856	0.9942	0.3421	-0.004347615166717875	0.001329940890019679	0.001043706892692609	1.02725506	49.81687546	0.94879387	0.18286209041604776	0.00904453	2e-05
0.0882	1.0356	0.3426	-0.004644321139556911	0.001291543646475804	0.001075122819228507	0.96736556	46.91252518	0.92413256	0.06282595714594058	0.00953436	4e-05
0.0847	0.977	0.2618	-0.004344124508213886	0.0008761552845011534	0.0011397000015522971	1.00988507	48.97451401	0.94446846	0.1819081087820734	0.00927389	6e-05
0.0843	0.939	0.2597	-0.0040055306333269865	0.0009023352232810684	0.0012461650859239514	1.01487935	49.21671295	0.93630237	0.06406194490192348	0.0093503	3e-05
0.0867	0.9639	0.3009	-0.004073598474154764	0.0011274826967883368	0.0011763519158441782	1.01715696	49.32716751	0.9423412	0.08665142422074101	0.00889134	3e-05
0.0889	1.0073	0.3499	-0.004419173666049642	0.001408480706359424	0.0011257373675363424	0.97854996	47.45491409	0.93235112	0.12845938748869012	0.00926012	3e-05
0.0844	0.9637	0.2613	-0.004118977034706617	0.0009232791743050004	0.0012304571226560022	1.0509131	50.96417618	0.97074322	0.1812058959258555	0.00947922	9e-05
0.0849	0.9382	0.2615	-0.0038816122564353885	0.0008848819307611251	0.0012723450247038664	0.99775571	48.38629913	0.93130743	0.0420824961931484	0.00916314	3e-05
0.0857	0.9821	0.3197	-0.004146902302738527	0.0011449359893082802	0.0011693705988362008	1.01380479	49.16460037	0.9447842	0.13431592653589788	0.00928664	2e-05
0.0851	1.0155	0.3385	-0.004305727264670011	0.001322959573011702	0.0010559241974565693	0.98955566	47.98863602	0.93499252	0.075314747350727	0.00959927	3e-05
0.081	0.9826	0.26	-0.004218460802070294	0.0009494591130849152	0.0011274826967883368	1.033988	50.14338684	0.96185923	0.1421162710929136	0.00986522	0.00013
0.0813	0.9596	0.268	-0.004016002608838952	0.0008936085770210966	0.001181587903600161	0.99924833	48.45868301	0.93559267	0.04692069680534928	0.00891227	1e-05
0.0791	0.9847	0.2759	-0.003947934768011174	0.0011309733552923255	0.0010122909661567112	0.97391951	47.23035812	0.92299279	0.0589364778271228	0.00943863	6e-05
0.0724	1.0157	0.1965	-0.0039706240482871	0.0010419615634406148	0.000900589894029074	1.04772711	50.80966949	0.97857501	0.1282701072127637	0.0106599	0.00014
0.0697	0.9829	0.159	-0.003961897402027128	0.0007958701389094143	0.0010471975511965976	1.02346599	49.63312149	0.95445582	0.09307128639793485	0.010757	0.00031
0.0827	0.9754	0.2764	-0.004063126498642799	0.0008848819307611251	0.0012514010736799342	1.10574889	53.6234436	1.02459056	0.15762222054753583	0.00957656	6e-05
0.0866	1.009	0.2957	-0.004054399852382828	0.0010733774899765126	0.0011623892818282235	0.98300087	47.67076111	0.9407604	0.07111169986635338	0.00944829	4e-05
0.0837	1.0467	0.3087	-0.0036896260387160127	0.0012461650859239514	0.0011135200627723821	1.01216471	49.08506775	0.9446253	0.08292153143350478	0.00977647	5e-05
0.0849	1.0136	0.2701	-0.00364424747816416	0.0008918632477691023	0.0014364059743913332	1.01026392	48.99288559	0.94272176	0.10902831551628252	0.00931591	0.00011
0.0864	0.9881	0.2784	-0.0034697145529647274	0.0008691739674931761	0.0014765485471872027	1.00324619	48.65256119	0.93544007	0.04716823891356146	0.00894743	0.00014
0.086	1.027	0.3212	-0.0037978364523396607	0.0011623892818282235	0.0012025318546240932	0.98740113	47.88415146	0.93253082	0.12686769531365447	0.00920087	0.0002
0.0869	1.0528	0.3282	-0.003940953451003196	0.0012077678423800758	0.0011414453308042916	1.02210486	49.56711578	0.95700059	0.046179104151759534	0.00963438	0.0003
0.0836	1.0135	0.261	-0.0036651914291880917	0.0009581857593448868	0.001256637061435917	1.02451062	49.68378448	0.96055528	0.14182679177409582	0.00953943	0.00035
0.0875	0.994	0.2778	-0.0035534903570604553	0.0009232791743050004	0.0013491395117916165	1.0041573	48.69674683	0.9389788	0.052155505376161176	0.00856251	0.0002
0.0893	1.0254	0.332	-0.003728023282259888	0.0012007865253720988	0.0012269664641520136	1.00226104	48.60478592	0.939665	0.1161106661953068	0.00943458	0.0002
0.0899	1.0646	0.3535	-0.004082325120414737	0.0013020156219877698	0.0011746065865921838	1.01855803	49.39511108	0.95460182	0.08669454061651732	0.00945568	8e-05
0.0865	1.0293	0.2811	-0.0038397243543875246	0.0009651670763528643	0.001324704902263696	1.03148472	50.02199173	0.96247157	0.1475773813666813	0.00906414	7e-05
0.0859	1.0094	0.2839	-0.003532546406036523	0.0009197885158010115	0.0013683381335635543	0.98566288	47.79985428	0.92941017	0.043109487010135616	0.00849956	3e-05
0.0884	1.0463	0.344	-0.003639011490408177	0.0013020156219877698	0.001228711793404008	1.01502991	49.22401428	0.94473528	0.13091592653589784	0.00942457	9e-05
0.0905	1.0902	0.3593	-0.0039339721339952186	0.0013491395117916165	0.0012269664641520136	1.0312202	50.00916672	0.9584437	0.07849149313214422	0.00943428	6e-05
0.0878	1.0531	0.2864	-0.0038152897448596045	0.0009808750396208131	0.0013526301702956054	1.01712775	49.32574844	0.95091736	0.1433305283725006	0.00877255	1e-05
0.0884	1.0429	0.2889	-0.0034993851502486306	0.0009023352232810684	0.0013456488532876281	0.97419029	47.24349213	0.92976278	0.03337128639793478	0.00881356	3e-05
0.0882	1.108	0.3554	-0.0037402405870238476	0.0014067353771074296	0.0011833332328521555	1.03206015	50.04990005	0.95173586	0.1771785605518527	0.00989777	2e-05
0.088	1.1067	0.2974	-0.003824016391119576	0.0010349802464326373	0.001254891732183923	1.02778113	49.84238434	0.96355441	0.08585447170511448	0.00999796	7e-05
0.0891	1.0662	0.2725	-0.0035116024550125905	0.000890117918517108	0.001446877949903299	1.01554668	49.24907303	0.94395371	0.09896312408709448	0.00938588	4e-05
0.0884	1.0564	0.2986	-0.003426081321664869	0.0010122909661567112	0.0014154620233674013	0.99853462	48.42407227	0.93797458	0.0485555053761611	0.00969887	8e-05
0.0904	1.1086	0.3637	-0.003824016391119576	0.0013892820845874865	0.0012636183784438947	1.02574277	49.74353409	0.94864814	0.16563849164044947	0.0104635	8e-05
0.0882	1.0871	0.2873	-0.003755948550291797	0.0009250245035569946	0.0013840460968315032	1.03248227	50.07036972	0.96786797	0.13273765701229404	0.00971675	4e-05
0.0867	1.0467	0.2726	-0.0033911747366249826	0.0008098327729253688	0.00147131255943122	0.98272067	47.65717316	0.92981469	0.08496160034490782	0.00926042	2e-05
0.0861	1.0588	0.31	-0.0034033920413889425	0.00102799892942466	0.001324704902263696	1.00040185	48.51462173	0.93653198	0.06894955592153873	0.00961059	5e-05
0.0927	1.1125	0.3608	-0.00386590429316744	0.0012880529879718153	0.0012671090369478833	1.02495742	49.70545197	0.95475729	0.15010810878207334	0.0100035	6e-05
0.0901	1.0893	0.2921	-0.003841469683639519	0.0008936085770210966	0.0014364059743913332	1.00424302	48.70090103	0.94641956	0.12390879789610458	0.00924838	2e-05
0.0881	1.0381	0.2746	-0.0034330626386728466	0.0007993607974134029	0.001467821900927231	0.99005115	48.01266479	0.93357286	0.09740353755551313	0.00934881	7e-05
0.0851	1.0553	0.3067	-0.003497639820996636	0.0009616764178488756	0.0013020156219877698	0.99859512	48.42700577	0.93784875	0.07193495408493601	0.00963032	6e-05
0.0921	1.121	0.3718	-0.00401076662108297	0.0012775810124598492	0.001265363707695889	1.02630961	49.7710228	0.94868053	0.18108416544945957	0.00993878	4e-05
0.0863	1.1008	0.2971	-0.0038903389026953604	0.0009040805525330626	0.0013491395117916165	0.98793179	47.90988541	0.94074184	0.1295851991205062	0.00949275	7e-05
0.0849	1.0511	0.2725	-0.0034086280291449255	0.0007644542123735164	0.0013857914260834976	1.00936508	48.94929886	0.94547985	0.10859945640009316	0.0095585	5e-05
0.0878	1.0913	0.324	-0.0036896260387160127	0.000947713783832921	0.0012060225131280816	1.02007675	49.46876144	0.94663475	0.1268013246992954	0.00949037	6e-05
0.0877	1.1262	0.3392	-0.00393048147549123	0.0011239920382843482	0.001308996938995747	1.00467467	48.72183609	0.94396726	0.07620540585471566	0.00959688	3e-05
0.086	1.0675	0.2702	-0.0035203291012725624	0.0007819075048934597	0.001439896632895322	1.00464249	48.72027206	0.94297206	0.17355683007545675	0.00908613	5e-05
0.0865	1.0551	0.2801	-0.0033178709080412204	0.000804596785169386	0.0014765485471872027	0.99940789	48.46642303	0.93314834	0.03588996938995743	0.00936097	4e-05
0.0896	1.129	0.3561	-0.003792600464583678	0.0012531464029319286	0.001308996938995747	1.04455113	50.65565109	0.95905304	0.20754153912482287	0.00974458	3e-05
0.0909	1.1262	0.2962	-0.0038432150128915135	0.000879645943005142	0.0014660765716752368	1.01121092	49.03881073	0.95738595	0.09305973204570551	0.00982302	5e-05
0.0883	1.066	0.266	-0.003426081321664869	0.0007906341511534313	0.001504473815219112	1.00942051	48.95198441	0.94707133	0.12022713633111155	0.00978732	5e-05
0.0882	1.061	0.2788	-0.0033405601883171464	0.0008552113334772215	0.001452113937659282	1.00658512	48.81448364	0.93361934	0.028022909661567237	0.00980985	0.0001
0.0936	1.1276	0.3604	-0.003782128489071712	0.001270599695451872	0.0013805554383275148	1.02903271	49.90307999	0.95043017	0.2000257581030492	0.0101126	6e-05
0.091	1.1349	0.3365	-0.003829252378875559	0.0011030480872604163	0.0014346606451393388	0.97287881	47.17988968	0.92703424	0.04723903524035641	0.0100777	7e-05
0.0887	1.0755	0.273	-0.003600614246864302	0.0007819075048934597	0.0015690509975429022	1.02065814	49.49695587	0.96225912	0.15940845333908898	0.00943595	5e-05
0.088	1.0622	0.2851	-0.0033894294073729884	0.000879645943005142	0.0015393804002589986	1.00096428	48.54189682	0.93901518	0.04302969374434484	0.00893515	1e-05
0.0927	1.1275	0.3558	-0.0037472219040318253	0.0012304571226560022	0.0013840460968315032	1.00421846	48.69971085	0.94694706	0.18389689898685957	0.00944406	3e-05
0.0872	1.1199	0.2974	-0.0037384952577718534	0.0009721483933608416	0.0014590952546672592	1.0347017	50.17799759	0.97195542	0.08860422666954448	0.00934416	4e-05
0.0892	1.0826	0.2637	-0.0034348079679248403	0.0007993607974134029	0.0016074482410867775	1.01306212	49.12858582	0.9480868	0.1042413936106984	0.00907105	7e-05
0.0892	1.1089	0.3079	-0.003452261260444784	0.001001818990644745	0.0015079644737231008	1.01772892	49.35490036	0.95116648	0.08646976265574814	0.0090521	2e-05
0.0886	1.1562	0.3435	-0.0038065630985996326	0.0011955505376161158	0.0013805554383275148	0.98806638	47.91641235	0.93823601	0.11727212102609016	0.00996846	5e-05
0.0863	1.1155	0.2659	-0.0035674529910764093	0.0007976154681614085	0.0014974924982111347	1.05155814	50.9954567	0.97624419	0.1582991118430775	0.00947344	5e-05
0.0865	1.0872	0.2687	-0.0032882003107573173	0.0007941248096574199	0.0015481070465189703	1.00236833	48.60998917	0.9384663	0.04796789435654576	0.0090434	4e-05
0.0867	1.1089	0.3036	-0.003387684078120994	0.0010088003076527223	0.0015079644737231008	0.98332483	47.68647003	0.93400029	0.07451509190774247	0.00944877	5e-05
0.0865	1.1609	0.3631	-0.003820525732615587	0.0013840460968315032	0.0013404128655316449	1.01450539	49.19857407	0.94959431	0.16048195259324155	0.0107958	3e-05
0.0863	1.1347	0.2852	-0.0038275070496235643	0.0009651670763528643	0.001514945790731078	1.05804551	51.31006241	0.98093305	0.13431966313430244	0.0102685	9e-05
0.0895	1.0882	0.268	-0.0035238197597765512	0.000783652834145454	0.001583013631558857	1.01777124	49.35695267	0.95091088	0.09456346864411008	0.00936204	1e-05
0.0905	1.0763	0.2837	-0.0034243359924128747	0.0008412486994612669	0.001556833692778942	0.98216641	47.6302948	0.93024205	0.03776297857297024	0.00903636	4e-05
0.0913	1.1363	0.3624	-0.003872885610175417	0.0012793263417118436	0.0013526301702956054	1.0310775	50.00224686	0.95892445	0.19404153912482283	0.00989103	4e-05
0.0885	1.1336	0.3164	-0.0038990655489553323	0.0009354964790689606	0.001446877949903299	1.03564608	50.22379684	0.96966547	0.07471287905152475	0.00980371	6e-05
0.093	1.0955	0.2863	-0.0034051373706409367	0.0008848819307611251	0.0017034413499464657	0.99991298	48.49091721	0.94040646	0.11275530633326993	0.00913918	3e-05
0.0908	1.1084	0.3011	-0.0033405601883171464	0.0010175269539126942	0.001556833692778942	0.99022228	48.02096558	0.93540534	0.047091493132144266	0.00961131	6e-05
0.0944	1.1747	0.3605	-0.0038885935734433662	0.0013055062804917586	0.00152367243699105	1.02813959	49.85976791	0.95533427	0.17275869837465882	0.0101502	7e-05
0.0957	1.1779	0.3077	-0.004019493267342941	0.0009162978572970229	0.001593485607070823	1.02113068	49.51987076	0.95531486	0.08679606435870406	0.00970697	6e-05
0.0912	1.1223	0.2748	-0.0035238197597765512	0.0007609635538695277	0.001706932008450454	0.99403036	48.20563889	0.94238965	0.13122271061867563	0.00941819	4e-05
0.09	1.0926	0.2755	-0.003214896482173555	0.0008168140899333463	0.0016842427281745281	1.01365077	49.15713501	0.94490676	0.050973154697137125	0.00957412	5e-05
0.0916	1.101	0.2857	-0.003258529713473413	0.0008709192967451704	0.0016824973989225337	0.99637735	48.31945419	0.92854984	0.02517418836818379	0.00869441	2e-05
0.0904	1.1562	0.3364	-0.0035395277230445004	0.0011798425743481666	0.001541125729510993	0.99481446	48.24366379	0.93333798	0.14366464782928107	0.00984091	4e-05
0.088	1.1513	0.2955	-0.0034993851502486306	0.0009634217471008699	0.0015638150097869194	1.03908074	50.39036179	0.96215217	0.06216263401595454	0.00996697	6e-05
0.0891	1.1164	0.2813	-0.0032882003107573173	0.0008726646259971648	0.001673770752662562	1.01407421	49.17766571	0.94492152	0.07079488517353298	0.00965041	4e-05
0.0919	1.1276	0.2925	-0.003295181627765294	0.0009145525280450286	0.0016632987771505957	0.98934209	47.97827911	0.93496681	0.028167059728390207	0.00934112	3e-05
0.091	1.176	0.3557	-0.0036704274169440743	0.0012618730491919003	0.0015760323145508795	1.01893795	49.41353226	0.94933163	0.1529916386462684	0.0102562	0.00011
0.0912	1.1685	0.3054	-0.0037995817815916558	0.0009407324668249436	0.001658062789394613	1.04023182	50.44618225	0.9709249	0.08461627109291342	0.0105669	6e-05
0.0906	1.1306	0.2898	-0.0034749505407207105	0.0008133234314293575	0.0017662732030182616	1.00542927	48.75842667	0.94433462	0.08211253449450907	0.00915629	4e-05
0.0886	1.1321	0.308	-0.0033597588100890844	0.0009773843811168245	0.0016615534478986017	0.99687016	48.34335327	0.93868122	0.0408986217719377	0.00992548	9e-05
0.0901	1.2015	0.3686	-0.003855432317655474	0.0012932889757277981	0.0015428710587629874	1.03381157	50.13483429	0.95795835	0.17801302456564877	0.0102189	5e-05
0.0897	1.189	0.3091	-0.0038117990863556156	0.0009616764178488756	0.0017191493132144146	1.01207018	49.08047867	0.95339607	0.09997620218151036	0.00946617	3e-05
0.0897	1.1357	0.2845	-0.003347541505325124	0.0007888888219014368	0.001820378409830086	1.00505376	48.74021912	0.94542859	0.11481371367968023	0.00934362	7e-05
0.0911	1.1809	0.3535	-0.003572688978832392	0.0012147491593880533	0.0015690509975429022	1.04540586	50.69710159	0.9662942	0.16071676116405356	0.0101559	6e-05
0.0947	1.1995	0.334	-0.003757693879543791	0.0011135200627723821	0.0016406094968746698	1.05126905	50.98143387	0.97614576	0.05958962483294181	0.00981015	2e-05
0.0917	1.1511	0.2795	-0.0033283428835531865	0.0008255407361933179	0.0018064157758141308	1.00279903	48.63087845	0.94703515	0.15005683007545648	0.00929922	4e-05
0.0913	1.1528	0.3075	-0.0032044245066615894	0.001064650843716541	0.0017470745812463236	1.0395515	50.41319275	0.96135218	0.051218483949131366	0.00989622	5e-05
0.0969	1.2221	0.3912	-0.0038781215979314006	0.001462585913171248	0.0016650441064025902	1.06510222	51.65227509	0.97882164	0.2162831317784125	0.0107704	5e-05
0.0975	1.1901	0.2999	-0.0037384952577718534	0.0008621926504851988	0.0019111355309337906	1.02270496	49.59621811	0.96503097	0.1732055513688399	0.00971693	5e-05
0.0977	1.1453	0.3064	-0.0037140606482439333	0.0009459684545809266	0.0018709929581379211	1.00568771	48.77096558	0.93896702	0.05891764932097582	0.0101472	9e-05
0.1004	1.1821	0.3668	-0.004080579791162742	0.0011449359893082802	0.0016702800941585732	1.03177786	50.03620911	0.95309741	0.13820997708127547	0.0104181	6e-05
0.1008	1.2429	0.4089	-0.004434881629317591	0.001324704902263696	0.0015777776438028737	1.01769578	49.35329437	0.95179273	0.13462866007329813	0.0109545	4e-05
0.0979	1.1958	0.3187	-0.004082325120414737	0.0008325220532012951	0.0017086773377024485	1.01809716	49.37276077	0.95760466	0.18898195259324144	0.0100048	6e-05
0.0948	1.1648	0.3168	-0.0038397243543875246	0.0008918632477691023	0.0017208946424664088	1.01227832	49.09057617	0.95361725	0.05170796326794887	0.0100659	6e-05
0.0966	1.225	0.3986	-0.004145156973486532	0.0014049900478554352	0.0015585790220309364	1.05979133	51.3947258	0.97138243	0.19284375198104067	0.0109195	3e-05
0.0977	1.2247	0.3488	-0.004197516851046362	0.0010576695267085637	0.0016632987771505957	0.99568409	48.28583527	0.95315708	0.07642000769131822	0.00999218	3e-05
0.0955	1.1689	0.3094	-0.003829252378875559	0.0008813912722571365	0.0017976891295541592	1.01547337	49.24551773	0.95189727	0.13134665395128953	0.00961542	6e-05
0.0976	1.1932	0.3486	-0.003947934768011174	0.0010681415022205296	0.001656317460142619	1.01467228	49.20666885	0.94442881	0.08794021442552742	0.0100431	6e-05
0.0996	1.2597	0.4025	-0.004429645641561609	0.0013107422682477415	0.0015393804002589986	1.01702607	49.32081604	0.95262234	0.16446243497306334	0.0109357	5e-05
0.1004	1.2201	0.3239	-0.004181808887778414	0.0008779006137531476	0.001778490507782222	1.00411081	48.69449234	0.95188203	0.16498942579005071	0.00989985	6e-05
0.098	1.1834	0.312	-0.0038222710618675813	0.0008970992355250854	0.0018622663118779497	1.01092005	49.02470779	0.95298658	0.07412561258892486	0.00974441	3e-05
0.1015	1.24	0.3903	-0.004162610266006475	0.0012758356832078548	0.0016423548261266642	1.05030906	50.9348793	0.970074	0.18534935687864745	0.0105646	6e-05
0.1004	1.2652	0.3748	-0.0043266712156939426	0.0011501719770642632	0.0017313666179783749	1.00585246	48.77894974	0.9638447	0.06073682238413855	0.0106471	3e-05
0.0966	1.2027	0.3113	-0.003855432317655474	0.0008272860654453122	0.0018325957145940458	1.02976489	49.938591	0.96872927	0.17456769531365451	0.00975329	6e-05
0.0951	1.2082	0.3374	-0.003876376268679406	0.0009878563566287904	0.0017837264955382047	1.02713418	49.81101227	0.95520788	0.04461917306316234	0.0101485	6e-05
0.098	1.2789	0.4168	-0.004347615166717875	0.001462585913171248	0.0016179202165987434	1.03422844	50.15504837	0.96363316	0.2085887366760194	0.0114085	3e-05
0.0969	1.2479	0.3358	-0.004235914094590238	0.0009599310885968812	0.0018099064343181197	1.0315057	50.02301025	0.96345387	0.15341710572106895	0.0111996	0.00011
0.0969	1.2058	0.3146	-0.003935717463247213	0.000900589894029074	0.0018814649336498872	1.02266228	49.59414673	0.95370445	0.08485481626212998	0.0110194	0.00015
0.0995	1.2292	0.3644	-0.0040613811693908045	0.0011065387457644049	0.0017435839227423352	1.03853202	50.36375427	0.96521629	0.0992746784393238	0.0111119	4e-05
0.0997	1.2638	0.4028	-0.004317944569433971	0.0012688543661998775	0.001689478715930511	0.99401253	48.20477295	0.95062707	0.09684921136452312	0.0115896	7e-05
0.0961	1.2123	0.322	-0.00399505865781502	0.0008272860654453122	0.001891936909161853	1.04540908	50.697258	0.98259328	0.18424562028024305	0.0107597	4e-05
0.0987	1.2015	0.3269	-0.0038432150128915135	0.0008709192967451704	0.0019530234329816546	1.01584291	49.26344299	0.94493123	0.03112817000215821	0.0101245	2e-05
0.0996	1.2476	0.3924	-0.004105014400690663	0.001254891732183923	0.0017610372152622785	1.01614058	49.27787781	0.95696953	0.1543879020478639	0.0110897	7e-05
0.0973	1.2694	0.3946	-0.00437379510549779	0.001256637061435917	0.0017558012275062952	1.02803576	49.85473633	0.96547061	0.04008810109075524	0.0113109	7e-05
0.0967	1.2329	0.3314	-0.0042655846918741415	0.0008656833089891874	0.0019390607989657003	1.02755654	49.83149719	0.96479431	0.13442118687648916	0.0104831	6e-05
0.0972	1.226	0.3336	-0.003953170755767157	0.0008883725892651138	0.0019617500792416262	0.99403322	48.20577621	0.9361155	0.027489624832942008	0.00992519	4e-05
0.0973	1.2722	0.4042	-0.00409977841293468	0.0013177235852557187	0.0018273597268380628	1.02677023	49.79336166	0.96024634	0.15241745027808457	0.01165	8e-05
0.1003	1.2979	0.3799	-0.004338888520457902	0.0011711159280881952	0.0018989182261698304	1.06357813	51.57836914	0.99299155	0.07586381320112574	0.0120034	0.00013
0.0993	1.264	0.3271	-0.004012511950334963	0.0008813912722571365	0.002061233846605303	1.02119684	49.52308273	0.96170208	0.1266208423194736	0.0108089	7e-05
0.0979	1.24	0.3243	-0.0036180675393842456	0.0009512044423369096	0.0020420352248333657	0.99600017	48.30116272	0.94394442	0.05237281014012146	0.0112367	0.00012
0.0941	1.2694	0.3159	-0.002036799237077382	0.0012897983172238095	0.0018779742751458986	1.07962787	52.3567009	1.00009126	0.14579615634406157	0.0120798	0.00033
0.0975	1.2847	0.3262	-0.0032131511529215613	0.0010890854532444615	0.0019111355309337906	1.06150603	51.47787857	1.00111517	0.09951130178057081	0.0110374	8e-05
0.0957	1.2402	0.2989	-0.0030874874467779687	0.0009093165402890458	0.0019512781037296606	0.99919945	48.45631409	0.94709876	0.09087875959474387	0.0107033	9e-05
0.093	1.2483	0.3161	-0.003089232776029963	0.0010768681484805013	0.0018971728969178364	1.01589918	49.2661705	0.95029796	0.03917010721276368	0.0108426	6e-05
0.0984	1.3176	0.3929	-0.0036599554414321086	0.0014172073526193955	0.0017226399717184032	1.05029392	50.93414688	0.97325335	0.20577973973702385	0.0114582	6e-05
0.0991	1.3016	0.329	-0.0036093408931242737	0.0010297442586766543	0.0018413223608540175	1.01282108	49.11689377	0.96235042	0.10843800156930952	0.0108263	8e-05
0.0956	1.2596	0.3023	-0.0032934362985133003	0.0009529497715889039	0.001933824811209717	1.0203737	49.48316193	0.96028836	0.09646007660272121	0.0106084	7e-05
0.0998	1.29	0.339	-0.0034400439556808234	0.0011257373675363424	0.0019163715186897737	1.02021277	49.47535706	0.95652784	0.08814242728174523	0.0107092	4e-05
0.1028	1.3487	0.3935	-0.0038327430373795474	0.001450368608407288	0.0017505652397503124	0.99173331	48.0942421	0.94750858	0.1603568300754565	0.011773	5e-05
0.0988	1.3172	0.3215	-0.003640756819660172	0.0011274826967883368	0.001864011641129944	1.04699397	50.7741127	0.98155076	0.138915926535898	0.01127	0.00012
0.099	1.2722	0.2949	-0.0034243359924128747	0.0009634217471008699	0.0019826940302655584	1.02533281	49.72365189	0.96182312	0.09675820830351888	0.0109934	8e-05
0.0984	1.2889	0.3391	-0.0035203291012725624	0.0011676252695842063	0.0018832102629018814	1.0326072	50.07642746	0.96895303	0.08148401993533501	0.010673	4e-05
0.0986	1.3345	0.3968	-0.003834488366631542	0.0014835298641951804	0.0017645278737662671	1.00878429	48.92113113	0.9567747	0.14093731245527844	0.0119041	6e-05
0.0925	1.3025	0.3204	-0.003757693879543791	0.0010821041362364843	0.0018901915799098587	1.058887	51.35086823	0.99183209	0.14469419605950193	0.0112893	7e-05
0.0929	1.2748	0.3119	-0.0035395277230445004	0.0009686577348568529	0.0019530234329816546	1.02026975	49.47812271	0.96046098	0.05632222054753595	0.0108324	3e-05
0.0918	1.2855	0.3297	-0.00342259066316088	0.001075122819228507	0.0018238690683340744	0.98882031	47.95297623	0.94328848	0.04722782544514285	0.0108334	7e-05
0.0905	1.3405	0.3975	-0.0038135444156076103	0.001481784534943186	0.0016039575825827887	1.01650941	49.29576111	0.95853336	0.17497634769563472	0.0123179	5e-05
0.09	1.3483	0.3609	-0.003937462792499207	0.001270599695451872	0.0017016960206944712	1.03724003	50.30109406	0.97641555	0.06654208272472971	0.0120838	0.0001
0.0913	1.3059	0.31	-0.003687880709464018	0.0009756390518648303	0.0018901915799098587	1.02417743	49.66762543	0.96106697	0.1312519142918809	0.0107444	7e-05
0.0927	1.2712	0.3085	-0.0032166418114255493	0.0009791297103688187	0.0019093902016817967	0.99749261	48.37353897	0.95178819	0.06229640891571971	0.0108013	6e-05
0.0919	1.2918	0.3471	-0.003333578871309169	0.0012322024519079964	0.0018500490071139892	1.02586782	49.74959946	0.95826135	0.08146754979953022	0.0110753	4e-05
0.096	1.3551	0.4005	-0.0038397243543875246	0.0015132004614790836	0.0017505652397503124	1.04721355	50.78476334	0.97432431	0.16513136300065587	0.0117522	3e-05
0.0911	1.331	0.3167	-0.0036093408931242737	0.001090830782496456	0.0019093902016817967	1.02187705	49.55606461	0.96651492	0.15337890510886815	0.0109732	5e-05
0.0913	1.2905	0.299	-0.003159045946109736	0.0009930923443847736	0.0019390607989657003	1.01577497	49.26014709	0.95747007	0.08728519912050614	0.0111523	6e-05
0.0924	1.3138	0.3412	-0.0033056536032772606	0.0012217304763960308	0.0018413223608540175	1.04609203	50.7303772	0.96876191	0.09024921136452332	0.0113346	9e-05
0.0941	1.3729	0.3921	-0.0036634460999360975	0.0015184364492350666	0.0017523105690023068	1.01768899	49.35296631	0.96358512	0.14887551306747912	0.0118994	5e-05
0.0877	1.3307	0.308	-0.003351032163829113	0.0010890854532444615	0.0018832102629018814	1.04643703	50.74710846	0.98038772	0.17633323129985823	0.0114871	0.00011
0.0857	1.2961	0.302	-0.0030944687637859463	0.0009948376736367678	0.0018552849948699724	1.02773464	49.84012985	0.96740718	0.061536822384138434	0.0114417	8e-05
0.0867	1.3331	0.3581	-0.003494149162492647	0.0012356931104119853	0.0017749998492782332	1.04417312	50.63731766	0.97416105	0.13014104905368276	0.0114674	5e-05
0.0906	1.3737	0.3942	-0.003790855135331684	0.0014311699866353504	0.0016231562043547262	1.01425755	49.18655777	0.95601243	0.11280132469929542	0.0123038	9e-05
0.0868	1.3376	0.3133	-0.0036198128686362394	0.0009285151620609833	0.0017505652397503124	1.0688535	51.834198	0.99026273	0.1608553063332699	0.011852	5e-05
0.0854	1.3167	0.3149	-0.003333578871309169	0.0008552113334772215	0.0018291050560900572	1.02593458	49.75283432	0.95797921	0.045803882112528754	0.0111244	3e-05
0.0855	1.336	0.3526	-0.00334579617607313	0.0010803588069844899	0.0017121679962064373	1.00979269	48.97003174	0.95626567	0.07481509190774256	0.0117316	9e-05
0.0828	1.3889	0.3999	-0.00376118453804778	0.0013386675362796509	0.0015184364492350666	1.02962923	49.93201065	0.9687343	0.146271431912059	0.0122942	0.0001
0.0832	1.3913	0.3474	-0.00376118453804778	0.0011414453308042916	0.0015882496193148398	1.03871226	50.37249374	0.97844572	0.06865176877775657	0.0121734	9e-05
0.0856	1.3491	0.3059	-0.0033859387488689996	0.0009599310885968812	0.001801179788058148	1.00731468	48.84986115	0.95993107	0.12458451000647494	0.0110346	6e-05
0.0829	1.3422	0.3283	-0.0031922072018976287	0.0011362093430483087	0.0016859880574265225	1.02744722	49.82619095	0.96383495	0.056260076602721074	0.0115978	0.0001
0.0868	1.4077	0.3906	-0.0037489672332838195	0.0015062191444711063	0.0015707963267948967	1.05688059	51.25357056	0.98305452	0.18379807817203064	0.0123602	7e-05
0.0847	1.4028	0.3339	-0.003733259270015871	0.0011519173063162574	0.0017505652397503124	1.03594255	50.23817444	0.97956092	0.09118893571891062	0.0116147	6e-05
0.0866	1.356	0.3052	-0.00312413936106985	0.0009407324668249436	0.0018465583486100008	1.02096307	49.51174545	0.9739887	0.12321489286485104	0.0113759	0.0001
0.0888	1.3811	0.3594	-0.003371976114853045	0.001239183768915974	0.0017715091907742446	1.04491258	50.67317963	0.97861342	0.11256686068549895	0.0118821	6e-05
0.0927	1.4308	0.3924	-0.0038222710618675813	0.0013473941825396225	0.0017505652397503124	1.05440772	51.1336441	0.99188956	0.11557246558310597	0.0121008	3e-05
0.0886	1.3906	0.311	-0.003563962332572421	0.0009197885158010115	0.0018622663118779497	1.03649068	50.26475906	0.98134114	0.16558077340807045	0.0115784	8e-05
0.0858	1.3566	0.3083	-0.003262020371977402	0.0009023352232810684	0.0018709929581379211	1.02695882	49.80250931	0.96855424	0.05590609496874668	0.0113676	7e-05
0.0897	1.3981	0.3827	-0.0037053340019839614	0.0012932889757277981	0.0017016960206944712	1.05152285	50.9937439	0.9827921	0.1699782159948368	0.0120646	8e-05
0.0844	1.4225	0.3723	-0.003872885610175417	0.0011780972450961724	0.001706932008450454	1.01510167	49.22749329	0.96811388	0.054498966328953374	0.0119664	5e-05
0.0826	1.3729	0.3057	-0.0034749505407207105	0.000900589894029074	0.001748819910498318	1.0369699	50.28799438	0.97607877	0.1538665161284835	0.0116323	8e-05
0.0845	1.3543	0.3069	-0.0032340951039454926	0.0009686577348568529	0.0018029251173101424	1.03646803	50.26365662	0.96901109	0.03985142422074099	0.0115253	0.0001
0.0888	1.3956	0.356	-0.0035133477842645856	0.001218239817892042	0.0017348572764823637	1.04258931	50.56051254	0.97653168	0.12454513020910292	0.0114284	4e-05
0.0887	1.4357	0.39	-0.0037891098060796892	0.0014364059743913332	0.001658062789394613	1.0129739	49.12430573	0.96099576	0.10273613327010735	0.0125564	0.0001
0.0883	1.3962	0.3092	-0.003623303527140228	0.0009669124056048585	0.001864011641129944	1.07130015	51.95284653	1.00638723	0.16276243497306325	0.0116925	8e-05
0.0914	1.3684	0.3077	-0.0034103733583969193	0.0009459684545809266	0.0019233528356977512	1.03064787	49.98141098	0.96702103	0.04706076571675244	0.0109834	7e-05
0.0889	1.3802	0.3404	-0.003384193419617005	0.0011519173063162574	0.001785471824790199	1.01875174	49.40450668	0.96903816	0.0655004900711399	0.0115077	5e-05
0.0889	1.4389	0.401	-0.003855432317655474	0.001481784534943186	0.0015899949485668342	1.04936385	50.8890419	0.98258236	0.1691291501444381	0.0124803	0.0001
0.0861	1.414	0.3221	-0.0036931166972200015	0.0010786134777324957	0.001801179788058148	1.06641281	51.71583176	1.00490584	0.14543357585687403	0.0119562	8e-05
0.0869	1.3847	0.311	-0.003363249468593073	0.0009529497715889039	0.0018465583486100008	1.01663959	49.30207825	0.96258343	0.06624547476611853	0.011097	0.0001
0.0855	1.3888	0.3354	-0.0032131511529215613	0.001117010721276371	0.0017662732030182616	1.01914704	49.42367172	0.9651372	0.04962222054753587	0.0119593	0.00012
0.0866	1.4526	0.3969	-0.003771656513559746	0.0014835298641951804	0.0015655603390389136	1.0704186	51.91009521	0.98750922	0.1826868683768169	0.0128207	0.00014
0.0841	1.4413	0.3241	-0.003778637830567723	0.001048942880448592	0.0017278759594743865	1.06882787	51.83295441	0.99779568	0.11679419605950175	0.0122216	0.00011
0.0844	1.4042	0.3002	-0.003303908274025266	0.0009040805525330626	0.0018064157758141308	1.03216231	50.05485153	0.9816426	0.09620658503988669	0.0124123	0.00023
0.0928	1.4182	0.3241	-0.0035203291012725624	0.0011780972450961724	0.0016964600329384882	1.17239761	56.85557938	1.0960451	0.07631966313430241	0.0201076	0.00423
0.0941	1.4777	0.3962	-0.004122467693210606	0.001562069680534925	0.001481784534943186	1.11212242	53.93252945	1.03423627	0.19293932626860505	0.0181956	0.00212
0.0938	1.4743	0.3428	-0.0042882739721500675	0.0011117747335203881	0.0016022122533307947	1.05913424	51.36286163	1.00624912	0.0939264472170804	0.0174168	0.00216
0.0839	1.4117	0.2952	-0.003525565089028546	0.0009634217471008699	0.0017174039839624202	1.08395886	52.5667305	1.02481984	0.1714126800086332	0.0137588	0.00023
0.0849	1.4114	0.3241	-0.003502875808752619	0.0011030480872604163	0.0016859880574265225	1.05155766	50.99543381	0.98232935	0.039886577348568486	0.0126404	0.00011
0.0882	1.4759	0.403	-0.004085815778918725	0.0015027284859671175	0.0016057029118347831	1.07344115	52.05667496	0.99575783	0.19984527572322733	0.0134693	8e-05
0.0862	1.4543	0.3329	-0.003921754829231259	0.0010454522219446034	0.0017086773377024485	1.04000235	50.43505478	0.98664138	0.1299155819788824	0.0133259	0.00014
0.083	1.4078	0.2987	-0.0034749505407207105	0.0009040805525330626	0.0017732545200262388	1.05811012	51.31319427	0.99461955	0.11653765701229388	0.0127497	0.00012
0.0849	1.4089	0.318	-0.0034400439556808234	0.0010524335389525807	0.0018413223608540175	1.0365473	50.26750183	0.97491994	0.03486637061435928	0.0126951	8e-05
0.0898	1.4608	0.3898	-0.0037245326237558994	0.0014573499254152652	0.0016929693744344998	1.0479157	50.81881714	0.9836431	0.17048790204786396	0.013402	9e-05
0.0847	1.4679	0.3738	-0.003911282853719292	0.0013473941825396225	0.0016441001553786586	1.05134201	50.98497391	0.99103131	0.04547875959474365	0.0139261	0.00012
0.084	1.4325	0.3106	-0.003745476574779831	0.0009546951008408983	0.001759291886010284	1.06457305	51.62661362	0.99731045	0.1329848545634904	0.0137305	0.0003
0.0865	1.4168	0.3194	-0.003558726344816438	0.0009442231253289323	0.0018273597268380628	1.04052758	50.46052551	0.97601469	0.04026450231515696	0.013338	0.00032
0.0851	1.4469	0.3761	-0.003626794185644217	0.0012514010736799342	0.0016318828506146981	1.06407225	51.60232925	0.99242467	0.11673613327010726	0.0137125	0.00016
0.0846	1.507	0.4152	-0.004110250388446646	0.001509709802975095	0.0015603243512829306	1.06890512	51.83669662	0.99676661	0.1403661715714677	0.0140885	0.00014
0.0814	1.4946	0.3456	-0.003996803987067014	0.001085594794740473	0.0017610372152622785	1.06002212	51.40591812	0.99726919	0.12211371367968003	0.0130731	9e-05
0.0819	1.458	0.3146	-0.003492403833240653	0.0008813912722571365	0.0018291050560900572	1.02641237	49.77600479	0.97922541	0.1069335758568738	0.0125533	0.00011
0.0827	1.4732	0.348	-0.0034295719801688577	0.0010349802464326373	0.0017872171540421933	1.0535475	51.09193039	0.99123931	0.06231543646475809	0.0132967	0.00018
0.0833	1.5386	0.4173	-0.003984586682303054	0.0014137166941154068	0.0016074482410867775	1.08861911	52.79273224	1.01241777	0.190976003138619	0.0143665	0.00021
0.0831	1.5229	0.3342	-0.003787364476827695	0.0009337511498169664	0.0018814649336498872	1.0569135	51.25516129	1.00523569	0.14656022211684552	0.0131333	0.00013
0.0808	1.4926	0.3132	-0.0034766958699727043	0.000895353906273091	0.0018360863730980347	1.04247093	50.55476761	0.98742964	0.07332222054753594	0.013051	0.00017
0.0835	1.5124	0.364	-0.0036163222101322505	0.0011239920382843482	0.0017400932642383465	1.0754199	52.15263748	1.00566378	0.09651287905152464	0.0135549	0.00019
0.0833	1.5823	0.4349	-0.004169591583014453	0.0014748032179352085	0.0016196655458507376	1.07050729	51.91439438	1.00460101	0.19222541354603367	0.014557	0.00023
0.0814	1.5467	0.3387	-0.0038275070496235643	0.0009232791743050004	0.0018413223608540175	1.07640541	52.20042801	1.01444873	0.18946326960121887	0.0135509	0.0002
0.0827	1.516	0.3189	-0.0035674529910764093	0.0008866272600131194	0.0018657569703819383	1.08293271	52.51696777	1.00720869	0.06785702911834776	0.0134832	0.00016
0.0874	1.5477	0.3945	-0.0038816122564353885	0.0013124875974997359	0.0017191493132144146	1.09852839	53.27328491	1.01369706	0.15633136300065603	0.0138605	0.00014
0.0882	1.5668	0.4096	-0.004125958351714595	0.0013334315485236678	0.0016912240451825054	1.03623176	50.25220108	0.98867905	0.04966076571675226	0.0142221	0.00022
0.0847	1.5164	0.3252	-0.003958406743523139	0.0009337511498169664	0.0018308503853420514	1.10349071	53.51393127	1.02710181	0.1736429173528852	0.0135208	0.00028
0.0861	1.4838	0.3269	-0.0037594392087957856	0.0009354964790689606	0.0018762289458939042	1.04577684	50.71508789	0.98413691	0.04800457122656002	0.0127112	0.0001
0.0887	1.5141	0.3962	-0.003953170755767157	0.0013002702927357754	0.0017505652397503124	1.05390048	51.10904694	0.99814068	0.13640845333908885	0.0136164	0.00012
0.0833	1.5242	0.3916	-0.004139920985730549	0.001270599695451872	0.0016632987771505957	1.07955313	52.35307693	1.01686485	0.03528436449235062	0.0140526	0.00018
0.0871	1.4756	0.3186	-0.0038833575856873836	0.0008499753457212384	0.001839577031602023	1.08652151	52.69100952	1.01678317	0.16807330021126127	0.0132163	0.00015
0.0872	1.4729	0.3597	-0.0037995817815916558	0.001001818990644745	0.001801179788058148	1.07405806	52.08659363	1.0072266	0.057600834628155434	0.012585	9e-05
0.0882	1.5133	0.4238	-0.004159119607502487	0.0013857914260834976	0.0016632987771505957	1.04683185	50.76625443	0.99211673	0.14956956361285678	0.0136352	0.00017
0.084	1.4789	0.3401	-0.003993313328563026	0.0009093165402890458	0.001843067690106012	1.09754622	53.2256546	1.03020799	0.16340250388446645	0.0127889	0.00013
0.0864	1.4594	0.3339	-0.0037437312455278365	0.0008604473212332044	0.0019285888234537342	1.04429257	50.64311218	0.98307289	0.04729862177193776	0.0123567	0.00014
0.0882	1.5102	0.3914	-0.0038885935734433662	0.001155407964820246	0.0018099064343181197	1.05289245	51.06016541	0.99319527	0.1380252680319093	0.0130981	0.00015
0.0859	1.5546	0.4203	-0.004214970143566306	0.0013892820845874865	0.0016458454846306526	1.04294491	50.57775497	0.9895493	0.11181558197888232	0.0141982	0.0002
0.0832	1.5153	0.3314	-0.0039723693775390945	0.0008499753457212384	0.0018168877513260971	1.10755968	53.71125793	1.02814359	0.1785474885794451	0.0131764	0.00014
0.0868	1.4984	0.3323	-0.003687880709464018	0.0008203047484373349	0.001895427567665842	1.05258572	51.04528809	0.98599487	0.0410349540849364	0.0124242	8e-05
0.0866	1.5515	0.4087	-0.004009021291830974	0.0013491395117916165	0.0017121679962064373	1.0608381	51.44548798	0.99718851	0.1813617458590323	0.013931	0.00012
0.0825	1.544	0.3656	-0.0041887902047863905	0.001090830782496456	0.0018238690683340744	1.10033679	53.36098099	1.03214175	0.08218893571891078	0.0136731	0.00019
0.0827	1.5084	0.3247	-0.003862413634663451	0.0008203047484373349	0.0018832102629018814	1.07195854	51.98477554	1.01280938	0.10951218993749344	0.0129113	0.00016
0.0867	1.5472	0.3758	-0.003940953451003196	0.001048942880448592	0.0018675022996339327	1.06901002	51.84178925	1.00664438	0.11004429558094754	0.0132515	0.00018
0.0853	1.6071	0.4192	-0.004230678106834255	0.001450368608407288	0.0016929693744344998	1.04306519	50.58358765	0.9923365	0.1479841654494594	0.0147305	0.00026
0.0833	1.5719	0.3365	-0.00409977841293468	0.0009372418083209549	0.001858775653373961	1.10895312	53.7788353	1.03438695	0.16039163864626835	0.0137054	0.00024
0.0862	1.5488	0.3322	-0.0038048177693476384	0.0008080874436733745	0.0019512781037296606	1.0606879	51.43820572	0.9955978	0.056130872929516205	0.0130885	0.00014
0.0874	1.5883	0.3837	-0.0039514254265151615	0.0011623892818282235	0.001811651763570114	1.05882919	51.34806442	1.009503	0.12422679177409603	0.0141801	0.00026
0.0867	1.6109	0.3911	-0.004209734155810323	0.0012479104151759456	0.0017191493132144146	1.08776355	52.75124359	1.02208421	0.05251661564992912	0.014695	0.00025
0.0845	1.5695	0.3196	-0.004000294645571003	0.000874409955249159	0.0018133970928221085	1.09964287	53.32733154	1.02496349	0.14895938748869014	0.0139872	0.00026
0.0855	1.5455	0.3294	-0.0037489672332838195	0.0008779006137531476	0.0018675022996339327	1.05681264	51.25027466	0.9965104	0.050246163880149616	0.0130842	0.00013
0.0851	1.553	0.3607	-0.0036983526849759846	0.0011606439525762293	0.001762782544514273	1.05328262	51.0790863	0.99647779	0.061103882112528665	0.0139269	0.00026
0.086	1.6019	0.4109	-0.004194026192542374	0.0014364059743913332	0.0017051866791984597	1.09199059	52.95623016	1.01748573	0.14145156973486547	0.0145016	0.0002
0.0862	1.5779	0.3338	-0.004017747938090946	0.0009686577348568529	0.0018500490071139892	1.07873785	52.3135376	1.01189271	0.14074444109507192	0.0134369	0.00022
0.0877	1.5349	0.3214	-0.003555235686312449	0.0009040805525330626	0.0019355701404617114	1.03209555	50.05161667	0.98643785	0.08753052837250062	0.0131279	0.0002
0.0869	1.5397	0.3406	-0.003556981015564444	0.0010733774899765126	0.0018622663118779497	1.05511844	51.16810989	0.99347581	0.03701730476396047	0.01361	0.00018
0.0902	1.6007	0.4105	-0.004124213022462601	0.001473057888683214	0.0016807520696705393	1.08815885	52.77041245	1.01683546	0.19162133239061332	0.0146124	0.00019
0.0874	1.5862	0.3558	-0.0041329396687225725	0.0011205013797803594	0.001762782544514273	1.05624604	51.22279739	1.00332697	0.0941656815003279	0.0140349	0.00024
0.0854	1.5334	0.3118	-0.0036093408931242737	0.000947713783832921	0.001811651763570114	1.05909145	51.36078262	0.99981054	0.13606277953007886	0.0139749	0.00024
0.0882	1.5164	0.3166	-0.0034662238944607386	0.0009669124056048585	0.0018832102629018814	1.05745673	51.28150558	0.99033526	0.036293705988362096	0.0138056	0.00018
0.0893	1.5461	0.3685	-0.0037402405870238476	0.0012304571226560022	0.0017208946424664088	1.06704104	51.74629974	1.00154606	0.11769385150248632	0.0143032	0.00014
0.0892	1.5938	0.4114	-0.004225442119078272	0.0014329153158873448	0.001593485607070823	1.02102304	49.51464844	0.98185377	0.13145343803406767	0.0148977	0.00023
0.0869	1.5688	0.3399	-0.0041661009245104645	0.0010192722831646884	0.0016650441064025902	1.08887005	52.80490112	1.02552584	0.12602713633111168	0.014462	0.00033
0.0886	1.5157	0.3139	-0.0038397243543875246	0.0008377580409572782	0.0018325957145940458	1.05595839	51.20884323	0.99529857	0.11457212102609016	0.0136952	0.00021
0.088	1.5112	0.3298	-0.0036477381366681488	0.00091106186954104	0.0018448130193580064	1.04521823	50.68799973	0.98208301	0.034875367553354825	0.0129843	0.00012
0.0904	1.5526	0.3938	-0.003858922976159462	0.001296779634231787	0.0017296212887263805	1.03942013	50.4068222	0.98988503	0.1434047167406842	0.0143814	0.0002
0.0887	1.5696	0.3708	-0.004134684997974567	0.0011798425743481666	0.0017749998492782332	1.09151936	52.93338013	1.03015573	0.06360388211252899	0.0143482	0.00025
0.0886	1.5283	0.3174	-0.003783873818323706	0.0009459684545809266	0.0018762289458939042	1.07442153	52.10421753	1.00926133	0.1290957198016887	0.0139123	0.00022
0.0876	1.5259	0.3297	-0.0036983526849759846	0.0009459684545809266	0.0018744836166419098	1.02259493	49.59088135	0.98160823	0.020063323129985735	0.0128829	0.00011
0.0872	1.5808	0.4081	-0.004206243497306334	0.0013124875974997359	0.0017156586547104257	1.0571183	51.26509476	1.00247504	0.1853617458590321	0.0142509	0.00027
0.0868	1.5855	0.3678	-0.004448844263333546	0.0010035643198967395	0.0017819811662862105	1.09719431	53.20858765	1.02979782	0.07629232776029958	0.0141184	0.00021
0.0892	1.5547	0.3371	-0.004153883619746505	0.0007958701389094143	0.001843067690106012	1.05232823	51.03280258	0.99261657	0.09208706741970837	0.013646	0.00016
0.0896	1.5655	0.3478	-0.004075343803406759	0.0009459684545809266	0.0017313666179783749	1.02963388	49.93223572	0.98387987	0.038916960206944656	0.0139965	0.00017
0.0853	1.6178	0.4139	-0.004427900312309613	0.001361356816555577	0.001499237827463129	1.0693748	51.859478	1.00381344	0.17270368306963754	0.0148067	0.00027
0.0866	1.6164	0.3577	-0.00446629755585349	0.0010663961729685354	0.0016964600329384882	1.08718371	52.72312164	1.02647391	0.08542900463031369	0.0146247	0.00032
0.0871	1.5844	0.3257	-0.0041329396687225725	0.0008639379797371932	0.0017697638615222502	1.06030059	51.41942215	1.00392407	0.09495599544730114	0.01425	0.00023
0.0874	1.5651	0.3222	-0.003707079331235956	0.0008918632477691023	0.0018046704465621369	1.02298534	49.60981369	0.98368631	0.04753460952792072	0.0141368	0.00022
0.0869	1.5983	0.3716	-0.0039514254265151615	0.0012199851471440364	0.0016632987771505957	1.06310868	51.55559921	1.00413778	0.11879198320328414	0.0146245	0.00032
0.0877	1.6483	0.4017	-0.0044540802510895285	0.0013857914260834976	0.001556833692778942	1.08467329	52.60137939	1.02081918	0.11964630939427416	0.0152503	0.00044
0.0868	1.6189	0.331	-0.004291764630654057	0.0009162978572970229	0.0017278759594743865	1.05889082	51.35105515	1.01042678	0.14114257279586964	0.0143386	0.00027
0.0881	1.5794	0.3161	-0.0038397243543875246	0.0008883725892651138	0.0018029251173101424	1.04723215	50.78566742	0.99478749	0.08345073510670997	0.0143357	0.00032
0.0869	1.576	0.3207	-0.003710569989739945	0.0009878563566287904	0.0017976891295541592	1.05624568	51.22277832	0.99406868	0.020893705988361808	0.0146506	0.0003
0.0919	1.6288	0.3887	-0.004202752838802345	0.001296779634231787	0.0017051866791984597	1.10175014	53.42952347	1.01410421	0.17048042885105477	0.0149252	0.00028
0.0935	1.6688	0.3986	-0.0044924774946334045	0.0013316862192716734	0.0016423548261266642	1.03032827	49.96590805	0.99379506	0.07087315469713713	0.0151405	0.00042
0.0882	1.6242	0.3201	-0.004080579791162742	0.0009564404300928925	0.0017505652397503124	1.07767916	52.26219559	1.0222117	0.17316769531365456	0.0143632	0.00033
0.0886	1.5943	0.3149	-0.00376118453804778	0.0009512044423369096	0.0018413223608540175	1.06664383	51.72703552	1.00485798	0.05626941809873253	0.0140283	0.00028
0.0925	1.6195	0.3497	-0.003862413634663451	0.0011466813185602744	0.0018552849948699724	1.07543957	52.15358734	1.00412237	0.07943343034274943	0.0140396	0.00025
0.0927	1.676	0.416	-0.004340633849709897	0.001567305668290908	0.001668534764906579	1.05453146	51.13964462	1.00516754	0.17727973973702363	0.0151395	0.00037
0.089	1.6524	0.3352	-0.004202752838802345	0.0010803588069844899	0.0018273597268380628	1.1097225	53.81614304	1.04321266	0.14728264170727257	0.0148164	0.00043
0.0902	1.6126	0.3133	-0.003824016391119576	0.0009459684545809266	0.0018901915799098587	1.06074297	51.44087601	1.00467129	0.09169793265790643	0.0144584	0.00034
