trans_x	trans_y	trans_z	rot_x	rot_y	rot_z	dvars_std	dvars_nstd	dvars_vstd	framewise_displacement	aqi	aor
0.0	-0.0	0.0	-0.0	0.0	-0.0	n/a	n/a	n/a	n/a	0.0489568	0.02368
-0.0018	-0.1135	-0.0153	-0.0002530727415391778	0.00027750735106709843	8.726646259971648e-05	1.25933576	65.35220337	1.1744494	0.1614923277602996	0.0484688	0.02068
-0.0089	-0.2454	0.0191	0.000148352986419518	0.00022165681500327985	0.0007086036763096977	1.25601101	65.17966461	1.16691934	0.22733067388662476	0.0457132	0.01547
-0.0239	-0.3345	0.0427	0.0009250245035569946	4.71238898038469e-05	0.0008883725892651138	1.19139516	61.82648087	1.11805283	0.1842486677646163	0.0429485	0.01254
-0.0381	-0.3737	0.0709	0.0011484266478122688	6.108652381980153e-05	0.0007190756518216638	1.12700725	58.48512268	1.08012555	0.1019330857857339	0.042231	0.01086
-0.0494	-0.3867	0.0919	0.0008709192967451704	0.0001832595714594046	0.0004956735075663896	1.08753276	56.43662262	1.05189304	0.07645412714809878	0.0425469	0.01054
-0.0492	-0.3849	0.1016	0.000752236907609556	0.00022863813201125715	0.00038571776469074686	1.03416812	53.66731262	1.01723321	0.02540083462815545	0.0427	0.01068
-0.0475	-0.3849	0.1179	0.00010297442586766544	0.00015707963267948963	0.00034208453339088857	1.06200206	55.11173248	1.03385974	0.056222710618675835	0.043427	0.01167
-0.0475	-0.3921	0.1674	-0.0019373154697137059	0.00014311699866353502	2.792526803190927e-05	1.15410173	59.89116669	1.09923078	0.17512058974781525	0.0463405	0.01619
-0.0421	-0.3832	0.1639	-0.0018971728969178364	0.000291469985083053	0.00018151424220741024	1.05509412	54.75325012	1.03780829	0.034904226669544444	0.0452145	0.01563
-0.0413	-0.3793	0.1542	-0.001864011641129944	0.0003944444109507184	0.00015533430342749534	1.04055226	53.99861145	1.0212709	0.02251578102177358	0.0453346	0.01542
-0.0445	-0.363	0.1534	-0.0015899949485668342	0.00024085543677521747	0.0001256637061435917	1.05582654	54.79125977	1.03296023	0.043163813201125736	0.0453591	0.01573
-0.0564	-0.2814	0.172	-0.001514945790731078	0.0002303834612632515	-0.00021642082724729686	1.08318424	56.2109642	1.04869492	0.13348028333693052	0.0455752	0.01605
-0.0595	-0.2121	0.1774	-0.0018029251173101424	0.0002513274122871834	-0.0004572762640225143	1.08570373	56.34170914	1.05411568	0.10528893571891068	0.0466016	0.01739
-0.0361	-0.2232	0.1489	-0.0020682151636132805	-0.00011170107212763708	-0.0003787364476827695	1.10255671	57.21627808	1.0713226	0.09834291735288515	0.0470254	0.01773
-0.0343	-0.2943	0.1275	-0.001706932008450454	0.0001012290966156711	-0.00026354471705114377	1.08082473	56.08852005	1.05721292	0.12877025272688802	0.0455488	0.01626
-0.0368	-0.342	0.1162	-0.0009808750396208131	0.00019024088846738194	-7.155849933176751e-05	1.09196842	56.66680908	1.06050709	0.11185274892003642	0.0441299	0.01417
-0.038	-0.302	0.1238	-0.0001884955592153876	2.268928027592628e-05	1.9198621771937625e-05	1.10522616	57.35481262	1.06924145	0.10133441048502932	0.0436237	0.01296
-0.0095	-0.315	0.0216	0.00314857397059777	-0.00031415926535897925	0.0008255407361933179	1.35107231	70.11279297	1.23748817	0.3677130094934722	0.0399241	0.00916
0.0015	-0.4066	-0.119	0.009204866475018093	-0.0005061454830783556	0.0016720254234105676	1.54012609	79.92358398	1.35950329	0.5979381704678475	0.0299591	0.00183
-0.012	-0.3856	-0.0854	0.008414232323864661	-0.0005672320068981572	0.001410226035611418	1.10729325	57.46208191	1.04123526	0.12377600313861915	0.0306777	0.0018
-0.0123	-0.3517	-0.0445	0.005749114556069322	-0.00033684854563490564	0.00102799892942466	1.15375578	59.87321472	1.07994234	0.23898641676226745	0.0343402	0.00357
-0.0125	-0.3671	-0.0263	0.0044628068973495	-0.00010471975511965978	0.0009686577348568529	1.14211035	59.26888657	1.06949741	0.11268888219014372	0.035637	0.00454
-0.0226	-0.3297	0.0164	0.003940953451003196	-7.504915783575618e-05	0.0008080874436733745	1.11791086	58.01306915	1.05726201	0.12580471674068427	0.0369585	0.00513
-0.0139	-0.3282	0.0088	0.0029845130209103033	7.504915783575618e-05	0.000726056968829641	1.1102711	57.6166153	1.06008896	0.07722846103040697	0.0386536	0.00641
-0.0115	-0.3509	-0.022	0.004609414554517024	7.155849933176751e-05	0.0009896016858807848	1.17311203	60.87769318	1.11593863	0.15049684545809267	0.0362683	0.00546
-0.0007	-0.3352	-0.1656	0.012154472910888512	-0.0004380776422505767	0.0015481070465189703	1.55035818	80.45457458	1.36179932	0.6007599929296008	0.0261307	0.00094
0.0179	-0.3636	-0.2253	0.01257684258987114	-0.000153588974175501	0.0018448130193580064	1.09134996	56.63471603	1.02478997	0.15687821599483695	0.025505	0.00081
0.0136	-0.3853	-0.1519	0.009524261728133056	-0.0005899212871740833	0.0017994344588061536	1.15524805	59.95065689	1.07081795	0.27611458676442585	0.0292746	0.00164
-0.0054	-0.3279	-0.0571	0.006991788983489284	-0.0005567600313861911	0.0013578661580515882	1.16939259	60.68467712	1.07760874	0.32156011505931154	0.0322053	0.00256
0.0143	-0.3373	-0.1332	0.009253735694073935	-0.0006475171524898963	0.0016057029118347831	1.15773261	60.07958603	1.08421203	0.23522702927357753	0.0297986	0.00184
0.029	-0.3991	-0.2276	0.013639748104335686	-0.0010210176124166828	0.002331759880664424	1.28524721	66.69685364	1.17187797	0.44517849195090886	0.0273826	0.00203
0.0506	-0.4332	-0.4529	0.02963743602811571	-0.001403244718603441	0.0035849062835963527	2.10625076	109.3021698	1.83666891	1.1626530716449355	0.0322898	0.00472
0.0382	-0.4296	-0.4211	0.0271171805882359	-0.000853466004225227	0.003152064629101759	1.31003606	67.98325348	1.18570247	0.222943790437631	0.0274689	0.00147
0.0373	-0.4843	-0.401	0.025239206313089995	-0.0005393067388662478	0.0033859387488689996	1.10686719	57.43996811	1.02512823	0.19700038301360612	0.0248667	0.00057
0.0219	-0.463	-0.3622	0.02502627614434669	-0.00047822021504644627	0.003227113786937515	0.99439687	51.60341263	0.95279901	0.0971420827247295	0.0232901	0.00047
0.0238	-0.4359	-0.3506	0.02357939819444339	-0.0003089232776029963	0.003001966313430246	1.0387274	53.90391159	0.98135502	0.132666118042701	0.0219806	0.0003
0.0327	-0.4821	-0.3687	0.023073252711365035	-0.0001256637061435917	0.003113667385557884	0.98690605	51.21468353	0.94666665	0.1132553063332698	0.0223492	0.00036
0.0193	-0.4607	-0.3214	0.02249205807045092	-4.363323129985824e-05	0.0029112091923265415	1.00528622	52.16851044	0.952634	0.12538416544945943	0.0210114	0.00029
0.011	-0.4162	-0.2853	0.02142915255598638	0.0002495820830351891	0.0026720990848033187	1.02363777	53.12084961	0.96416827	0.16866154681614068	0.0196976	0.00022
0.0289	-0.4588	-0.3032	0.019725711206039914	0.0005532693728822024	0.002649409804527392	1.04485798	54.22205353	0.97870853	0.1798908960034702	0.0203139	0.00033
0.0137	-0.4358	-0.251	0.019102628663077936	0.0006003932626860494	0.002450442269800039	1.01785839	52.82093048	0.96154327	0.13385869837465889	0.0191733	0.00019
0.011	-0.3875	-0.2151	0.018076375062905273	0.0007976154681614085	0.0024137903555081575	1.0230726	53.0915184	0.96396344	0.14990638599699518	0.0188713	0.00026
0.0282	-0.4375	-0.2487	0.01733111947230369	0.0006649704450098395	0.002637192499763432	1.01309252	52.57361221	0.96012673	0.15586513790042125	0.0201498	0.00025
0.015	-0.424	-0.2103	0.01712866127907235	0.0007644542123735164	0.0024033183799961914	0.99051881	51.40216446	0.94556834	0.09189080401811309	0.0192901	0.00016
0.013	-0.3754	-0.1824	0.016275195274847123	0.0008360127117052838	0.002261946710584651	1.02008784	52.93662643	0.96733441	0.1318198086484266	0.0192351	0.00025
0.0283	-0.4203	-0.2276	0.016252505994571197	0.0008691739674931761	0.0025254914276357948	1.01283038	52.56000519	0.95594059	0.12136976265574811	0.0203848	0.00023
0.0145	-0.3933	-0.1949	0.016557938613670203	0.000879645943005142	0.002389355745980237	1.02307498	53.09164047	0.96141223	0.09610201381332653	0.0197349	0.00018
0.0208	-0.3721	-0.194	0.016397368322486724	0.0008866272600131194	0.0024015730507441976	1.03962362	53.95042038	0.97937551	0.03738844564777082	0.0200951	0.00019
0.0282	-0.4194	-0.2217	0.016259487311579175	0.000900589894029074	0.0026057765732275338	1.05515563	54.75643921	0.98528403	0.10020235837034198	0.0212122	0.00028
0.0165	-0.4009	-0.1847	0.01566083937814512	0.0006335545184739417	0.0024591689160600103	1.02272964	53.07371902	0.96375878	0.11781454830783564	0.0204078	0.00024
0.0038	-0.3352	-0.1285	0.014744541520848095	0.0007155849933176752	0.0021275563581810873	1.02464211	53.172966	0.96770205	0.201097044500984	0.0200103	0.0002
0.026	-0.3736	-0.1761	0.014180800172453928	0.0008499753457212384	0.002501056818107874	1.03462076	53.69079971	0.96922931	0.16178160803622588	0.0217286	0.00032
0.021	-0.3971	-0.1694	0.014205234781981848	0.0007888888219014368	0.0025726153174396417	0.99601609	51.68744278	0.95191375	0.04305398163397448	0.0215638	0.00032
-0.0012	-0.3364	-0.1074	0.014014993893514467	0.000900589894029074	0.002181661564992912	1.01746368	52.80044556	0.96036743	0.17954478565208742	0.0208291	0.00024
0.0236	-0.346	-0.1564	0.013264502315156903	0.0008290313946973065	0.0022759093446006054	1.03398728	53.65792847	0.98584468	0.12921489286485127	0.0226283	0.00036
0.024	-0.3858	-0.1702	0.013707815945163465	0.0008709192967451704	0.0024050637092481865	1.02651346	53.27007675	0.97626788	0.0847177948351003	0.0227053	0.00033
-0.0017	-0.3317	-0.1078	0.013793337078511186	0.0010122909661567112	0.002092649773141201	1.04710734	54.33877945	0.98859698	0.16916533694331237	0.0216525	0.00025
0.0223	-0.323	-0.1448	0.013233086388621005	0.0010786134777324957	0.0022602013813326567	1.0564214	54.82212448	1.00019084	0.10940624048287108	0.0228062	0.00035
0.035	-0.3717	-0.1906	0.013973105991466601	0.0010367255756846318	0.0024801128670839424	1.05259633	54.62363052	0.98932772	0.15729094953223724	0.0222217	0.00036
0.0158	-0.3689	-0.2419	0.015062191444711064	0.0007086036763096977	0.001595230936322817	1.07910573	55.99931335	1.01083917	0.1884044641690261	0.0218864	0.0004
0.0003	-0.3573	-0.2702	0.016362461737446838	0.00019198621771937622	0.0011763519158441782	1.12952292	58.61566925	1.04160056	0.16718833859023668	0.0202961	0.00023
0.0305	-0.3782	-0.2623	0.016025613191811935	-0.00011519173063162575	0.002462659574563999	1.07725155	55.90308762	1.01335939	0.15551670763528624	0.0192208	0.00028
0.0516	-0.3599	-0.2192	0.014203489452729852	-0.0005654866776461627	0.0030473448739821	1.0733341	55.69979477	1.00672502	0.225355199275736	0.0206077	0.00032
0.0534	-0.2864	-0.2275	0.013732250554691386	-0.0003630284844148205	0.002853613327010729	1.02640057	53.26421738	0.9716992	0.12697143191205892	0.0210786	0.0003
0.0786	-0.3194	-0.2656	0.01296430568381388	-0.0003193952531149623	0.0032567843842214186	1.02731323	53.31158066	0.97757131	0.15703745796940274	0.0234264	0.00061
0.0703	-0.3562	-0.2641	0.01305680813416958	-0.00017278759594743863	0.0032934362985133003	1.0603925	55.02820587	0.99972653	0.06038810109075528	0.0239692	0.00066
0.0433	-0.2958	-0.1704	0.011974703997933095	-0.00015184364492350666	0.00294262511886244	1.13112366	58.6987381	1.03519276	0.25379296334556384	0.0240963	0.00053
0.0612	-0.3189	-0.1957	0.011135200627723822	-0.00015184364492350666	0.0031031954100459182	1.07822967	55.95384598	1.0176782	0.1163036830696376	0.0252245	0.00083
0.0658	-0.3418	-0.2581	0.014205234781981848	-0.0004328416544945937	0.0033580134808370897	1.15298307	59.83311844	1.07189835	0.27019251173101416	0.0220613	0.00049
0.0435	-0.2876	-0.2199	0.014767230801124022	-0.0005864306286700947	0.003001966313430246	1.10210466	57.1928215	1.02687244	0.16828160803622588	0.0206327	0.00023
0.0665	-0.3287	-0.2462	0.013227850400865025	-0.00035430183815484887	0.003363249468593073	1.05791712	54.89974594	0.99862542	0.1970396172968535	0.0226417	0.00047
0.059	-0.3445	-0.2212	0.013107422682477414	-0.00035081117965086024	0.0033196162372932147	1.00834274	52.32712555	0.96391912	0.05667758040957289	0.0226673	0.0004
0.0165	-0.2681	-0.0948	0.01202531854624093	-0.000307177948351002	0.002782054827678961	1.10967183	57.58551407	1.03582566	0.3284649388575297	0.0231957	0.00045
0.0348	-0.2901	-0.1193	0.011470303844106734	-0.0003769911184307752	0.0030700341542580253	1.05634248	54.81803131	1.00904417	0.1104403599396517	0.0243384	0.00059
0.034	-0.3391	-0.1334	0.011965977351673122	-0.0004991641660703782	0.003178244567881674	1.03354728	53.63509369	0.98440459	0.10020284844148197	0.0239002	0.00054
0.0068	-0.2921	-0.0648	0.011515682404658587	-0.00038571776469074686	0.0027244589623631483	1.09785867	56.97248077	1.017567	0.1936763476956346	0.0241309	0.00045
0.0278	-0.2876	-0.0889	0.01081580537460886	-0.00041189770347066176	0.002853613327010729	1.12156987	58.20295334	1.04238487	0.09236056667386112	0.0253436	0.00052
0.0188	-0.3428	-0.1074	0.009951867394871668	-0.00043458698374658803	0.0025062928058638572	1.16039538	60.21777344	1.06817081	0.1443973890579995	0.0280023	0.0011
0.0011	-0.3223	-0.0744	0.009717993275104427	-0.0004485496177625427	0.0022235494670407763	1.13309109	58.80083847	1.05160176	0.09772900463031385	0.0272971	0.00073
-0.0179	-0.2466	-0.0224	0.009869836920027934	-0.0003159045946109737	0.0019390607989657003	1.11330485	57.77404785	1.03817845	0.17514886680750755	0.026605	0.00069
0.0204	-0.2903	-0.1002	0.009892526200303859	-0.00048345620280242926	0.0024312436480281013	1.08749163	56.4344902	1.02768853	0.19392118687648907	0.0267484	0.00077
0.0161	-0.3221	-0.1077	0.010992083629060288	-0.0005759586531581287	0.0026127578902355115	1.0620544	55.11444855	1.01513093	0.11227870606597692	0.0251144	0.00055
-0.0078	-0.2689	-0.0855	0.013552481641735966	-0.0009756390518648303	0.002597049926967562	1.15013504	59.68532181	1.072359	0.24808931873251647	0.0205545	0.00026
0.0226	-0.2761	-0.1429	0.013439035240356337	-0.0011414453308042916	0.002885029253546627	1.05460644	54.72794342	1.00498658	0.1233616003449078	0.0214694	0.00031
0.0257	-0.3207	-0.181	0.014552555303128718	-0.0010838494654884787	0.0031695179216217023	1.06695569	55.3687973	0.99675123	0.1585802298081634	0.0204786	0.00027
-0.0024	-0.2724	-0.1017	0.013760175822723293	-0.0008499753457212384	0.0027872908154349444	1.09739602	56.94847107	1.01528781	0.22612403531797115	0.0203933	0.00022
0.0062	-0.2381	-0.0851	0.012215559434708312	-0.0006998770300497262	0.0026546457922833754	1.11015058	57.61035919	1.03410976	0.15086798634190313	0.0225407	0.00038
0.0261	-0.2933	-0.1364	0.011779227121709732	-0.0005759586531581287	0.002855358656262723	1.08263576	56.18249893	1.01720492	0.16444817769347625	0.0236136	0.00044
0.005	-0.2856	-0.0961	0.011871729572065429	-0.0004799655442984406	0.0026441738167714093	1.07042575	55.5488739	1.0092258	0.0890840199353349	0.0231263	0.0004
-0.0072	-0.2296	-0.0434	0.011360348101231092	-0.00040317105721069014	0.002384119758224254	1.09358716	56.75081635	1.02535485	0.16331150082346216	0.0231706	0.00031
0.0244	-0.2746	-0.1069	0.010765190826301025	-0.0005323254218582705	0.0026930430358272505	1.06456196	55.24457169	1.01157384	0.19176174585903216	0.0252309	0.00055
0.0159	-0.2974	-0.101	0.011095058054927952	-0.0004904375198104066	0.002701769682087222	1.06109965	55.06489944	1.00508947	0.05622408884673812	0.0246456	0.00054
-0.0122	-0.2317	-0.0321	0.011107275359691913	-0.0003001966313430247	0.002237512101056731	1.087749	56.44784546	1.01998389	0.19603578871309169	0.0236639	0.00042
0.0201	-0.249	-0.0987	0.011271336309379381	-0.0004049163864626844	0.002642428487519415	1.06816351	55.43147659	1.01886174	0.1498848545634906	0.0241424	0.00044
0.0291	-0.3091	-0.179	0.014721852240572169	-0.0007225663103256524	0.0033178709080412204	1.2734437	66.08432007	1.1658547	0.37158041377887807	0.0228961	0.00091
-0.0292	-0.3946	-0.398	0.03945491307058381	-0.00102799892942466	0.00466002910282486	2.47973919	128.68403625	2.25199769	1.6818325821947144	0.0453001	0.01865
-0.0238	-0.3851	-0.4174	0.03985110281078653	-0.0013055062804917586	0.004642575810304917	1.56401873	81.16347504	1.4347879	0.0688575191894879	0.0380443	0.0086
-0.0035	-0.4331	-0.4457	0.03670252884018876	-0.0009494591130849152	0.0048136180770003605	1.1380409	59.05770493	1.06266029	0.28038317023500287	0.0327117	0.0049
-0.0284	-0.4015	-0.3992	0.03710569989739944	-0.0008307767239493009	0.0043982297150257105	1.03049564	53.47673035	0.99395653	0.14986209041604723	0.0327992	0.00452
-0.0193	-0.3685	-0.3858	0.03542494782772891	-0.0010314895879286487	0.004316199240181977	1.04875553	54.42431259	1.00571326	0.15367477042468045	0.0307992	0.00294
0.0018	-0.4148	-0.3977	0.03329564614029582	-0.0010803588069844899	0.004675737066092809	1.05873263	54.94206619	1.0077473	0.20618543661998817	0.0280617	0.00192
-0.0159	-0.3888	-0.3423	0.031881929446180415	-0.0010838494654884787	0.004305727264670011	1.02568626	53.22715378	0.97695617	0.18846085770210969	0.0257735	0.00112
-0.0242	-0.325	-0.3059	0.03104068074671915	-0.0009808750396208131	0.004199262180298357	1.02504337	53.19378662	0.97931094	0.16103441048502928	0.0243574	0.00056
-0.0021	-0.3602	-0.3418	0.02994461397646671	-0.0012583823906879114	0.004618141200776996	1.01260936	52.54853821	0.96950551	0.18282265708990875	0.0235384	0.0006
-0.0149	-0.3557	-0.3246	0.030223866656785805	-0.0008970992355250854	0.0042603487041181585	1.00317693	52.0590477	0.96750341	0.08441641660703783	0.0233184	0.00049
-0.0263	-0.3179	-0.2899	0.030061551036350328	-0.0012775810124598492	0.003961897402027128	1.04135466	54.04025269	0.98901664	0.12596243497306353	0.0236604	0.00039
-0.0099	-0.3637	-0.3553	0.030068532353358313	-0.0010733774899765126	0.004310963252425994	1.04154027	54.04988098	0.98615242	0.1556125344945094	0.0242341	0.00069
-0.0156	-0.3574	-0.3374	0.030682888250060315	-0.0013456488532876281	0.004396484385773717	0.99415064	51.59063721	0.95773756	0.078507419668042	0.0245345	0.00074
-0.0088	-0.3212	-0.3726	0.03184527753188854	-0.0016667894356545846	0.004560545335461182	1.05586874	54.79344559	1.0001348	0.16057954069413233	0.0263379	0.00157
0.0068	-0.3504	-0.3712	0.03057642316568866	-0.0023265238929084412	0.005049237526019596	1.1487	59.61084747	1.06779526	0.16706405070060748	0.0250038	0.00118
-0.0169	-0.3257	-0.2808	0.028075366347580785	-0.0021886428820008896	0.004673991736840814	1.10422766	57.30299377	1.02475123	0.2895091809097104	0.0212438	0.0003
-0.021	-0.2635	-0.2527	0.02754129559647052	-0.001706932008450454	0.004495968153137393	1.0120939	52.52178574	0.96565779	0.1540902604182061	0.0195616	0.00013
0.0057	-0.3208	-0.3209	0.02710147262496795	-0.0014870205226991688	0.004871213942316174	1.01256144	52.54605103	0.96353976	0.20394901232163176	0.0198701	0.00021
-0.0109	-0.327	-0.2785	0.02691995838276054	-0.0013596114873035826	0.004705407663376713	0.98013598	50.86335754	0.94400036	0.08893647782712294	0.0194008	0.00013
-0.0284	-0.2683	-0.2162	0.02630734781531053	-0.001192059879112127	0.004337143191205909	1.01549923	52.69850159	0.96607916	0.1959213323906136	0.0175844	7e-05
-0.0094	-0.3187	-0.2628	0.02556907354171693	-0.0012531464029319286	0.004700171675620729	0.99592203	51.68255997	0.95457384	0.17411946409141105	0.0179502	0.00013
-0.0237	-0.3099	-0.2328	0.025829127600264082	-0.0012374384396639797	0.0044628068973495	1.00283718	52.04141617	0.95539883	0.07875634000431644	0.0180593	0.00011
-0.0417	-0.2327	-0.173	0.02537359666549356	-0.0011274826967883368	0.0040945424251786966	1.03146851	53.52721405	0.96499739	0.20168755749084835	0.0164595	7e-05
-0.0109	-0.2612	-0.2385	0.025068164046394555	-0.001239183768915974	0.004445353604829557	1.01587749	52.71813583	0.95515319	0.16319724354387516	0.0169867	8e-05
-0.0211	-0.2775	-0.2332	0.02532472744643772	-0.0012199851471440364	0.004366813788489812	1.00023556	51.90641022	0.95459514	0.04951509190774231	0.0174308	9e-05
-0.0468	-0.2073	-0.1642	0.02534916205596564	-0.0010471975511965976	0.003975860036043083	1.02648783	53.26874542	0.97129829	0.19430879789610447	0.016403	5e-05
-0.0134	-0.2225	-0.233	0.024914575072219055	-0.0011344640137963143	0.004324925886441949	1.01161635	52.49700546	0.96751662	0.16094596483725834	0.0164611	6e-05
-0.0164	-0.2559	-0.2427	0.025137977216474327	-0.0011641346110802177	0.004365068459237818	0.97628868	50.66370392	0.93302261	0.06076076571675221	0.0172272	7e-05
-0.0388	-0.2009	-0.1835	0.024301964504769045	-0.001192059879112127	0.004003785304074992	1.03474617	53.69730759	0.96851473	0.19786105674500087	0.0157165	5e-05
-0.0473	-0.1324	-0.1554	0.023497367719599663	-0.0011082840750163993	0.003679154063204046	1.00240135	52.01879883	0.95129113	0.16575019150680276	0.0144175	5e-05
-0.024	-0.1599	-0.1924	0.023066271394357064	-0.0013456488532876281	0.003785619147575701	1.00153768	51.97398376	0.95491312	0.12654630939427408	0.014805	5e-05
-0.023	-0.2365	-0.2162	0.0232076430637686	-0.001085594794740473	0.004105014400690663	0.99751931	51.76544952	0.944784	0.13744104905368276	0.0153307	6e-05
-0.0283	-0.252	-0.2068	0.023668409986295103	-0.0009686577348568529	0.004125958351714595	0.97950518	50.83062363	0.93872537	0.060132396671702656	0.0155746	4e-05
-0.0525	-0.1928	-0.1542	0.023954643983622174	-0.0009773843811168245	0.0037088246604879502	0.9872579	51.23294449	0.94598687	0.17160471674068445	0.0150744	6e-05
-0.0263	-0.1927	-0.1878	0.022909191761677567	-0.001228711793404008	0.003932226804743224	1.03675485	53.80154419	0.977612	0.1359090889243532	0.0149311	4e-05
-0.0204	-0.2526	-0.2106	0.02308721534538099	-0.001281071670963838	0.00428129265514209	1.00932169	52.37792587	0.95783811	0.11757246558310588	0.0157153	6e-05
-0.0343	-0.2514	-0.1834	0.023218115039280566	-0.0012897983172238095	0.004141666314982544	1.00012875	51.90086365	0.95220949	0.05626263401595469	0.0156284	2e-05
-0.0609	-0.1786	-0.1207	0.022877775835141667	-0.0009965830028887623	0.0036128315516282617	1.04842234	54.40702438	0.97382207	0.22021946409141144	0.0142142	4e-05
-0.0257	-0.1854	-0.1716	0.022354177059543373	-0.0012339477811599909	0.004012511950334963	1.0253557	53.20999527	0.9711452	0.1509321976288112	0.0143281	3e-05
-0.0184	-0.2452	-0.2072	0.02283414260384181	-0.0011379546723003027	0.004255112716362175	0.98038036	50.8760376	0.94173481	0.14362797095926688	0.0153594	1e-05
-0.0335	-0.2397	-0.228	0.026686084262993296	-0.0013212142437597075	0.004441862946325569	1.39870322	72.58456421	1.27235939	0.2524975730287142	0.0243943	0.00357
-0.0197	-0.2373	-0.3824	0.035543630216864526	-0.0018727382873899156	0.005052728184523583	1.87689722	97.4000473	1.65419851	0.6715967617849726	0.0322846	0.00413
0.0044	-0.284	-0.3927	0.03192381734822828	-0.0012880529879718153	0.005331980864842677	1.2135576	62.97658157	1.12610873	0.30528754241867195	0.0257878	0.00121
-0.0112	-0.2716	-0.3612	0.031264082890974425	-0.0012147491593880533	0.004927064478379992	1.01112866	52.47169495	0.97317656	0.11639773361501501	0.024359	0.00082
-0.0138	-0.2254	-0.3258	0.02982244092882711	-0.0012601277199399059	0.004750786223928565	1.05110967	54.54647827	0.98842829	0.16736493885752973	0.0219835	0.00037
0.0061	-0.2769	-0.3451	0.028578021172155153	-0.001403244718603441	0.005052728184523583	1.01602995	52.72604752	0.96676106	0.1751739357965256	0.0212364	0.00032
-0.011	-0.2737	-0.3006	0.02768615792438605	-0.0010175269539126942	0.004778711491960474	1.00950956	52.38767242	0.96164369	0.142379885251148	0.0200588	0.00015
-0.0103	-0.2099	-0.2753	0.027059584722920086	-0.0009826203688728075	0.004667010419832838	1.04072094	54.00736618	0.98193515	0.12845904293167432	0.0187798	0.00013
0.0092	-0.2662	-0.3146	0.026298621169050553	-0.0012688543661998775	0.005031784233499652	1.03387892	53.65230179	0.97359619	0.18569856824317088	0.0191509	0.00013
-0.0118	-0.2695	-0.2491	0.02518510110627818	-0.0017331119472303693	0.004782202150464463	1.02484024	53.18324661	0.96682229	0.18116798634190276	0.0176772	0.0001
-0.0465	-0.1876	-0.1699	0.02444857216193657	-0.001410226035611418	0.004174827570770436	1.02954018	53.42714691	0.96011736	0.2791394717827293	0.0156484	8e-05
-0.0162	-0.1993	-0.2048	0.023427554549519888	-0.001439896632895322	0.004366813788489812	1.009498	52.38707733	0.96166538	0.13903372137099815	0.0153515	2e-05
-0.011	-0.2519	-0.2269	0.023134339235184834	-0.0013980087308474581	0.004609414554517024	0.99542141	51.65658188	0.94508321	0.10878519912050647	0.0157319	4e-05
-0.0228	-0.2495	-0.1967	0.023191935100500646	-0.0014154620233674013	0.004473278872861466	0.99081516	51.41754532	0.94243858	0.0549592419745657	0.015449	2e-05
-0.0501	-0.1745	-0.1369	0.02276083877525805	-0.0010978120995044332	0.003932226804743224	1.01455402	52.64945602	0.95203713	0.22658991586119037	0.0140973	2e-05
-0.0166	-0.1981	-0.1882	0.022228513353399783	-0.001181587903600161	0.004319689898685966	1.01914489	52.88769531	0.95829167	0.15857821599483687	0.0146369	3e-05
-0.0204	-0.2359	-0.1822	0.021853267564221	-0.0010122909661567112	0.0042987459476620336	0.96717089	50.19054413	0.92802039	0.07587433388230835	0.0145022	4e-05
-0.0499	-0.1842	-0.0971	0.02116560783893523	-0.0006928957130417488	0.0038222710618675813	1.00412965	52.10848999	0.95253436	0.2404764932097592	0.0138665	5e-05
-0.0521	-0.1226	-0.069	0.0203749736877818	-0.0004747295565424576	0.003652974124424132	1.0234046	53.10874557	0.96379766	0.15080486225480844	0.0132335	6e-05
-0.0192	-0.1718	-0.1401	0.020153316872778524	-0.0006911503837897545	0.004078834461910747	1.03638744	53.78247833	0.96763157	0.19639689898685944	0.0141204	6e-05
-0.0295	-0.2044	-0.119	0.019654152706708148	-0.0007347836150896127	0.004050909193878839	0.98556274	51.14497375	0.9413022	0.09253613327010712	0.0144569	0.0001
-0.0594	-0.1379	-0.0375	0.01944296786721683	-0.00042760566673861073	0.0034574972482007667	1.01740801	52.79755783	0.96145901	0.23348873667601955	0.0137181	7e-05
-0.0414	-0.1177	-0.0493	0.018558085936455707	-0.0005009094953223725	0.003443534614184812	1.01879668	52.86962128	0.96947198	0.09860741966804205	0.0137942	7e-05
-0.0281	-0.1841	-0.1015	0.01847605546161197	-0.0004747295565424576	0.0037472219040318253	1.01065767	52.44725418	0.96079292	0.15249488517353327	0.014329	5e-05
-0.0522	-0.1618	-0.0472	0.01923178302772552	-0.0005899212871740833	0.0036215581978882336	1.01869178	52.86418152	0.97220094	0.15052915014443835	0.0137893	6e-05
-0.0489	-0.1185	-0.029	0.018589501862991603	-0.0004904375198104066	0.003558726344816438	1.01947093	52.90460968	0.97172417	0.1050298392584694	0.0136516	4e-05
-0.0249	-0.1774	-0.0918	0.018345155767712396	-0.0004380776422505767	0.003895574890451344	1.01202929	52.51843643	0.95706281	0.17737772592369716	0.0141824	7e-05
-0.0368	-0.1625	-0.0908	0.01999449191084704	-0.00011344640137963142	0.0039339721339952186	1.03415585	53.66667557	0.97839939	0.12841823137747319	0.0140198	6e-05
-0.0329	-0.1204	-0.1248	0.021678734639021566	-0.0009773843811168245	0.0040282199136029125	1.10020876	57.09443665	1.01432753	0.21212142437597073	0.0138702	2e-05
-0.0175	-0.1803	-0.1468	0.020121900946242628	-0.0008272860654453122	0.0041661009245104645	1.02502894	53.19303894	0.97128732	0.18954065096790015	0.0141457	4e-05
-0.0275	-0.1955	-0.1268	0.019701276596511993	-0.0007888888219014368	0.004071853144902771	1.02483881	53.18317413	0.96689502	0.07286346864411024	0.0145121	7e-05
-0.0584	-0.1424	-0.0432	0.019469147805996744	-0.0005445427266222308	0.003502875808752619	1.07466829	55.76903152	0.99432566	0.21987261109723033	0.0134506	6e-05
-0.0412	-0.135	-0.0662	0.01866106036232337	-0.000582939970166106	0.0035953782591083183	1.06837332	55.44235992	1.00196967	0.09454935687864743	0.0139182	6e-05
-0.0261	-0.1947	-0.1096	0.018896679811342607	-0.0006684611035138282	0.0039723693775390945	1.03201997	53.55583572	0.96857462	0.15310658503988683	0.0145415	5e-05
-0.0438	-0.1899	-0.0792	0.01923178302772552	-0.000705113017805709	0.0038083084278516272	1.05705154	54.85482788	0.9838715	0.07969080401811296	0.0146046	8e-05
-0.0551	-0.1308	-0.0248	0.018736109520159125	-0.0005864306286700947	0.003485422516232676	1.08731544	56.42535019	1.00387116	0.17166209041604796	0.0136238	5e-05
-0.0285	-0.1737	-0.1004	0.01851096204665186	-0.0006597344572538566	0.0037978364523396607	1.06021678	55.01908493	0.98600201	0.17564326190990065	0.014892	6e-05
-0.0382	-0.1778	-0.0696	0.018264870622120656	-0.0007452555906015787	0.003771656513559746	1.01221061	52.52784348	0.96024844	0.062489624832941994	0.0148488	8e-05
-0.0698	-0.0919	0.0147	0.017496925751243154	-0.00034208453339088857	0.0031503192998497648	1.05272603	54.63035583	0.98406363	0.2914226570899087	0.0151189	7e-05
-0.059	-0.0299	-0.002	0.016713272917097698	-0.0004904375198104066	0.0031258846903218446	1.04748571	54.35841751	0.99569211	0.13732202150464476	0.0143214	6e-05
-0.0287	-0.0665	-0.0627	0.01631533784764299	-0.0007330382858376184	0.003467969223712733	1.02379823	53.12917328	0.97835857	0.1767310184436404	0.0154108	7e-05
-0.027	-0.1274	-0.0862	0.016720254234105676	-0.0007661995416255106	0.0038990655489553323	1.03855383	53.89490509	0.97865339	0.12955869837465891	0.0153002	9e-05
-0.0373	-0.1467	-0.0741	0.017044885474976623	-0.0006544984694978735	0.003766420525803763	1.05448878	54.72183228	0.98678631	0.07014886680750766	0.0161214	0.00011
-0.0644	-0.0812	-0.0115	0.017329374143051697	-0.0004520402762665313	0.0033353242005611634	1.08357382	56.2311821	1.00723192	0.2011021593274508	0.0154004	6e-05
-0.0501	-0.0574	-0.0186	0.01653873999189827	-0.0005445427266222308	0.0032079151651655774	1.02944887	53.42240906	0.98035694	0.09572728184523568	0.015236	8e-05
-0.0276	-0.1083	-0.0674	0.016556193284418208	-0.0008290313946973065	0.0035098571257605967	1.01739609	52.79693985	0.97290486	0.15239419605950172	0.0152344	7e-05
-0.0318	-0.145	-0.0875	0.017554521616558967	-0.000736528944341607	0.0036651914291880917	1.05731869	54.86869049	0.99582858	0.12330825429619764	0.0148796	6e-05
-0.0411	-0.0876	-0.099	0.020074777056438776	-0.0005009094953223725	0.0037227872945039047	1.12744093	58.50762558	1.03492323	0.2188735377107428	0.0134321	5e-05
-0.0087	-0.0854	-0.1774	0.019992746581595045	-0.0010803588069844899	0.0038432150128915135	1.07500541	55.78652954	1.00902263	0.1520953752446728	0.0141849	3e-05
0.0055	-0.1574	-0.2264	0.019216075064457567	-0.0008150687606813518	0.004356341812977846	1.05435932	54.71511459	0.98898633	0.21295441817634744	0.015482	6e-05
0.0023	-0.1115	-0.3334	0.026195646743182886	-0.0014870205226991688	0.004871213942316174	1.8684926	96.96389771	1.66900395	0.5644197785040732	0.0322247	0.01236
0.0487	-0.1278	-0.6052	0.03965911659306715	-0.0022026055160168437	0.005862560957448953	2.22138786	115.27710724	1.99570172	1.093020092916736	0.0386486	0.012
0.0613	-0.155	-0.559	0.036182420723094445	-0.0015987215948268059	0.006480407512654946	1.18587577	61.54005814	1.10166594	0.3209213173184368	0.0319231	0.00564
0.0291	-0.1052	-0.4405	0.03245788809933855	-0.0017523105690023068	0.005827654372409066	1.20315051	62.43651199	1.10219442	0.42704373690886394	0.0265663	0.00182
0.0441	-0.0901	-0.48	0.032316516429927	-0.0012304571226560022	0.006178465552059926	1.03620577	53.77305222	0.98772867	0.1203018147704356	0.0269313	0.00213
0.0541	-0.1237	-0.469	0.030689869567068286	-0.0013386675362796509	0.006359979794267337	1.03590727	53.75756073	0.98001553	0.1504185759344887	0.0250078	0.00152
0.0124	-0.0594	-0.3463	0.0294559217859083	-0.0016458454846306526	0.005628686837681713	1.07174802	55.61748886	1.00436501	0.34232093430483057	0.0222798	0.00058
0.0005	-0.0116	-0.3185	0.029672342613155593	-0.0008552113334772215	0.005471607205002223	1.09097731	56.61537552	1.0188777	0.14570673055401073	0.0221299	0.00044
0.0397	-0.0707	-0.4007	0.029136526532793337	-0.0009302604913129776	0.005989969992844539	1.04964137	54.47027969	0.99364993	0.2369614013020164	0.0218461	0.00059
0.0284	-0.0679	-0.3722	0.028752554097354586	-0.0013072516097437528	0.005916666164260778	1.00446618	52.12595367	0.95431668	0.08431336912266435	0.0209906	0.00043
0.0066	0.0037	-0.2977	0.028386034954435778	-0.0017418385934903407	0.005377359425394529	1.02465534	53.17365265	0.97657647	0.2349206432765822	0.0194704	0.00026
0.0471	-0.0271	-0.3427	0.026935666346028484	-0.0020245819323134223	0.005455899241734273	1.05356085	54.67368317	1.00490642	0.206882588178506	0.0188906	0.0002
0.045	-0.0912	-0.3474	0.026694810909253273	-0.001891936909161853	0.005785766470361203	0.99210358	51.48440552	0.95365725	0.10606838442768549	0.0189836	0.00018
0.0073	-0.051	-0.2665	0.025050710753874612	-0.0019093902016817967	0.005052728184523583	1.0387733	53.90629578	0.98523876	0.2785295866868111	0.0165718	8e-05
0.0103	-0.0163	-0.2486	0.023935445361850233	-0.001864011641129944	0.004872959271568168	1.03285706	53.59927368	0.97523936	0.1226206432765824	0.0154517	7e-05
0.0224	-0.0818	-0.2762	0.023005184870537262	-0.0017732545200262388	0.004975933697435834	0.99480689	51.62469101	0.95061023	0.16139960191421715	0.0158025	5e-05
0.0117	-0.0949	-0.2506	0.023125612588924864	-0.0015760323145508795	0.004954989746411901	0.9991625	51.85072327	0.95427593	0.06632969374434475	0.0153153	4e-05
-0.0077	-0.0238	-0.184	0.02252696465549081	-0.0013805554383275148	0.00450294947014537	1.0324645	53.5789032	0.97090357	0.21940825429619745	0.0138932	2e-05
0.0232	-0.0663	-0.2485	0.02230705316973953	-0.0013456488532876281	0.004927064478379992	1.01754034	52.80442429	0.97069085	0.17184665395128956	0.0152666	4e-05
0.0043	-0.0756	-0.2209	0.02246587813167101	-0.0011309733552923255	0.004754276882432553	1.01207495	52.52080536	0.96297982	0.08311440279371107	0.0149049	5e-05
-0.0174	-0.0149	-0.1552	0.02199812989213653	-0.000926769832808989	0.004358087142229841	1.01935899	52.89880371	0.97173421	0.20150707511102645	0.0133196	1e-05
0.0155	-0.0572	-0.2201	0.021371556690670562	-0.0011466813185602744	0.004703662334124718	1.01345599	52.59247208	0.96708104	0.19970299395560648	0.0142362	2e-05
0.0133	-0.0856	-0.2205	0.02168047996827356	-0.0010559241974565693	0.004792674125976429	1.01055968	52.44216919	0.96024356	0.05543460952792074	0.0147161	5e-05
-0.0002	-0.0278	-0.1702	0.021471040458034243	-0.0009093165402890458	0.004630358505540956	1.035918	53.75811768	0.96900542	0.14751813939211575	0.0140195	4e-05
0.024	-0.0618	-0.2394	0.021303488849842785	-0.0008447393579652555	0.004811872747748367	1.03069115	53.48687363	0.97988203	0.14808215163613295	0.0150073	5e-05
0.0097	-0.0946	-0.2279	0.021088813351847483	-0.000439822971502571	0.00456752665246916	1.05245209	54.61614227	0.99175961	0.10179689898685967	0.0149299	5e-05
-0.0187	-0.0195	-0.1498	0.020912535097396052	-0.0010245082709206715	0.00394269878025519	1.06684732	55.36317062	1.00632961	0.2508895713041751	0.0131133	2e-05
0.0112	-0.0391	-0.1981	0.020933479048419988	-0.0016755160819145565	0.0044540802510895285	1.03491199	53.70591354	0.97875888	0.15696666164260795	0.0136005	4e-05
0.031	-0.0563	-0.253	0.02088286450011215	-0.0014451326206513049	0.004698426346368735	0.99177879	51.46755219	0.94965165	0.1181672052425148	0.0144888	7e-05
0.0169	0.0152	-0.2318	0.020666443672864854	-0.0010332349171806431	0.00436157780073383	0.99521875	51.64606476	0.95518326	0.15505835381764319	0.0134156	4e-05
0.0441	0.0131	-0.2726	0.019952604008799175	-0.001192059879112127	0.00460766922526503	1.00103807	51.94805145	0.96160186	0.12603780252641808	0.0141994	6e-05
0.0461	-0.0256	-0.2876	0.02014633555577055	-0.0010978120995044332	0.004824090052512327	0.98269588	50.99620056	0.9484185	0.08092000769131821	0.0146543	4e-05
0.0272	-0.0009	-0.2531	0.020059069093170828	-0.0010088003076527223	0.004557054676957195	1.05736506	54.87109756	0.9930172	0.10026568150032825	0.0147517	0.00012
0.024	0.0373	-0.2405	0.019563395585604437	-0.0006283185307179585	0.004380776422505768	1.09336448	56.73925781	1.01748785	0.10662167694762904	0.0142642	5e-05
0.0342	-0.0357	-0.302	0.019657643365212137	-0.0005358160803622592	0.004579743957233121	1.06790602	55.41811371	1.00267635	0.1639858882345376	0.0161781	0.0001
0.0119	-0.002	-0.2596	0.021048670779051613	-0.0009965830028887623	0.004340633849709897	1.09137344	56.63593674	1.02650612	0.20294522219446012	0.0145955	6e-05
0.0436	0.0193	-0.2701	0.021170843826691217	-0.0016301375213627037	0.004745550236172582	1.05049622	54.51464462	0.99544221	0.12153219762881153	0.0143949	7e-05
0.0625	-0.0455	-0.3112	0.021471040458034243	-0.0015062191444711063	0.005131268000863328	1.0190841	52.88454056	0.97250062	0.1652916386462684	0.0156868	0.0001
0.05	-0.0221	-0.3281	0.02108706802259549	-0.0006056292504420323	0.004682718383100785	1.02574086	53.22998428	0.98626958	0.13945559736151855	0.016221	0.00013
0.0833	-0.0062	-0.3697	0.019757127132575807	-0.000598647933434055	0.004401720373529699	1.14240658	59.28425598	1.07950067	0.1716960108299372	0.0180891	0.00025
0.0897	-0.0221	-0.3381	0.021464059141026264	-0.0018273597268380628	0.0051452306348792835	1.14545882	59.44265366	1.07173289	0.23785770316020244	0.0168104	0.00021
0.094	-0.0626	-0.3411	0.020710076904164716	-0.0019006635554218248	0.005686282702997525	1.01315701	52.57695389	0.96612603	0.11621690667817756	0.0172003	0.00013
0.0769	-0.0905	-0.3019	0.018594737850747584	-0.0015515977050229591	0.0052778756580308525	1.07868004	55.97722244	1.00497766	0.22784059743913357	0.0178418	0.00011
0.0174	0.0041	-0.1915	0.017420131264155404	-0.001626646862858715	0.004263839362622147	1.09631979	56.8926239	1.01845726	0.37768460199183207	0.0160187	6e-05
-0.0532	0.2217	-0.072	0.015920893436692275	-0.0016877333866785165	0.003712315318991939	1.19681585	62.10778427	1.08661676	0.513292419745657	0.0183716	0.00029
-0.1475	0.4179	0.1874	0.016938420390604968	-0.0019041542139258136	0.003605850234620285	1.43559575	74.49906921	1.30364949	0.6169206432765822	0.0252619	0.00261
-0.1685	0.4571	0.3159	0.016280431262603107	-0.002183406894244906	0.002930407814098479	1.28859055	66.8703537	1.19668815	0.269334211442138	0.0259908	0.00273
-0.1179	0.4144	0.2036	0.013861404919338965	-0.002038544566329377	0.0029618237406343773	1.16570973	60.49355698	1.10092074	0.3353652298857785	0.0226915	0.00137
-0.075	0.3756	0.0953	0.01200088393671301	-0.002251474735072685	0.0031677725923697077	1.1609261	60.24531555	1.09006286	0.30397000015522974	0.0238721	0.00128
0.0042	0.2947	-0.1008	0.008841837990603275	-0.0022846359908605773	0.003637266161156183	1.43790054	74.61867523	1.31364252	0.5392850385342052	0.0316554	0.00373
0.0138	0.1639	-0.112	0.008073893119725768	-0.0016249015336067207	0.0040945424251786966	1.19795418	62.16685486	1.12358644	0.24584777960769388	0.0314626	0.00258
0.0017	0.06	-0.0692	0.008105309046261666	-0.0013927727430914749	0.004043927876870862	1.15726376	60.0552597	1.08196709	0.17450796326794896	0.0295967	0.00149
-0.0223	0.0029	-0.0058	0.00803025988842591	-0.0016231562043547262	0.003717551306747922	1.12125862	58.1867981	1.05606153	0.17609045946109733	0.0291079	0.00131
-0.042	0.0418	0.0369	0.008834856673595294	-0.001759291886010284	0.0036843900509600297	1.08377707	56.24172974	1.03726128	0.1499946861306417	0.0272296	0.00091
-0.0488	0.1416	0.0693	0.008592255907568085	-0.001710422666954443	0.0034348079679248403	1.10407138	57.29488373	1.04538613	0.166052603405912	0.0272627	0.00095
-0.0157	0.1495	-0.0082	0.009651670763528642	-0.0018762289458939042	0.003906046865963309	1.16932189	60.68100739	1.10737516	0.20332300164692435	0.0269509	0.00114
-0.015	0.0199	-0.1724	0.01942551457469689	-0.002579596634447619	0.005033529562751646	1.78685117	92.72718048	1.56386146	0.8747347098255149	0.0217939	0.0032
-0.2042	-0.4912	-0.2483	0.06321408017798262	-0.00334579617607313	0.004131194339470578	4.05436277	210.39784241	3.78463857	3.049055018409615	0.140437	0.16705
-0.278	-0.3348	-0.1488	0.06043028002105167	-0.003921754829231259	0.0021921335405048776	3.89257169	202.00183105	3.58464029	0.5946409804527392	0.0846309	0.08141
-0.2422	-0.1981	-0.0713	0.04851840787619036	-0.004452334921837535	0.0033143802495372316	2.07023358	107.43308258	1.87241554	0.928234947324997	0.0550403	0.02851
-0.2047	-0.221	-0.0808	0.0445652371204232	-0.004009021291830974	0.004080579791162742	1.27112257	65.96386719	1.1762817	0.3280341963699617	0.046201	0.01662
-0.1972	-0.2639	-0.0734	0.043566908788282455	-0.0035534903570604553	0.00451516677490933	1.00680125	52.24713135	0.9775071	0.1522223125328926	0.0438307	0.01361
-0.1857	-0.251	-0.0934	0.04376413099375781	-0.0028221974004748306	0.004475024202113462	1.05471945	54.7338028	1.00871696	0.09283288674284243	0.0441686	0.01419
-0.1643	-0.1671	-0.1354	0.04377983895702576	-0.0022759093446006054	0.004038691889114879	1.11508083	57.86620712	1.04969568	0.19721641660703776	0.0438159	0.01331
-0.1465	-0.2003	-0.1533	0.04159119607502487	-0.0024486969405480446	0.004335397861953915	1.07391727	55.73006058	1.01574443	0.20180682253936807	0.0401274	0.00921
-0.1434	-0.2291	-0.1332	0.04068187953473583	-0.0023073252711365037	0.004333652532701919	1.00755727	52.28636169	0.97054216	0.10462167694762892	0.0389937	0.0083
-0.1518	-0.1725	-0.0757	0.03945840372908781	-0.0023352505391684127	0.0041277036809665895	1.00843108	52.33171082	0.97411594	0.19536749627076305	0.0374526	0.00664
-0.1449	-0.1159	-0.063	0.038269834508479664	-0.002228785454796759	0.003986332011555049	1.01472259	52.65820312	0.97840919	0.14802029871956685	0.0356283	0.00542
-0.126	-0.1653	-0.1056	0.03792949530434077	-0.002150245638457014	0.004380776422505768	0.99626243	51.70022583	0.95885558	0.15156617157146796	0.0343979	0.0046
-0.1341	-0.1765	-0.0851	0.03764675196551769	-0.002082177797629235	0.004335397861953915	0.9750312	50.59844971	0.94865086	0.059609487010135374	0.033869	0.00398
-0.1461	-0.1329	-0.0448	0.03683168320483634	-0.0019512781037296606	0.003954916085019151	1.00856984	52.33890915	0.9657528	0.1622225115757846	0.0328978	0.00351
-0.1338	-0.1839	-0.0883	0.036885788411648156	-0.0020298179200694054	0.004286528642898074	1.00260651	52.02944946	0.96496678	0.13001287905152423	0.0331358	0.00347
-0.1435	-0.1764	-0.066	0.036810739253812404	-0.002054252529597326	0.004145156973486532	1.00417936	52.11106873	0.96598158	0.05154277183876069	0.0327335	0.00347
-0.1464	-0.1343	-0.0299	0.036416294842861685	-0.002001892652037496	0.003993313328563026	0.9963069	51.70253372	0.96144583	0.11103239667170278	0.0329182	0.00358
-0.1287	-0.176	-0.0774	0.0363499723312859	-0.0019687313962496035	0.0042987459476620336	0.99367934	51.56617737	0.95395755	0.12714581932313407	0.0320333	0.00308
-0.1347	-0.1798	-0.0655	0.03622256329589032	-0.0019006635554218248	0.004302236606166022	0.97932756	50.8214035	0.94656912	0.03164837673636754	0.031848	0.00315
-0.1417	-0.1219	-0.0225	0.03534291735288517	-0.0019408061282176943	0.0040229839258469294	1.00005984	51.89728928	0.9618112	0.16785205980600568	0.0307495	0.00249
-0.134	-0.0734	-0.032	0.034728561456183166	-0.0020106192982974674	0.0038571776469074684	0.98204714	50.96253586	0.94691354	0.10819876728606174	0.029616	0.002
-0.116	-0.0994	-0.0692	0.03409151627920524	-0.00199142067652553	0.004117231705454623	0.99014229	51.38262558	0.94949454	0.127014892864851	0.0277656	0.00133
-0.1214	-0.1551	-0.0631	0.033800046294122185	-0.001853539665617978	0.004230678106834255	0.96947515	50.31012344	0.93850482	0.09433986986851176	0.0273622	0.00122
-0.1216	-0.1711	-0.0591	0.03408104430369328	-0.0017208946424664088	0.0042987459476620336	0.96181244	49.91247177	0.93576256	0.044285543677521993	0.0276878	0.00134
-0.1332	-0.1285	-0.0258	0.0338262262329021	-0.0016912240451825054	0.003986332011555049	0.98315275	51.01990891	0.94998905	0.11734513020910316	0.0274462	0.00128
-0.1314	-0.0961	-0.0165	0.03308446130080451	-0.0014765485471872027	0.0038903389026953604	1.01022923	52.42502213	0.96818341	0.0961216769476292	0.026	0.00086
-0.1209	-0.1385	-0.052	0.03316823710490024	-0.001541125729510993	0.004117231705454623	0.98176968	50.94813538	0.94957311	0.1071622894589391	0.0258197	0.00088
-0.1253	-0.1376	-0.0432	0.033114131898088414	-0.001499237827463129	0.004002039974822997	0.9717499	50.42816925	0.93700213	0.02465924197456568	0.0257682	0.00084
-0.1408	-0.0718	0.0184	0.03267430892658585	-0.001377064779823526	0.003577924966588375	0.99347085	51.55535889	0.95336106	0.1922055513688396	0.02542	0.00087
-0.1252	-0.0378	0.0013	0.03201981045708797	-0.0014451326206513049	0.0035883969421003415	0.99722892	51.75038147	0.9586428	0.10335191429188136	0.0240691	0.00052
-0.1128	-0.0936	-0.0366	0.031813861605352635	-0.0013910274138394805	0.003820525732615587	0.97014463	50.34486389	0.94140483	0.13070914245312015	0.0230151	0.00036
-0.1189	-0.123	-0.0305	0.03179117232507671	-0.0013404128655316449	0.0038501963298994907	0.96704811	50.18417358	0.93776348	0.04674872129338331	0.0232769	0.00044
-0.1365	-0.0737	0.0259	0.03142814384066189	-0.0012897983172238095	0.0035517450278084606	0.97409195	50.54970551	0.94335821	0.158904716740684	0.0232583	0.00053
-0.1326	-0.0255	0.0316	0.03107558733175904	-0.0012077678423800758	0.003420845333908886	0.98608589	51.17212296	0.95144852	0.08607433388230816	0.0228047	0.00032
-0.1109	-0.0701	-0.0197	0.031021482124947215	-0.0012897983172238095	0.00382576172037157	0.99354607	51.55926132	0.95768314	0.14465260340591207	0.0222651	0.00025
-0.1135	-0.1096	-0.0227	0.031276300195738384	-0.0012531464029319286	0.0040334559013588955	0.97672099	50.68613815	0.9461377	0.07005820830351875	0.0227457	0.00036
-0.1311	-0.0772	0.0209	0.031230921635186537	-0.0011798425743481666	0.0036966073557239895	0.98395371	51.06147385	0.95197246	0.11637654673852572	0.0228072	0.00043
-0.1285	-0.0318	0.0275	0.030716049505848206	-0.0011030480872604163	0.003598868917612307	0.97745359	50.72415543	0.95045685	0.08907025272688819	0.0217583	0.0003
-0.1165	-0.0853	-0.0204	0.030702086871832252	-0.0010559241974565693	0.003871140280923423	0.97917175	50.81332016	0.94640038	0.13006789435654584	0.0214531	0.00025
-0.1244	-0.0998	-0.0072	0.030871383809275697	-0.0010890854532444615	0.0037629298672997745	0.97520572	50.6075058	0.9444071	0.05113343034274928	0.0220492	0.00034
-0.1451	-0.0431	0.0577	0.030466467422813018	-0.00091106186954104	0.0034103733583969193	0.98666185	51.20201111	0.94649022	0.18907482395344785	0.0219257	0.00029
-0.1244	-0.0321	0.0241	0.03008074965812227	-0.0010192722831646884	0.0035465090400524776	0.98284596	51.00399017	0.95272348	0.0968031929984978	0.0208584	0.00022
-0.1166	-0.0854	-0.0068	0.030340803716669425	-0.0009843656981248017	0.003796091123087667	0.98398	51.06283951	0.94684062	0.1192271363311116	0.0211198	0.00017
-0.1283	-0.0777	0.0218	0.030288443839109596	-0.0009512044423369096	0.0036512287951721376	0.99193686	51.47575378	0.95136164	0.05951917306316251	0.0211836	0.0002
-0.1247	-0.04	0.0384	0.03014532684044606	-0.0008063421144213803	0.0035447637108004834	0.99750817	51.7648735	0.96027207	0.07762222054753595	0.0204996	0.00021
-0.1034	-0.0778	-0.02	0.03024306527855774	-0.0008342673824532895	0.00415213829049451	0.98838866	51.29162216	0.94817455	0.15415191429188074	0.0202219	0.00015
-0.1168	-0.0786	0.0097	0.030187214742493924	-0.001001818990644745	0.0038693949516714287	0.97393304	50.54146194	0.93930372	0.06920727415391759	0.020432	0.00021
-0.14	-0.0227	0.0727	0.029761354405007306	-0.0006492624817418905	0.003347541505325124	0.98951179	51.34990692	0.94935368	0.20711351463678887	0.0202512	0.00021
-0.1116	-0.0473	0.0119	0.02948908304169619	-0.0008499753457212384	0.0037350045992678655	0.98710471	51.22499466	0.95500312	0.15682236606166025	0.0192261	0.00011
-0.105	-0.085	-0.0106	0.029696777222683515	-0.000635299847725936	0.004040437218366873	0.98909611	51.32833481	0.95124499	0.10319011490408173	0.019783	0.00015
-0.1225	-0.0546	0.0347	0.0295170083097281	-0.000890117918517108	0.0036198128686362394	1.00880027	52.35086823	0.96454287	0.13596056667386097	0.0198147	0.00016
-0.1211	-0.0246	0.0456	0.02896024827834191	-0.0007731808586334879	0.00342259066316088	1.00614476	52.21305847	0.958725	0.08584596483725856	0.0190563	0.00015
-0.109	-0.066	-0.0003	0.02908242132598151	-0.0006841690667817771	0.0037943457938356727	0.98517263	51.12472916	0.94715994	0.1285469985083052	0.0186924	7e-05
-0.1168	-0.0714	0.0115	0.02942974184712838	-0.0006440264939859076	0.0037437312455278365	1.01614487	52.73200607	0.96418814	0.04690388211252881	0.0198789	0.0001
-0.1325	-0.01	0.0675	0.028970720253853877	-0.00048520153205442357	0.0033684854563490563	1.03620899	53.77322006	0.97266916	0.18275461721923836	0.01926	0.00012
-0.1029	-0.0331	0.0092	0.028715902183062702	-0.0006579891280018621	0.003787364476827695	0.99610746	51.69218445	0.95490075	0.15332423436086262	0.0182658	0.00012
-0.1087	-0.0608	0.0108	0.028961993607593904	-0.0004921828490624009	0.00386590429316744	0.96313721	49.98122025	0.93559866	0.059621875990520413	0.01877	0.00011
-0.1342	-0.0012	0.0832	0.02869495823203877	-0.00026354471705114377	0.003269001688985379	1.01420367	52.63127136	0.96511597	0.21212880558742264	0.0193995	0.00013
-0.1068	-0.0107	0.0252	0.028286551187072097	-0.00040666171571467877	0.003680899392456041	1.01337206	52.58811951	0.97159754	0.14307108735504348	0.0179486	7e-05
-0.1075	-0.0469	0.0196	0.027817057618285623	-0.0003717551306747922	0.0037210419652519105	0.98346376	51.03604889	0.94764924	0.06972713633111152	0.0175349	6e-05
-0.1337	-0.0019	0.1043	0.02708227400319601	-0.00013264502315156904	0.003134611336581816	1.06101179	55.06034088	0.99362592	0.2339162175641466	0.0176566	8e-05
-0.1437	0.0754	0.1325	0.026665140311969364	0.00026878070480712676	0.0027768188399229783	0.99567944	51.66997147	0.95747067	0.17431759579220896	0.0170106	5e-05
-0.122	0.1151	0.0953	0.026019368488731463	-7.330382858376184e-05	0.002804744107954888	0.97596234	50.64677048	0.94968401	0.149389081233035	0.0160291	5e-05
-0.1035	0.0636	0.0415	0.025720917186640435	-0.0001937315469713706	0.0031712632508736965	1.00558698	52.18411636	0.9670797	0.1630699081698722	0.0148584	3e-05
-0.1068	-0.0197	0.0332	0.02615899482889101	-7.155849933176751e-05	0.003452261260444784	1.02605271	53.24616623	0.97327039	0.13696243497306326	0.0153294	4e-05
-0.124	-0.0129	0.0712	0.026316074461570502	-8.726646259971648e-05	0.0032637657012293962	1.00125992	51.95956421	0.95867492	0.08006415775814149	0.0157079	6e-05
-0.1414	0.0468	0.1367	0.026071728366291295	0.000153588974175501	0.0028885199120506156	1.01484728	52.66467285	0.96680199	0.18562236606166027	0.0168055	7e-05
-0.1026	0.0221	0.0686	0.02527236756887789	-0.0001012290966156711	0.0034051373706409367	1.03105676	53.50585175	0.98502029	0.21013981633974493	0.0144848	4e-05
-0.1023	-0.0008	0.0547	0.02553591228592904	1.3962634015954635e-05	0.003497639820996636	0.99397665	51.58160782	0.9525695	0.06066194490192367	0.0147642	5e-05
-0.1134	0.0488	0.0664	0.026248006620742725	0.00045553093477052	0.0032463124087094525	0.99784476	51.782341	0.95300469	0.1426495023927718	0.0154095	3e-05
-0.0874	0.0315	0.0101	0.026446974155470076	-0.0005480333851262194	0.003555235686312449	1.03549242	53.73603439	0.97894182	0.1751727566113543	0.0147638	6e-05
-0.093	-0.0044	0.0244	0.026436502179958108	-0.0004258603374866164	0.003635520831904189	1.00424588	52.11452103	0.96054292	0.06644650843716553	0.0150347	0.0
-0.1115	0.0575	0.0862	0.026356217034366372	-0.0002722713633111154	0.003239331091701475	1.00390327	52.09674072	0.95492488	0.1737031929984975	0.0153604	3e-05
-0.0832	0.0358	0.0283	0.02608220034180326	-0.0005358160803622592	0.0034697145529647274	1.00403821	52.10374451	0.96358119	0.14629724354387547	0.0144327	3e-05
-0.0852	-0.0019	0.0167	0.02614677752412705	-0.0003193952531149623	0.0036198128686362394	0.96446413	50.05007935	0.93325081	0.07285481626213	0.0147576	3e-05
-0.1063	0.0495	0.0702	0.02562317874852875	0.00010821041362364843	0.0031799898971336684	0.99695432	51.73612976	0.94444697	0.1955513706919741	0.014913	3e-05
-0.0794	0.0405	-0.0009	0.025078636021906523	0.00022340214425527416	0.0033178709080412204	1.02538121	53.21131897	0.97658269	0.1468807734080702	0.014026	1e-05
-0.0872	0.0139	0.0022	0.025286330202893847	-0.0003612831551628262	0.0033405601883171464	0.99236268	51.49785233	0.9582906	0.07825343803406751	0.0143467	3e-05
-0.0976	0.0398	0.0449	0.024914575072219055	-0.0006038839211900379	0.0030560715202420713	0.96828413	50.2483139	0.9347808	0.12394222823885397	0.0145295	2e-05
-0.1122	0.0947	0.0925	0.024825563280367346	-0.0007888888219014368	0.0026511551337793865	1.00288236	52.04376221	0.95974848	0.15104665395128963	0.0149679	4e-05
-0.0939	0.0405	0.0372	0.024492205393236426	-0.00048345620280242926	0.003267256359733385	1.00952029	52.38822937	0.96622373	0.19054458660919632	0.0138837	2e-05
-0.1001	0.0276	0.0639	0.023933700032598242	-0.0005445427266222308	0.003270747018237374	0.97093236	50.38574219	0.94312855	0.07695412714809868	0.0139883	2e-05
-0.1164	0.0988	0.1182	0.02363001274275123	-0.0004904375198104066	0.00301941960595019	0.99811882	51.79656219	0.95409793	0.172255995447301	0.0145511	6e-05
-0.0925	0.0859	0.0651	0.023162264503216744	-0.0006213372137099814	0.003488913174736664	1.00096905	51.94446945	0.9615177	0.14330707511102675	0.0135834	4e-05
-0.0963	0.0424	0.0571	0.023188444441996664	-0.0006108652381980154	0.0037192966359999168	0.97792292	50.74851227	0.94349219	0.06865176877775692	0.013557	0.0
-0.1068	0.0677	0.0823	0.02320415240526461	-0.0005026548245743669	0.003572688978832392	0.98148054	50.93313217	0.942588	0.0745263017029559	0.0134761	2e-05
-0.1331	0.1454	0.1467	0.022903955773921587	-0.00017627825445142725	0.0030578168494940655	1.00570571	52.1902771	0.95840505	0.2254722665402144	0.0142342	4e-05
-0.1059	0.1361	0.0923	0.02268229895891831	-0.00035430183815484887	0.0032114058236695662	0.99643642	51.70925522	0.96245595	0.11856346864411	0.0129966	1e-05
-0.1026	0.0692	0.0693	0.0235148210121196	-0.0005166174585903216	0.003701843343479973	0.98788214	51.2653389	0.95369753	0.1674637596723584	0.0129257	2e-05
-0.1092	0.0706	0.0943	0.02314830186920079	-0.0005148721293383271	0.0035918876006043304	0.96535867	50.0965004	0.9361385	0.05691101075232224	0.0129755	2e-05
-0.1278	0.1285	0.1473	0.023061035406601076	-5.93411945678072e-05	0.0030508355324860886	0.99003458	51.37703705	0.94920394	0.1836924732744238	0.0136418	1e-05
-0.105	0.1102	0.0932	0.022732913507226143	-0.0002513274122871834	0.003375466773357033	1.02206743	53.03935242	0.97322025	0.13743696789826265	0.0126626	3e-05
-0.1039	0.0601	0.0793	0.023188444441996664	-0.00029845130209103034	0.003530801076784529	0.98995841	51.37308502	0.95024344	0.09799945640009317	0.0127347	1e-05
-0.1237	0.0869	0.1145	0.023073252711365035	-0.0002478367537831948	0.00325329372571743	0.99473596	51.62100983	0.94800607	0.10396568150032814	0.0131589	1e-05
-0.133	0.1431	0.1527	0.022525219326238816	1.7453292519943294e-06	0.002993239667170275	0.9935081	51.55729294	0.95513406	0.15658347633542816	0.0133991	2e-05
-0.1039	0.1081	0.0919	0.022221532036391805	-0.0002548180707911721	0.0033056536032772606	0.99949932	51.86820221	0.96235967	0.16853323129985817	0.0123008	3e-05
-0.1068	0.0675	0.0817	0.023069762052861046	-0.00020594885173533088	0.003497639820996636	0.9838987	51.05862045	0.9481275	0.10815427266222288	0.012682	3e-05
-0.1301	0.1272	0.1472	0.022839378591597796	4.363323129985824e-05	0.0030508355324860886	0.99057269	51.40496063	0.95193434	0.1948384916404493	0.0135731	3e-05
-0.1187	0.1608	0.1398	0.022240730658163742	-0.00011519173063162575	0.0029653143991383657	0.99483287	51.62604141	0.96364805	0.09454970143566296	0.0132935	3e-05
-0.1007	0.0941	0.0831	0.02234021442552742	-0.0002024581932313422	0.003351032163829113	0.99137479	51.44658661	0.95966283	0.17002339973270708	0.0122834	3e-05
-0.1077	0.0787	0.0967	0.022858577213369733	-9.599310885968811e-05	0.0034016467121369483	0.97614354	50.65617371	0.94637316	0.06977212102609016	0.0128067	1e-05
-0.1315	0.1626	0.1638	0.02245540615615904	0.00022689280275926284	0.0029164451800825246	1.01226175	52.53049469	0.96016576	0.2353629250442033	0.0136763	4e-05
-0.1033	0.1674	0.1211	0.02199987522138852	-8.028514559173915e-05	0.003043854215478111	1.02063715	52.96512985	0.97256509	0.12020589592585544	0.012888	2e-05
-0.0982	0.1016	0.0814	0.022532200643246795	-3.141592653589793e-05	0.003454006589696778	0.9906882	51.41095734	0.95248414	0.16016735075663907	0.0122222	1e-05
-0.1105	0.0845	0.0918	0.022910937090929565	-6.283185307179586e-05	0.003455751918948773	0.97932166	50.82109833	0.94818961	0.06039488517353317	0.0129312	3e-05
-0.1399	0.1557	0.1694	0.022467623460923007	0.0002617993877991494	0.0029827676916583086	1.0092361	52.37348557	0.95617781	0.24024645490839835	0.013939	3e-05
-0.1119	0.1443	0.1191	0.022137756232296076	1.0471975511965975e-05	0.0032340951039454926	1.00141382	51.96755219	0.96310058	0.1313261026600649	0.013014	4e-05
-0.1059	0.0915	0.084	0.02279923601880193	5.93411945678072e-05	0.0034295719801688577	1.02159667	53.0149231	0.9752081	0.13919129408925296	0.0124993	2e-05
-0.1348	0.146	0.158	0.022558380582026707	0.00040317105721069014	0.002898991887562581	1.02099228	52.98356247	0.97273837	0.2131632696012191	0.0135863	3e-05
-0.1114	0.1491	0.1239	0.02211157629351616	0.00017278759594743863	0.003160791275361731	1.02858841	53.37775421	0.98280783	0.10754935687864749	0.0129921	2e-05
-0.0978	0.0911	0.0845	0.022233749341155764	9.075712110370512e-05	0.003467969223712733	1.01431668	52.63713837	0.96857777	0.13656907354171696	0.0124431	4e-05
-0.1126	0.1144	0.107	0.023052308760341107	0.0006318091892219474	0.0032882003107573173	1.02624333	53.25606155	0.97515675	0.13756902001295	0.0132564	1e-05
-0.1164	0.1815	0.1261	0.023006930199789253	0.0011746065865921838	0.0030176742766981957	1.00451124	52.12829208	0.96154463	0.13293509959906055	0.0132678	4e-05
-0.0924	0.1212	0.0615	0.02277131075077002	0.00041015237421866745	0.003438298626428829	1.02826309	53.36087418	0.97520462	0.2199349005561692	0.0119863	2e-05
-0.1085	0.1118	0.099	0.022727677519470156	0.00034557519189487725	0.00326551103048139	1.00448883	52.1271286	0.96367389	0.07704990047855459	0.0129238	3e-05
-0.1306	0.1854	0.1696	0.022101104318004192	0.0004921828490624009	0.0027558748888990466	0.99749619	51.76425171	0.95832075	0.23044085001079156	0.0138682	3e-05
-0.0973	0.1563	0.0974	0.02197020462410462	0.00012740903539558605	0.003160791275361731	0.99546236	51.65870667	0.96205021	0.1796294947014536	0.0123124	3e-05
-0.0941	0.1018	0.0774	0.02227214658469964	0.00011519173063162575	0.003560471674068432	0.97108233	50.39352417	0.93847575	0.11339198320328409	0.0122535	1e-05
-0.1231	0.1368	0.1437	0.02230705316973953	0.0004310963252425994	0.003043854215478111	1.04814899	54.39283752	0.98329559	0.17367143191205922	0.0138965	3e-05
-0.119	0.1777	0.1556	0.02165779068799763	0.0005759586531581287	0.002904227875318564	1.03906715	53.92153931	0.98812627	0.10358755749084868	0.013559	5e-05
-0.093	0.1175	0.0723	0.022286109218715593	0.00030368728984701333	0.0034452799434368064	1.0328151	53.59709549	0.97605955	0.24158209810736597	0.0121017	3e-05
-0.122	0.149	0.134	0.02260724980108255	0.0005375614096142535	0.0030281462522101614	1.02023387	52.94420624	0.97054146	0.1708074196680421	0.0130642	1e-05
-0.1052	0.175	0.1145	0.02245017016840306	0.00039269908169872416	0.003118903373313867	1.02074897	52.97093582	0.97656561	0.08193495408493624	0.0127603	4e-05
-0.0937	0.1178	0.0773	0.02239431963233924	0.0001308996938995747	0.0034487706019407953	1.00042713	51.91635132	0.95154732	0.13827585762449496	0.0120827	2e-05
-0.121	0.1648	0.1421	0.022389083644583255	0.0003682644721708035	0.003043854215478111	1.00450706	52.12807465	0.95645497	0.17147585762449483	0.0131476	0.0
-0.1102	0.2089	0.1407	0.021629865419965727	0.0003595378259108319	0.00301941960595019	1.02828002	53.36175537	0.98564443	0.09591897402027105	0.0131199	3e-05
-0.0982	0.1415	0.0853	0.02176774643087328	0.00024085543677521747	0.0031747539093776853	1.01798117	52.82730484	0.9768061	0.15539488517353314	0.0123524	3e-05
-0.1238	0.1717	0.1474	0.021617648115201765	0.0003211405823669566	0.0028518679977587343	1.04591727	54.27702332	0.99264182	0.14556346864411024	0.0138782	5e-05
-0.1253	0.2165	0.1803	0.021326178130118712	0.0003961897402027128	0.0026616271092913526	1.05132985	54.55790329	0.99359672	0.1070380015693095	0.0147033	0.00012
-0.0989	0.1639	0.0908	0.021142918558659306	0.0001832595714594046	0.003113667385557884	1.10658777	57.42547226	1.03665187	0.2109115008234622	0.0132748	7e-05
-0.1056	0.1243	0.0944	0.021362830044410593	0.0003159045946109737	0.003237585762449481	1.0475626	54.36240387	0.98888456	0.07372374428972259	0.0133097	4e-05
-0.128	0.1745	0.1602	0.021181315802203185	0.0005166174585903216	0.0028815385950426383	1.03706086	53.81742859	0.98680462	0.17531371367967993	0.0144604	7e-05
-0.1423	0.256	0.2072	0.020722294208928675	0.0006510078109938849	0.002537708732399755	1.03295302	53.60425186	0.98134723	0.1896620904160478	0.015292	5e-05
-0.1099	0.2579	0.1488	0.020521581344949323	0.0002513274122871834	0.0027157323161031764	1.02534986	53.20969391	0.98255404	0.1316208423194738	0.0141466	3e-05
-0.1013	0.1983	0.1039	0.020832249951804317	0.00020769418098732522	0.003153809958353753	1.01657927	52.75455475	0.97195271	0.1527189740202714	0.0126986	3e-05
-0.0998	0.1628	0.1049	0.02122494903350304	0.00019024088846738194	0.0033318335420571745	0.99620092	51.69703293	0.96223619	0.06740879789610443	0.0125418	2e-05
-0.1218	0.2136	0.1573	0.021101030656611446	0.00041015237421866745	0.0028675759610266834	1.01790202	52.8231926	0.9730841	0.16560437218366864	0.0137491	4e-05
-0.12	0.2737	0.1689	0.020648990380344914	0.0006265732014659643	0.002670353755551324	1.03499138	53.71003342	0.98793799	0.11678416544945935	0.0140165	4e-05
-0.096	0.2062	0.0849	0.02109579466885546	0.00045553093477052	0.0031363566658338103	1.03480852	53.70054626	0.98606118	0.22969247327442388	0.01223	3e-05
-0.1086	0.1774	0.1025	0.02142915255598638	0.0005044001538263612	0.002933898472602468	1.0572201	54.86357498	0.99856999	0.08823426497090499	0.0138928	5e-05
-0.1345	0.2477	0.1814	0.0208060700130244	0.0007853981633974483	0.002384119758224254	1.07681298	55.88032913	1.00892042	0.247792963345564	0.0148469	4e-05
-0.1038	0.2196	0.1268	0.02057394122250916	0.0004974188368183839	0.002726204291615143	1.05003738	54.49083328	0.99978613	0.15650963252425978	0.0135247	4e-05
-0.1033	0.1617	0.1017	0.020991074913735804	0.00047822021504644627	0.0029740410453983376	0.99532783	51.65172577	0.95969	0.11770845333908884	0.0125455	1e-05
-0.132	0.204	0.179	0.021041689462043635	0.0007888888219014368	0.0026267205242514655	1.02016807	52.94079208	0.98227987	0.18373018381548467	0.0141295	5e-05
-0.1175	0.2386	0.1673	0.02057394122250916	0.0007173303225696694	0.00272096830385916	1.01791275	52.82374954	0.98065767	0.09247772592369692	0.013728	0.0
-0.101	0.1769	0.1086	0.020706586245660723	0.0005358160803622592	0.0030421088862261168	1.01108408	52.46938324	0.96660457	0.16866499238629656	0.0123206	3e-05
-0.113	0.1894	0.1352	0.021617648115201765	0.0009756390518648303	0.0030316369107141502	1.01874363	52.86686707	0.97778186	0.11916784082777893	0.0136072	5e-05
-0.1198	0.2521	0.1564	0.021828832954693077	0.000853466004225227	0.0028675759610266834	1.02601159	53.24403381	0.97463045	0.11557094184091916	0.0139648	4e-05
-0.082	0.2106	0.0628	0.02175203846760533	0.0006667157742618339	0.003452261260444784	1.04394746	54.17480087	0.98574944	0.21531150082346204	0.0119171	3e-05
-0.0971	0.2003	0.0898	0.021914354088040804	0.00022340214425527416	0.0032218777991815323	1.01571298	52.70959473	0.97054946	0.09420063558526429	0.0125127	1e-05
-0.1289	0.2818	0.1654	0.0221918614391079	0.0008080874436733745	0.0025569073541716926	1.04088998	54.01613617	0.99294211	0.26525815477475173	0.0140905	4e-05
-0.0892	0.2327	0.051	0.02291966373718953	0.0004363323129985824	0.0031712632508736965	1.04895198	54.43450546	0.99832796	0.28889566627292135	0.0121912	4e-05
-0.098	0.2141	0.0631	0.0228376332623458	0.00016231562043547262	0.0032026791774095948	0.98806447	51.27479935	0.95482531	0.058873154697136915	0.0123184	2e-05
-0.1136	0.2926	0.1235	0.022120302939776133	0.00034033920413889426	0.0027331856086231197	1.01145232	52.48849487	0.96199999	0.22274237375297823	0.0130378	3e-05
-0.087	0.2561	0.0789	0.021378538007678544	0.00015707963267948963	0.003199188518905606	1.0058639	52.19848633	0.963651	0.17725137069197405	0.0121843	2e-05
-0.09	0.2041	0.0819	0.02152165500634208	0.00022165681500327985	0.0033196162372932147	0.97313219	50.49990082	0.94430858	0.07440609496874676	0.0122747	3e-05
-0.1151	0.2592	0.1409	0.02126160094779492	0.0005340707511102648	0.002844886680750757	0.97569871	50.63308716	0.94765593	0.1915598775598301	0.013272	5e-05
-0.1234	0.3637	0.1719	0.02037846434628579	0.0008115781021773631	0.002469640891571976	1.00511765	52.15975952	0.96412145	0.2205944870877505	0.0142013	4e-05
-0.1162	0.4214	0.1549	0.019905480118995327	0.0008307767239493009	0.002408554367752175	1.00208652	52.00246048	0.9674366	0.10956346864411008	0.014681	6e-05
-0.0911	0.3997	0.1054	0.01950754504954062	0.00046425758103049166	0.0026005405854715507	0.99953973	51.87030029	0.96636183	0.14412202150464468	0.0136116	4e-05
-0.0812	0.3284	0.0688	0.01955117828084048	0.0005916666164260777	0.0030229102644541784	1.00672758	52.24330521	0.97087885	0.14747059728390377	0.0124242	3e-05
-0.0866	0.2518	0.0711	0.02036101105376585	0.0005550147021341969	0.0032759830059933565	1.02503312	53.19326019	0.97858509	0.1392778714378214	0.0123225	1e-05
-0.0892	0.2397	0.0879	0.020413370931325676	0.0006771877497737998	0.0033527774930811067	1.02139294	53.00435638	0.97232987	0.04406637061435896	0.0127481	4e-05
-0.1003	0.2417	0.0861	0.02022836603061428	0.0010157816246606998	0.0026720990848033187	1.01792336	52.82430267	0.97329071	0.07511385919380426	0.0127776	6e-05
-0.1081	0.2522	0.1257	0.020074777056438776	0.0008569566627292158	0.002764601535159018	1.02147317	53.00851822	0.98113063	0.07814581932313436	0.0132511	1e-05
-0.1295	0.3282	0.1942	0.019832176290411566	0.0009896016858807848	0.002462659574563999	1.00368178	52.08524704	0.97075038	0.19975938748868993	0.0148198	4e-05
-0.1057	0.336	0.1621	0.018921114420870525	0.0006108652381980154	0.002590068609959585	1.00160885	51.97767639	0.9717022	0.13456036763096987	0.0145977	1e-05
-0.1002	0.2795	0.1202	0.01880766801949089	0.000853466004225227	0.002694788365079245	1.00749099	52.28292084	0.97783187	0.1269383461263253	0.0140125	3e-05
-0.109	0.251	0.1447	0.018783233409962973	0.000932005820564972	0.0025237460983838006	1.02780688	53.33719635	0.98023514	0.07550083462815539	0.0152093	7e-05
-0.1318	0.3046	0.2312	0.018558085936455707	0.0011606439525762293	0.0021886428820008896	1.03939426	53.93851852	0.9943624	0.20234444109507171	0.0169389	7e-05
-0.1076	0.2934	0.1813	0.017859954235657973	0.0010262536001726657	0.0025464353786597265	1.01916838	52.88890839	0.98782026	0.14481572749300667	0.0156571	8e-05
-0.1103	0.2466	0.158	0.018388788999012258	0.0010297442586766543	0.0026162485487395003	1.01159763	52.49603653	0.97247343	0.10290692959690231	0.0152939	7e-05
-0.1317	0.2756	0.2348	0.018435912888816103	0.0012147491593880533	0.0024242623310201236	1.03814721	53.87380219	0.99677807	0.14840575041173107	0.0169194	0.0001
-0.1187	0.3011	0.2236	0.018142697574481056	0.0009843656981248017	0.002462659574563999	1.01523209	52.68464279	0.9848152	0.0777998009571087	0.016553	9e-05
-0.1058	0.2547	0.1709	0.018784978739214968	0.0009861110273767962	0.002782054827678961	1.00654101	52.2336235	0.97304918	0.1601710873550434	0.0152301	2e-05
-0.1181	0.2742	0.205	0.019083430041306	0.0009616764178488756	0.0025272367568877894	1.01729012	52.79144287	0.97915351	0.09478519912050615	0.0165519	0.00013
-0.1148	0.3091	0.2162	0.018673277667087332	0.000905825881785057	0.0024399702942880727	0.9883796	51.29115295	0.96333259	0.0770634686441101	0.0164667	4e-05
-0.1021	0.2637	0.1644	0.01881290400724688	0.0008656833089891874	0.0028099800957108703	1.01896274	52.87824249	0.97477981	0.13738893571891067	0.0148981	5e-05
-0.0889	0.2815	0.12	0.01879370538547494	0.0011571532940722405	0.0027611108766550296	0.99907762	51.84631729	0.96792881	0.09337689129554153	0.014208	4e-05
-0.098	0.478	0.1186	0.01812000829420513	0.001673770752662562	0.002057743188101315	1.16000724	60.19763184	1.06289167	0.3016841119206924	0.0163447	0.00012
-0.1559	0.6747	0.233	0.017804103699594155	0.0018744836166419098	0.0016423548261266642	1.20860946	62.71980286	1.11624818	0.4156002910282486	0.0238266	0.001
-0.1979	0.7415	0.2922	0.019397589306664978	0.0009302604913129776	0.0017034413499464657	1.16638768	60.52873993	1.10521737	0.2979397628109779	0.0299139	0.00374
-0.1624	0.6901	0.1885	0.02028945255443408	0.000640535835481919	0.0017819811662862105	1.07875943	55.9813385	1.03060087	0.25360638599699536	0.024917	0.00189
-0.1069	0.6373	0.0963	0.018435912888816103	0.0003351032163829112	0.001350884841043611	1.15401733	59.88678741	1.08847273	0.33000343049797937	0.021752	0.00121
-0.0573	0.5456	-0.004	0.016702800941585733	0.0005026548245743669	0.0013072516097437528	1.15865159	60.12727737	1.08172594	0.33881483933608414	0.0177044	0.00046
-0.0703	0.448	-0.0029	0.016133823605435582	0.0018744836166419098	0.0013281955607676848	1.09149098	56.64203262	1.03287426	0.2097875039620813	0.0165392	0.00015
-0.0807	0.3614	0.0053	0.0164985974191024	0.002584832622203602	0.0012252211349000194	1.084095	56.2582283	1.02221057	0.16410486225480872	0.015577	7e-05
-0.0807	0.2974	-0.0181	0.01975363647407182	0.00222529479629277	0.0016877333866785165	1.12469912	58.365345	1.05008082	0.2912544566329376	0.0130448	4e-05
-0.0808	0.3	0.0046	0.018711674910631207	0.0022270401255447643	0.001762782544514273	1.01953173	52.90776443	0.98591405	0.08133780252641826	0.0128475	5e-05
-0.0729	0.3091	0.0099	0.01814095224522906	0.0022148228207808044	0.0019582594207376374	1.01419342	52.6307373	0.97413246	0.06122084231947349	0.0127918	3e-05
-0.0694	0.2966	0.0092	0.01860870048476354	0.0024015730507441976	0.002045525883337354	1.01604414	52.72677994	0.97412492	0.053788246604879485	0.0128884	2e-05
-0.0566	0.3085	-0.0487	0.020982348267475828	0.0020263272615654165	0.0024260076602721182	1.10149193	57.161026	1.03005928	0.23906876744129163	0.0124917	4e-05
-0.0462	0.3325	-0.0496	0.0204378055408536	0.0017680185322702558	0.002841396022246768	1.04186952	54.06696701	0.99457648	0.09621199089460186	0.012645	5e-05
-0.052	0.3003	-0.0355	0.0195441969638325	0.0020629791758572974	0.002708750999095199	1.01086974	52.45825958	0.97201767	0.11816071218798561	0.0140083	0.00016
-0.0706	0.3174	0.0464	0.018613936472519525	0.0018709929581379211	0.0027419122548830916	1.04278493	54.11447144	0.99910605	0.17537039824101222	0.0156234	0.00021
-0.0781	0.3267	0.1049	0.01765226005467065	0.0016057029118347831	0.002700024352835228	1.02176678	53.02375412	0.98743503	0.13874271830999382	0.0166927	0.00024
-0.0704	0.268	-0.045	0.02518510110627818	0.000905825881785057	0.003502875808752619	1.64944291	85.59649658	1.45846728	0.6680784768787321	0.0241912	0.0027
-0.0751	0.2587	-0.1514	0.03190112806795236	-0.00011693705988362007	0.004214970143566306	1.59154212	82.59178162	1.41336107	0.5429442119078273	0.0280383	0.00139
-0.0697	0.2547	-0.1466	0.02977880769752725	0.0003874630939427412	0.004136430327226561	1.14908695	59.63092804	1.07145239	0.14946301702956089	0.0243802	0.00066
-0.0736	0.2308	-0.1152	0.028429668185735633	0.0005951572749300663	0.004045673206122856	1.03003705	53.45293045	0.97913502	0.14157954069413223	0.0214353	0.00043
-0.0817	0.2533	-0.066	0.026776841384097003	0.0008290313946973065	0.00382576172037157	1.03114355	53.51035309	0.97917064	0.18513062035785785	0.0188833	0.00029
-0.094	0.3186	-0.0057	0.025748842454672346	0.0009826203688728075	0.0034644785652087444	1.00772297	52.29496384	0.96290378	0.2150435529381492	0.0174035	0.00024
-0.069	0.2906	-0.0689	0.02586403418530397	0.0009564404300928925	0.0038990655489553323	0.99659836	51.717659	0.96260032	0.1449979326579064	0.0168979	0.00013
-0.0753	0.2703	-0.0649	0.02626545991326266	0.0009826203688728075	0.0038606683054114572	0.98662031	51.1998558	0.95581546	0.05390014551412406	0.0169464	7e-05
-0.091	0.3211	-0.0044	0.02556558288321294	0.0010768681484805013	0.003687880709464018	1.00712168	52.26375961	0.96342525	0.17534562028024267	0.0160688	6e-05
-0.0714	0.3119	-0.0445	0.02496518962052689	0.0010559241974565693	0.0038990655489553323	0.9866178	51.1997261	0.95672437	0.11052610266006484	0.0147199	4e-05
-0.077	0.2892	-0.0369	0.02467895562319982	0.0010611601852125523	0.003717551306747922	0.97832441	50.76934814	0.94617318	0.05954921136452308	0.0141328	4e-05
-0.0937	0.326	0.0082	0.02439272162587275	0.0011746065865921838	0.0034993851502486306	1.00832808	52.32636261	0.96140686	0.12949232776029976	0.01433	6e-05
-0.081	0.3411	-0.0005	0.023746949802634847	0.0012060225131280816	0.0034819318577286873	0.98792827	51.26773071	0.95546441	0.07123205211468712	0.0139096	6e-05
-0.0808	0.3048	-0.0222	0.023794073692438692	0.0012863076587198209	0.0035238197597765512	0.9559781	49.60970306	0.93383332	0.06666484687217239	0.0134816	4e-05
-0.0843	0.3114	0.0027	0.02361255945023128	0.0012531464029319286	0.003467969223712733	0.96873021	50.2714653	0.94183931	0.04852630170295609	0.0132831	0.0
-0.0866	0.3622	0.0267	0.023769639082910778	0.0013072516097437528	0.0033859387488689996	0.97920346	50.81496429	0.94776262	0.09176076571675267	0.0135275	4e-05
-0.0568	0.3249	-0.08	0.025905922087351835	0.0008307767239493009	0.004054399852382828	1.10337913	57.25896072	1.03084644	0.33786094968746694	0.0157069	0.00011
-0.0705	0.3116	-0.1055	0.028696703561290768	0.00013962634015954637	0.004139920985730549	1.13928306	59.12216568	1.06489811	0.23087264955382045	0.0189708	0.00019
-0.0877	0.3564	-0.088	0.030194196059501903	9.773843811168246e-05	0.003981096023799066	1.12280238	58.26691437	1.06188103	0.1644102681095241	0.0230143	0.00082
-0.0677	0.2488	-0.319	0.04166275457435664	-0.00039095375244672985	0.005215043804959057	1.78611934	92.68920898	1.59853145	1.0181599243286572	0.0408753	0.01122
-0.0816	0.2566	-0.2816	0.03979350694547071	-0.0002495820830351891	0.004806636759992383	1.1196605	58.10386658	1.05659475	0.1800513171632074	0.0366648	0.00625
-0.085	0.302	-0.2375	0.03767991322130558	4.363323129985824e-05	0.0046809730538487915	1.06536174	55.28607559	1.00462549	0.21952363723218832	0.0339962	0.00402
-0.0704	0.2578	-0.2471	0.03576877769037179	0.00023561944901923448	0.004693190358612751	1.03894925	53.91542435	0.98922643	0.17416695267085638	0.0309752	0.00248
-0.0946	0.2955	-0.1705	0.03437251428877633	0.0003577924966588376	0.004342379178961892	1.04431045	54.19363785	0.98455112	0.23196238144429607	0.0284541	0.00139
-0.0877	0.3336	-0.1513	0.03321536099470408	0.0004991641660703782	0.004206243497306334	1.01653445	52.75222397	0.97328172	0.1359330322569673	0.0267884	0.00098
-0.072	0.296	-0.1785	0.032012829140079996	0.000905825881785057	0.0042882739721500675	1.01760888	52.80797958	0.97073113	0.165061202259125	0.023988	0.00041
-0.0834	0.3054	-0.1451	0.03202155578633996	0.0011239920382843482	0.004124213022462601	0.99397147	51.58133698	0.9528257	0.07374768762233604	0.023903	0.00049
-0.0803	0.3278	-0.1401	0.031058134039239096	0.0009354964790689606	0.004031710572106902	1.03499651	53.71029663	0.97473355	0.09272098783359747	0.022383	0.00025
-0.0768	0.3132	-0.1487	0.030682888250060315	0.0009756390518648303	0.00409977841293468	0.99133313	51.44442368	0.95363726	0.05087281014012143	0.0216836	0.00022
-0.0852	0.3068	-0.1225	0.030382691618717286	0.0011344640137963143	0.003984586682303054	0.98722494	51.23123169	0.95189683	0.06971066619530689	0.0212016	0.00027
-0.1104	0.3545	-0.0458	0.02983814889209506	0.0013281955607676848	0.0035953782591083183	1.02240121	53.05667496	0.97255269	0.20597413483941657	0.0204375	0.00019
-0.083	0.3534	-0.0885	0.02945766711516029	0.0012339477811599909	0.003778637830567723	0.99801427	51.7911377	0.96494597	0.10409945640009335	0.0196273	0.00011
-0.0688	0.3183	-0.1208	0.029239500958661003	0.0012793263417118436	0.004131194339470578	0.99356622	51.56030655	0.95635921	0.11240506129769975	0.0192222	0.00014
-0.0964	0.3652	-0.0618	0.028797932657906436	0.0013020156219877698	0.003626794185644217	1.00317144	52.0587616	0.95862844	0.1819328867428427	0.018727	0.00015
-0.0756	0.381	-0.084	0.028241172626520247	0.0013107422682477415	0.0038432150128915135	1.0165019	52.75053406	0.980057	0.09789537524467283	0.0179897	0.00011
-0.072	0.3338	-0.1093	0.028291787174828085	0.001335176877775662	0.003907792195215304	0.97888643	50.79851151	0.94805752	0.08308131700797745	0.0178328	0.00014
-0.092	0.3676	-0.0608	0.027714083192417957	0.0014573499254152652	0.003518583772020568	1.05234551	54.61061096	0.9942668	0.15675427266222336	0.0184038	0.00011
-0.1713	0.5292	0.2049	0.026705282884765237	0.0013945180723434693	0.002673844414055313	1.41663468	73.51509857	1.26787461	0.6024185759344887	0.0264513	0.00236
-0.3108	0.671	0.7633	0.0256388867117967	-0.00015533430342749534	0.0024399702942880727	1.89248455	98.2089386	1.6958935	0.9822061334253372	0.0434474	0.01975
-0.5056	0.7436	1.2398	0.0384426221044271	-0.0034033920413889425	0.003303908274025266	2.24689937	116.60100555	2.03879741	1.5896865555164519	0.0662578	0.04775
-0.4698	0.7199	1.0537	0.04182332486554012	-0.0037768925013157294	0.004307472593922005	1.77435744	92.07883453	1.59910825	0.4834883770468273	0.0777281	0.06519
-0.2294	0.5777	0.5716	0.03655417585376924	-0.002811725424962865	0.005229006438975011	1.96651983	102.05094147	1.76660617	1.2224924966588375	0.0622705	0.04129
-0.1169	0.4648	0.1855	0.034199726692828884	-0.0019285888234537342	0.005433209961458348	1.7203126	89.2742157	1.53078009	0.7835894642466411	0.0478784	0.01653
-0.1007	0.4595	0.1063	0.033335788713091695	-0.0017226399717184032	0.005237733085234983	1.13161206	58.72408676	1.05391012	0.16396818538479424	0.0423679	0.01009
-0.0843	0.4446	0.0666	0.03136007599983411	-0.0011449359893082802	0.004932300466135976	1.10563672	57.37611389	1.04623556	0.21394246573833564	0.0356014	0.00481
-0.0813	0.4209	0.0762	0.029164451800825247	-0.0007487462491055673	0.004457570909593518	1.11624384	57.92656326	1.03282609	0.1896271747877018	0.0296903	0.00206
-0.0702	0.3847	0.0635	0.028152160834668535	-0.0006230825429619757	0.004536110725933263	1.04129565	54.03718948	0.98961408	0.12082472443200248	0.025208	0.00095
-0.0657	0.3555	0.0629	0.027354545366507128	-0.0004956735075663896	0.004255112716362175	1.02716422	53.30384827	0.969088	0.09460112565640409	0.0218691	0.00029
-0.0615	0.3367	0.0577	0.02695835562630441	-0.0002652900463031381	0.004106759729942657	1.00573218	52.19165039	0.96382426	0.06694630939427426	0.0203477	0.00022
-0.0421	0.3378	0.0297	0.025621433419276758	-0.00010995574287564276	0.004384267081009755	1.06124008	55.07218552	1.00034518	0.1369881930761123	0.0182204	0.00019
-0.0219	0.3386	-0.0086	0.02481683663410737	0.00022165681500327985	0.004867723283812185	0.9973228	51.75525284	0.96506719	0.1402832772925371	0.0170066	0.00024
-0.0043	0.3415	-0.0406	0.024424137552408645	0.0003892084231947355	0.005300564938306779	0.99535966	51.65337753	0.95947846	0.10215461721923871	0.0167625	0.00031
-0.0034	0.3889	-0.0322	0.02390926542307032	0.0003298672286269283	0.005335471523346666	1.0147686	52.66058731	0.9746176	0.08715599544730089	0.0172478	0.00031
-0.0057	0.4789	-0.0227	0.022818434640573863	0.0005881759579220891	0.005096361415823441	1.07312322	55.68885422	1.01344387	0.18121248096574208	0.0179825	0.00026
-0.008	0.5392	-0.0128	0.02190911810028482	0.000736528944341607	0.004963716392671873	1.0464524	54.30479431	1.00250815	0.13201572749300647	0.0188095	0.0004
-0.0001	0.5387	-0.0265	0.021621138773705754	0.0006318091892219474	0.004871213942316174	1.00473905	52.14011002	0.97222507	0.04636007660272133	0.0185699	0.0004
0.0048	0.4738	-0.0468	0.02154608961587	0.0009302604913129776	0.004925319149127998	0.9904716	51.39971542	0.96262855	0.11148028333693044	0.0174728	0.00041
0.0189	0.4113	-0.056	0.021411699263466432	0.0009407324668249436	0.005323254218582705	0.96421826	50.03731918	0.94222707	0.11293986986851196	0.016158	0.00034
0.0355	0.3875	-0.0647	0.020963149645703893	0.0009808750396208131	0.005644394800949661	0.97382379	50.53578949	0.947887	0.08959163864626819	0.0157199	0.00024
0.0317	0.3954	-0.0507	0.02080956067152839	0.0009651670763528643	0.005701990666265475	0.98124468	50.92089081	0.95228933	0.037044640137963256	0.0158444	0.00021
0.0249	0.4634	-0.0341	0.020392426980301748	0.0009093165402890458	0.005497787143782138	0.98850477	51.29764938	0.95624621	0.12525938748868987	0.0165543	0.00022
0.0231	0.5145	-0.034	0.019823449644151593	0.0009424777960769379	0.0052220251219670345	0.9679482	50.23088074	0.94393283	0.0968950306876575	0.0166098	0.00027
0.027	0.5107	-0.0488	0.019601792829148316	0.0008918632477691023	0.00518013721991917	0.9504053	49.32050705	0.9348646	0.03820796326794878	0.0165247	0.00033
0.0324	0.45	-0.0593	0.019556414268596462	0.0009861110273767962	0.005393067388662479	0.96728241	50.19633102	0.94907638	0.09422782544514281	0.0160114	0.00025
0.037	0.4011	-0.0678	0.019835666948915556	0.0011309733552923255	0.0057037359955174685	0.98470044	51.10022736	0.95367419	0.09873918075448063	0.0152363	0.00018
0.0443	0.3845	-0.0682	0.020080013044194763	0.0011641346110802177	0.005993460651348527	0.97179872	50.43070221	0.94602462	0.05266160034490792	0.0145154	0.00017
0.0419	0.3919	-0.0597	0.019805996351631654	0.0011362093430483087	0.00588525023772488	0.95702767	49.66416931	0.93138159	0.038807618710933314	0.014528	0.00014
0.0379	0.4471	-0.0455	0.01969604060875601	0.0011030480872604163	0.005750859885321316	0.96844923	50.25688171	0.93995607	0.08727536755335501	0.0142598	7e-05
0.0287	0.5027	-0.042	0.01948660109851669	0.0011274826967883368	0.005506513790042109	0.99029505	51.39055252	0.95440072	0.09221101075232227	0.0143092	9e-05
0.0365	0.5017	-0.0494	0.019134044589613836	0.0010471975511965976	0.005508259119294104	0.98255152	50.9887085	0.94960953	0.0379293491873294	0.0140804	5e-05
0.0489	0.4479	-0.067	0.019273670929773383	0.0012479104151759456	0.005876523591464907	0.97722483	50.71228409	0.94768548	0.1192301838154849	0.0133343	3e-05
0.0511	0.4292	-0.0615	0.019245745661741472	0.0013194689145077131	0.006075491126192261	0.96199208	49.92179489	0.93991784	0.04132256510455161	0.0131753	4e-05
0.0515	0.4496	-0.0614	0.01911659129709389	0.0013648474750595659	0.006016149931624455	0.95086384	49.34430313	0.93165338	0.032593705988362046	0.012894	2e-05
0.0464	0.5085	-0.0459	0.018727382873899155	0.0013473941825396225	0.005813691738393112	0.97564846	50.63048172	0.94323015	0.109955995447301	0.0128868	5e-05
0.0502	0.5179	-0.0537	0.018149678891489034	0.0012793263417118436	0.005633922825437696	0.97788864	50.74673462	0.95051635	0.06227703680966584	0.0132967	3e-05
0.0639	0.4681	-0.0792	0.018921114420870525	0.0012688543661998775	0.0060685098091842835	0.97795272	50.75005722	0.94953715	0.14982472443200223	0.0131423	0.0
0.0611	0.4849	-0.0921	0.020296433871442057	0.0011728612573401894	0.006162757588791978	0.98893076	51.31975555	0.95974504	0.11077801695194568	0.0129997	2e-05
0.0601	0.4952	-0.0787	0.01934173877060116	0.0010245082709206715	0.005956808737056647	0.98543334	51.13825989	0.96285547	0.09014984694978728	0.012582	0.0
0.0575	0.4627	-0.0694	0.0186523337160634	0.001186823891356144	0.005900958200992828	0.95783234	49.7059288	0.93496889	0.08977856055185257	0.0126591	1e-05
0.0428	0.502	-0.0364	0.018517943363659833	0.0013334315485236678	0.005668829410477582	0.95661217	49.64260864	0.93023916	0.1126563400043168	0.0126306	2e-05
0.0523	0.5088	-0.0427	0.017997835246565525	0.0012723450247038664	0.0057037359955174685	0.95667642	49.64594269	0.93868332	0.05340506129769985	0.0127979	2e-05
0.0553	0.4796	-0.0593	0.018308503853420515	0.0012322024519079964	0.005806710421385134	0.97065616	50.37141037	0.94421727	0.07148928027592626	0.0126153	1e-05
0.0576	0.5082	-0.0674	0.019460421159736774	0.0011466813185602744	0.005914920835008782	1.02198088	53.03486633	0.98075299	0.10628244266438144	0.0131152	4e-05
0.0729	0.4881	-0.14	0.021683970626777547	0.000874409955249159	0.0063669611112753145	1.11404872	57.81264877	1.03774294	0.25539305533092094	0.0132346	3e-05
0.0592	0.4684	-0.0986	0.019291124222293322	0.0012479104151759456	0.005820673055401089	1.0506115	54.52062607	0.99641038	0.24043174601426184	0.0124104	2e-05
0.0425	0.5176	-0.0414	0.01875356281267907	0.001335176877775662	0.005789257128865191	0.98550248	51.1418457	0.95493491	0.15591218993749323	0.0126008	3e-05
0.0479	0.5497	-0.0405	0.017948966027509686	0.0012758356832078548	0.005597270911145814	0.97569829	50.63306808	0.95130674	0.09119620987282849	0.0127973	1e-05
0.0594	0.5208	-0.0661	0.01795594734451766	0.0012688543661998775	0.0058416170064250214	0.96588844	50.12399292	0.93955398	0.07891543646475792	0.0126305	3e-05
0.0524	0.5226	-0.0552	0.018182840147276925	0.0013159782560037243	0.005768313177841259	0.95628667	49.62571716	0.9394724	0.03706602605734362	0.0126469	1e-05
0.0455	0.5803	-0.083	0.02089333647562412	0.001616174887346749	0.0055920349233898325	1.0775156	55.91679001	1.02187094	0.2517485607070823	0.0132678	9e-05
0.0731	0.5491	-0.1851	0.022488567411946932	0.0016458454846306526	0.005642649471697667	1.05835938	54.92269516	0.99781463	0.2446758040957276	0.0139491	7e-05
0.0742	0.5213	-0.1907	0.022584560520806627	0.0017191493132144146	0.005797983775125162	0.9546417	49.54035187	0.93809039	0.050731562043547646	0.0136675	2e-05
0.0524	0.5738	-0.156	0.023340288086920166	0.0017348572764823637	0.005396558047166466	0.98039895	50.87700272	0.95386929	0.16764306286700917	0.0142078	4e-05
0.0799	0.5519	-0.2164	0.023609068791727292	0.0009704030641088471	0.005766567848589266	1.01200974	52.51741791	0.97633511	0.17996223593017213	0.0146924	6e-05
0.0798	0.5232	-0.1984	0.022095868330248212	0.0010367255756846318	0.005995205980600523	1.00876856	52.34922409	0.97041358	0.13720805525330604	0.0136351	5e-05
0.0678	0.5798	-0.1822	0.02204350845268838	0.0011571532940722405	0.005771803836345247	0.97394329	50.54199219	0.94485769	0.10460948701013578	0.0136276	4e-05
0.0655	0.6027	-0.1632	0.02101027353550774	0.001059414855960558	0.005672320068981571	0.98964202	51.35666656	0.95509505	0.10572285613280002	0.0133322	2e-05
0.0676	0.5422	-0.1532	0.02075196480621258	0.0009704030641088471	0.006044075199656362	0.98068827	50.89201736	0.94883138	0.10855378259108296	0.0129071	3e-05
0.0565	0.533	-0.1209	0.020612338466053034	0.0011152653920243766	0.00596204472481263	0.97494656	50.59405518	0.94806023	0.07092595714594041	0.012771	3e-05
0.029	0.5992	-0.0612	0.020226620701362285	0.0013159782560037243	0.005450663253978291	1.00644922	52.22886276	0.96408701	0.20829060497522167	0.0128354	4e-05
0.0481	0.6061	-0.0905	0.01948660109851669	0.0011536626355682519	0.005394812717914472	1.01327395	52.58302307	0.98016309	0.1032092879672443	0.0129912	2e-05
0.0575	0.5494	-0.1122	0.01925796296650543	0.0012479104151759456	0.005639158813193679	0.99055386	51.40398407	0.95422488	0.11616160034490795	0.0130936	6e-05
0.0524	0.5366	-0.097	0.01939409864816099	0.0013421581947836393	0.005628686837681713	0.97177243	50.42933655	0.94473308	0.045142771838760885	0.0128177	4e-05
0.0255	0.5977	-0.0433	0.019497073074028655	0.0015865042900628454	0.005311036913818745	1.0013504	51.96426392	0.95920929	0.17494852225049204	0.0130563	1e-05
0.047	0.5968	-0.0772	0.018856537238546738	0.0013997540600994523	0.005352924815866608	1.01291537	52.56441879	0.97937689	0.09975869837465869	0.0131946	2e-05
0.0557	0.5447	-0.1102	0.019210839076701586	0.001429424657383356	0.005644394800949661	0.96415657	50.03411865	0.94113424	0.1275721210260903	0.0129119	3e-05
0.035	0.5714	-0.0621	0.019591320853636348	0.0014573499254152652	0.0054105206811824215	0.9657951	50.11914825	0.94509887	0.12761405823669558	0.0129215	2e-05
0.0311	0.6148	-0.0405	0.019202112430441613	0.0015358897417550098	0.005256931707006921	0.96934086	50.30315399	0.94586532	0.09996686068549895	0.0130153	4e-05
0.0558	0.5723	-0.0933	0.01925796296650543	0.0012007865253720988	0.005440191278466324	0.9727326	50.47916412	0.94404889	0.14871066619530657	0.0130367	1e-05
0.0476	0.5536	-0.0901	0.01951976235430458	0.0013456488532876281	0.005471607205002223	0.97046608	50.36154556	0.94311605	0.052003882112528994	0.0130935	4e-05
0.0238	0.6098	-0.0346	0.019640190072692187	0.0015987215948268059	0.005194099853935124	0.97519624	50.6070137	0.94341893	0.16805039054969417	0.0129889	4e-05
0.0428	0.6044	-0.0673	0.019128808601857852	0.0013631021458075715	0.00529707427980279	0.97575814	50.63617325	0.9553848	0.09959876728606173	0.013113	3e-05
0.0464	0.5639	-0.0917	0.01943075056245287	0.001329940890019679	0.005496041814530144	0.96241027	49.9434967	0.94299377	0.09520353755551325	0.0125344	3e-05
0.0229	0.6019	-0.0449	0.01983741227816755	0.0015341444125030156	0.005314527572322734	1.00033069	51.91134262	0.96509816	0.14791897402027143	0.0128341	2e-05
0.0385	0.6006	-0.0595	0.019085175370557993	0.0013107422682477415	0.005281366316534841	1.00576448	52.19332504	0.97343404	0.08194001538263616	0.0125841	4e-05
0.0426	0.5614	-0.0887	0.019367918709381073	0.0013386675362796509	0.005396558047166466	0.98997158	51.37376785	0.95938686	0.09379301687433073	0.0124665	3e-05
0.0266	0.5745	-0.0537	0.019586084865880368	0.001387536755335492	0.005279620987282846	1.0208751	52.97747803	0.97062649	0.0832986217719378	0.0131717	4e-05
0.0186	0.6184	-0.0177	0.01926145362500942	0.0014556045961632708	0.005017821599483697	1.02977073	53.43911362	0.97810583	0.1206249234748937	0.0130386	3e-05
0.0493	0.5791	-0.0811	0.019456930501232785	0.0011047934165124105	0.005330235535590682	0.96965939	50.31968307	0.94549558	0.17633509959906055	0.0124497	2e-05
0.0414	0.5646	-0.0742	0.019701276596511993	0.0011466813185602744	0.005324999547834699	0.94778454	49.18450546	0.93151653	0.04387349925415269	0.0125188	1e-05
0.0184	0.6177	-0.011	0.019312068173317258	0.0014643312424232424	0.005019566928735692	0.97529769	50.61227798	0.94719736	0.18991454830783552	0.0129483	3e-05
0.043	0.6044	-0.0624	0.018924605079374514	0.001192059879112127	0.005141739976375294	0.99709153	51.7432518	0.96858077	0.128395375244673	0.0125872	1e-05
0.0447	0.568	-0.0781	0.019383626672649024	0.0013002702927357754	0.005269149011770881	0.96669048	50.16561508	0.94400944	0.08853205211468734	0.0127038	2e-05
0.0173	0.6163	-0.0116	0.01915673386988976	0.0015306537539990272	0.004935791124639963	0.99795365	51.78799057	0.95908023	0.18173170755767168	0.0136014	4e-05
0.029	0.6413	-0.0171	0.018505726058895874	0.0014782938764391971	0.004878195259324152	0.99609721	51.69165039	0.96248721	0.08024817769347636	0.0134915	3e-05
0.0495	0.5835	-0.0726	0.018695966947363255	0.0012932889757277981	0.005187118536927148	1.00155199	51.97472382	0.96170228	0.16800845333908876	0.0130286	2e-05
0.0445	0.5597	-0.0694	0.0191445165651258	0.0013788101090755204	0.005311036913818745	0.95049572	49.32519913	0.93609791	0.0648994564000933	0.0129772	3e-05
0.0102	0.6233	0.0076	0.018828611970514827	0.0018064157758141308	0.004879940588576145	0.99251574	51.50579453	0.95331879	0.2336303293296092	0.0136559	3e-05
0.0237	0.6692	0.003	0.018177604159520945	0.0015777776438028737	0.004845034003536259	0.97565603	50.63087463	0.95229103	0.10972762640225132	0.0138937	4e-05
0.0509	0.632	-0.0647	0.018207274756804843	0.0013159782560037243	0.005101597403579425	0.96795201	50.2310791	0.9468812	0.1595016692563107	0.0136057	3e-05
0.0475	0.583	-0.079	0.018545868631691744	0.0014957471689591403	0.005366887449882563	0.98431051	51.07999039	0.95451856	0.10588264170727278	0.0133962	4e-05
0.0397	0.5895	-0.0619	0.018097319013929202	0.0014486232791552935	0.005162683927399226	1.00301719	52.05075836	0.96216588	0.06639385150248635	0.0137916	3e-05
0.0169	0.6604	-0.0037	0.017449801861439306	0.0016598081186466073	0.0046198865300289904	1.00263572	52.03096008	0.95761459	0.22197496946757225	0.0139177	4e-05
0.0378	0.6754	-0.0227	0.016798794050445424	0.0013980087308474581	0.004701917004872723	0.9873808	51.23932266	0.95798069	0.10464188368183817	0.0140962	4e-05
0.0524	0.6352	-0.066	0.016980308292652832	0.0013700834628155487	0.005042256209011618	0.96445209	50.04945374	0.9428935	0.12558893571891064	0.013609	4e-05
0.0474	0.6105	-0.0679	0.01719323846139614	0.0015027284859671175	0.0051783918906671755	0.95129341	49.36659622	0.93899018	0.05568554367752164	0.013546	1e-05
0.0245	0.6581	-0.0113	0.01704837613348061	0.0015690509975429022	0.004747295565424576	0.98283875	51.00361633	0.95683878	0.1592140582366957	0.0139623	3e-05
0.0284	0.6944	0.0011	0.016243779348311223	0.0016196655458507376	0.004602433237509047	0.9779647	50.75067902	0.95086401	0.10260368306963752	0.0147745	4e-05
0.0529	0.646	-0.0534	0.016111134325159655	0.0014451326206513049	0.004822344723260333	0.96670151	50.16618729	0.94806285	0.15375447170511433	0.0146089	5e-05
0.0488	0.6073	-0.0622	0.016435765566030602	0.001500983156715123	0.004935791124639963	0.9669717	50.1802063	0.94448778	0.07629640891571984	0.0143498	6e-05
0.0286	0.6466	-0.0165	0.016400858980990713	0.0017418385934903407	0.004628613176288962	0.96685416	50.1741066	0.94173086	0.13434699850830542	0.0148037	6e-05
0.0203	0.7026	0.0184	0.015856316254368483	0.0017645278737662671	0.004377285764001779	0.98949128	51.34884262	0.95834814	0.140127970959267	0.0156187	4e-05
0.0501	0.677	-0.0332	0.015409511965857936	0.0015463617172669759	0.0046530477858168825	0.98729253	51.23474121	0.95700026	0.15403662334124704	0.0158129	2e-05
0.053	0.6279	-0.058	0.01587202421763643	0.0015393804002589986	0.004808382089244378	0.9659881	50.12916565	0.94280517	0.10804139361069848	0.0152628	2e-05
0.0235	0.6586	0.0011	0.015772540450272755	0.0017680185322702558	0.004448844263333546	0.97588044	50.6425209	0.94980968	0.15368298626428828	0.0153896	2e-05
0.0271	0.7085	0.0166	0.015187855150854654	0.0017558012275062952	0.004283037984394084	0.99586642	51.67967606	0.96047424	0.10713544415607625	0.0163362	5e-05
0.0537	0.6594	-0.0517	0.01546012651416577	0.0016074482410867775	0.004722860955896656	0.98452508	51.09112549	0.95706573	0.1870223660616603	0.0158722	2e-05
0.0374	0.6457	-0.03	0.015638150097869192	0.0016510814723866359	0.0046041785667610404	0.97856098	50.78162384	0.95751657	0.0687169602069447	0.0158404	7e-05
0.0113	0.7052	0.043	0.01493129175081149	0.001895427567665842	0.004077089132658754	0.9893924	51.34371185	0.95534308	0.23251469382195972	0.016968	3e-05
0.0425	0.6847	-0.0092	0.014426891596985129	0.0015358897417550098	0.004372049776245795	0.9997139	51.87933731	0.96897346	0.16184493116621185	0.0171518	6e-05
0.0413	0.6369	-0.0342	0.015081390066483001	0.0016615534478986017	0.004590215932745087	0.97549862	50.62270355	0.94896065	0.12391641660703775	0.0160356	2e-05
0.0135	0.6899	0.0373	0.014985396957623314	0.001801179788058148	0.004131194339470578	0.99816006	51.79870224	0.96599431	0.18703205211468704	0.0164597	7e-05
0.0405	0.7025	0.001	0.01481086403242388	0.0015027284859671175	0.004276056667386107	0.99226087	51.49256897	0.96530122	0.10679232776029975	0.0168535	3e-05
0.0472	0.6563	-0.0459	0.015550883635269476	0.00152367243699105	0.0044924774946334045	0.97426784	50.55883408	0.95202792	0.14866921905584132	0.0157195	2e-05
0.0173	0.693	0.0244	0.015355406759046113	0.001668534764906579	0.0040561451816348215	0.98622864	51.1795311	0.95910055	0.1757335758568737	0.01615	3e-05
0.0307	0.7144	0.0188	0.014744541520848095	0.001462585913171248	0.004043927876870862	1.00779903	52.29890823	0.97121672	0.0818515697348655	0.0167765	6e-05
0.0388	0.6536	-0.034	0.014744541520848095	0.0015498523757709647	0.004036946559862884	0.99881619	51.83275223	0.96654141	0.1264123889803848	0.0168422	5e-05
0.0195	0.6644	0.0131	0.014791665410651942	0.0015638150097869194	0.00404741853537485	1.02178288	53.02458954	0.98522741	0.08077792496658838	0.0167516	7e-05
0.0066	0.7233	0.0538	0.014205234781981848	0.001616174887346749	0.0038117990863556156	0.98947585	51.34804153	0.95766234	0.15622049776245794	0.0172697	8e-05
0.0389	0.7017	0.0075	0.013648474750595656	0.0012322024519079964	0.004098033083682686	0.98232615	50.97701263	0.95674377	0.1615483232076008	0.0180001	4e-05
0.0445	0.6556	-0.0232	0.013997540600994523	0.001218239817892042	0.004221951460574283	0.96667075	50.16458893	0.94473051	0.10674734306532097	0.0172005	6e-05
0.0326	0.6511	-0.0096	0.014508922071828861	0.001429424657383356	0.004330161874197931	0.96878678	50.2743988	0.94739578	0.07153883619746496	0.0165735	4e-05
0.0055	0.7279	0.0625	0.014292501244581562	0.0017331119472303693	0.0038693949516714287	1.01352644	52.59613037	0.97383291	0.22504375198104068	0.0175837	5e-05
0.0397	0.7191	0.0114	0.01361356816555577	0.0013596114873035826	0.004101523742186674	1.03366721	53.64131927	0.99393596	0.1583281164733913	0.0180679	9e-05
0.0483	0.6623	-0.0268	0.014208725440485837	0.0014660765716752368	0.0043266712156939426	0.99876034	51.82985306	0.97028498	0.14993849164044945	0.0172029	6e-05
0.0172	0.7072	0.0338	0.014864969239235703	0.0016912240451825054	0.004026474584350918	1.00904965	52.36380768	0.98001025	0.195679395180008	0.0168446	7e-05
0.0313	0.7407	0.024	0.014217452086745807	0.001509709802975095	0.004052654523130833	1.02540493	53.21255493	0.98886468	0.10016056667386104	0.017966	6e-05
0.0527	0.6887	-0.0355	0.014556045961632708	0.0014364059743913332	0.004422664324553631	1.01160038	52.49617767	0.97449045	0.17199537524467307	0.0173364	9e-05
0.0311	0.7059	-0.0089	0.015327481491014202	0.001621410875102732	0.004230678106834255	0.99523056	51.64667892	0.9637415	0.12282133239061346	0.0166474	4e-05
0.0282	0.7592	0.0052	0.015802211047556657	0.0015969762655748114	0.004195771521794368	1.0160464	52.72690201	0.97401642	0.0970035375555131	0.0164344	3e-05
0.0633	0.7136	-0.0877	0.016966345658636875	0.0011990411961201044	0.004642575810304917	1.05181122	54.58288193	1.00590623	0.27404369845227367	0.0155816	5e-05
0.0595	0.6903	-0.1566	0.021392500641694498	0.0008011061266653974	0.005133013330115323	1.20640206	62.60525131	1.09765542	0.3617263786161368	0.0144005	5e-05
0.0395	0.7344	-0.1495	0.023212879051524585	0.0007138396640656808	0.004963716392671873	1.09035313	56.58298492	1.01928349	0.17504709049366268	0.0157442	0.00013
0.0695	0.7279	-0.205	0.02279574536029794	0.0006719517620178169	0.005239478414486977	1.08053255	56.07335663	1.01629309	0.1287391807544807	0.0160264	9e-05
0.0667	0.6752	-0.175	0.02007826771494277	0.0011065387457644049	0.005164429256651221	1.09809852	56.98492432	1.0250042	0.24685568934687577	0.0142652	3e-05
0.0279	0.7291	-0.0828	0.01964891671895216	0.0014643312424232424	0.004684463712352781	1.02648115	53.2684021	0.973707	0.24825545184739423	0.013672	3e-05
0.0478	0.7434	-0.0963	0.018554595277951717	0.0013055062804917586	0.004722860955896656	1.02323115	53.09974289	0.98611936	0.11227718232379008	0.0142938	6e-05
0.0524	0.7006	-0.0899	0.017067574755252547	0.0014538592669112763	0.004694935687864747	1.01149952	52.49094391	0.97187341	0.13696493885752983	0.0147106	5e-05
0.0228	0.7388	-0.0422	0.017104226669544427	0.0017610372152622785	0.004386012410261751	0.99347222	51.55543137	0.95925929	0.14813765701229395	0.0148802	4e-05
0.0197	0.8005	-0.0136	0.01648812544359043	0.0019041542139258136	0.00411548637620263	0.98594719	51.16492462	0.95031003	0.14488721293383258	0.0156338	8e-05
0.0547	0.7592	-0.0791	0.016135568934687577	0.0015882496193148398	0.004358087142229841	1.00956464	52.39053345	0.96842801	0.187353093477052	0.0160494	3e-05
0.0546	0.7137	-0.0959	0.016364207066698833	0.0017435839227423352	0.0047193702973926666	0.96070766	49.85514069	0.93944266	0.09966277953007882	0.0157285	4e-05
0.0383	0.7296	-0.067	0.016308356530635015	0.0018989182261698304	0.004396484385773717	0.94807792	49.19972992	0.93571705	0.08780353755551315	0.0158397	7e-05
0.0215	0.7925	-0.0072	0.015608479500585288	0.0019774580425095754	0.00400727596257898	0.99703199	51.7401619	0.95850675	0.19788126347921037	0.0168433	7e-05
0.053	0.7592	-0.0634	0.015095352700498957	0.001635373509118687	0.00428129265514209	0.99849242	51.81594849	0.96615968	0.17746140130201643	0.0168573	9e-05
0.0537	0.7033	-0.0805	0.015550883635269476	0.001762782544514273	0.0046251225177849735	0.96521908	50.08925629	0.94192443	0.12003849164044939	0.0163731	4e-05
0.0264	0.7345	-0.0286	0.01539554933184198	0.002001892652037496	0.0041835542170304075	0.97896683	50.80268478	0.95189699	0.15220063558526423	0.0168344	8e-05
0.0133	0.7956	0.018	0.014706144277304222	0.0021380283336930534	0.0038606683054114572	0.98100978	50.90870285	0.95099672	0.17822133239061327	0.0178438	5e-05
0.0463	0.7764	-0.0384	0.014269811964305637	0.0018936822384138475	0.004207988826558329	0.99299574	51.5307045	0.95880729	0.1599999464712331	0.0185266	8e-05
0.0573	0.7178	-0.075	0.014838789300455789	0.0018151424220741027	0.004590215932745087	0.97623914	50.66113281	0.95275569	0.15768721293383267	0.0173107	7e-05
0.0386	0.725	-0.0482	0.015287338918218334	0.002050761871093337	0.004354596483725852	0.97652495	50.67596436	0.95637386	0.09868942579005069	0.017284	7e-05
0.015	0.7933	0.017	0.014723597569824163	0.0022008601867648495	0.003886848244191372	0.99633145	51.70380783	0.95820164	0.21617939518000823	0.0180765	6e-05
0.0551	0.7713	-0.0542	0.014285519927573587	0.0018308503853420514	0.004185299546282402	1.01739156	52.79670715	0.97939243	0.18862693728822025	0.0186811	7e-05
0.0572	0.7233	-0.0789	0.015029030188923173	0.0018046704465621369	0.004431390970813603	0.97031826	50.35387421	0.9442279	0.12558908123303494	0.0177634	7e-05
0.0223	0.7607	-0.0085	0.01516516587057873	0.0020298179200694054	0.004019493267342941	1.01414466	52.62821198	0.97503474	0.1813590429316744	0.0181189	8e-05
0.0366	0.7976	-0.0151	0.0145892072174206	0.0018884462506578647	0.003974114706791089	1.00206161	52.0011673	0.96830882	0.09593544415607605	0.0185461	9e-05
0.0741	0.7293	-0.1856	0.02168571595602954	0.0012845623294678264	0.0054157566689384045	1.69833922	88.13392639	1.52823672	0.7334017310973148	0.0250832	0.00436
0.0643	0.7135	-0.2753	0.028145179517660556	0.0011187560505283654	0.00588525023772488	1.91947973	99.60983276	1.70720862	0.47003817046784746	0.0226313	0.00099
0.0583	0.7886	-0.1942	0.024055873080237846	0.001403244718603441	0.005253441048502931	1.32920682	68.97810364	1.19570519	0.41248021473598656	0.0165753	0.00011
0.0911	0.7278	-0.2706	0.02484999788989526	0.0009721483933608416	0.005721189288037411	1.06045866	55.03163528	1.00039327	0.25464846872172464	0.017284	0.00015
0.0647	0.7498	-0.191	0.02189341013701687	0.001452113937659282	0.005082398781807488	1.12199914	58.22522736	1.04663815	0.33176719017033784	0.015552	7e-05
0.0481	0.8146	-0.1336	0.020470966796641493	0.0017243853009703976	0.004679227724596798	1.05137455	54.56022644	0.99078682	0.24369428804485904	0.0146507	1e-05
0.0764	0.7818	-0.1857	0.019668115340724098	0.0013840460968315032	0.004729842272904633	1.00038278	51.91404724	0.96246979	0.17289026041820613	0.0150851	4e-05
0.0681	0.7333	-0.1904	0.01974490982781185	0.0015812683023068625	0.004745550236172582	1.04039454	53.99042892	0.98514817	0.07598623279155302	0.0158448	0.00014
0.0409	0.7749	-0.1305	0.019420278586940905	0.0018517943363659836	0.004368559117741807	1.06387198	55.20876694	0.99980332	0.17730741966804206	0.0146502	5e-05
0.0388	0.8236	-0.102	0.01864011641129944	0.0017523105690023068	0.004153883619746505	1.01316679	52.57746124	0.97193525	0.1340160720500221	0.0151346	6e-05
0.0675	0.7701	-0.1596	0.018303267865664535	0.001452113937659282	0.004471533543609472	1.00123417	51.95822906	0.96480922	0.1875347550420449	0.0152754	5e-05
0.0594	0.7445	-0.1455	0.018549359290195733	0.001759291886010284	0.004571017310973149	0.97167802	50.42443848	0.94951876	0.08043765701229386	0.0149337	3e-05
0.0263	0.8041	-0.0687	0.018226473378576784	0.0020106192982974674	0.004105014400690663	1.00293827	52.04666138	0.96854497	0.22151081170943088	0.0148979	3e-05
0.0516	0.8233	-0.0907	0.017388715337619504	0.0018570303241219666	0.004249876728606192	1.01410353	52.62607574	0.97589166	0.12331046715241555	0.0154196	6e-05
0.0634	0.775	-0.1357	0.017290976899507822	0.0018709929581379211	0.004523893421169302	0.98361748	51.04402542	0.95635507	0.12438588823453732	0.0153329	5e-05
0.0554	0.7723	-0.1284	0.018373081035744306	0.0020315632493213996	0.004590215932745087	0.98507196	51.11950684	0.95914389	0.08344984694978741	0.014899	3e-05
0.0419	0.8292	-0.0967	0.019038051480754145	0.002097885760897184	0.004263839362622147	0.99561834	51.66680145	0.96170545	0.1549834763354282	0.0150412	5e-05
0.0832	0.7889	-0.2033	0.020631537087824968	0.0017366026057343581	0.00476125819944053	1.0645287	55.24284744	0.99939548	0.3108093799526016	0.0159535	7e-05
0.0807	0.7589	-0.2089	0.02076069145247255	0.001706932008450454	0.005010840282475721	0.96380562	50.01590729	0.94166464	0.05852035224833388	0.0155464	5e-05
0.0618	0.8213	-0.165	0.0211446638879113	0.0014905111812031574	0.004605923896013036	0.97867149	50.78735733	0.94909788	0.17546548245743662	0.0152397	5e-05
0.0868	0.8046	-0.2153	0.020858429890584233	0.0012793263417118436	0.00486597795456019	1.00002408	51.89543152	0.96405505	0.12987364476827684	0.0156918	6e-05
0.0803	0.7599	-0.2092	0.020069541068682795	0.0016231562043547262	0.00493404579538797	1.0011251	51.95256805	0.96470277	0.11733932626860492	0.015699	8e-05
0.0542	0.7869	-0.149	0.019573867561116405	0.0017243853009703976	0.004422664324553631	1.07661855	55.87023926	1.00428557	0.16871420375082002	0.0166644	0.00022
0.0554	0.8228	-0.1309	0.018767525446695025	0.0016615534478986017	0.004157374278250492	1.08358252	56.23163223	1.01093241	0.11192320068981568	0.0166382	0.0001
0.0746	0.7642	-0.1813	0.01845162085208405	0.0015027284859671175	0.00451516677490933	1.0550611	54.75153732	0.99793952	0.1698261026600648	0.0167214	0.0001
0.0622	0.745	-0.1619	0.01873436419090713	0.0016109388995907662	0.004543092042941239	1.01770377	52.81290817	0.97598915	0.07194395102393183	0.0159743	3e-05
0.0323	0.8094	-0.0926	0.018673277667087332	0.0018709929581379211	0.004091051766674708	1.00260866	52.02955627	0.96551406	0.20225904293167424	0.0154107	6e-05
0.0567	0.8248	-0.1159	0.017873916869673927	0.0016755160819145565	0.004194026192542374	0.98352933	51.0394516	0.96184609	0.11799060497522176	0.0156853	7e-05
0.0642	0.7767	-0.1459	0.01768891196896253	0.0016755160819145565	0.004480260189869444	0.96244645	49.94537354	0.9416825	0.10916194490192332	0.0159337	6e-05
0.0554	0.7792	-0.1177	0.017165313193364232	0.001843067690106012	0.004522148091917307	0.98108608	50.91266251	0.95420306	0.07615191429188088	0.016129	6e-05
0.0278	0.8512	-0.0496	0.016526522687134306	0.002057743188101315	0.003864158963915446	1.02203858	53.03786087	0.97287638	0.24327275661135447	0.0166265	4e-05
0.0534	0.8562	-0.0786	0.015830136315588567	0.0017837264955382047	0.004019493267342941	0.9825421	50.98822021	0.95644091	0.11588686837681722	0.0169586	6e-05
0.0631	0.8046	-0.1175	0.016037830496575894	0.0018901915799098587	0.004317944569433971	0.97711933	50.70681	0.95142415	0.13083052837250053	0.0166204	5e-05
0.0502	0.8058	-0.0896	0.016166984861223473	0.002090904443889207	0.004267330021126135	0.96770734	50.21838379	0.94707295	0.061024088846738114	0.0168457	7e-05
0.025	0.8674	-0.0325	0.015716689914208937	0.002239257430308725	0.003673918075448063	0.98395789	51.06169128	0.95054314	0.20350299395560636	0.0176912	0.0001
0.0522	0.8753	-0.0663	0.015100588688254939	0.0019093902016817967	0.003785619147575701	1.00896847	52.35959625	0.97114877	0.1217834763354282	0.0184421	0.0001
0.063	0.8234	-0.1129	0.015348425442038134	0.0019757127132575807	0.004319689898685966	0.98816741	51.28013992	0.95743325	0.15171150082346216	0.0189323	9e-05
0.0574	0.7926	-0.1097	0.015521213037985574	0.002118829711921116	0.004412192349041665	0.9692117	50.29645157	0.94446277	0.060020352248333755	0.0190474	0.00012
0.0315	0.8472	-0.0575	0.015191345809358643	0.0023439771854283846	0.003876376268679406	0.97963387	50.83729935	0.94979496	0.18724153912482291	0.0194821	0.00015
0.0352	0.8916	-0.0396	0.014629349790216468	0.0022322761133007477	0.003652974124424132	0.98233396	50.97742081	0.95417791	0.11085496177625428	0.0199111	0.00016
0.0598	0.8615	-0.0922	0.014252358671785694	0.0020751964806212577	0.003841469683639519	0.98207849	50.96416092	0.95383376	0.14342831551628243	0.0205145	0.00019
0.0619	0.8008	-0.1073	0.014837043971203796	0.0022113321622768156	0.0042167154728183	0.97298723	50.49237823	0.94771609	0.13270333851262212	0.0200266	0.00021
0.0487	0.8028	-0.0933	0.014997614262387273	0.002356194490192345	0.004113741046950634	0.96677452	50.16997528	0.94070487	0.049620352248333645	0.0196392	0.00022
0.0271	0.8726	-0.0353	0.014458307523521027	0.002516764781375823	0.0035499996985564664	0.9751187	50.6029892	0.94519019	0.21258091892219463	0.0195695	0.00015
0.0277	0.9288	-0.0239	0.013700834628155488	0.002518510110627818	0.0032829643230013338	0.98316669	51.0206337	0.94769456	0.11951268000863324	0.0197185	0.0001
0.0582	0.8978	-0.0786	0.013236577047124996	0.00217293491873294	0.0037297686115118824	0.9884553	51.29508209	0.95343599	0.17903185307179587	0.0203357	0.00015
0.0562	0.8343	-0.096	0.013802063724771156	0.0023160519173964756	0.004146902302738527	0.97649914	50.6746254	0.94748879	0.139186868376817	0.0189469	0.0001
0.0446	0.8332	-0.0696	0.014011503235010476	0.00243473430653209	0.004075343803406759	0.96059042	49.84905624	0.9421208	0.05908401993533513	0.0188156	0.0001
0.0161	0.8993	-0.0016	0.013557717629491954	0.002645919146023404	0.0033248522250491977	0.98661369	51.19951248	0.95357828	0.23337310116836976	0.0196338	9e-05
0.0324	0.9255	-0.0137	0.012786282100110458	0.002366666465704311	0.0032637657012293962	0.99601066	51.68716049	0.95997317	0.11018873667601951	0.0208095	0.00016
0.0512	0.879	-0.056	0.012318533860575978	0.0021642082724729686	0.0035447637108004834	0.96646261	50.15378952	0.94109288	0.15516022211684546	0.0216674	0.00015
