trans_x	trans_y	trans_z	rot_x	rot_y	rot_z	dvars_std	dvars_nstd	dvars_vstd	framewise_displacement	aqi	aor
0.0	-0.0	0.0	-0.0	0.0	-0.0	n/a	n/a	n/a	n/a	0.0387143	0.0243
0.0263	0.0377	-0.0196	-7.155849933176751e-05	-0.00017976891295541595	7.853981633974481e-05	1.14868677	65.38587952	1.1039271	0.10009336143134642	0.036754	0.01321
0.0351	0.0974	-0.0377	0.0002652900463031381	-0.00029845130209103034	0.00038571776469074686	1.11711395	63.58868408	1.0616904	0.12473544415607613	0.03552	0.00797
0.0189	0.1357	-0.0297	0.0004939281783143952	-0.0002565634000431664	0.00032812189937493397	1.11379397	63.39970398	1.06354637	0.07890609496874668	0.0361767	0.00615
-0.024	0.0732	0.0362	-0.000158824961931484	-0.00022863813201125715	-0.00034906585039886593	1.12685645	64.14324951	1.07604112	0.23919330790257945	0.0370682	0.00557
-0.0316	0.0373	0.0625	-0.0007906341511534313	-9.599310885968811e-05	-0.0006998770300497262	1.0866245	61.85315323	1.05872935	0.12556326960121883	0.0380037	0.00569
0.0059	0.1151	0.0227	-0.000460766922526503	-0.0002583087292951608	-0.00010471975511965978	1.10729647	63.02985001	1.05344208	0.20946700619962336	0.0374293	0.00564
0.0098	0.1804	0.0112	5.235987755982988e-06	-0.0001186823891356144	0.0002670353755551324	1.06323755	60.52191925	1.03460826	0.12956921905584123	0.0365032	0.00485
0.0012	0.1884	0.0302	9.948376736367679e-05	-0.000153588974175501	0.00015184364492350666	1.04798269	59.6535759	1.02931927	0.04781730476396032	0.0360354	0.00457
-0.033	0.119	0.089	-0.000593411945678072	-2.268928027592628e-05	-0.0005515240436302081	1.06095874	60.39220428	1.03935811	0.23875815477475196	0.0365566	0.00483
0.0026	0.1195	0.0572	-0.0007068583470577034	-0.00031415926535897925	-0.0003473205211468716	1.06744862	60.76161957	1.04041811	0.09835599544730105	0.0363197	0.00513
0.0122	0.1833	0.0233	-0.0002181661564992912	-0.0003054326190990077	-6.806784082777885e-05	1.03145134	58.71257019	1.01739827	0.1461335758568738	0.0361146	0.00489
-0.0013	0.1948	0.0167	0.0002844886680750757	-0.0003089232776029963	-0.0001972222054753592	1.10760736	63.04754639	1.05777837	0.06336499238629681	0.0365531	0.00482
0.0051	0.1341	-0.0164	0.0010140362954087054	-0.00043458698374658803	-0.00034906585039886593	1.34547806	76.58769226	1.23849103	0.15055274892003642	0.0403137	0.00794
0.1771	0.2614	-0.4309	0.005471607205002223	-0.001965240737745615	7.504915783575618e-05	1.70992923	97.33309174	1.52290874	1.0344169835913584	0.0406272	0.01171
0.2085	0.3468	-0.6566	0.012042771838760872	-0.00485376064979623	-0.00034033920413889426	1.61017573	91.65489197	1.38393605	0.8362536453891956	0.0370447	0.00844
0.129	0.3508	-0.5544	0.010283479952750588	-0.004756022211684548	-0.0009965830028887623	1.47260141	83.82384491	1.27576563	0.31136370614359166	0.0337436	0.00593
0.0832	0.2083	-0.3853	0.007791149780902688	-0.004436626958569585	-0.0006475171524898963	1.24274671	70.73999023	1.1353324	0.5154395637680865	0.0290892	0.00392
0.1305	0.249	-0.4753	0.009712757287348444	-0.004488986836129415	-2.4434609527920616e-05	1.07881379	61.40855026	1.02258072	0.30785249634837814	0.0285539	0.00323
0.1089	0.2694	-0.4233	0.008628907821859965	-0.003998549316319009	-0.0001605702911834783	1.04325104	59.3842392	0.99480326	0.1795211333477221	0.0282502	0.00364
0.0476	0.1706	-0.3106	0.006682865705886288	-0.003558726344816438	-0.0011746065865921838	1.11495745	63.46593094	1.04527834	0.44279506914424765	0.0274147	0.00294
0.0887	0.1898	-0.3547	0.006766641509982015	-0.0034086280291449255	-0.0006754424205218055	1.0643326	60.58424759	1.02240746	0.1410519142918809	0.0282367	0.00333
0.0963	0.237	-0.3774	0.007154104603924756	-0.0033929200658769764	-0.0003577924966588376	0.99910641	56.87142563	0.97505563	0.11354104905368288	0.0278832	0.00354
0.0784	0.2137	-0.3431	0.00696211838620538	-0.0033929200658769764	-0.0004921828490624009	1.00557113	57.23941422	0.97835288	0.09181882850614696	0.0277459	0.00304
0.0579	0.1552	-0.2895	0.005672320068981571	-0.00314857397059777	-0.000921533845053006	1.06852186	60.82271194	1.01492582	0.23077477042468103	0.0276353	0.00293
0.0973	0.2029	-0.3488	0.0064001223670632065	-0.003235840433197487	-0.00021467549799530252	1.08559895	61.79478073	1.01200489	0.22249635538695275	0.0280671	0.00336
0.1764	0.1661	-0.5966	0.01668709297831778	-0.004317944569433971	0.0017226399717184032	1.88078785	107.05875397	1.51735111	1.0290195108602382	0.028832	0.00615
0.2151	0.0544	-0.7425	0.025230479666830025	-0.005239478414486977	0.0027366762671271086	1.68139863	95.70906067	1.37380952	0.8202478414486978	0.0252414	0.00234
0.2841	0.0914	-0.8544	0.027829274923049586	-0.004909611185860049	0.0042324234360862495	1.09081614	62.0917511	1.01597007	0.43912048269028153	0.0284257	0.00388
0.2695	0.0764	-0.8881	0.030827750577975842	-0.005464625887994246	0.0038013271108436495	1.15648484	65.82976532	1.0652396	0.2625293341151526	0.0291861	0.00394
0.2227	0.0127	-0.8069	0.028754299426606577	-0.004991641660703782	0.0029024825460665696	0.99347574	56.55091476	0.96304368	0.36396399717184047	0.0270215	0.00243
0.231	0.0549	-0.7654	0.025743606466916362	-0.005300564938306779	0.0029321531433504737	1.1296351	64.30141449	1.03703405	0.25946434172885574	0.0258369	0.00267
0.2027	-0.1215	-0.7721	0.03130946145152628	-0.006782349473249965	0.002436479635784084	1.43447936	81.65385437	1.2238763	0.5885656513559747	0.0296276	0.00363
0.3321	-0.0038	-1.0093	0.03385415150093401	-0.00874759021099558	0.0033894294073729884	1.3900944	79.12735748	1.25668783	0.7574440279371125	0.0370901	0.00975
0.3471	0.0524	-1.0049	0.034498177994919915	-0.008213519459885315	0.004864232625308196	1.19241047	67.87473297	1.11998549	0.2082450231515692	0.0357901	0.0074
0.3075	0.0631	-0.9244	0.03223099529657928	-0.007173303225696694	0.003897320219703338	1.04012311	59.2061882	0.98561586	0.34451556690670565	0.0339474	0.00628
0.3114	0.054	-0.9073	0.03055373388541273	-0.006660176425610361	0.003862413634663451	0.95075673	54.11925125	0.92945356	0.14136473981463862	0.0327062	0.00538
0.3397	0.0811	-0.9992	0.03251373863540236	-0.007546803685623481	0.0031328660073298214	1.19869316	68.23236084	1.12764032	0.32610898186681925	0.0369899	0.00921
0.3422	0.1338	-1.0223	0.03325724889675195	-0.0077824231346427155	0.0029146998508305304	1.35821462	77.31269073	1.2382629	0.13816479334340545	0.0382245	0.01016
0.0836	-0.0262	-0.4391	0.02657961917862164	-0.009599310885968814	0.002097885760897184	1.84482813	105.01184082	1.59706346	1.467366577969487	0.0338432	0.00679
-0.1133	-0.2752	-0.0975	0.033557445528094976	-0.010943214410004447	0.0011850785621041497	1.84906471	105.25299835	1.51717652	1.2492268536151	0.0379324	0.00743
-0.0058	-0.2245	-0.2986	0.0386293723343905	-0.010266026660230645	0.0031503192998497648	1.66282034	94.65154266	1.41392374	0.7450177646907469	0.0404001	0.00906
0.1556	-0.0394	-0.5871	0.03515093113516579	-0.00951728041112508	0.004328416544945937	1.54563415	87.98103333	1.29882315	0.9052642346713219	0.0332935	0.00458
0.1133	-0.0785	-0.5498	0.03302337477698471	-0.008703956979695721	0.0031747539093776853	1.08052945	61.50621033	1.0222908	0.3234271212589348	0.0301932	0.00266
0.1342	-0.046	-0.5558	0.03185400417814851	-0.008520697408236317	0.003707079331235956	1.0051558	57.21577072	0.95806054	0.15364777960769369	0.0292606	0.00238
0.1146	-0.0119	-0.4999	0.029085911984485503	-0.007515387759087582	0.003420845333908886	1.09944093	62.58269501	1.02372141	0.3125817920069405	0.02824	0.00218
0.1116	-0.0529	-0.4215	0.027312657464459263	-0.008232718081657252	0.0033405601883171464	1.14377666	65.10638428	1.06987503	0.2509434994093825	0.0277618	0.00159
0.1292	-0.0723	-0.3741	0.02648013541125797	-0.008047713180945854	0.003907792195215304	1.03030229	58.64716339	0.98693388	0.16363794804054246	0.0253229	0.00082
0.1721	-0.0212	-0.4025	0.02515368517974228	-0.0074787358447957015	0.0051452306348792835	1.0063554	57.2840538	0.9575755	0.2790433003664912	0.0236464	0.00055
0.1312	-0.089	-0.3634	0.025059437400134582	-0.006606071218798537	0.004771730174952496	1.04700685	59.59802628	0.99510626	0.2148206432765824	0.0239125	0.0006
0.1661	-0.0916	-0.3695	0.02596177262341565	-0.007267551005304389	0.005527457741066041	1.02845621	58.54208374	0.98133102	0.15957712879502323	0.0237345	0.00051
0.1521	-0.0579	-0.3095	0.02370331657133499	-0.007213445798492564	0.0052778756580308525	1.08897865	61.98715973	1.00777167	0.23580716709638372	0.0218934	0.0004
0.1287	-0.1053	-0.2614	0.022142992220052057	-0.007956956059842148	0.0046198865300289904	1.04007149	59.2032547	0.97327274	0.26699118703171887	0.0202663	0.00023
0.1595	-0.0813	-0.2978	0.021746802479849343	-0.007447319918259804	0.005417501998190398	0.9303627	52.95837784	0.91416214	0.17637206749732323	0.0199591	0.00023
0.1474	-0.0537	-0.2775	0.020963149645703893	-0.007337364175384161	0.005279620987282846	0.90549105	51.54262543	0.89926761	0.11157447939643224	0.0198014	0.00025
0.1051	-0.1104	-0.1915	0.01969254995025202	-0.007473499857039719	0.004483750848373432	0.94545102	53.81723785	0.92278567	0.2951302758008424	0.0180832	0.00011
0.1122	-0.0866	-0.2117	0.018582520545983625	-0.007234389749516495	0.004324925886441949	0.97167695	55.31007767	0.93093152	0.12649822368615515	0.017552	0.0001
0.1156	-0.0487	-0.2184	0.01863662575279545	-0.006934193118173471	0.0045867252742410975	0.92560852	52.68775558	0.90692857	0.07880506129769997	0.0176504	0.00011
0.0847	-0.1152	-0.1745	0.0182212373908208	-0.0068975412038815905	0.0040613811693908045	0.92898864	52.88016129	0.91231088	0.1901692190558412	0.0168597	0.0001
0.1049	-0.1127	-0.2011	0.01780235837034216	-0.007024950239277177	0.003916518841475275	0.95459753	54.33787918	0.92821236	0.08385751918948783	0.0167812	0.00011
0.1132	-0.0716	-0.2334	0.018418459596296156	-0.006855653301833726	0.004394739056521722	0.9412986	53.58087158	0.91677341	0.1448809189221947	0.0178036	0.00012
0.0782	-0.12	-0.1794	0.017964673990777634	-0.0067980574365179135	0.003996803987067014	0.94711763	53.91210556	0.92474763	0.1828658270144521	0.0170384	0.00012
0.0953	-0.1355	-0.1652	0.016779595428673483	-0.00672824426643814	0.003921754829231259	0.96951747	55.18715668	0.93374703	0.11329704450098396	0.0162965	7e-05
0.1013	-0.0727	-0.182	0.016388641676226754	-0.006304129258203518	0.004103269071438669	0.9635008	54.84467316	0.93164603	0.13542915014443807	0.0169265	9e-05
0.0717	-0.0916	-0.1256	0.015482815794441697	-0.006126105674500097	0.0034749505407207105	0.94763076	53.9413147	0.92807934	0.19050839981032183	0.0160806	9e-05
0.0648	-0.137	-0.0952	0.014838789300455789	-0.006033603224144398	0.003010692959690218	0.95107955	54.13762665	0.93022201	0.142739326268605	0.0154063	0.0001
0.0866	-0.0822	-0.1305	0.014456562194269032	-0.005832890360165049	0.0033562681515850955	0.95213342	54.19761658	0.92673081	0.1583257581030491	0.0159779	9e-05
0.0684	-0.0832	-0.1106	0.014554300632380713	-0.00570024533701348	0.00314857397059777	0.96189427	54.75322723	0.93421429	0.061003882112528746	0.0162205	0.00011
0.0504	-0.1489	-0.046	0.013699089298903493	-0.005530948399570031	0.002694788365079245	0.97263831	55.3647995	0.94606169	0.2222146938219597	0.0154298	8e-05
0.0805	-0.1064	-0.0932	0.013295918241692803	-0.005503023131538122	0.0029862583501622975	0.97236466	55.34922409	0.93996492	0.1559283155162826	0.0160044	8e-05
0.0699	-0.0714	-0.0822	0.013030628195389665	-0.005138249317871306	0.0029565877528783943	0.94795394	53.95970917	0.9293496	0.08958672286269284	0.0165224	0.00013
0.0351	-0.1282	-0.0059	0.01236391242112783	-0.005101597403579425	0.002452187599052033	0.97840762	55.69320297	0.94947304	0.22828839211900384	0.0153488	6e-05
0.0561	-0.1388	-0.0243	0.011773991133953745	-0.0051783918906671755	0.002490584842595908	0.99047524	56.38011932	0.96320424	0.0852556508902855	0.0155918	0.0001
0.0747	-0.0743	-0.0605	0.011817624365253606	-0.004963716392671873	0.003001966313430246	0.97624075	55.56985855	0.95297773	0.15778451000647503	0.0160109	0.0001
0.0474	-0.1109	-0.0066	0.011592476891746337	-0.004972443038931845	0.0026616271092913526	0.95969796	54.62820816	0.94697047	0.14651066619530667	0.0156087	7e-05
0.0409	-0.1573	0.0141	0.01078788010657695	-0.0049183378321200205	0.002384119758224254	1.01086998	57.5410347	0.97281731	0.13041046715241547	0.0154746	3e-05
0.0673	-0.0926	-0.0441	0.010988592970556299	-0.004883431247080134	0.002895501229058593	1.01279283	57.65048981	0.97305388	0.18665004599267873	0.0161423	7e-05
0.0513	-0.1006	-0.0159	0.010948450397760427	-0.004838052686528281	0.002649409804527392	0.96091449	54.69745255	0.94803522	0.06878062789394626	0.0162803	9e-05
0.0326	-0.1628	0.0317	0.010431832939170107	-0.004714134309636684	0.0022043508452688383	0.9698621	55.20677185	0.94891418	0.18277973973702355	0.0158808	7e-05
0.0675	-0.1181	-0.0195	0.010274753306490617	-0.004686209041604775	0.0025569073541716926	0.98987746	56.34609222	0.9588467	0.15767807048071264	0.016647	6e-05
0.0558	-0.0929	-0.0022	0.009962339370383632	-0.004209734155810323	0.0024399702942880727	0.98528814	56.08485794	0.96103526	0.09949129408925286	0.0172224	6e-05
0.0116	-0.1538	0.0754	0.009225810426042026	-0.004197516851046362	0.0017121679962064373	1.03805387	59.08840561	0.99461556	0.25652742735936007	0.0169224	6e-05
0.0321	-0.1547	0.0713	0.008222246106145286	-0.004043927876870862	0.0017715091907742446	1.02502692	58.34687805	0.98755536	0.08632472443200238	0.0175943	0.00011
0.0179	-0.0954	0.0592	0.008121017009529614	-0.003771656513559746	0.001562069680534925	1.00553441	57.23731995	0.97800861	0.11474699850830535	0.0181566	0.0001
-0.0389	-0.097	0.0949	0.0085259333959923	-0.004251622057858187	0.001562069680534925	1.03806841	59.08922958	1.00141655	0.1383440965380563	0.0178595	0.00011
-0.0758	-0.1808	0.1813	0.007853981633974483	-0.004382521751757761	0.001579522973054868	1.03819156	59.09624481	0.99857387	0.24811523742186664	0.017104	9e-05
-0.0343	-0.1652	0.1306	0.007906341511534314	-0.004316199240181977	0.0019861846887695473	1.04357624	59.40275192	0.99809589	0.13406720524251467	0.0171104	4e-05
-0.0234	-0.1089	0.1095	0.008121017009529614	-0.004084070449666731	0.0026040312439755396	1.00377905	57.1374054	0.97664924	0.14153254218582695	0.0174924	8e-05
-0.0499	-0.128	0.1533	0.007794640439406676	-0.00411199571769864	0.0022113321622768156	0.9985866	56.84183502	0.96990591	0.12675004599267856	0.0180358	9e-05
-0.0737	-0.1921	0.2026	0.0076393061359791795	-0.004338888520457902	0.001647590813882647	1.05044472	59.79372025	1.00094212	0.18449842272904635	0.0179597	0.0001
-0.0367	-0.146	0.1509	0.007311184236604247	-0.004358087142229841	0.0020210912738094335	1.02628219	58.41833115	0.98576414	0.17084104905368291	0.0182198	9e-05
-0.0454	-0.1205	0.163	0.0074996797958196346	-0.0040229839258469294	0.0021135937241651332	1.00343502	57.11781693	0.96910236	0.07710506129769995	0.0184543	0.00012
-0.0849	-0.1807	0.2307	0.007134905982152819	-0.0037384952577718534	0.0013159782560037243	1.07018149	60.91717911	1.01058753	0.23974389749516503	0.0189223	0.00016
-0.0466	-0.1818	0.2034	0.006462954220135002	-0.00401076662108297	0.0015166911199830724	1.0605613	60.36957932	1.0135998	0.12394679946541404	0.0189312	0.00011
-0.0394	-0.1307	0.1737	0.0067491882174620715	-0.003686135380212024	0.0019303341527057286	1.02194691	58.17155838	0.98922685	0.13922541354603357	0.0190086	0.00011
-0.071	-0.1602	0.2297	0.006656685767106373	-0.0036302848441482054	0.0014922565104551516	1.0136354	57.69844818	0.98827684	0.14642153143350467	0.0193297	0.00013
-0.0685	-0.1985	0.2556	0.005937610115284709	-0.003639011490408177	0.001324704902263696	1.01902509	58.00524139	0.98763209	0.11146769531365457	0.0195203	0.00012
-0.0323	-0.1543	0.1957	0.006181956210563915	-0.003635520831904189	0.0019355701404617114	1.01889253	57.99769974	0.9787103	0.18323509959906048	0.019441	0.0001
-0.0483	-0.1474	0.2058	0.006342526501747393	-0.0034452799434368064	0.0018168877513260971	1.01493537	57.77244568	0.97858109	0.05647467843932373	0.0194458	0.00014
-0.082	-0.2146	0.2704	0.006108652381980153	-0.0032864549815053226	0.0013124875974997359	1.01120782	57.56026459	0.97526667	0.21035496177625423	0.0196413	0.00013
-0.0467	-0.2162	0.2375	0.005677556056737554	-0.0036128315516282617	0.0014416419621473165	1.01981902	58.05043411	0.9829951	0.11413136300065592	0.0195643	8e-05
-0.0309	-0.1669	0.1784	0.006496115475922893	-0.003530801076784529	0.001912880860185785	1.023664	58.26930237	0.98986126	0.19279143960337705	0.01906	9e-05
-0.0665	-0.1855	0.2115	0.006838200009313782	-0.0036512287951721376	0.0012042771838760874	1.01751542	57.91931152	0.9775226	0.14585579640440977	0.0187781	5e-05
-0.0683	-0.2188	0.243	0.005991715322096533	-0.003712315318991939	0.0010995574287564276	1.02836657	58.53697968	0.98828084	0.1172145483078355	0.0194637	0.00011
-0.0371	-0.166	0.1888	0.00607898178469625	-0.0037053340019839614	0.0016196655458507376	1.01056504	57.52367401	0.98412153	0.16891779483510017	0.0193853	8e-05
-0.062	-0.1706	0.216	0.0061453042962720346	-0.003597123588360313	0.0013543754995475996	1.02636254	58.42290878	0.99126651	0.07869114857512854	0.0195665	0.00011
-0.0768	-0.2257	0.2614	0.005832890360165049	-0.003480186528476693	0.0010576695267085637	1.02308941	58.23659515	0.98646432	0.15160284844148209	0.0195787	0.0001
-0.039	-0.1787	0.1956	0.005845107664929009	-0.003626794185644217	0.0015341444125030156	1.02308106	58.23611832	0.98862499	0.18236499238629683	0.0196213	0.0001
-0.0557	-0.1778	0.2147	0.0060911990894602095	-0.003556981015564444	0.0014800392056911916	1.00706387	57.32438278	0.98487936	0.055200490071139856	0.019557	0.00011
-0.0683	-0.2344	0.2602	0.005537929716578008	-0.0034993851502486306	0.0011623892818282235	1.01283944	57.65314102	0.98550759	0.16112575810304913	0.0198191	9e-05
-0.0334	-0.1794	0.1974	0.005721189288037411	-0.0035377823937925057	0.001689478715930511	1.01464188	57.75574112	0.9816196	0.1901373124552783	0.0195813	0.00011
-0.0495	-0.1826	0.196	0.006572909963010645	-0.0035499996985564664	0.001520181778487061	1.01000845	57.49199295	0.98142456	0.07236174585903221	0.0189682	0.00011
-0.0599	-0.2324	0.2287	0.006243042734383717	-0.003623303527140228	0.0012688543661998775	1.03381085	58.84688187	0.99400016	0.12562492347489362	0.0188837	0.0001
-0.0284	-0.1834	0.1851	0.00596204472481263	-0.0036843900509600297	0.0016667894356545846	1.02769983	58.49903107	0.985125	0.1611009801422798	0.0192008	0.00011
-0.041	-0.1685	0.1918	0.006162757588791978	-0.003447025272688801	0.0017034413499464657	1.02317977	58.24173355	0.99250886	0.057936477827122926	0.0193968	0.00011
-0.0693	-0.2443	0.2593	0.005792747787369179	-0.0032445670794574587	0.001322959573011702	1.03827226	59.10083389	0.99849873	0.2192474885794452	0.0193641	0.00011
-0.0294	-0.2267	0.2092	0.005492551156026155	-0.0035203291012725624	0.0017034413499464657	1.02240229	58.19747925	0.98968482	0.15542202150464454	0.0195359	9e-05
-0.0329	-0.1786	0.1884	0.005934119456780722	-0.003371976114853045	0.0018727382873899156	1.01168644	57.58750916	0.98180536	0.11036091123087668	0.0193437	0.00012
-0.0696	-0.224	0.2504	0.0057752944948492365	-0.0033021629447732717	0.0012322024519079964	1.01559293	57.8098793	0.98661083	0.18755869837465888	0.0195594	8e-05
-0.0579	-0.2525	0.2596	0.005215043804959057	-0.0034330626386728466	0.0012060225131280816	1.03227949	58.75971603	0.99044604	0.08526651612848345	0.0199289	0.00011
-0.029	-0.1906	0.2003	0.005619960191421741	-0.0034993851502486306	0.0018291050560900572	1.01244783	57.63085175	0.9822621	0.20481607205002217	0.019543	0.00015
-0.0513	-0.1939	0.223	0.0058800142499688965	-0.0033964107243809652	0.0015707963267948967	0.99506521	56.64139175	0.9799942	0.07936686068549907	0.0196655	0.00011
-0.0701	-0.2605	0.2732	0.0053825954131505125	-0.003342305517569141	0.0011885692206081383	1.03356016	58.83261108	0.99400454	0.18228755749084832	0.0198315	0.00011
-0.0273	-0.2351	0.1942	0.005860815628196958	-0.003522074430524557	0.0017941984710501708	1.05411267	60.00250626	1.00596968	0.21038091892219468	0.0189722	9e-05
0.0007	-0.2394	0.1052	0.009922196797587763	-0.003750712562535814	0.002509783464367846	1.22413707	69.68068695	1.09267526	0.3715802147359869	0.0157049	7e-05
-0.0013	-0.3259	0.0566	0.013142329267517301	-0.004110250388446646	0.0023073252711365037	1.14305961	65.06557465	1.02900496	0.32620642445358566	0.0135472	3e-05
0.0333	-0.2842	-0.0244	0.012683307674242791	-0.0040561451816348215	0.0026441738167714093	1.01508522	57.78097916	0.97165692	0.199798767286062	0.0141586	5e-05
0.015	-0.2477	0.0189	0.011203268468551603	-0.003792600464583678	0.00233001455141243	0.9832958	55.97145081	0.95450443	0.2009871594050656	0.0148158	4e-05
-0.0373	-0.2762	0.1186	0.009834930334988046	-0.003490658503988659	0.0014800392056911916	1.0333277	58.81938171	0.99216806	0.3065127719939907	0.015646	7e-05
-0.0436	-0.3302	0.1559	0.008934340440958973	-0.003384193419617005	0.0013212142437597075	1.02475715	58.3315239	0.98480976	0.15589399701661058	0.0159478	1e-05
-0.013	-0.2637	0.1026	0.008946557745722932	-0.003373721444105039	0.0020699604928652747	1.00619328	57.27482605	0.97595694	0.18897177646907465	0.016086	8e-05
-0.0274	-0.2493	0.1319	0.008773770149775494	-0.0032829643230013338	0.0020245819323134223	0.98961544	56.33117676	0.96275799	0.07354616388014974	0.0164211	5e-05
-0.0525	-0.3207	0.1973	0.00817512221634144	-0.0030455995447301047	0.001499237827463129	0.99965799	56.9028244	0.97017873	0.22996784082777885	0.0163824	3e-05
-0.0114	-0.2842	0.136	0.008086110424489729	-0.0031311206780778272	0.0020472712125893483	1.02259684	58.20855713	0.98417707	0.1750283155162826	0.0164482	6e-05
-0.0183	-0.2742	0.1131	0.009285151620609835	-0.003157300616857742	0.002176425577236929	1.02213299	58.18215179	0.97962353	0.10751877497738008	0.0161299	6e-05
-0.0321	-0.3462	0.1114	0.011061896799140061	-0.0034400439556808234	0.001843067690106012	1.06354189	60.53923798	0.99640336	0.20714232022421128	0.0151272	5e-05
0.001	-0.3116	0.0908	0.009480628496833197	-0.003375466773357033	0.0022165681500327986	1.05368829	59.97834778	0.99341279	0.189267297227872	0.0154555	3e-05
-0.0106	-0.2676	0.0987	0.009443976582541317	-0.003085742117525975	0.002253220064324679	0.98244566	55.92305756	0.9607032	0.08165142422074093	0.0159126	7e-05
-0.0516	-0.3325	0.1693	0.008868017929383189	-0.0029618237406343773	0.001420698011123384	0.99624544	56.70857239	0.97075962	0.25311995416255106	0.0159773	4e-05
-0.0153	-0.3478	0.1305	0.008791223442295439	-0.003082251459021986	0.0018552849948699724	1.01112795	57.55572128	0.97624876	0.12199045946109736	0.0156608	3e-05
-0.012	-0.301	0.0999	0.009279915632853849	-0.0029234264970905022	0.0020769418098732523	0.98234046	55.91706848	0.95729186	0.12415869837465868	0.0155188	6e-05
-0.0504	-0.3641	0.1701	0.008782496796035466	-0.0027838001569309555	0.0014974924982111347	1.0025506	57.06747437	0.97460324	0.23252472443200237	0.0159139	8e-05
-0.0175	-0.3562	0.1462	0.008204792813625343	-0.0030874874467779687	0.0017732545200262388	0.99864441	56.84512711	0.97080272	0.12255766470361196	0.0161235	4e-05
-0.0143	-0.3008	0.1144	0.008878489904895155	-0.0029199358385865134	0.002234021442552742	0.99943453	56.89010239	0.96392832	0.15550078109938853	0.0160706	7e-05
-0.0294	-0.3035	0.1332	0.008742354223239596	-0.002855358656262723	0.0020594885173533086	0.98137128	55.86190033	0.95856986	0.05536228945893914	0.0164419	3e-05
-0.0669	-0.3797	0.2058	0.007756243195862801	-0.0026267205242514655	0.0012845623294678264	0.99645638	56.72058105	0.97074882	0.2857837673636767	0.0167078	3e-05
-0.0391	-0.3902	0.1822	0.007403686686959946	-0.0027872908154349444	0.001377064779823526	0.99982172	56.91214371	0.9733577	0.0921814625221017	0.016664	6e-05
-0.0189	-0.3269	0.1307	0.008061675814961809	-0.0027454029133870805	0.0020210912738094335	0.9925999	56.50106049	0.96776894	0.20219517620178168	0.0164083	7e-05
-0.0338	-0.3062	0.1425	0.00826762466669714	-0.0027523842303950577	0.0020210912738094335	0.98489457	56.06245422	0.95535294	0.05804650843716538	0.0163366	6e-05
-0.0711	-0.371	0.213	0.007679448708775049	-0.002562143341927676	0.0012618730491919003	0.99516815	56.64725113	0.96552839	0.24948175355035024	0.0166678	6e-05
-0.0262	-0.3507	0.1443	0.00800582527889799	-0.002879793265790644	0.0018727382873899156	1.02880228	58.56178284	0.98451368	0.1966445866091961	0.0162159	2e-05
-0.0255	-0.3274	0.1209	0.00890117918517108	-0.0029408797896104456	0.001996656664281513	0.99156302	56.44203949	0.96294727	0.1014179403492245	0.0159095	7e-05
-0.0553	-0.3903	0.1689	0.008684758357923783	-0.0028885199120506156	0.001296779634231787	0.98797059	56.23754883	0.95728909	0.18913288674284257	0.0158541	5e-05
-0.0071	-0.3713	0.0734	0.010229374745938765	-0.00325329372571743	0.0022165681500327986	1.05564237	60.08958435	1.00236424	0.30415893587414033	0.0152067	5e-05
-0.0182	-0.3591	0.0129	0.013103932023973426	-0.003975860036043083	0.001439896632895322	1.07825148	61.37654114	1.01711141	0.3024897552748895	0.0146748	2e-05
-0.0227	-0.4095	0.0067	0.013606586848547793	-0.004729842272904633	0.000947713783832921	1.01694739	57.88697815	0.97485001	0.14854099552491587	0.014586	3e-05
0.0154	-0.3713	-0.0415	0.013192943815825137	-0.004117231705454623	0.0022043508452688383	1.06627727	60.69494247	1.01472058	0.23864453308042907	0.0145739	7e-05
-0.0155	-0.3939	0.0338	0.012986994964089806	-0.004452334921837535	0.001801179788058148	1.02983654	58.62065506	0.99095492	0.1760111562664466	0.014126	8e-05
-0.0274	-0.4609	0.0801	0.011997393278209022	-0.004424409653805625	0.0013194689145077131	0.97750169	55.64163589	0.95028646	0.20016189137315643	0.0140089	6e-05
0.0029	-0.4085	0.029	0.012199851471440362	-0.004422664324553631	0.0019530234329816546	0.95680249	54.46339035	0.937043	0.17568790204786375	0.0139166	2e-05
-0.0115	-0.4008	0.0437	0.01233947781159991	-0.0042655846918741415	0.001970476725501598	0.98829889	56.25623703	0.95654057	0.05250796326794907	0.0143832	3e-05
-0.0466	-0.4694	0.1137	0.011620402159778245	-0.004029965242854907	0.0013055062804917586	1.02010083	58.06647873	0.97284661	0.254683277292537	0.0144597	6e-05
-0.0058	-0.4518	0.073	0.0112346843950875	-0.004270820679630125	0.001912880860185785	0.9785918	55.70368576	0.95046207	0.16079738905799948	0.0140879	4e-05
-0.0049	-0.3965	0.062	0.011554079648202462	-0.003960152072775134	0.002309070600388498	0.95450628	54.33268356	0.93618311	0.11851268000863328	0.0139221	2e-05
-0.0413	-0.4245	0.128	0.010880382556932649	-0.0035796702958403696	0.001637118838370681	0.97992116	55.77935791	0.95359051	0.21670653151111968	0.0144305	5e-05
-0.0464	-0.4793	0.165	0.010201449477906856	-0.003450515931192789	0.0014224433403753785	0.98885357	56.28781128	0.95365855	0.1480381470834338	0.014517	3e-05
-0.0086	-0.4235	0.1036	0.009616764178488757	-0.0032114058236695662	0.0022724186860966175	1.01224911	57.61953735	0.96449011	0.23868853763312808	0.0146819	5e-05
-0.0083	-0.3739	0.0966	0.00956614963018092	-0.003080506129769991	0.0026441738167714093	0.95662034	54.453022	0.93866751	0.08456346864411012	0.0150445	7e-05
-0.038	-0.412	0.1467	0.009155997255962252	-0.0029792770331543207	0.0021013764194011725	0.97219318	55.33946228	0.9532778	0.17060894341022875	0.015183	7e-05
-0.0298	-0.4522	0.1594	0.008754571528003558	-0.002960078411382383	0.002090904443889207	1.00464296	57.18657684	0.97251752	0.08265481626212985	0.0154445	3e-05
-0.005	-0.4009	0.0909	0.009471901850573226	-0.0029321531433504737	0.0026284658535034606	1.00452185	57.1796875	0.96740571	0.20874085001079157	0.01517	4e-05
-0.014	-0.3993	0.1078	0.009555677654668955	-0.0029653143991383657	0.0025446900494077327	0.9565289	54.44781494	0.94111067	0.03753564319896743	0.0154964	6e-05
-0.0442	-0.4518	0.1725	0.008946557745722932	-0.002663372438543347	0.0019285888234537342	0.98311681	55.96126175	0.95852872	0.223758154774752	0.015689	4e-05
-0.002	-0.4353	0.1142	0.009122836000174361	-0.0027523842303950577	0.0024260076602721182	1.00451565	57.17933273	0.96866928	0.1551354441560761	0.0153397	3e-05
0.002	-0.3841	0.0813	0.010060077808495316	-0.0027104963283471934	0.002712241657599188	0.99146789	56.43662262	0.95933317	0.15136818538479452	0.0147789	5e-05
-0.0258	-0.428	0.1425	0.009414305985257413	-0.0026145032194875057	0.0020804324683772408	0.99949831	56.89373398	0.97013365	0.20157870606597683	0.0152289	4e-05
-0.0223	-0.4496	0.1501	0.00881216739331937	-0.0027192229746071652	0.0018884462506578647	1.01424563	57.73318481	0.97255673	0.07764222823885401	0.0157535	5e-05
0.0031	-0.3912	0.1012	0.009103637378402422	-0.0028309240467348025	0.0024853488548399255	0.99546969	56.66441345	0.96468243	0.1827036830696376	0.0157611	4e-05
-0.0226	-0.4016	0.1337	0.009293878266869804	-0.002844886680750757	0.00214850030920502	0.97481269	55.48857117	0.95535507	0.09565260340591215	0.0156844	1e-05
-0.022	-0.4452	0.1435	0.009112364024662395	-0.0029443704481144336	0.0018744836166419098	0.99480063	56.62633133	0.96516267	0.08175073510670974	0.015403	4e-05
0.0033	-0.3811	0.0877	0.009494591130849153	-0.002958333082130389	0.0023771384412162766	1.0004257	56.94652557	0.97004823	0.190142228238854	0.0152296	3e-05
-0.0182	-0.3888	0.1175	0.009576621605692885	-0.002895501229058593	0.002134537675189065	0.96018034	54.65566635	0.94954524	0.07837315469713697	0.0155599	7e-05
-0.0286	-0.4463	0.1495	0.00908967474438647	-0.0029024825460665696	0.0017889624832941875	1.00771332	57.3613472	0.96857651	0.14187516851046347	0.0154287	2e-05
0.0002	-0.3856	0.0955	0.009211847792026072	-0.0031468286413457764	0.0022060961745208325	0.99287438	56.51668549	0.95828689	0.18268264170727264	0.0151758	4e-05
-0.0118	-0.3729	0.105	0.009463175204313255	-0.002981022362406315	0.0021519909677090087	0.96864879	55.13770676	0.94724171	0.057761944901923365	0.0155833	6e-05
-0.05	-0.4385	0.1716	0.009032078879070655	-0.002808234766458876	0.0014887658519511632	0.98559022	56.1020546	0.95838342	0.23375545184739416	0.0156652	2e-05
-0.0129	-0.4196	0.1327	0.008813912722571364	-0.003001966313430246	0.0019861846887695473	0.99889642	56.85947418	0.9678347	0.14036582701445227	0.0154498	4e-05
0.0037	-0.3596	0.0971	0.009306095571633765	-0.0029478611066184224	0.002649409804527392	0.97175765	55.31467056	0.94893757	0.17267565858160347	0.0153295	4e-05
-0.031	-0.3975	0.127	0.009644689446520666	-0.002780309498426967	0.002040289895581371	1.01532888	57.79484558	0.97908737	0.1582632696012189	0.0154059	8e-05
-0.0337	-0.4464	0.148	0.009023352232810684	-0.0030229102644541784	0.0017208946424664088	1.01033127	57.51036835	0.9739029	0.13176666164260775	0.0153417	7e-05
-0.0031	-0.3883	0.0913	0.009330530181161685	-0.003078760800517997	0.002368411794956305	0.99641091	56.71799088	0.96621445	0.19592728184523583	0.0151366	7e-05
-0.0288	-0.4043	0.1364	0.009286896949861827	-0.0029740410453983376	0.002005383310541485	0.99426591	56.59589386	0.96429325	0.11236907354171687	0.0155699	7e-05
-0.0377	-0.4662	0.1684	0.008728391589223642	-0.0029024825460665696	0.0016667894356545846	1.00309181	57.09828568	0.97019476	0.1512328867428427	0.0157183	8e-05
0.003	-0.422	0.0955	0.00911410935391439	-0.0030211649352021846	0.0022863813201125715	1.00232255	57.05449295	0.97135426	0.21399960191421744	0.015316	5e-05
-0.0151	-0.417	0.1117	0.009456193887305276	-0.002858849314766712	0.0021991148575128553	0.99218565	56.47748184	0.96454941	0.06888333082130377	0.0150919	5e-05
-0.0461	-0.4953	0.1634	0.009060004147102564	-0.0027558748888990466	0.0016301375213627037	1.00068915	56.96152115	0.96472145	0.21440707511102644	0.0154799	3e-05
-0.0047	-0.4604	0.1026	0.009075712110370514	-0.0029688050576423546	0.00222529479629277	0.98810929	56.24544525	0.95785165	0.17828977034706625	0.0151284	4e-05
-0.0017	-0.4242	0.0944	0.009709266628844455	-0.002981022362406315	0.0025289820861397836	0.9720695	55.33242416	0.94360221	0.09487295565424568	0.0150551	5e-05
-0.044	-0.4913	0.1665	0.009075712110370514	-0.002778564169174973	0.0017121679962064373	1.00775242	57.3635788	0.96775849	0.2641413400819314	0.0153937	3e-05
-0.0105	-0.498	0.1336	0.00884358331985527	-0.0029321531433504737	0.0021205750411731105	1.00694132	57.3174057	0.96457656	0.11280624048287095	0.0150694	4e-05
0.005	-0.4364	0.0819	0.009677850702308557	-0.002892010570554604	0.0026529004630313807	1.00066018	56.9598732	0.96233864	0.19913676885537132	0.0148609	5e-05
-0.0233	-0.4574	0.1298	0.009719738604356421	-0.002834414705238791	0.0021676989309769574	0.97371382	55.42602158	0.9521576	0.126434264970905	0.015089	3e-05
-0.0251	-0.5088	0.1529	0.009016370915802705	-0.0028379053637427798	0.0019058995431778078	0.99220353	56.47849655	0.96301358	0.12473288674284276	0.0152005	3e-05
0.0064	-0.4574	0.0855	0.009592329568960835	-0.0028623399732707008	0.0025028021473598684	0.98398733	56.01081467	0.95567562	0.2101647933434056	0.0146732	8e-05
-0.0251	-0.4817	0.1158	0.010067059125503292	-0.0028099800957108703	0.002092649773141201	0.96434408	54.89267349	0.94285995	0.13296209041604776	0.0146621	3e-05
-0.0256	-0.5293	0.1379	0.009354964790689606	-0.0029321531433504737	0.001748819910498318	1.01215899	57.61440659	0.96571398	0.12910486225480855	0.0154221	6e-05
0.004	-0.4711	0.0846	0.009543460349904992	-0.002895501229058593	0.002495820830351891	0.99580127	56.68328857	0.96108938	0.189707419668042	0.0147003	5e-05
-0.0016	-0.4401	0.0877	0.009925687456091752	-0.002764601535159018	0.0026057765732275338	0.9819293	55.89366531	0.95239004	0.07085412714809888	0.015023	6e-05
-0.0385	-0.5142	0.155	0.009433504607029351	-0.002673844414055313	0.0018325957145940458	0.97730243	55.6302948	0.95341795	0.2461060414399797	0.0154816	4e-05
-0.007	-0.527	0.1175	0.009571385617936903	-0.002900737216814576	0.0022410027595607188	0.99592721	56.69046021	0.96287808	0.12045904293167443	0.0150172	7e-05
0.0164	-0.4738	0.0427	0.011136945956975817	-0.002708750999095199	0.002904227875318564	1.01175368	57.59133911	0.965515	0.2724385836258068	0.0143768	5e-05
-0.0151	-0.5356	0.0979	0.011463322527098758	-0.0027995081201989047	0.0021851522234969008	1.00204372	57.03862381	0.96182348	0.20531046715241544	0.0142667	5e-05
0.0103	-0.539	0.0786	0.010913543812720543	-0.0028396506929947744	0.0025464353786597265	1.01667988	57.87174988	0.96874256	0.0956602221168456	0.0140244	3e-05
0.0178	-0.4821	0.063	0.010615092510629512	-0.0027872908154349444	0.0029914943379182805	1.00511432	57.21340942	0.97585654	0.11979350694547082	0.0145336	6e-05
-0.0211	-0.5323	0.1462	0.009677850702308557	-0.0028815385950426383	0.0020943951023931952	1.0159415	57.82971573	0.97835528	0.2687294411726868	0.0147958	5e-05
0.0069	-0.5256	0.1135	0.009391616704981487	-0.002925171826342496	0.0024678955623199817	0.96784121	55.09173965	0.94502964	0.10256838442768576	0.0147396	3e-05
0.0137	-0.473	0.0812	0.010091493735031215	-0.00294262511886244	0.002846632010002751	0.98732603	56.20085907	0.95441436	0.14650333851262207	0.0147804	7e-05
-0.0105	-0.489	0.1103	0.01006182313774731	-0.0028780479365386495	0.0025464353786597265	0.981902	55.89211273	0.95510043	0.08902222054753603	0.0151841	3e-05
-0.0383	-0.5646	0.1654	0.009569640288684908	-0.0027052603405912107	0.0020298179200694054	0.9811511	55.84936905	0.95259456	0.217579395180008	0.0153678	3e-05
0.0008	-0.5216	0.1077	0.009642944117268671	-0.002897246558310587	0.0026057765732275338	0.96799707	55.10061264	0.94170907	0.18186243497306345	0.0150531	3e-05
-0.0027	-0.4789	0.0874	0.010011208589439474	-0.002846632010002751	0.0028309240467348025	0.97171265	55.3121109	0.943321	0.09870132469929531	0.0149168	2e-05
-0.0387	-0.5245	0.15	0.009557422983920948	-0.0027454029133870805	0.0023160519173964756	0.96987957	55.20776749	0.94459338	0.19769434157362611	0.0153604	4e-05
-0.0456	-0.5783	0.1815	0.00896226570899088	-0.0026843163895672786	0.0020193459445574393	0.97701532	55.61394882	0.94807512	0.13984748857944534	0.0153947	2e-05
-0.0016	-0.5228	0.1149	0.009337511498169663	-0.0028518679977587343	0.0027314402793711255	0.96448231	54.90054321	0.94182214	0.22884458660919624	0.0148466	5e-05
-0.0058	-0.4905	0.1108	0.009672614714552575	-0.002764601535159018	0.002778564169174973	0.94546455	53.81800842	0.9302907	0.06407467843932381	0.0152203	5e-05
-0.0482	-0.5638	0.185	0.009040805525330627	-0.002637192499763432	0.0019582594207376374	0.98557609	56.10124969	0.954866	0.26887614865274345	0.0158103	3e-05
-0.0176	-0.5762	0.1548	0.008536405371504265	-0.0027401669256310974	0.0021886428820008896	0.98992163	56.34860611	0.95613903	0.11508790204786404	0.0155631	6e-05
-0.0102	-0.5226	0.1165	0.00901462558655071	-0.002642428487519415	0.002621484536495483	0.9517197	54.17406464	0.93406176	0.14974001538263615	0.0153794	3e-05
-0.0431	-0.551	0.1669	0.008677777040915805	-0.0024678955623199817	0.002087413785385218	0.9621067	54.76531601	0.94104928	0.16397261109723027	0.015871	5e-05
-0.0649	-0.6246	0.2122	0.008121017009529614	-0.0022933626371205488	0.0016022122533307947	0.97166926	55.30963898	0.94523177	0.2015247244320023	0.0165965	3e-05
-0.0157	-0.5906	0.1506	0.008040731863937877	-0.0025045474766118626	0.0021956241990088664	0.98125678	55.85538483	0.94801763	0.18904409653805615	0.0162876	5e-05
-0.0083	-0.559	0.1129	0.009386380717225503	-0.0025202554398798117	0.0026878070480712674	0.97684443	55.60422134	0.93751736	0.16937698328089876	0.015876	5e-05
0.0266	-0.7681	-0.0691	0.021610666798193786	-0.003492403833240653	0.00301941960595019	2.19127989	124.73267365	1.83074599	1.1024023516104025	0.0369181	0.01906
0.0036	-1.0968	-0.4537	0.046214573263557844	-0.005131268000863328	0.0021921335405048776	2.70212626	153.81121826	2.25724427	2.0898028349216022	0.0473045	0.01799
0.0217	-1.0358	-0.4615	0.04431216437888403	-0.005164429256651221	0.0019146261894377795	1.31948972	75.10837555	1.140491	0.19755387457644027	0.0418469	0.01145
0.0497	-0.9122	-0.4799	0.04233819699487845	-0.0048415433450322695	0.0025289820861397836	1.09114408	62.11042023	0.98216254	0.3155604596163267	0.0386115	0.00877
0.025	-0.8921	-0.4252	0.0402595098557532	-0.00434586983746588	0.0021258110289290935	1.04265678	59.35041428	0.9641407	0.2483765851951164	0.0365376	0.00625
-0.0083	-0.961	-0.3582	0.03808308427851627	-0.0038798669271833948	0.001377064779823526	1.06492066	60.61772156	0.99140441	0.3387587368312493	0.0345147	0.00509
0.0476	-0.8773	-0.3878	0.035648349971984176	-0.004782202150464463	0.002106612407157156	1.1890291	67.68225861	1.03560202	0.3725308578573394	0.0316641	0.00324
0.029	-0.8449	-0.3097	0.03340734721242346	-0.004176572900022431	0.0024068090385001802	1.09089136	62.096035	1.00377409	0.2864414320672887	0.0288342	0.00157
-0.0041	-0.9129	-0.2165	0.03218561673602743	-0.003652974124424132	0.0018238690683340744	0.97185999	55.32049561	0.9440325	0.3107134611080218	0.027732	0.00109
0.0432	-0.8878	-0.2617	0.03174579376452486	-0.0036512287951721376	0.0027384215963791032	1.00395155	57.14722061	0.95159641	0.18540604143997944	0.02697	0.00085
0.0452	-0.8481	-0.2803	0.03145955976719779	-0.003349286834577118	0.002825688058978819	0.96400589	54.87342453	0.92867072	0.09407212102609043	0.0270153	0.00093
0.0139	-0.8953	-0.2169	0.03008598564587825	-0.0030962140930379405	0.00205599785884932	0.97831482	55.68791962	0.94890115	0.26171685314941084	0.0257955	0.00054
0.0511	-0.8271	-0.261	0.02925171826342496	-0.003506366467256608	0.0028221974004748306	1.03370309	58.84074783	0.96716567	0.2500309649148735	0.0242522	0.00043
0.0255	-0.8123	-0.2105	0.02868797691503079	-0.0034714598822167216	0.0026005405854715507	0.98700404	56.18252945	0.93854547	0.1319152374218666	0.0243656	0.00029
0.0209	-0.864	-0.1831	0.028235936638764263	-0.003337069529813158	0.0024556782575560214	0.97552013	55.52883911	0.94590098	0.12026464782928097	0.0237755	0.00032
0.056	-0.7882	-0.2634	0.028412214893215687	-0.0027768188399229783	0.0035098571257605967	0.99010563	56.35908127	0.95174998	0.2807353906273089	0.0239173	0.00034
0.0016	-0.8124	-0.1906	0.028078857006084774	-0.0029792770331543207	0.002288126649364566	0.98530096	56.08558655	0.95607466	0.2392773278379144	0.0241477	0.00037
0.0101	-0.8308	-0.1975	0.027551767571982487	-0.004735078260660616	0.001504473815219112	1.12376118	63.96706009	1.03318953	0.18712717478770177	0.0245383	0.00045
0.0671	-0.7495	-0.2736	0.027675685948874085	-0.004323180557189954	0.0032166418114255493	1.17333305	66.7888031	1.0719178	0.3267992038284348	0.0242481	0.00053
0.0555	-0.7812	-0.21	0.027824038935293602	-0.004125958351714595	0.0034313173094208515	1.21983993	69.43608093	1.10559674	0.13491253449450885	0.0244555	0.00047
0.0673	-0.8246	-0.212	0.02918190509334519	-0.0042935099599060505	0.003611086222376268	1.14510632	65.1820755	1.03910748	0.14245933395992302	0.0254292	0.00042
0.105	-0.7688	-0.2771	0.029544933577760012	-0.003605850234620285	0.0048624872960562025	1.04362631	59.40559769	0.98079599	0.2737044641690261	0.0257963	0.00066
0.086	-0.819	-0.2228	0.02948035639543622	-0.003570943649580398	0.0046041785667610404	1.04433024	59.44566727	0.99435851	0.1413896248329419	0.0266072	0.00053
0.1109	-0.7984	-0.2469	0.029935887330206738	-0.004070107815650777	0.005434955290710342	1.05861306	60.25867844	0.99582614	0.15887359123950984	0.0269114	0.00048
0.0804	-0.8307	-0.1993	0.029550169565515993	-0.0038048177693476384	0.005052728184523583	1.01475811	57.76235962	0.96829157	0.16206174585903213	0.0259451	0.00043
0.0688	-0.8942	-0.1637	0.028794441999402447	-0.004012511950334963	0.004670501078336825	1.01525915	57.7908783	0.96572395	0.17798244266438143	0.0251826	0.00031
0.0919	-0.8344	-0.1977	0.028331929747623948	-0.004073598474154764	0.004885176576332128	1.0040493	57.15278625	0.95626098	0.15381371367968005	0.0249864	0.00031
0.0657	-0.8516	-0.1452	0.027506389011430633	-0.003824016391119576	0.004693190358612751	1.00577509	57.25102234	0.95852548	0.15925545184739395	0.0242435	0.0003
0.0478	-0.9073	-0.114	0.027080528673944018	-0.004249876728606192	0.004194026192542374	0.9985534	56.83994675	0.95476135	0.1723442420521804	0.0237464	0.00026
0.0686	-0.8502	-0.1347	0.026841418566420795	-0.004342379178961892	0.004810127418496373	0.97472054	55.48332596	0.93307334	0.14598568919164606	0.0238049	0.00024
0.0366	-0.873	-0.0601	0.02618692009692292	-0.00460766922526503	0.004328416544945937	0.97378343	55.42998505	0.94302029	0.1994749694675724	0.0235928	0.0003
0.0463	-0.9039	-0.0623	0.024397957613628733	-0.0039287361462392355	0.004471533543609472	1.08702195	61.87578201	1.00107332	0.17335062804917586	0.0219641	0.00022
0.0689	-0.8345	-0.1122	0.024708626220483722	-0.004237659423842232	0.004937536453891958	1.03953099	59.17248535	0.96695821	0.1961797397370236	0.0220858	0.00022
0.0337	-0.8755	-0.0444	0.02438224965036078	-0.0039723693775390945	0.0045204027626653135	1.01904726	58.00650406	0.96761949	0.19444001538263608	0.0225495	0.00036
-0.0136	-0.8707	0.0445	0.020530307991209296	-0.004406956361285682	0.0028274333882308137	1.50900984	85.89629364	1.30520886	0.4399749008666285	0.0231503	0.00207
0.0291	-0.8671	-0.0105	0.02593384735538374	-0.005855579640440977	0.00493055513688398	1.72376227	98.12049866	1.45469539	0.5490642195991453	0.0282562	0.00233
-0.0009	-0.9104	0.1232	0.02364397537676718	-0.008693485004183755	0.003607595563872279	1.89840269	108.06143188	1.61320675	0.529536845768552	0.0365824	0.01179
0.0963	-0.9134	0.1351	0.02450616802725238	-0.007201228493728604	0.0060301125656404084	2.02198935	115.09626007	1.69144154	0.35094830813542394	0.030179	0.00323
0.0989	-0.8829	0.1708	0.025494024383881174	-0.007382742735936014	0.006805038753525891	1.61868417	92.13921356	1.3959803	0.16601483933608435	0.0297951	0.00198
0.1466	-1.0631	0.0185	0.02906496803346157	-0.008522442737488312	0.007038912873293131	1.69482243	96.47317505	1.42649791	0.6274258885449966	0.0345566	0.00498
0.2326	-0.9407	-0.5203	0.040215876624453334	-0.012294099251048057	0.0054436819369703135	1.95410597	111.23218536	1.67667491	1.573089802043716	0.048374	0.01542
0.2439	-0.8187	-0.6426	0.04044975074422059	-0.011117747335203878	0.00420449816805434	1.35107136	76.90607452	1.2011969	0.38807049022637025	0.0460873	0.01245
0.2942	-0.7126	-0.6999	0.040990802812338814	-0.011648327427810155	0.0056653387519735934	1.23510742	70.30514526	1.14248134	0.3403236372321879	0.0463164	0.01289
0.2825	-0.6812	-0.7563	0.04253367387110181	-0.01233598715309592	0.005763077190085277	1.34659398	76.6512146	1.2068783	0.21591346110802215	0.0462493	0.01375
0.1184	-0.8327	-0.501	0.03348065104100722	-0.010756464180041052	0.0035360370645405115	1.72617924	98.25807953	1.46805491	1.2138792964347112	0.0334541	0.00359
0.2151	-0.8222	-0.7031	0.04089830036198312	-0.012925908440270004	0.0045308747381772796	1.86523211	106.17328644	1.60274899	0.8383965627420813	0.0520332	0.02233
0.1875	-0.7249	-0.638	0.03606722899246282	-0.012596041211643075	0.0036337755026521943	1.93722224	110.27112579	1.6527837	0.49290189168361587	0.0397221	0.00724
0.1381	-0.7866	-0.4407	0.02726204291615143	-0.01037598240310629	0.002726204291615143	1.67645359	95.42758179	1.41198537	0.9050408047942613	0.0283306	0.00237
0.052	-0.9453	-0.3102	0.027249825611387463	-0.010580185925589625	0.0024068090385001802	1.33084953	75.75500488	1.17275981	0.40209080401811326	0.0287629	0.00171
0.1336	-0.8426	-0.4256	0.02890788840078208	-0.011379546723003028	0.0030159289474462015	1.25127709	71.22555542	1.12581347	0.4530271747877021	0.0317041	0.00282
0.1658	-0.8003	-0.4736	0.027867672166593457	-0.010492919462989908	0.0024260076602721182	1.4982866	85.28590393	1.30294426	0.24833823906879135	0.0288767	0.00263
0.1566	-0.7814	-0.3759	0.025176374460018202	-0.010152580258851015	0.0033527774930811067	1.29528475	73.73057556	1.1436322	0.3237203371761569	0.0249313	0.00086
0.1203	-0.8482	-0.2801	0.023715533876098947	-0.009684832019316534	0.0035081117965086025	1.00672472	57.3050766	0.96469497	0.3030961563440615	0.0243917	0.00055
0.1034	-0.8588	-0.2138	0.021076596047083524	-0.008759807515759539	0.003242821750205464	1.10483217	62.88957596	1.02035009	0.28526261894377786	0.0225077	0.00034
0.0854	-0.7906	-0.1261	0.017336355460059676	-0.0077492618788548235	0.0029373891311064567	1.15751994	65.88868713	1.03101526	0.42671094215137856	0.0200711	0.0003
0.0707	-0.8277	-0.0736	0.01649336143134641	-0.008002334620394002	0.002726204291615143	1.31733859	74.9859314	1.17781382	0.16966258048718783	0.0207535	0.0011
0.0332	-0.9401	0.046	0.02527236756887789	-0.00936020077844559	0.0036582101121801144	1.87345111	106.64112854	1.53578624	0.822943905807402	0.024657	0.00054
0.1136	-0.8115	-0.1201	0.022589796508562607	-0.008412486994612669	0.005077162794051505	1.3445847	76.53684235	1.15999614	0.6275618763009797	0.0200412	0.00015
0.1383	-0.7905	-0.1273	0.01975363647407182	-0.007737044574090863	0.005386086071654501	1.10016322	62.62380981	1.01170784	0.24392628663077945	0.0180103	0.00012
0.1257	-0.8545	-0.1492	0.019638444743440196	-0.007958701389094143	0.004738568919164605	1.01091468	57.5435791	0.95655992	0.14771828490624012	0.017704	8e-05
0.1566	-0.8052	-0.2007	0.020086994361202738	-0.007086036763096978	0.005523967082562053	0.97611058	55.56245041	0.94361517	0.23703062035785769	0.018064	8e-05
0.132	-0.7978	-0.1731	0.018997908907958275	-0.0069865529957333005	0.005358160803622591	0.96821892	55.11323929	0.93124467	0.12731877497738017	0.0174959	9e-05
0.0956	-0.8631	-0.1129	0.01756848425057492	-0.007061602153569058	0.00441044701978967	0.97178894	55.31645203	0.93206226	0.28450937995260167	0.0166122	5e-05
0.1098	-0.8202	-0.1339	0.01681101135520938	-0.006358234465015343	0.004804891430740389	0.96871275	55.14134979	0.92616821	0.1708642497434986	0.0162473	5e-05
0.1098	-0.8071	-0.1061	0.016589354540206103	-0.006080727113948244	0.005033529562751646	0.9535318	54.27721405	0.92030577	0.07729011490408164	0.0160152	5e-05
0.0721	-0.8974	-0.0306	0.015611970159089276	-0.006230825429619756	0.004429645641561609	0.99226475	56.48198318	0.95424431	0.29006833089891876	0.0157584	7e-05
-0.0009	-1.0707	0.1043	0.013892820845874865	-0.006258750697651665	0.003682644721708035	1.08479548	61.74904251	1.01076157	0.5059037750549945	0.0172895	0.00017
-0.0449	-1.1644	0.2026	0.01256986127286316	-0.006033603224144398	0.003080506129769991	1.04343557	59.39474106	0.97684786	0.34351228192285094	0.0188437	0.00022
-0.0014	-1.1401	0.1365	0.012329005836087944	-0.006061528492176306	0.003309144261781249	0.96741629	55.06755066	0.93384532	0.15877094184091933	0.0179502	0.00014
0.0877	-1.0494	-0.0348	0.01282293401440234	-0.006653195108602383	0.0034051373706409367	1.10712111	63.01986694	1.0279749	0.41017939518000784	0.0178937	6e-05
0.1067	-0.9317	-0.0731	0.013524556373704059	-0.006356489135763348	0.004267330021126135	0.99886537	56.85770416	0.9469325	0.26802604913129774	0.0163358	4e-05
0.0829	-0.8604	-0.0543	0.013449507215868304	-0.005976007358828583	0.004162610266006475	0.95422542	54.31669617	0.91990693	0.14191253449450894	0.0149033	6e-05
0.0824	-0.8532	-0.0506	0.013175490523305192	-0.0059027035302448225	0.004181808887778414	0.9217779	52.4697113	0.90691057	0.029725957145940625	0.0149314	4e-05
0.061	-0.9112	-0.0096	0.012683307674242791	-0.005867796945204936	0.00342259066316088	0.98078281	55.82840347	0.9435098	0.18471538293599113	0.0151437	4e-05
0.0743	-0.8891	0.0007	0.012046262497264863	-0.0062168627956038025	0.003677408733952052	0.96672422	55.02815628	0.9321251	0.10774645490839833	0.0150309	2e-05
0.073	-0.8623	0.0113	0.01194503340064919	-0.005934119456780722	0.0041277036809665895	0.92675447	52.75298691	0.90465958	0.08041336912266464	0.0150971	2e-05
0.0709	-0.866	0.0146	0.012081169082304749	-0.005955063407804653	0.00426907535037813	0.91957754	52.34445953	0.90573726	0.024022565104551575	0.015377	5e-05
0.0554	-0.9211	0.0562	0.010889109203192622	-0.00597775268808058	0.00382576172037157	0.95868415	54.57049942	0.92582102	0.19510313946973076	0.0161527	6e-05
0.0544	-0.9565	0.0387	0.010875146569176668	-0.00607898178469625	0.003555235686312449	0.94078708	53.551754	0.91563602	0.07318588823453721	0.0171503	7e-05
0.0667	-0.9267	0.0219	0.010871655910672679	-0.005953318078552658	0.00399505865781502	0.9499824	54.07517624	0.92363911	0.08734886680750761	0.017855	9e-05
0.0602	-0.8764	0.0315	0.011091567396423963	-0.006061528492176306	0.004310963252425994	0.9428854	53.67119598	0.91835022	0.09860132469929533	0.0173784	0.00016
0.0404	-0.8981	0.0536	0.010941469080752452	-0.005946336761544681	0.0037978364523396607	0.91520232	52.09541321	0.90248985	0.10252084231947352	0.0172135	0.00014
0.0406	-0.9007	0.0505	0.010580185925589625	-0.005831145030913055	0.003682644721708035	0.94065076	53.5439949	0.91802492	0.035483330821303845	0.0176031	0.00012
0.046	-0.8534	0.0377	0.01077566280181299	-0.005832890360165049	0.004078834461910747	0.90600479	51.5718689	0.8988871	0.09517059728390344	0.0171524	0.00018
0.0359	-0.8701	0.0727	0.010307914562278512	-0.005801474433629152	0.003824016391119576	0.91852283	52.28442383	0.90662946	0.09949911184307728	0.0174876	0.00024
0.0303	-0.8938	0.093	0.009611528190732771	-0.005827654372409066	0.0034644785652087444	0.92196387	52.48029709	0.90864904	0.10370520681182437	0.0181194	0.00016
0.0435	-0.8472	0.0732	0.00990474350506782	-0.0057089719832734516	0.003906046865963309	0.92364341	52.57589722	0.90668915	0.12227330021126148	0.0177439	0.00018
0.0409	-0.8257	0.083	0.010005972601683491	-0.005602506898901799	0.004066617157146788	0.91211051	51.91941833	0.90124474	0.05231322360854011	0.0175071	0.00017
0.0156	-0.867	0.1299	0.00927642497434986	-0.005440191278466324	0.0034644785652087444	0.91691172	52.19271469	0.90563091	0.18820009198535748	0.0178507	0.00014
0.0232	-0.8832	0.1411	0.008616690517096005	-0.005482079180514189	0.0033702307856010505	0.93434811	53.18523407	0.91410316	0.07479350694547067	0.0178615	0.00011
0.0354	-0.8366	0.1117	0.00917519587773419	-0.005496041814530144	0.0036634460999360975	0.92616302	52.7193222	0.90927909	0.13148416544945937	0.0165491	3e-05
0.03	-0.8223	0.1091	0.009361946107697583	-0.005351179486614613	0.0037437312455278365	0.92182124	52.4721756	0.90637591	0.04289488517353312	0.0161132	5e-05
0.0088	-0.8809	0.1529	0.008775515479027489	-0.0050893800988154655	0.003349286834577118	0.9449271	53.78741455	0.92032787	0.185733721370998	0.0162666	2e-05
0.0284	-0.9017	0.1365	0.008309512568745004	-0.0052447144022429604	0.003220132469929538	0.96663558	55.02311325	0.93318908	0.09432457891787792	0.0167032	4e-05
0.0496	-0.8533	0.0782	0.00932005820564972	-0.0053389621818506535	0.0036512287951721376	0.96368998	54.85544205	0.92998716	0.20469448708775043	0.0158785	3e-05
0.0276	-0.8624	0.0966	0.009512044423369096	-0.005295328950550796	0.0033824480903650108	0.95557994	54.39379883	0.9284448	0.07472000769131809	0.0158295	3e-05
0.0082	-0.9309	0.1435	0.00857829327355213	-0.005288347633542819	0.002848377339254746	0.97454411	55.47328186	0.9361706	0.20854016089676028	0.0166684	4e-05
0.0363	-0.907	0.0957	0.008587019919812101	-0.005270894341022875	0.0032044245066615894	0.95610285	54.42356491	0.92199555	0.11891135530933784	0.0164632	3e-05
0.0312	-0.8836	0.0879	0.009044296183834614	-0.005138249317871306	0.0033300882128051803	0.92359346	52.57305527	0.90525556	0.07207924966588364	0.0158993	4e-05
0.0017	-0.9637	0.1348	0.008635889138867942	-0.005047492196767601	0.002925171826342496	0.94177562	53.6080246	0.91094918	0.20170402762665296	0.0167366	4e-05
0.0227	-0.9945	0.1223	0.008173376887089445	-0.0050562188430275734	0.0028763026072866553	0.95679337	54.46287155	0.92203496	0.09030540585471555	0.0174596	7e-05
0.0364	-0.9415	0.0799	0.00887674457564316	-0.005057964172279567	0.0033615041393410786	0.95209932	54.1956749	0.91957715	0.1686157274930067	0.0164762	2e-05
0.0403	-0.9418	0.0491	0.010011208589439474	-0.005450663253978291	0.003077015471266003	0.94034785	53.52675247	0.91940007	0.12558258817850562	0.0161862	5e-05
0.045	-0.9897	-0.0829	0.013440780569608332	-0.005400048705670456	0.0022636920398366456	1.13473117	64.59149933	1.0228806	0.39927549799530254	0.0167259	0.00011
0.0729	-0.9622	-0.1175	0.0145281206936008	-0.005356415474370597	0.002581341963699613	1.04932129	59.72977448	0.98971322	0.16243116395776472	0.015469	4e-05
0.0632	-0.9485	-0.0504	0.013620549482563747	-0.005656612105713622	0.003106686068549906	0.94830042	53.97943115	0.92141983	0.1771555973615186	0.0150912	6e-05
0.0296	-1.0183	0.0253	0.012646655759950913	-0.00528485697503883	0.002713986986851182	0.94304055	53.68002701	0.91539213	0.26601739674931746	0.0147512	3e-05
0.0579	-0.9997	-0.0277	0.013114403999485392	-0.005895722213236845	0.003139847324337799	0.96968752	55.19683456	0.939163	0.17512369076095552	0.0154005	6e-05
0.066	-0.9363	-0.0222	0.012081169082304749	-0.005927138139772744	0.0034662238944607386	0.96620816	54.99878311	0.92618259	0.1465513706919741	0.0151657	3e-05
0.0459	-0.9566	0.0328	0.010789625435828945	-0.005686282702997525	0.0030543261909900766	0.93856668	53.42536545	0.91738734	0.19261483933608425	0.0157019	2e-05
0.0326	-0.9882	0.0763	0.009756390518648303	-0.005564109655357922	0.002764601535159018	0.95479769	54.34926987	0.92838151	0.1606566310325651	0.0165612	4e-05
0.0651	-0.9323	0.0212	0.010016444577195456	-0.00538957673015849	0.0033196162372932147	0.94009417	53.51231384	0.91692079	0.19298008429403896	0.0160935	6e-05
0.0675	-0.9288	0.0061	0.010887363873940627	-0.00541401133968641	0.003750712562535814	0.94023794	53.52049637	0.91270849	0.08732251157578458	0.0156851	3e-05
0.0718	-0.9816	-0.0254	0.012473868164003473	-0.00566010276421761	0.0038816122564353885	0.97646701	55.58274078	0.93304526	0.18677477042468113	0.016023	4e-05
0.0909	-0.9322	-0.0866	0.013498376434924143	-0.005820673055401089	0.00422893277758226	0.97516239	55.50847626	0.94111908	0.206319954162551	0.0156943	5e-05
0.0705	-0.9471	-0.0487	0.01349663110567215	-0.005642649471697667	0.003871140280923423	0.9287017	52.86382675	0.90802662	0.10007807048071264	0.015462	4e-05
0.0783	-0.9485	-0.0404	0.012639674442942934	-0.005684537373745532	0.0037943457938356727	0.94254917	53.65205765	0.91189129	0.06628195259324153	0.0153785	3e-05
0.0808	-0.9147	-0.0401	0.012318533860575978	-0.005567600313861911	0.0040613811693908045	0.91259146	51.94679642	0.89894008	0.07185565089028548	0.0152228	3e-05
0.0494	-0.9588	0.0222	0.011648327427810155	-0.005407030022678433	0.003600614246864302	0.94213414	53.62843323	0.91657832	0.2023771823237902	0.0151625	4e-05
0.054	-0.9981	0.0247	0.011180579188275672	-0.005242969072990966	0.003490658503988659	0.92461878	52.63142014	0.90734189	0.08348824660487963	0.0159507	6e-05
0.0677	-0.9593	-0.0251	0.011767009816945768	-0.005333726194094671	0.003687880709464018	0.92536819	52.67407608	0.90626516	0.14602049776245796	0.0155338	4e-05
0.0409	-0.9971	0.0192	0.011578514257730382	-0.005160938598147233	0.003378957431861022	0.91856551	52.28685379	0.89862415	0.14241032163829098	0.0153211	2e-05
0.0489	-1.0219	0.0233	0.011236429724339494	-0.0052447144022429604	0.0032637657012293962	0.94732296	53.92379379	0.91824633	0.06395260340591213	0.0158385	5e-05
0.0633	-0.9589	-0.0065	0.011540117014186509	-0.005291838292046808	0.0035447637108004834	0.94713229	53.91294098	0.91835301	0.13879045946109753	0.015704	3e-05
0.0372	-0.991	0.0477	0.011164871225007726	-0.005162683927399226	0.0032812189937493396	0.9467659	53.89208221	0.91672553	0.1507972435438754	0.0154914	4e-05
0.0821	-1.0331	-0.0445	0.013695598640399504	-0.005270894341022875	0.003829252378875559	1.16800046	66.48526001	1.05023384	0.3385485607070822	0.0176293	0.00013
0.1254	-0.9839	-0.2138	0.01952325301280857	-0.005707226654021458	0.004569271981721155	1.32340896	75.33146667	1.15761745	0.6120003144126621	0.0174325	4e-05
0.0878	-1.0353	-0.1527	0.019125317943353863	-0.00570024533701348	0.003876376268679406	0.97354996	55.41669464	0.94189557	0.2049906049752218	0.0167853	4e-05
0.1004	-1.0223	-0.1362	0.016514305382370347	-0.005471607205002223	0.0038170350741115982	1.05025625	59.78299332	0.96333926	0.1870495943781292	0.01672	1e-05
0.0977	-0.9783	-0.1186	0.01566083937814512	-0.005187118536927148	0.004300491276914028	0.94095623	53.56138611	0.90892284	0.14537054375513672	0.0157285	4e-05
0.0611	-1.0244	-0.053	0.015074408749475025	-0.004848524662040247	0.003834488366631542	0.93009013	52.94285965	0.9082373	0.21785137069197408	0.0153067	4e-05
0.0723	-1.0456	-0.0544	0.014486232791552934	-0.00482932604026831	0.0038013271108436495	0.94079256	53.5520668	0.91790233	0.06582679177409613	0.0156245	4e-05
0.0861	-0.9918	-0.0929	0.01493129175081149	-0.0047856928089684515	0.004169591583014453	0.92756575	52.79916763	0.90508727	0.14894783313646096	0.0154971	5e-05
0.0454	-1.0353	-0.0295	0.014597933863680572	-0.004663519761328848	0.003675663404700058	0.94945258	54.04501724	0.92147831	0.19507295565424593	0.0151386	5e-05
0.0619	-1.0576	-0.0384	0.014313445195605496	-0.00463559449329694	0.0036041049053682902	0.93167651	53.03316116	0.9121949	0.06689862177193756	0.015511	4e-05
0.0898	-1.0037	-0.0945	0.01526988562569839	-0.0049183378321200205	0.00416435559525847	0.94391888	53.73002625	0.91685381	0.22787172294030775	0.0156002	4e-05
0.0708	-1.0482	-0.078	0.016468926821818494	-0.005115560037595381	0.003949680097263168	0.95968688	54.62757492	0.91808747	0.1605469449795383	0.015547	4e-05
0.104	-1.071	-0.1346	0.017957692673769655	-0.005827654372409066	0.004206243497306334	1.02230799	58.19211578	0.967187	0.23547117934040063	0.0169599	4e-05
0.1045	-1.0092	-0.1569	0.017612117481874783	-0.005494296485278149	0.004328416544945937	1.0318625	58.73597717	0.97096243	0.12465530633326947	0.0161985	5e-05
0.0673	-1.0564	-0.0608	0.015578808903301385	-0.005262167694762903	0.0037995817815916558	0.99229324	56.48360443	0.94838581	0.3202136066221462	0.0152788	3e-05
0.0594	-1.1123	-0.0329	0.014819590678683851	-0.0050789081233034985	0.003569198320328404	0.94635117	53.86847687	0.92345075	0.15034306286700955	0.0153777	7e-05
0.0892	-1.0537	-0.0946	0.015248941674674457	-0.005286602304290824	0.004038691889114879	0.93021876	52.95018387	0.90685931	0.2054269372882203	0.0156054	6e-05
0.0614	-1.0557	-0.0635	0.015079644737231007	-0.005077162794051505	0.003824016391119576	0.94520795	53.80340195	0.91876675	0.09057059728390361	0.0153648	7e-05
0.0296	-1.121	0.0138	0.0140045219180025	-0.00486946861306418	0.0034313173094208515	0.97506458	55.50291061	0.93347583	0.25817580409572766	0.0152517	4e-05
0.071	-1.0883	-0.0571	0.0143431157928894	-0.00495848040491589	0.0037437312455278365	0.93980169	53.4956665	0.91682396	0.18200098014227967	0.0153266	6e-05
0.0723	-1.04	-0.0732	0.014739305533092113	-0.004953244417159907	0.00404741853537485	0.91555363	52.11540985	0.89839337	0.10095565089028552	0.0154291	4e-05
0.0325	-1.0926	0.0017	0.01396787000371062	-0.0048136180770003605	0.003558726344816438	0.92608875	52.71509171	0.90588358	0.2372877030049725	0.0153086	6e-05
0.0447	-1.124	-0.0003	0.01307775208519351	-0.004750786223928565	0.0034103733583969193	0.97675043	55.59887314	0.93347375	0.10066513790042132	0.0160155	5e-05
0.0682	-1.049	-0.0584	0.013810790371031131	-0.004735078260660616	0.003841469683639519	0.98029953	55.80089569	0.93261484	0.21559212871740868	0.015767	7e-05
0.0575	-1.0352	-0.0335	0.013987068625482556	-0.004729842272904633	0.0038816122564353885	0.93868303	53.43198776	0.91341202	0.060482840750163934	0.0152585	5e-05
0.0427	-1.1006	0.0189	0.013603096190043804	-0.004673991736840814	0.0036425021489121657	0.96599293	54.9865303	0.93027312	0.16654665395128984	0.0154623	4e-05
0.0771	-1.0564	-0.0682	0.014302973220093532	-0.004916592502868026	0.003909537524467298	0.97471458	55.48298645	0.93067618	0.22617565858160363	0.0157476	3e-05
0.0617	-1.0345	-0.0611	0.014755013496360062	-0.004953244417159907	0.003935717463247213	0.91840607	52.27777863	0.89934567	0.07014360646691634	0.0154166	3e-05
0.0446	-1.1001	-0.0193	0.014316935854109487	-0.004892157893340105	0.003525565089028546	0.92551297	52.68231964	0.90483317	0.1699658270144523	0.0155276	5e-05
0.0716	-1.0554	-0.0768	0.014962707677347385	-0.005045746867515607	0.0038798669271833948	0.92772996	52.80851364	0.90943655	0.18688313177841265	0.0155962	4e-05
0.0568	-1.0403	-0.0642	0.015081390066483001	-0.005010840282475721	0.0038903389026953604	0.9514575	54.15914154	0.9216862	0.050703047484373306	0.0154962	6e-05
0.0233	-1.1196	0.0066	0.014189526818713898	-0.00485376064979623	0.0032602750427254074	0.96452332	54.90287781	0.92810382	0.2675503370209273	0.0151742	4e-05
0.0744	-1.0878	-0.0922	0.015707963267948967	-0.0049462631001519295	0.0037734018428117405	0.99527216	56.65317154	0.9509505	0.28790328498385487	0.0158604	5e-05
0.0671	-1.0724	-0.1119	0.017743017175774353	-0.0050073496239717305	0.0037088246604879502	1.0086875	57.41680145	0.95018261	0.15043588069844893	0.0160615	6e-05
0.0538	-1.1307	-0.0794	0.017509143056007117	-0.005407030022678433	0.003110176727053895	1.00312281	57.10004807	0.95844688	0.16571012259539972	0.0158854	3e-05
0.1057	-1.075	-0.1453	0.017186257144388165	-0.005525712411814047	0.0040229839258469294	1.010041	57.49385071	0.95809563	0.24121877497738012	0.0159422	6e-05
0.0937	-1.0706	-0.0911	0.014973179652859353	-0.005333726194094671	0.004082325120414737	1.00632119	57.28210831	0.95222224	0.19382024519079968	0.0154142	6e-05
0.0704	-1.1309	-0.0352	0.013412855301576421	-0.00499862297771176	0.003569198320328404	0.94766933	53.94350815	0.91812083	0.2599277183876088	0.0159052	4e-05
0.1052	-1.094	-0.1097	0.01432740782962145	-0.004780456821212468	0.0041887902047863905	0.99042034	56.37699509	0.9449357	0.23381552845011527	0.0166249	7e-05
0.074	-1.0549	-0.1764	0.01681450201371337	-0.005564109655357922	0.0029775317039023265	1.08449984	61.73221207	1.01687598	0.361100275956072	0.0184346	0.00012
0.1287	-1.0799	-0.1968	0.018683749642599296	-0.005693264020005502	0.0042655846918741415	1.14199317	65.00486755	1.05595888	0.2644227490752663	0.0193475	0.00027
0.1662	-1.0344	-0.1898	0.019001399566462265	-0.005791002458117186	0.005138249317871306	1.13233423	64.45505524	1.07538583	0.15440264939859089	0.0176752	0.00011
0.1119	-1.1063	-0.096	0.01905899543177808	-0.005480333851262195	0.0045308747381772796	1.07909465	61.42454147	1.01393424	0.26878195259324167	0.0160092	5e-05
0.1269	-1.1201	-0.1086	0.01933824811209717	-0.006113888369736136	0.004452334921837535	0.98459131	56.04519272	0.94893067	0.09096735075663887	0.0160537	4e-05
0.1406	-1.073	-0.1529	0.0196052834876523	-0.005181882549171164	0.004522148091917307	0.96704131	55.04620743	0.93108497	0.16854271830999393	0.0164776	7e-05
0.115	-1.1407	-0.1126	0.020170770165298467	-0.005478588522010201	0.004181808887778414	0.97808164	55.67464828	0.937558	0.19372659273120488	0.0162516	2e-05
0.1563	-1.1178	-0.1818	0.021336650105630676	-0.005632177496185701	0.0045204027626653135	0.96981758	55.20423889	0.93855637	0.21630313946973065	0.0171728	4e-05
0.1372	-1.1121	-0.1428	0.020371483029277812	-0.005501277802286126	0.004380776422505768	1.07869864	61.40200043	1.00136767	0.12558465552059908	0.0170362	8e-05
0.1053	-1.1979	-0.1057	0.01983043096115957	-0.0051731559029111925	0.003532546406036523	1.0325259	58.77373886	0.97041956	0.2406701991981208	0.0175863	7e-05
0.1641	-1.1848	-0.1868	0.021128955924643353	-0.0050736721355475155	0.004640830481052923	1.04071236	59.23973083	0.98113309	0.27831464029319275	0.018631	9e-05
0.1925	-1.1393	-0.1809	0.019549432951588487	-0.005862560957448953	0.0059079395180008055	1.02313805	58.23936081	0.95145249	0.26157604159520936	0.0177621	6e-05
0.149	-1.1784	-0.1087	0.016530013345638295	-0.005368632779134557	0.005253441048502931	1.05595493	60.1073761	0.97760804	0.363192312688123	0.0165835	6e-05
0.1364	-1.2106	-0.0852	0.015535175672001526	-0.005312782243070739	0.004754276882432553	0.95410502	54.30984497	0.92197696	0.14579261878854827	0.0167096	7e-05
0.1538	-1.1501	-0.1125	0.014906857141283567	-0.004787438138220445	0.005000368306963754	0.93990266	53.50141144	0.90600778	0.17518770300497266	0.0165786	7e-05
0.1476	-1.1059	-0.099	0.01471487092356419	-0.004571017310973149	0.00534943415736262	0.91682726	52.18790817	0.90037658	0.10177364476827672	0.0162374	9e-05
0.1108	-1.1618	-0.0319	0.013882348870362897	-0.004379031093253773	0.004857251308300219	0.93149132	53.02262115	0.91055525	0.23563455599915337	0.0157873	7e-05
0.1353	-1.1708	-0.0693	0.013871876894850931	-0.0042882739721500675	0.004822344723260333	0.95104277	54.13553238	0.92316055	0.077706784082778	0.0164934	7e-05
0.1453	-1.1162	-0.1054	0.014631095119468467	-0.004396484385773717	0.0050893800988154655	0.92625439	52.72452164	0.90001842	0.15742320068981583	0.0165083	6e-05
0.1061	-1.171	-0.0379	0.014362314414661338	-0.0044540802510895285	0.004483750848373432	0.92313147	52.54675674	0.90701188	0.20810029102824867	0.0159957	4e-05
0.1286	-1.1678	-0.0761	0.014519394047340827	-0.0044924774946334045	0.004508185457901353	0.93037379	52.95900726	0.9137975	0.07489557428756438	0.0164716	5e-05
0.1316	-1.1202	-0.0963	0.015198327126366623	-0.004605923896013036	0.004794419455228423	0.93273664	53.09350586	0.90647892	0.12473067388662475	0.0161229	8e-05
0.0898	-1.1834	-0.0218	0.01457349925415265	-0.0044593162388455124	0.004263839362622147	0.92689812	52.76116562	0.91162548	0.2446007810993885	0.0155134	3e-05
0.1142	-1.2011	-0.0458	0.014364059743913332	-0.00447851486061745	0.00436157780073383	0.93235064	53.0715332	0.91449744	0.08241882850614701	0.0159549	4e-05
0.128	-1.1484	-0.0856	0.014824826666439835	-0.004399975044277705	0.004752531553180559	0.92725563	52.78151321	0.90933761	0.15281302456564877	0.0159683	8e-05
0.0892	-1.1899	-0.0224	0.014494959437812907	-0.004323180557189954	0.004251622057858187	0.94433588	53.75376129	0.91666073	0.1888785605518524	0.0154986	7e-05
0.1048	-1.2161	-0.0402	0.014636331107224447	-0.004368559117741807	0.004276056667386107	0.95122761	54.14605331	0.9224492	0.0701592419745656	0.0158194	7e-05
0.1425	-1.1538	-0.1804	0.019097392675321952	-0.005152211951887261	0.004455825580341524	1.19904709	68.25251007	1.06716125	0.5114241657599189	0.0174627	7e-05
0.1353	-1.1849	-0.2266	0.022848105237857765	-0.005496041814530144	0.0038833575856873836	1.21854281	69.36225128	1.07693127	0.31785052099164185	0.0187564	7e-05
0.1435	-1.1542	-0.2151	0.020043361129902883	-0.005312782243070739	0.0037995817815916558	1.10842192	63.09391403	1.01603272	0.20398897417550088	0.01758	6e-05
0.1392	-1.1237	-0.1699	0.018568557911967674	-0.0049846603436958055	0.004050909193878839	1.01630402	57.85035324	0.96880162	0.18271262647986625	0.0165212	2e-05
0.0802	-1.2158	-0.0502	0.017163567864112238	-0.0058747782622129135	0.003235840433197487	1.00170183	57.01916122	0.96398086	0.4263088363526949	0.0154936	4e-05
0.1068	-1.2105	-0.093	0.017210691753916083	-0.0062116268078478195	0.003490658503988659	0.95827854	54.54740906	0.92866236	0.10663952531149624	0.0158955	2e-05
0.1103	-1.1609	-0.1387	0.018245672000348722	-0.006127851003752092	0.0036128315516282617	0.93493479	53.21863174	0.90935774	0.16084645490839833	0.0161952	8e-05
0.1052	-1.2295	-0.1576	0.019689059291748034	-0.0062343160881237454	0.0032864549815053226	0.99072123	56.39412308	0.93943786	0.1864114472946952	0.0170509	5e-05
0.2044	-1.1655	-0.4061	0.02413441289657759	-0.005871287603708924	0.004337143191205909	1.29818583	73.89571381	1.17970595	0.7046535149472483	0.024635	0.00099
0.1616	-1.1905	-0.3033	0.023818508301966614	-0.0061959188445798695	0.004312708581677988	1.15274119	65.6166687	1.06789141	0.20384852225049208	0.0202413	0.00018
0.1362	-1.2508	-0.2313	0.022664845666398363	-0.006646213791594407	0.0038117990863556156	1.01314425	57.67049408	0.96907086	0.262943353895258	0.0191382	7e-05
0.158	-1.1929	-0.243	0.022181389463595932	-0.006803293424273897	0.004406956361285682	0.94770569	53.94557953	0.91498349	0.1531846555205992	0.0187193	7e-05
0.1574	-1.2327	-0.2642	0.024623105087136003	-0.006815510729037857	0.0047193702973926666	1.09742463	62.46792221	0.98802492	0.1999173432205506	0.019751	0.0001
0.1651	-1.26	-0.245	0.023926718715590264	-0.0074839718325516846	0.004768239516448508	1.02612638	58.40946579	0.9667233	0.12488583470577044	0.0192997	6e-05
0.1859	-1.1973	-0.2931	0.023994786556418044	-0.0067980574365179135	0.005393067388662479	0.9380483	53.39585876	0.91255219	0.20054050545377616	0.0193694	0.00011
0.1716	-1.2292	-0.2996	0.0240995063115377	-0.006787585461005948	0.004824090052512327	0.96117246	54.71213913	0.93188065	0.08690845333908873	0.0198631	0.0001
0.1941	-1.1993	-0.3592	0.02264041105687044	-0.006843435997069766	0.004637339822548933	1.13133085	64.39794159	1.01925673	0.19708480103472364	0.0209607	0.00021
0.1887	-1.1582	-0.3258	0.02194053402682072	-0.006653195108602383	0.004979424355939822	1.04537308	59.50503159	0.98409831	0.14151012259539983	0.0192189	0.00011
0.1518	-1.2158	-0.2499	0.021190042448463155	-0.006613052535806515	0.004598942579005058	0.97709137	55.6182785	0.94202838	0.22895579640441	0.0176678	5e-05
0.1778	-1.2183	-0.2718	0.020877628512356167	-0.006733480254194123	0.004951499087907913	0.95438236	54.32563019	0.92660144	0.08966990816987251	0.017877	5e-05
0.1773	-1.173	-0.2586	0.020703095587156734	-0.006569419304506657	0.005134758659367318	0.94187057	53.61343002	0.91254085	0.08509267231731507	0.0172178	6e-05
0.1393	-1.2365	-0.1902	0.02017251549455046	-0.006901031862385578	0.004417428336797647	0.92473328	52.63793564	0.91219244	0.24887614865274313	0.0168423	5e-05
0.1709	-1.2242	-0.2449	0.020120155616990633	-0.006899286533133583	0.00478918346747244	0.95913929	54.59640503	0.92921619	0.11989301687433077	0.0175858	4e-05
0.1765	-1.184	-0.2637	0.021032962815783665	-0.007037167544041136	0.0050073496239717305	0.94891202	54.01424789	0.91644214	0.12804271830999378	0.0176825	7e-05
0.1418	-1.2468	-0.1882	0.02078512606200047	-0.00753458638085952	0.0042655846918741415	0.94214785	53.62921524	0.92008955	0.24735102613495824	0.0171847	6e-05
0.1716	-1.2247	-0.2162	0.020865411207592208	-0.007822565707438583	0.0046582837735728655	0.90619451	51.5826683	0.89948071	0.11794817769347617	0.0173902	6e-05
0.1546	-1.2037	-0.19	0.02061931978306101	-0.007730063257082885	0.004541346713689245	0.90170407	51.3270607	0.8959016	0.08697654673852583	0.0171244	6e-05
0.1135	-1.2851	-0.1034	0.019627972767928232	-0.007909832170038301	0.003867649622419434	0.93964881	53.48696136	0.91986398	0.30134065096790014	0.0159582	2e-05
0.1497	-1.2698	-0.1515	0.019823449644151593	-0.008070402461221779	0.004220206131322289	0.95946383	54.61487961	0.92677109	0.1350301838154845	0.0171193	5e-05
0.1539	-1.2208	-0.1649	0.02016378884829049	-0.008182103533349416	0.004433136300065597	0.93539059	53.2445755	0.9056032	0.099848522250492	0.0168653	4e-05
0.1158	-1.2826	-0.1045	0.020085249031950744	-0.00799011731563004	0.0039235001584832525	0.94622779	53.86145401	0.91907301	0.1993081087820732	0.0160788	2e-05
0.1593	-1.2735	-0.1733	0.021223203704251046	-0.00829205927622506	0.0044156830075456534	0.9566406	54.45417404	0.93289727	0.21800397409788605	0.017139	2e-05
0.1556	-1.2346	-0.1779	0.0215146736893341	-0.008276351312957111	0.0044628068973495	0.91756511	52.22990799	0.90715449	0.06491509190774251	0.0172104	5e-05
0.1311	-1.2863	-0.1365	0.021073105388579535	-0.00810705437551366	0.004148647631990522	0.91059291	51.83303452	0.90208713	0.16385122517784967	0.0166052	2e-05
0.1718	-1.2428	-0.2096	0.022451915497655055	-0.008623671834103981	0.00467224640758882	0.96190429	54.75379562	0.92883481	0.2782513171632071	0.0177542	4e-05
0.1626	-1.2343	-0.2145	0.023221605697784555	-0.008796459430051421	0.0042603487041181585	0.94732767	53.92406082	0.91716865	0.09031877497738	0.018322	6e-05
0.197	-1.3879	-0.2703	0.029445449810396335	-0.008861036612375212	0.006518804756198821	1.60114896	91.1410675	1.3152568	0.6711438673508116	0.0270126	0.00283
0.2664	-1.3331	-0.4356	0.03144908779168582	-0.008792968771547434	0.008370599092564804	1.45032775	82.55597687	1.28628067	0.4856750079241624	0.0250052	0.0007
0.2393	-1.3085	-0.3603	0.02859023847691911	-0.008730136918475635	0.007606144880191289	1.23116422	70.08068848	1.11114373	0.3113067690106013	0.0240652	0.0009
0.2028	-1.374	-0.2487	0.027349309378751144	-0.008506734774220362	0.007220427115500541	1.17222655	66.72582245	1.08756697	0.3061024503556995	0.0213206	0.00014
0.2701	-1.3068	-0.253	0.024397957613628733	-0.007658504757751118	0.008895943197415098	1.12696397	64.14936829	1.0119315	0.4125548931753108	0.0196067	7e-05
0.2562	-1.2963	-0.2203	0.02242748088812713	-0.0072413710665244725	0.008677777040915805	0.99401206	56.58144379	0.94506243	0.187388828661377	0.0182819	4e-05
0.2234	-1.3563	-0.166	0.02155481626212997	-0.007098254067860938	0.008007570608149984	0.93826526	53.40820694	0.91558622	0.23139940287132577	0.0169643	4e-05
0.2552	-1.3018	-0.2064	0.020943951023931952	-0.006613052535806515	0.008204792813625343	0.92671043	52.75048065	0.9007179	0.19136444878639003	0.017036	3e-05
0.2497	-1.2818	-0.197	0.020598375832037073	-0.0061453042962720346	0.008243190057169218	0.92632979	52.72881317	0.90321615	0.07748603374866173	0.017139	5e-05
0.2113	-1.3442	-0.1292	0.02002765316663493	-0.006031857894892403	0.007677703379523056	0.92199337	52.48197556	0.90067609	0.2310827872213968	0.0163521	5e-05
0.2335	-1.341	-0.1519	0.019250981649497453	-0.006105161723476165	0.007696902001294993	0.94907099	54.02329636	0.91716198	0.09155869837465896	0.0164707	4e-05
0.243	-1.2885	-0.1814	0.020107938312226667	-0.0059079395180008055	0.008070402461221779	0.93006021	52.94115829	0.9005343	0.1628839664065679	0.0166516	5e-05
0.1996	-1.3276	-0.1165	0.019739673840055868	-0.005743878568313338	0.0073844880651880085	0.91941845	52.33540344	0.90849011	0.20831199089460167	0.0158048	7e-05
0.1931	-1.3664	-0.0908	0.01919338578418164	-0.005499532473034132	0.006995279641993272	0.92403579	52.59823227	0.90021352	0.12999212871740867	0.0158326	3e-05
0.2191	-1.3035	-0.1387	0.019046778127014115	-0.005267403682518886	0.007581710270663368	0.92587709	52.70304489	0.90059869	0.18505835381764327	0.0158796	4e-05
0.2161	-1.3121	-0.1316	0.019235273686229508	-0.0058171823968971	0.007504915783575617	0.90784705	51.67673492	0.89211626	0.05945343803406782	0.0158618	5e-05
0.2052	-1.3567	-0.1114	0.01869771227661525	-0.005911430176504794	0.007216936456996553	0.91802317	52.25598145	0.89906306	0.12168942579005076	0.0155554	5e-05
0.2366	-1.3136	-0.163	0.019125317943353863	-0.005871287603708924	0.007705628647554965	0.9070521	51.63148499	0.89287263	0.17392202150464467	0.0160722	6e-05
0.2328	-1.2992	-0.1558	0.019120081955597876	-0.005810201079889122	0.007850490975470494	0.88596773	50.43131256	0.88410705	0.03595924197456611	0.0159866	4e-05
0.2027	-1.3631	-0.1045	0.01927192560052139	-0.005684537373745532	0.007394960040699974	0.92339313	52.56165314	0.89796779	0.1819519142918813	0.0155699	3e-05
0.1877	-1.3032	-0.2254	0.020853193902828252	-0.005682792044493536	0.005770058507093254	1.07978058	61.46358109	1.01989975	0.356195758258279	0.0178052	0.00011
0.1776	-1.2744	-0.1775	0.02143438854374236	-0.006848671984825749	0.005431464632206353	1.05071461	59.80908585	0.98896999	0.19108342280666096	0.016623	5e-05
0.1523	-1.3465	-0.0961	0.020490165418413427	-0.006695083010650248	0.005387831400906495	0.9396767	53.48855209	0.91852011	0.23587226654021468	0.015618	3e-05
0.1629	-1.3778	-0.101	0.02018822345781841	-0.0067980574365179135	0.005377359425394529	0.94019377	53.51798248	0.913187	0.06756941809873229	0.0156047	2e-05
0.2113	-1.2931	-0.2531	0.02276432943376204	-0.006738716241950105	0.0058800142499688965	1.12210679	63.87288666	1.04118511	0.4421050997542903	0.0194486	0.00027
0.2721	-1.3302	-0.3748	0.02771931918017394	-0.006663667084114349	0.0064332836228510985	1.35086048	76.89407349	1.19182394	0.49876541385649314	0.0246409	0.00139
0.2844	-1.3411	-0.3433	0.0285640585381392	-0.006164502918043972	0.00757472895365539	1.4389441	81.90799713	1.28120269	0.17896744274199627	0.0253057	0.00114
0.2912	-1.2565	-0.2722	0.026272441230270647	-0.006890559886873613	0.006880087911361647	1.27932787	72.82227325	1.12765988	0.34811576594959687	0.0234277	0.00041
0.3087	-1.3099	-0.2389	0.02726727890390741	-0.006092944418712205	0.007555530331883452	1.22064912	69.48214722	1.09530987	0.2275947781159988	0.0239791	0.00048
0.2368	-1.6553	-0.1535	0.03685262715586027	-0.008470082859928481	0.008810422064067375	2.00502443	114.13058472	1.61436169	1.1635689212676528	0.04214	0.01455
-0.139	-2.1981	0.799	0.04425631384282021	-0.01328719159543283	0.008058185156457818	2.63832092	150.17927551	2.19243865	2.5197516165036924	0.0582219	0.03364
-0.2071	-2.0748	1.162	0.037192966359999156	-0.013252285010392943	0.0074403386012518264	2.45249915	139.60186768	2.05191047	0.9402050311533464	0.0491219	0.02157
0.0013	-1.8118	0.5858	0.03406184568192134	-0.011081095420911997	0.008319984544256968	2.26278877	128.80311584	1.93045456	1.3566978105281953	0.0421683	0.01226
0.2306	-1.5175	-0.0468	0.03146828641345776	-0.009681341360812546	0.009122836000174361	2.04272819	116.27677155	1.71634304	1.3960082392240212	0.0267991	0.00092
0.2486	-1.4118	-0.0641	0.02809805562785671	-0.007632324818971204	0.009489355143093169	1.17449069	66.85469818	1.04288742	0.43028832351806	0.0227488	0.00027
0.2344	-1.4318	-0.0441	0.02778738702100172	-0.008073893119725768	0.009149015938954275	1.02022672	58.07363892	0.97892408	0.1088288055874224	0.0221447	0.00021
0.2293	-1.4798	-0.0379	0.02794446665368121	-0.008410741665360674	0.00900589894029074	1.00026417	56.93732452	0.96278349	0.0911522588488966	0.0218316	0.00015
0.2721	-1.4438	-0.099	0.029220302336889065	-0.00851022543272435	0.010330603842554437	1.06165016	60.43156052	1.00232503	0.27490121764176134	0.0237046	0.00043
0.3161	-1.4503	-0.2024	0.03363598534443472	-0.009157742585214249	0.012140510276872556	1.20940685	68.84220886	1.07120332	0.49755532971768346	0.0279949	0.00118
0.2609	-1.529	-0.0537	0.03175102975228084	-0.009257226352577924	0.011829841670017565	1.076231	61.26153183	1.02116488	0.39735539831862704	0.0268818	0.00062
0.2716	-1.5233	-0.0668	0.032724923474893676	-0.00976860782341226	0.012486085468767434	1.01572859	57.81760025	0.97097407	0.1365759496098518	0.028223	0.00084
0.2517	-1.4908	-0.0304	0.031211723013414596	-0.009443976582541317	0.012397073676915723	0.98448128	56.03892899	0.93689748	0.18514217471008693	0.0269515	0.00057
0.2165	-1.5279	0.0393	0.029668851954651604	-0.00917519587773419	0.011756537841433804	0.96243644	54.78408813	0.93957485	0.26460937995260203	0.0260212	0.00042
0.1985	-1.5704	0.0792	0.02868099559802282	-0.009190903841002138	0.011318460199183226	0.94107473	53.56813049	0.92765701	0.1724820981073655	0.025566	0.00049
0.1987	-1.5291	0.071	0.028134707542148592	-0.008688249016427773	0.011362093430483087	0.93586886	53.27180099	0.91018485	0.1043288055874228	0.0252004	0.00055
0.2103	-1.5123	0.0538	0.029249972934172967	-0.008632398480363955	0.011936306754389218	0.94692016	53.90086365	0.91142605	0.13286646259971616	0.0269251	0.00092
0.1755	-1.5412	0.102	0.029038788094681654	-0.008737118235483614	0.011011282250832225	0.92274249	52.52461624	0.90881387	0.17394645490839816	0.0267675	0.00083
0.1773	-1.5699	0.1257	0.02802824245777694	-0.008597491895324067	0.010782644118820968	0.95846444	54.55799103	0.92553067	0.12314050545377617	0.026112	0.00082
0.1964	-1.5085	0.091	0.027853709532577507	-0.008358381787800843	0.01124341104134747	0.94454241	53.76551819	0.91772938	0.15892049776245806	0.025654	0.00074
0.1785	-1.5224	0.1029	0.0280718756890768	-0.007513642429835589	0.01058193125484162	1.03040552	58.65304184	0.98422701	0.1299192650485199	0.0259376	0.0008
0.1595	-1.5686	0.1646	0.027518606316194596	-0.007648032782239152	0.01059414855960558	1.05080938	59.81447983	0.9944695	0.1618938515024863	0.0243919	0.00048
0.1754	-1.5234	0.1597	0.027450538475366812	-0.008354891129296856	0.011248647029103453	0.94887662	54.01222992	0.92268445	0.13747123286916793	0.0239558	0.00032
0.1696	-1.5211	0.2184	0.02630734781531053	-0.00913854396344231	0.01122770307807952	0.9419769	53.61948395	0.9207686	0.1641893722612836	0.0229234	0.00023
0.1577	-1.5664	0.2443	0.02584832622203602	-0.008881980563399144	0.011040952848116129	0.92496037	52.65086365	0.91225305	0.1282167611640534	0.0219207	0.00018
0.177	-1.5256	0.1918	0.026248006620742725	-0.008927359123950995	0.011475539831862716	0.91773015	52.23930359	0.91015765	0.15658229715025707	0.0219649	0.00015
0.1709	-1.5084	0.2061	0.02579945700298018	-0.00911410935391439	0.011437142588318842	0.91098386	51.85528946	0.9045622	0.07128485456349079	0.0216334	0.00015
0.1478	-1.5794	0.2574	0.02580294766148417	-0.009157742585214249	0.011121237993707869	0.94993669	54.0725708	0.92078364	0.1635514242207411	0.0213473	0.00011
0.226	-1.6232	0.1186	0.02996206726898665	-0.009597565556716819	0.012910200477002056	1.3471899	76.68513489	1.19872919	0.5801952531149621	0.0294486	0.00328
0.2772	-1.6169	-0.1058	0.038732346760258156	-0.009941395419359702	0.014517648718088833	1.67946815	95.5991745	1.4291183	0.8179778797500581	0.034934	0.00345
0.2279	-1.6369	0.0273	0.03508286329433802	-0.009869836920027934	0.01386315024859096	1.05245376	59.90807724	0.98998301	0.42117702173748894	0.0304816	0.00143
0.2034	-1.6839	0.0873	0.03327819284777588	-0.009653416092780637	0.013212142437597075	0.94348413	53.70527649	0.91724802	0.26510495424016584	0.0286311	0.00074
0.2197	-1.6334	0.0645	0.03268129024359382	-0.009646434775772659	0.01341634596008041	0.89673293	51.04409409	0.89136852	0.13000437218366884	0.0278788	0.00061
0.2163	-1.5924	0.0892	0.03171786849649295	-0.009457939216557272	0.013466960508388246	0.88841152	50.57041931	0.88617987	0.12922659273120468	0.0266166	0.0004
0.1915	-1.6374	0.1467	0.031257101573966446	-0.009293878266869804	0.013259266327400921	0.90315896	51.40987778	0.89231297	0.16892610266006464	0.0262911	0.00039
0.2147	-1.6468	0.0842	0.03213849284622358	-0.008988445647770796	0.013409364643072432	0.93898034	53.44891357	0.92102776	0.1619461103513828	0.0272115	0.0005
0.2139	-1.5731	0.0992	0.03076317339565205	-0.009382890058721515	0.01348790445941218	0.94398141	53.73358536	0.90945959	0.1819151838931	0.0259281	0.00029
0.1717	-1.5732	0.1663	0.0291155825817694	-0.009330530181161685	0.012781046112354474	0.93440926	53.18871689	0.91169817	0.22974045192500933	0.0244434	0.00024
0.1386	-1.6187	0.2787	0.026918213053508548	-0.00888023523414715	0.012224286080968285	0.97541022	55.52258301	0.93651469	0.35122122533307887	0.0225625	0.00017
0.1664	-1.5479	0.2498	0.025487043066873192	-0.009716247945852432	0.012184143508172414	1.09690034	62.43808365	1.03434832	0.24286626355682545	0.0236614	0.00053
0.1337	-1.483	0.1965	0.028274333882308142	-0.010047860503731356	0.012672835698730825	1.33830142	76.17918396	1.22343871	0.33127977819361426	0.0304642	0.00156
0.1168	-1.5612	0.2354	0.02984338487985104	-0.008100073058505684	0.013550736312483975	1.24716985	70.99176788	1.15598331	0.3537369528260858	0.0262779	0.00058
0.0852	-1.549	0.2829	0.028550095904123243	-0.008072147790473773	0.012810716709638379	1.04786432	59.64683914	0.98555481	0.1943616923302652	0.0240074	0.00028
0.0383	-1.6039	0.3381	0.02810503694486469	-0.008883725892651137	0.0118193696945056	0.9601624	54.65464401	0.9293094	0.26939920382843496	0.0240434	0.00035
0.0721	-1.6173	0.2792	0.029276152872952883	-0.009018116245054702	0.012290608592544069	0.97711205	55.61945724	0.94185061	0.1949372589265112	0.0252668	0.00042
0.0819	-1.5779	0.2693	0.029232519641653024	-0.008623671834103981	0.012636183784438945	0.91501904	52.08498001	0.90304396	0.09828264170727266	0.0248418	0.00032
0.0486	-1.6242	0.3609	0.028208011370732356	-0.008576547944300135	0.012119566325848624	0.9188984	52.30580139	0.90961302	0.25061248096574174	0.0238519	0.00032
0.0495	-1.6649	0.4012	0.026567401873857685	-0.00882787535658732	0.011822860353009588	0.98428977	56.02802658	0.93625134	0.19133214410004457	0.022566	0.00025
0.0696	-1.6061	0.3536	0.026591836483385606	-0.008466592201424492	0.012292353921796064	0.94673276	53.89019775	0.91715824	0.1692605666738612	0.0221173	0.00011
0.0662	-1.5983	0.371	0.026883306468468655	-0.008319984544256968	0.012555898638847207	0.90253669	51.3744545	0.89183241	0.0636811179650858	0.0226362	0.00013
0.0411	-1.6896	0.4411	0.026640705702441442	-0.008197811496617366	0.012301080568056033	0.95741367	54.49818039	0.91850288	0.21747959422289936	0.0227239	0.00023
0.0463	-1.7453	0.4589	0.025712190540380462	-0.008337437836776913	0.012423253615695639	0.94197905	53.61960602	0.91824459	0.1382157274930067	0.0226994	0.00022
0.0833	-1.7067	0.4139	0.02568251994309656	-0.008642870455875919	0.012704251625266724	0.92286199	52.53141785	0.90502781	0.15140506129769957	0.0225934	0.00023
0.0925	-1.6314	0.3772	0.026099653634323206	-0.008279841971461099	0.013002702927357754	0.92097229	52.42385101	0.90263079	0.17513067388662495	0.0227345	0.0002
0.0889	-1.5968	0.3763	0.026410322241178195	-0.008051203839449843	0.01319817980358112	0.91009718	51.8048172	0.89858504	0.07583918075448044	0.0228215	0.00017
0.0605	-1.643	0.4496	0.025726153174396416	-0.008018042583661948	0.01283864197767029	0.92187482	52.47522736	0.90968716	0.2017434074240252	0.0225731	0.00016
0.0682	-1.6734	0.4623	0.024801128670839424	-0.008068657131969784	0.012641419772194929	0.98610198	56.13118362	0.94415339	0.10944306286700936	0.0219111	0.00019
0.0785	-1.62	0.4084	0.025151939850490284	-0.007908086840786307	0.012801990063378408	0.95318437	54.25743866	0.92052762	0.15119758810089068	0.0214366	0.00015
0.07	-1.6102	0.4272	0.02503500279060666	-0.007709119306058954	0.012620475821170997	0.88256651	50.23770905	0.88556433	0.06197094184091944	0.0216568	0.00013
0.0408	-1.6664	0.4951	0.024399702942880724	-0.0076393061359791795	0.01217018087415646	0.91062963	51.83512497	0.89214455	0.2110703982410124	0.0211396	0.00011
0.065	-1.6629	0.4628	0.023907520093818323	-0.007892378877518359	0.012315043202071989	0.92175037	52.46814346	0.89896019	0.10450589592585548	0.020694	0.0001
0.0677	-1.618	0.4296	0.024303709834021043	-0.007874925584998414	0.01256986127286316	0.90183794	51.33468246	0.88854431	0.11422305517569178	0.0207305	0.00011
0.0601	-1.6217	0.4439	0.02432116312654098	-0.007873180255746421	0.012550662651091223	0.89386898	50.88106918	0.88911006	0.027519862177193165	0.0209982	0.00013
0.0241	-1.6891	0.5094	0.023706807229838978	-0.007847000316966505	0.012044517168012869	0.90405899	51.46110916	0.89811915	0.22623406592801368	0.0211102	0.00016
0.0527	-1.6877	0.4738	0.023076743369869028	-0.00789761486527434	0.01210211303332868	0.94964391	54.0559082	0.91995443	0.10251371367967985	0.0202084	0.0001
0.0704	-1.6461	0.4154	0.02437526833335281	-0.0077614791836187825	0.0127426488688106	0.94183457	53.61138153	0.9111347	0.22145982403106307	0.0205195	9e-05
0.0467	-1.6595	0.3962	0.02597049926967562	-0.007986626657126052	0.011719885927141922	0.93979031	53.49501801	0.91154569	0.198457067574938	0.0217097	0.00013
0.058	-1.7022	0.3714	0.027136379210007833	-0.008506734774220362	0.011667526049582093	0.98753637	56.2128334	0.94101105	0.16571739674931754	0.0226601	0.00017
0.0796	-1.6549	0.3231	0.027399923927058978	-0.008248426044925202	0.012362167091875835	0.95409507	54.30927658	0.92855572	0.1780247244320023	0.0224111	0.00014
0.0521	-1.6814	0.3894	0.026808257310632903	-0.008326965861264947	0.011828096340765572	0.94287628	53.67067719	0.92505125	0.18051385919380417	0.0222281	0.00016
0.0682	-1.667	0.3701	0.026387632960902265	-0.008290313946973065	0.012063715789784806	0.95256972	54.22245026	0.92573257	0.08444478565208774	0.0218379	0.00015
0.0654	-1.6175	0.3677	0.026246261291490727	-0.008475318847684463	0.012144000935376544	0.91351193	51.99919128	0.90242344	0.07503308578573377	0.0219964	0.00014
0.0261	-1.6652	0.4456	0.025579545517228894	-0.008531169383748283	0.011616911501274255	0.9363808	53.30094147	0.91605565	0.22738278722139713	0.022065	0.00011
0.056	-1.6613	0.4164	0.02525491427635795	-0.008606218541584039	0.011761773829189788	0.9436149	53.71272278	0.92136739	0.09022713633111158	0.0216271	0.00011
0.0577	-1.619	0.3959	0.02551322300565311	-0.008264134008193149	0.012013101241476969	0.92382425	52.58619308	0.9049737	0.10708603374866164	0.0215046	0.00012
0.0231	-1.6614	0.4644	0.02487268717017119	-0.008150687606813518	0.011637855452298188	0.93363452	53.14461517	0.91454188	0.2019614013020166	0.0212513	0.00015
0.0403	-1.6844	0.4659	0.02418502744488542	-0.008253662032681184	0.011763519158441782	0.94123805	53.57742691	0.912753	0.08751489286485142	0.0206689	0.00011
0.0487	-1.6286	0.4343	0.024446826832684572	-0.007993607974134028	0.011878710889073406	0.91953629	52.34211349	0.90097476	0.12765225884889628	0.0205124	0.0001
0.0239	-1.6709	0.4887	0.0242234246884293	-0.007997098632638018	0.011609930184266279	0.92059368	52.40230179	0.90588315	0.14628367537831946	0.020793	0.00012
0.036	-1.7102	0.488	0.02354274628015151	-0.008047713180945854	0.01155757030670645	0.95922732	54.60141754	0.92466788	0.09128264170727267	0.0204335	0.0001
0.0513	-1.6643	0.438	0.023802800338698665	-0.008059930485709814	0.011742575207417848	0.9164387	52.16579056	0.90422214	0.1340638132011258	0.0198773	8e-05
0.0285	-1.6906	0.4837	0.02345024382979581	-0.007991862644882034	0.011503465099894626	0.90946919	51.76906967	0.90188343	0.12778672286269308	0.0204986	9e-05
-0.0035	-1.774	0.5387	0.022626448422854488	-0.007826056365942573	0.011013027580084218	0.9175055	52.22651672	0.90552158	0.24440196028455943	0.020559	0.00013
-0.0057	-1.8435	0.5355	0.02181661564992912	-0.00786096295098246	0.010686651009961278	0.92140794	52.44865036	0.90930483	0.13345579640440972	0.0203553	0.00014
-0.0137	-1.8996	0.5417	0.02093871503617597	-0.007887142889762375	0.010147344271095031	0.90999889	51.79922104	0.90236365	0.1424693645699656	0.0210281	0.00016
-0.0193	-1.9431	0.5445	0.01999623724009903	-0.008016297254409955	0.00986111027376796	0.9229157	52.53447723	0.90176628	0.11979330790257954	0.0208637	0.00017
-0.0101	-1.9447	0.539	0.019561650256352446	-0.00810705437551366	0.009740682555380353	0.91488111	52.07712936	0.90422222	0.04858859116189489	0.0211597	0.00015
0.0053	-1.9299	0.5161	0.019666370011472104	-0.008402015019100702	0.0097878064451842	0.8923288	50.79339981	0.89090682	0.07544021442552745	0.0204521	0.00014
0.0194	-1.9021	0.5066	0.019624482109424243	-0.008422958970124635	0.009979792662903577	0.87911618	50.04130554	0.8812735	0.06414090353955851	0.0202248	0.00011
0.0447	-1.8448	0.467	0.019301596197805294	-0.008141960960553548	0.010396926354130222	0.90695292	51.62583923	0.89223177	0.1732508806208339	0.019562	0.0001
0.0365	-1.7556	0.4657	0.01948834642776868	-0.0074455745890078095	0.010705849631733216	0.91591859	52.13618469	0.903009	0.158302993955606	0.0185116	7e-05
0.029	-1.699	0.4685	0.020097466336714703	-0.007660250087003113	0.010841985313388773	0.89436865	50.90951157	0.89087388	0.11489655442984406	0.0186012	0.0001
0.0216	-1.6892	0.4746	0.020484929430657446	-0.007874925584998414	0.01088387321543664	0.8788355	50.02532959	0.87935574	0.05550132469929557	0.0187454	8e-05
0.0114	-1.6755	0.4659	0.020928243060664008	-0.007993607974134028	0.010796606752836923	0.88987851	50.65392303	0.88993242	0.0650631240870947	0.0187813	7e-05
0.0032	-1.6498	0.4626	0.02138028333693054	-0.008002334620394002	0.010728538912009143	0.89198774	50.77398682	0.88930237	0.06364173816771426	0.0190563	0.00011
-0.0214	-1.6879	0.4963	0.02116735316818723	-0.008257152691185174	0.010389945037122244	0.90030396	51.24736404	0.89260765	0.13671710572106893	0.0193262	9e-05
-0.0142	-1.694	0.4913	0.021012018864759733	-0.008204792813625343	0.010503391438501875	0.91095334	51.85354996	0.9039563	0.03435702911834797	0.0198252	0.00011
-0.0104	-1.6698	0.4829	0.02142566189748239	-0.007963937376850125	0.010683160351457291	0.88904953	50.60673523	0.88452802	0.07811336912266456	0.0197464	0.00017
-0.023	-1.6933	0.5307	0.020895081804876113	-0.007857472292478471	0.010574949937833642	0.91149247	51.8842392	0.90050196	0.12116277953007892	0.02009	0.00018
-0.034	-1.7439	0.588	0.019959585325807154	-0.007805112414918642	0.010197958819402868	0.92312437	52.54635239	0.91074228	0.18714237375297807	0.0207808	0.00017
-0.0093	-1.7112	0.5359	0.020022417178878947	-0.007716100623066931	0.01028697061125458	0.92029029	52.38503265	0.90532627	0.1215427718387606	0.0204841	0.00016
-0.0176	-1.6734	0.5307	0.020544270625225253	-0.007609635538695277	0.010419615634406148	0.88827938	50.56289673	0.88042188	0.08934817769347661	0.0205804	0.00023
-0.0436	-1.7089	0.5931	0.0200677957394308	-0.0075502943441274695	0.01005484182073933	0.89679021	51.04735184	0.89460701	0.1689294947014539	0.0214142	0.00027
-0.0489	-1.752	0.6246	0.019198621771937627	-0.007452555906015787	0.009812241054712121	0.93916231	53.45927048	0.9184706	0.14037565858160325	0.0208608	0.00024
-0.0414	-1.7045	0.6097	0.018376571694248296	-0.006984807666481306	0.00980002374994816	0.94730479	53.92276001	0.92077959	0.1350007810993888	0.0204226	0.00017
-0.0446	-1.6852	0.6263	0.018388788999012258	-0.006684611035138282	0.009815731713216109	0.90277421	51.3879776	0.89571655	0.055506094968746554	0.0202581	0.00016
-0.0817	-1.7443	0.7013	0.017948966027509686	-0.00669159235214626	0.009199630487262111	0.92890191	52.87522507	0.91624641	0.22434527572322732	0.0210291	0.0002
-0.0569	-1.7701	0.6868	0.017385224679115515	-0.006766641509982015	0.009262462340333906	0.96880758	55.14674759	0.93863428	0.10018111796508612	0.0203364	0.00012
-0.0298	-1.713	0.6155	0.01811651763570114	-0.0067648961807300215	0.009648180105024653	0.94633764	53.8677063	0.92204669	0.2114378025264181	0.0193667	0.00011
-0.0484	-1.7079	0.6294	0.018435912888816103	-0.006663667084114349	0.009583602922700864	0.90983528	51.78990936	0.90082174	0.06186007660272126	0.0198348	0.00011
-0.0772	-1.7846	0.7147	0.01755626694581096	-0.006483898171158934	0.009189158511750145	0.94064856	53.54386902	0.92105239	0.26349296334556377	0.0210649	0.00019
-0.0334	-1.7658	0.6515	0.017362535398839588	-0.007072074129081023	0.009468411192069237	0.95941067	54.61185455	0.93799369	0.17885800926062764	0.0197796	8e-05
-0.0336	-1.7076	0.6245	0.018017033868337466	-0.006911503837897546	0.009679596031560551	0.89578712	50.99025345	0.89089802	0.13671268000863343	0.0199618	0.0001
-0.0591	-1.7359	0.6826	0.017776178431562244	-0.006831218692305806	0.009379399400217526	0.9070152	51.62938309	0.90298613	0.14296686068549927	0.0203639	0.00013
-0.0722	-1.8022	0.7256	0.01710946265730041	-0.006803293424273897	0.009061749476354559	0.91980159	52.35721207	0.90666096	0.17301454830783553	0.020956	0.00016
-0.0313	-1.7697	0.6665	0.016966345658636875	-0.007073819458333017	0.009347983473681628	0.93772173	53.37726974	0.91288455	0.16749385150248625	0.0202125	0.0001
-0.0134	-1.7277	0.6426	0.0176976386152225	-0.006670648401122327	0.010094984393535202	0.92376727	52.58295059	0.90494268	0.17787324668249455	0.0193125	0.0001
-0.0254	-1.8046	0.6478	0.01905550477327409	-0.006874851923605664	0.010211921453418822	1.02494025	58.34194565	0.95305677	0.1780503370209275	0.0204644	0.00017
0.0178	-1.8106	0.5008	0.02177123708937727	-0.007696902001294993	0.010534807365037773	1.11930466	63.71338654	1.03905812	0.38923341527057287	0.0193993	8e-05
0.0157	-1.7372	0.4966	0.021050416108303608	-0.007302457590344275	0.010618583169133501	0.96130514	54.71969223	0.92930756	0.13965205980600529	0.0185825	0.0001
-0.0162	-1.7791	0.5692	0.020469221467389498	-0.007112216701876892	0.010224138758182781	0.94700652	53.90578079	0.92576925	0.20469399701661056	0.0193483	0.00012
-0.0338	-1.8465	0.6057	0.01968556863324404	-0.006991788983489284	0.009754645189396307	0.96165478	54.73959351	0.93178097	0.1901787060659771	0.0197049	0.00013
0.0056	-1.8099	0.5382	0.01967684198698407	-0.0072623150175484055	0.0102799892942466	0.96830463	55.11811829	0.9358263	0.18372983925846925	0.0187961	8e-05
-0.0032	-1.7572	0.5254	0.02020044076258237	-0.00688532389911763	0.010424851622162131	0.92120832	52.43728638	0.90305509	0.12657261109723017	0.0187533	4e-05
-0.067	-1.8079	0.6426	0.018474310132359978	-0.006894050545377602	0.009325294193405703	0.97646236	55.58247375	0.94223321	0.3734207352619396	0.0198885	0.00016
-0.0772	-1.8626	0.654	0.01791056878396581	-0.007113962031128888	0.00894132175796695	0.93179554	53.03993607	0.91551123	0.13468126347921033	0.0198846	0.0001
-0.0523	-1.8228	0.592	0.018327702475192456	-0.0071471232869167785	0.009260717011081911	0.94591224	53.8434906	0.91342942	0.16518451000647497	0.0192983	8e-05
-0.0637	-1.7814	0.5853	0.01884955592153876	-0.0070179689222692	0.009241518389309976	0.94247967	53.64810181	0.90815175	0.0930103216382907	0.0189562	0.00011
-0.1024	-1.8256	0.661	0.018254398646608695	-0.0068591439603377154	0.008700466321191733	0.942352	53.64083481	0.91795742	0.22335171524898928	0.0202016	0.00015
-0.1036	-1.871	0.6774	0.017577210896834894	-0.006988298324985294	0.008321729873508963	0.94284493	53.66889191	0.91838704	0.1222539281052076	0.0203019	0.00019
-0.0823	-1.8156	0.6374	0.017379988691359535	-0.006906267850141561	0.00855385866402421	0.93105721	52.99790955	0.90988201	0.14226907354171692	0.0194222	9e-05
-0.0906	-1.7851	0.6438	0.017535322994787026	-0.006745697558958083	0.008672541053159824	0.8898319	50.65127182	0.88456061	0.06692934918732947	0.0195857	0.00012
-0.1227	-1.8417	0.7045	0.017034413499464655	-0.006873106594353669	0.008138470302049559	0.90232754	51.36254883	0.89638932	0.2075194640914111	0.0204462	0.00013
-0.1046	-1.8645	0.6895	0.016599826515718067	-0.006881833240613641	0.00813148898504158	0.92656982	52.74247742	0.90810169	0.07841474735072712	0.0209033	0.00016
-0.0832	-1.8219	0.6321	0.017238617021947993	-0.006618288523562498	0.008632398480363955	0.93347901	53.13576508	0.91721036	0.19156223593017216	0.0200306	0.00014
-0.0974	-1.8175	0.6626	0.017161822534860243	-0.006635741816082441	0.00855385866402421	0.91026205	51.81420135	0.9065043	0.05773937979737205	0.0202968	0.00012
-0.1235	-1.8788	0.7192	0.016554447955166213	-0.006557201999742696	0.008038986534685882	0.92321873	52.55172348	0.91050717	0.20403932626860527	0.0212912	0.00023
-0.0926	-1.8415	0.6602	0.01649336143134641	-0.006799802765769907	0.008349655141540872	0.95542812	54.38515854	0.92856478	0.1579177948351002	0.0203108	0.0001
-0.099	-1.8009	0.6602	0.016947147036864937	-0.006670648401122327	0.008431685616384604	0.91339672	51.99263382	0.89825122	0.08024852225049192	0.0201473	9e-05
-0.1317	-1.8497	0.7388	0.016400858980990713	-0.006529276731710787	0.007829547024446562	0.91991061	52.36341858	0.90919876	0.2245899158611903	0.0213997	0.00023
-0.1097	-1.8537	0.7163	0.015783012425784722	-0.006927211801165493	0.007883652231258387	0.95364285	54.283535	0.92233955	0.10199434157362607	0.020925	0.00021
-0.0992	-1.7987	0.6658	0.016397368322486724	-0.006778858814745977	0.00823097275240526	0.94137001	53.58493805	0.91970744	0.17150147021341955	0.0203158	0.00015
-0.1272	-1.8036	0.7316	0.015910421461180307	-0.006723008278682157	0.007852236304722489	0.94163096	53.59979248	0.92834763	0.14477669225265055	0.0214373	0.00023
-0.1493	-1.8652	0.7863	0.015065682103215051	-0.006592108584782582	0.007349581480148122	0.94325256	53.69209671	0.92181511	0.2123146938219597	0.0225672	0.0003
-0.1086	-1.8315	0.7315	0.014830062654195819	-0.0068643799480936985	0.0076881753550350216	0.95804715	54.53423691	0.92822029	0.17152423436086248	0.0212875	0.00021
-0.0992	-1.7841	0.6971	0.015906930802676317	-0.006382669074543263	0.008283332629965088	0.93368292	53.14736938	0.91101291	0.19888681484804996	0.0206093	0.00017
-0.1274	-1.8458	0.7136	0.017317156838287738	-0.006564183316750673	0.007953465401338159	0.99901426	56.86618042	0.93489069	0.20248037532228805	0.0208964	0.00017
-0.1195	-1.8865	0.7072	0.017510888385259108	-0.006279694648675598	0.007724827269326902	0.96979642	55.20303345	0.94075523	0.09034291735288502	0.0208069	0.00017
-0.0881	-1.8266	0.6142	0.018610445814015535	-0.006475171524898962	0.00850149878646438	0.95699042	54.47408676	0.93200314	0.28788529110586353	0.0191482	0.00011
-0.0889	-1.8628	0.426	0.024143139542837557	-0.007714355293814937	0.007492698478811657	1.26717734	72.13063812	1.12110733	0.614233890269536	0.0206355	0.0002
-0.0798	-1.8934	0.3913	0.02393719069110223	-0.007799876427162659	0.007201228493728604	1.03033137	58.64881897	0.98709858	0.10354699850830504	0.0204189	0.00013
-0.0634	-1.8259	0.409	0.022879521164393665	-0.0075450583563714865	0.008049458510197848	1.06291068	60.50331116	1.00377207	0.20963588069844907	0.0197177	0.00016
-0.0891	-1.8631	0.5116	0.023033110138569166	-0.007773696488382744	0.007592182246175334	1.04218841	59.32374954	0.98950302	0.2074751685104636	0.0207345	0.00019
-0.087	-1.8976	0.5568	0.020738002172196623	-0.008808676734815382	0.007674212721019067	1.07427883	61.1504097	1.00017664	0.2524059343824455	0.0200235	0.00013
-0.0581	-1.8279	0.5196	0.02036624704152183	-0.008293804605477054	0.00848579082319643	0.96860999	55.13549805	0.93352326	0.220710268109524	0.0192803	0.00011
-0.0766	-1.8071	0.603	0.01918465913792167	-0.00801455192515796	0.008836602002847289	1.00274038	57.07827759	0.95828964	0.21328258817850587	0.0204973	0.00016
-0.1289	-1.9001	0.6801	0.01850223540039189	-0.008361872446304834	0.007463027881527753	1.01189315	57.59927368	0.96445283	0.3425659189998096	0.0213053	0.00022
-0.0911	-1.8802	0.606	0.01875879880043505	-0.00847706417693646	0.00810705437551366	0.98405868	56.0148735	0.95581229	0.18258908123303463	0.0198213	0.00012
-0.0759	-1.8152	0.5798	0.01951103570804461	-0.007571238295151402	0.00888023523414715	0.98047817	55.81106186	0.94395814	0.22796218240140537	0.0194954	0.0001
-0.0999	-1.8488	0.6588	0.018586011204487614	-0.007609635538695277	0.008204792813625343	0.96139753	54.72494888	0.93749767	0.218543208381134	0.0199445	0.00015
-0.0851	-1.8912	0.6542	0.01823694535408875	-0.007936012108818216	0.00823097275240526	0.97372556	55.42668915	0.9428364	0.09688111796508604	0.0203471	0.00016
-0.0503	-1.8112	0.5855	0.01849525408338391	-0.007869689597242433	0.008847073978359257	0.98767847	56.22092056	0.95644834	0.23053662334124717	0.0193149	0.00013
-0.0659	-1.7765	0.5988	0.01865756970381938	-0.007730063257082885	0.00856258531028418	0.93330801	53.12602997	0.91790787	0.09292153143350472	0.0195566	0.0001
-0.0928	-1.8408	0.6647	0.01791056878396581	-0.007637560806727187	0.007880161572754398	0.95733118	54.4934845	0.92831285	0.23319635538695244	0.0203751	0.0002
-0.0542	-1.8128	0.5994	0.017762215797546294	-0.00792554013330625	0.008302531251737025	0.95503092	54.36254883	0.92907657	0.17483509959906027	0.0197339	9e-05
-0.0568	-1.7517	0.5768	0.018360863730980347	-0.0075450583563714865	0.008531169383748283	0.93372262	53.1496315	0.91283876	0.14668839211900367	0.0193015	0.00012
-0.0854	-1.7698	0.6503	0.01773778118801837	-0.007271041663808378	0.008087855753741723	0.94893461	54.01553345	0.92292717	0.1872206432765824	0.0202413	0.00011
-0.0885	-1.8091	0.6754	0.01681101135520938	-0.007349581480148122	0.007834783012202546	0.96038175	54.66712952	0.92778006	0.1304191195343954	0.0208787	0.00014
-0.0559	-1.7609	0.6177	0.016920967098085025	-0.007702137989050977	0.008183848862601411	0.94610494	53.85446167	0.92442862	0.17907890510886823	0.0196642	5e-05
-0.061	-1.733	0.6089	0.017650514725418655	-0.0074228853087318835	0.008468337530676487	0.9098087	51.78839493	0.89592928	0.10646444878638978	0.0195131	0.00011
-0.0881	-1.8032	0.653	0.01826661595137265	-0.007520623746843567	0.00822399143539728	0.95755839	54.50641632	0.92273571	0.18930928796724408	0.0201561	0.00016
-0.0419	-1.8081	0.5565	0.019235273686229508	-0.007951720072086166	0.008576547944300135	1.01759887	57.92405701	0.9715527	0.23521552845011567	0.0190929	9e-05
-0.0406	-1.7509	0.5253	0.019259708295757426	-0.007874925584998414	0.008581783932056119	0.94142729	53.58819962	0.92103495	0.09502325421858282	0.0183272	7e-05
-0.0775	-1.8115	0.6033	0.018884462506578648	-0.007791149780902688	0.007970918693858103	0.96314067	54.82417297	0.93045378	0.22899434157362608	0.0191509	0.00012
-0.0562	-1.8385	0.587	0.018322466487436472	-0.008244935386421213	0.008129743655789588	0.99852449	56.83830261	0.95042924	0.12333032932960916	0.0192186	8e-05
-0.0433	-1.786	0.5491	0.018851301250790754	-0.007873180255746421	0.00863065315111196	0.96331358	54.83401489	0.92694162	0.17337496946757222	0.0185754	7e-05
-0.0577	-1.799	0.5775	0.018969983639926365	-0.007581710270663368	0.008599237224576062	0.90467662	51.49626541	0.90282074	0.077878415037728	0.0192127	0.0001
-0.0821	-1.869	0.6172	0.01843067690106012	-0.0072570790297924225	0.008162904911577479	0.94273692	53.66274643	0.9291171	0.19911351463678872	0.0197704	0.00012
-0.05	-1.8344	0.5486	0.019074703395046026	-0.007867944267990437	0.009075712110370514	0.96519977	54.94138336	0.94443895	0.2436849465488478	0.0192323	8e-05
-0.0795	-1.8183	0.608	0.017828538309122077	-0.00804247719318987	0.008093091741497705	0.98443395	56.03623581	0.95263506	0.22516591899980956	0.0199813	9e-05
-0.1063	-1.8864	0.6824	0.016927948415093003	-0.008122762338781609	0.007300712261092281	0.96921349	55.16985321	0.94800777	0.257962726001312	0.021022	0.00018
-0.0797	-1.8525	0.6202	0.017142623913088302	-0.008059930485709814	0.007661995416255106	0.95480168	54.34949875	0.93752376	0.15463952531149605	0.020004	0.00012
0.0597	-1.7185	0.2211	0.019622736780172248	-0.006914994496401533	0.007853981633974483	1.47407866	83.9079361	1.29385419	0.8633517537055801	0.0206057	0.00078
-0.0569	-1.8551	0.4776	0.018135716257473074	-0.008382816397328765	0.0072082098107365804	1.68534148	95.93349457	1.45986948	0.6897307123432156	0.0214267	0.00049
-0.1096	-1.9231	0.6356	0.017617353469630764	-0.00907047612261453	0.007225663103256523	1.23791945	70.46520996	1.1297999	0.339873790282401	0.0206664	0.00017
-0.139	-1.8551	0.6792	0.01686337123276921	-0.00865508776063988	0.007456046564519776	0.98766005	56.21987152	0.95152725	0.2109877030049729	0.0212088	0.00019
-0.1592	-1.8165	0.7227	0.016760396806901546	-0.008595746566072072	0.00738099740668402	0.94194466	53.61764908	0.92346226	0.11416823891356125	0.0216277	0.00033
-0.1818	-1.8504	0.7806	0.015997687923780025	-0.008309512568745004	0.006990043654237291	0.93492067	53.21782684	0.91764432	0.18639483164476592	0.0224772	0.00036
-0.1978	-1.9203	0.8362	0.015125023297782859	-0.008162904911577479	0.006628760499074463	0.95507652	54.36514282	0.92742516	0.21052777191637587	0.0234579	0.00051
-0.1665	-1.8924	0.7811	0.014798646727659919	-0.008564330639536174	0.007004006288253244	0.97257179	55.36101532	0.93861716	0.16945240436302067	0.0233114	0.00039
-0.1746	-1.8339	0.7543	0.01567829267066506	-0.008306021910241015	0.007051130178057092	0.94282979	53.66802979	0.91332611	0.15265392810520753	0.022219	0.00038
-0.2016	-1.8588	0.8079	0.015433946575385854	-0.00842121364087264	0.006518804756198821	0.92128891	52.44187546	0.91569847	0.15009316238845508	0.0235305	0.00056
-0.2217	-1.9279	0.8719	0.014667747033760345	-0.008237954069413234	0.006122615015996109	0.94896692	54.01737213	0.9193672	0.22048244266438127	0.0248107	0.00077
-0.1857	-1.8959	0.8094	0.014486232791552934	-0.008632398480363955	0.00647866218340295	0.97772789	55.6545105	0.94170975	0.1771002910282487	0.0243583	0.00057
-0.19	-1.8388	0.7889	0.015151203236562775	-0.008459610884416515	0.006745697558958083	0.94023228	53.52017593	0.9079353	0.1371396708256205	0.0235514	0.00043
-0.2113	-1.8528	0.8344	0.014988887616127301	-0.00838456172658076	0.00642979296434711	0.91602653	52.14233017	0.904686	0.10846346864411008	0.0243793	0.00062
-0.2349	-1.9163	0.904	0.014231414720761762	-0.008208283472129332	0.0058259090431570714	0.93363822	53.14482498	0.91212719	0.23358175355035007	0.0252503	0.00081
-0.2137	-1.8774	0.8452	0.013578661580515882	-0.008487536152448424	0.006070255138436278	0.99224806	56.48103333	0.94777285	0.1777175957922089	0.0255367	0.00074
-0.2175	-1.8433	0.8399	0.013931218089418738	-0.0081873395211054	0.006204645490839842	0.92103827	52.42760849	0.91089107	0.08255717463247214	0.0245082	0.00069
-0.249	-1.9031	0.9088	0.013433799252600355	-0.008038986534685882	0.0054873151682701725	0.93841141	53.41652679	0.92317764	0.22835510729037864	0.0256168	0.00109
-0.2257	-1.9332	0.891	0.01283166066066231	-0.00832522053201295	0.005600761569649804	0.96937275	55.17891693	0.94333097	0.12129094953223732	0.0253325	0.00092
