trans_x	trans_y	trans_z	rot_x	rot_y	rot_z	dvars_std	dvars_nstd	dvars_vstd	framewise_displacement	aqi	aor
0.0	-0.0	0.0	-0.0	0.0	-0.0	n/a	n/a	n/a	n/a	0.0416114	0.00662
0.0004	-0.1453	-0.0573	7.67944870877505e-05	9.773843811168246e-05	-0.0009826203688728075	0.99284029	70.87540436	0.96097414	0.26085766470361205	0.0370483	0.0031
0.0092	-0.1945	-0.0699	-0.0016755160819145565	0.0002600540585471551	-0.0019233528356977512	0.89686507	64.02407074	0.89112174	0.21336793281313612	0.0366287	0.00272
0.025	-0.241	-0.0757	-0.003214896482173555	4.537856055185256e-05	-0.001710422666954443	0.83928293	59.91348267	0.85377917	0.16644930334988045	0.0377129	0.00255
0.0441	-0.2701	-0.081	-0.005190609195431136	-0.00017976891295541595	-0.0011833332328521555	0.80920178	57.76609421	0.84327687	0.18989748104335685	0.0387195	0.00279
-0.0027	-0.3213	-0.0578	-0.004642575810304917	-5.93411945678072e-05	-0.001837831702350029	0.86862904	62.00839615	0.88515783	0.18734797865058503	0.0397007	0.00288
-0.0298	-0.243	0.1715	-0.0036093408931242737	-0.0003787364476827695	-0.001129228026040331	1.16269279	83.00058746	1.08220522	0.4377616923302652	0.0434769	0.00476
-0.0059	-0.0498	0.2173	-0.005944591432292687	-0.00013788101090755203	-0.0002024581932313422	0.99620026	71.11526489	0.96965192	0.438043790437631	0.047349	0.00478
-0.0213	0.1317	0.2083	-0.002883283924294633	-0.00032812189937493397	0.000317649923862968	1.01558244	72.49888611	0.96491989	0.39448282567798726	0.0535569	0.00706
-0.0694	0.361	0.1847	0.001155407964820246	-0.0007993607974134029	0.0002251474735072685	1.08435333	77.40820312	0.98676999	0.5311216618754524	0.0659828	0.01263
-0.1119	0.546	0.1701	0.004468042885105484	-0.002012364627549462	-0.00022340214425527416	1.02441657	73.12952423	0.96271423	0.490809418409192	0.0740976	0.01697
-0.1319	0.5181	-0.0354	0.003178244567881674	-0.0010210176124166828	-0.001324704902263696	1.0777334	76.9356308	1.03183334	0.42252240451825057	0.0775019	0.02234
-0.3071	0.4363	-0.0931	0.002183406894244906	0.002686061718819273	-0.008829620685839314	1.31769359	94.06555176	1.2209333	0.9250416394224172	0.0729389	0.02007
-0.2535	0.3413	-0.1552	0.012473868164003473	0.0016545721308906245	-0.00846135621366851	1.33623791	95.38936615	1.2128417	0.795210766492901	0.0854273	0.02905
-0.1137	0.4112	-0.0904	0.011777481792457734	0.0006544984694978735	-0.006550220682734718	1.20463538	85.99472046	1.14759898	0.454879778193614	0.0716614	0.01803
0.0124	0.0374	-0.1242	0.008103563717009672	0.0016458454846306526	-0.004876449930072156	1.46491337	104.57505798	1.35366819	0.8506517921621702	0.0556164	0.00743
-0.0019	-0.1912	0.0036	0.0028885199120506156	0.0006440264939859076	-0.003953170755767157	1.3164283	93.97522736	1.22607815	0.72770709849544	0.0434836	0.00328
-0.0201	-0.2037	0.0061	0.002590068609959585	0.000460766922526503	-0.004557054676957195	1.1467371	81.86156464	1.10170979	0.08747973973702364	0.0382859	0.00186
-0.0285	-0.2592	0.0038	0.0024050637092481865	0.0007033676885537148	-0.004953244417159907	0.83085918	59.31214142	0.85572679	0.10738977034706612	0.0367949	0.00163
0.001	-0.2974	-0.1105	0.00788888821901437	0.0005899212871740833	-0.0044977134823893875	1.02736211	73.33979797	0.97265242	0.4846400922958166	0.0399614	0.0019
-0.0132	-0.2886	0.019	0.004323180557189954	0.0006684611035138282	-0.0038781215979314006	1.01871824	72.72274017	0.9652016	0.36569196813110727	0.0353562	0.00094
-0.0231	-0.0395	0.2112	0.00029496064358704166	0.001192059879112127	-0.0026668630970473357	1.13327348	80.90044403	1.0456001	0.7393538595042638	0.0306017	0.00022
-0.0231	0.1051	0.2337	-0.0017680185322702558	0.00124965574442794	-0.002522000769131806	0.94456303	67.42906189	0.92241981	0.280371868454432	0.0286165	0.00037
-0.0203	0.1311	0.2251	-0.003977605365295077	0.0009704030641088471	-0.0027314402793711255	0.94951916	67.7828598	0.92677213	0.17231395117916165	0.0290861	0.00024
0.0015	-0.0456	0.0358	-0.0063948863793072235	0.0009180431865490173	-0.0031363566658338103	1.09584105	78.22827148	1.01096489	0.531527863901733	0.0302138	0.00039
-0.0039	-0.1701	0.0694	-0.008271115325201127	0.0007627088831215222	-0.003501130479500625	0.86099118	61.46315765	0.86036738	0.2833168531494107	0.0291264	0.00034
-0.0107	-0.1902	0.0899	-0.009911724822075797	0.0005288347633542819	-0.0037978364523396607	0.80590755	57.53092957	0.84459001	0.15595947947404729	0.0335875	0.0007
-0.0298	-0.1695	0.1917	-0.007789404451650692	0.0006894050545377602	-0.003691371367968007	0.90584689	64.66525269	0.91507925	0.2610677872990118	0.0284868	0.00017
-0.0344	-0.0423	0.34	-0.006970845032465352	0.0011466813185602744	-0.002909463863074547	0.93014044	66.39948273	0.90223157	0.38298715940506567	0.0219342	5e-05
-0.0204	0.0382	0.3714	-0.0074176493209759005	0.00039095375244672985	-0.0021991148575128553	0.80322319	57.33930206	0.83316128	0.2215440430092892	0.0219932	2e-05
-0.0078	0.0357	0.1456	-0.011993902619705033	0.0014835298641951804	-0.0038606683054114572	1.18712044	84.74438477	1.08640367	0.6074191429188093	0.0324956	0.00077
0.0133	-0.0911	0.0502	-0.013325588838976705	0.0012583823906879114	-0.003911282853719292	0.92571169	66.08332825	0.90473466	0.3236724120543388	0.0312792	0.0003
0.0097	-0.1202	0.0603	-0.011957250705413154	0.001614429558094755	-0.004328416544945937	0.75055724	53.57966232	0.79811774	0.149875949609852	0.0324894	0.00039
0.002	-0.2262	-0.0867	-7.504915783575618e-05	0.00019896753472735358	-0.004194026192542374	2.14556336	153.16429138	1.78476856	0.9323026961674179	0.0858738	0.04028
-0.02	-0.4026	-0.3936	0.025120523923954384	-0.0022933626371205488	-0.00394269878025519	2.44054484	174.22198486	2.04058421	1.9022615332962611	0.0620952	0.01005
-0.0295	-0.307	-0.1416	0.015297810893730297	-0.0017400932642383465	-0.0034662238944607386	1.26947272	90.62322998	1.1364158	0.8997228644450369	0.0458902	0.00247
-0.0444	-0.1739	0.1345	0.010321877196294465	-0.0012514010736799342	-0.0021380283336930534	1.03896737	74.16825867	0.97057941	0.7637410724380965	0.0402557	0.00045
-0.0465	-0.1159	0.1218	0.005939355444536703	-0.0009285151620609833	-0.0019460421159736775	0.96836686	69.12833405	0.93120261	0.31766969405480444	0.0365596	0.00034
-0.0398	-0.2288	0.0079	0.0018605209826259553	-0.00029496064358704166	-0.0025080381351158514	1.06185293	75.80197906	0.9761046	0.49721924997634315	0.0307351	0.0005
-0.0375	-0.2706	0.0201	-0.00039968039870670147	0.0003159045946109737	-0.0029129545215785357	0.87640047	62.56317139	0.86858064	0.2200991502996678	0.0286099	0.00034
-0.034	-0.2905	-0.0	-0.00013962634015954637	-0.00021467549799530252	-0.0027296949501191318	0.7784186	55.56858826	0.82534087	0.09219468613064173	0.0300411	0.00042
-0.0343	-0.2943	0.0117	-0.0012671090369478833	0.0002024581932313422	-0.002874557278034661	0.89177221	63.6605072	0.89262676	0.10027393579652556	0.0307991	0.00111
-0.1312	-0.3738	-0.0098	0.01702394152395269	0.0025516713664157096	-0.005185373207675152	1.86571562	133.18693542	1.62572783	1.3454539831862715	0.0653819	0.01906
-0.269	-0.3254	-0.0307	0.04853062518095433	-0.011672762037338073	-0.0016406094968746698	2.11111403	150.70506287	1.93497071	2.6708940385777953	0.114727	0.05638
-0.1756	-0.1344	-0.1042	0.041502184283173156	-0.014892894507267612	0.0028361600344907856	1.18129051	84.32820892	1.10360816	1.0941671449538084	0.1055	0.04309
-0.1268	0.1893	-0.3392	0.029712485185951466	-0.012575097260619145	0.003038618227722128	1.43257225	102.26633453	1.30251291	1.3229977268550748	0.0859212	0.02384
-0.1162	0.3579	-0.43	0.017941984710501707	-0.012239994044236233	0.0022916173078685546	1.33382118	95.21684265	1.21283341	0.912630230584312	0.0653598	0.00893
-0.1116	0.2099	-0.3979	0.012205087459196346	-0.010848966630396752	0.0016388641676226754	0.96712083	69.03938293	0.92221749	0.573733890269536	0.0535182	0.00436
-0.1021	-0.0111	-0.2294	0.0068923052161256075	-0.00890117918517108	7.504915783575618e-05	1.03492415	73.87962341	0.96091224	0.8402192349041664	0.0429817	0.00186
-0.1126	-0.1584	-0.1312	0.0039339721339952186	-0.007740535232594851	-0.0006003932626860494	0.91739267	65.48946381	0.88013016	0.4957209727614212	0.0382152	0.00145
-0.1155	-0.216	-0.0937	0.0022602013813326567	-0.0070528755073090855	-0.0010925761117484504	0.80676365	57.59204483	0.82711211	0.2406806663505364	0.0362025	0.00125
-0.1218	-0.2348	-0.0443	0.0012514010736799342	-0.006581636609270616	-0.0015917402778188286	0.80023628	57.12607574	0.83020731	0.17346016858807853	0.0349349	0.00108
-0.1282	-0.1699	0.1318	0.0029565877528783943	-0.007520623746843567	-0.0006283185307179585	0.94802213	67.67599487	0.92303946	0.42777977819361407	0.0363108	0.00087
-0.1151	-0.0824	0.2006	0.0020245819323134223	-0.006230825429619756	3.4906585039886588e-06	0.92549086	66.06756592	0.90698332	0.31208066635053644	0.0326044	0.00031
-0.1131	-0.1985	0.0596	0.0005864306286700947	-0.005000368306963754	-0.0004433136300065597	0.91731071	65.48361206	0.89679618	0.41487063574049393	0.03095	0.00059
-0.1081	-0.2413	0.0689	-0.0002565634000431664	-0.005670574739729577	-0.0004136430327226561	0.82787567	59.09915543	0.84815316	0.13424355293814935	0.0332468	0.00077
-0.1162	-0.2751	0.0554	0.0029862583501622975	-0.005602506898901799	-0.0006422811647339132	1.19952953	85.63022614	1.06764525	0.232376386152225	0.04208	0.00277
-0.113	-0.1188	0.2596	0.0034295719801688577	-0.0062290801003677615	6.9813170079773176e-06	1.27440846	90.97557831	1.11676164	0.4496574656607206	0.0336474	0.00032
-0.0965	-0.0927	0.1344	-0.0004014257279586958	-0.004769984845700502	-0.00037350045992678646	1.05084372	75.0160675	0.97542667	0.4513287369864789	0.0321698	0.00047
-0.0924	-0.1603	0.0513	-0.003837979025135531	-0.004359832471481835	-0.0009686577348568529	1.00583971	71.8033905	0.94291614	0.3768931473162784	0.0303978	0.00052
-0.0803	-0.1825	0.0479	-0.005269149011770881	-0.004424409653805625	-0.001281071670963838	0.78613591	56.11950302	0.82700674	0.1281080552533063	0.030691	0.00066
-0.0762	-0.1903	0.0535	-0.006613052535806515	-0.004120722363958612	-0.0017383479349863521	0.75695759	54.03656387	0.80926809	0.12274335389525803	0.0308807	0.00065
-0.0787	-0.2116	0.0494	-0.005045746867515607	-0.004124213022462601	-0.0018849555921538759	0.88641316	63.27794266	0.89371872	0.11377019919812104	0.032885	0.00088
-0.0686	-0.2425	0.1093	0.012226031410220278	-0.004098033083682686	-0.0016667894356545846	1.69838119	121.24150848	1.44639529	0.9767062186507544	0.0453487	0.00122
-0.0678	-0.049	0.2523	0.00909840139064644	-0.004420918995301637	-0.00045553093477052	1.03228223	73.69103241	0.9612844	0.5703887216038428	0.041508	0.0004
-0.0634	0.037	0.2547	0.004174827570770436	-0.003635520831904189	-0.0006789330790257941	0.9698208	69.23212433	0.92901462	0.38941870637643616	0.0355363	0.00018
-0.0521	-0.0727	0.0587	-0.0012688543661998775	-0.0026389378290154262	-0.0013124875974997359	1.22141874	87.19282532	1.08349322	0.6706909729166508	0.0294473	0.00033
-0.0505	-0.1463	0.0499	-0.002621484536495483	-0.0024556782575560214	-0.0019233528356977512	0.87375367	62.37422562	0.87302614	0.19133774899765127	0.0284293	0.00033
-0.0893	-0.1134	0.2479	-0.0011501719770642632	-0.002775073510670984	-0.0020315632493213996	1.18595099	84.66090393	1.07346247	0.3646459113084916	0.0337141	0.0007
-0.4187	-0.0289	0.3678	0.023521802329127577	-0.007632324818971204	-0.005380850083898519	2.26802564	161.90643311	1.93497828	2.1777256224534596	0.0920703	0.03396
-0.5028	0.11	0.3276	0.041866958096839976	-0.009449212570297301	-0.005536184387326013	1.87454224	133.81703186	1.63925973	1.2790688911232997	0.104593	0.04197
-0.3602	0.0927	0.2537	0.030103438938398196	-0.006824237375297828	-0.0037803831598197174	1.41296422	100.86658478	1.25645929	1.0410147790473772	0.0848004	0.02094
-0.3332	-0.0877	0.1224	0.01980948701013564	-0.005618214862169747	-0.004488986836129415	1.40329099	100.17604828	1.2355555	0.9491289058850167	0.0549728	0.00345
-0.3346	-0.1962	0.1967	0.013447761886616309	-0.00506320016003555	-0.004270820679630125	1.14526606	81.75654602	1.02317238	0.5409452991076409	0.0470037	0.00161
-0.3179	-0.2328	-0.03	0.009656906751284626	-0.00401076662108297	-0.004733332931408622	1.05882728	75.58598328	0.97822761	0.5452900463031382	0.0400614	0.00129
-0.2984	-0.116	0.0047	0.006752678875966061	-0.0027628562059070234	-0.005569345643113905	0.88383514	63.09391022	0.86737219	0.42040755010998976	0.0365748	0.00077
-0.2873	0.0967	0.5043	0.00840899633610868	-0.003337069529813158	-0.004848524662040247	1.26625156	90.39328766	1.12934496	0.8709675882561205	0.0397528	0.00037
-0.2572	0.156	0.6406	0.00486597795456019	-0.003497639820996636	-0.00429700061841004	1.05168247	75.07594299	0.97870916	0.4384556358181088	0.0333299	5e-05
-0.2243	-0.0479	0.464	0.0007155849933176752	-0.002883283924294633	-0.004377285764001779	1.02000749	72.81477356	0.9400389	0.6556517001768127	0.0259717	4e-05
-0.2092	-0.1118	0.4899	-0.0009529497715889039	-0.0026843163895672786	-0.00460766922526503	0.77166086	55.08617783	0.79140046	0.2097942880448592	0.0244365	2e-05
-0.2066	-0.1088	0.5423	-0.0020315632493213996	-0.002256710722828668	-0.004899139210348083	0.73618579	52.55373764	0.77775631	0.14788445647770798	0.0234426	1e-05
-0.2062	0.0055	0.7052	-0.0011222467090323538	-0.0025272367568877894	-0.004419173666049642	0.82598913	58.96448517	0.83116426	0.3605904059323305	0.0232524	3e-05
-0.1925	0.1373	0.7758	-0.0023474678439323734	-0.0014870205226991688	-0.004145156973486532	0.80630988	57.55965042	0.80582299	0.34307270308258747	0.0227279	3e-05
-0.1742	0.0291	0.5587	-0.006045820528908357	-0.0010960667702524388	-0.004202752838802345	1.0053457	71.76811981	0.94056159	0.5509451151369265	0.0196213	4e-05
-0.1577	-0.0396	0.5438	-0.008306021910241015	-0.0012793263417118436	-0.004906120527356061	0.83915091	59.90405655	0.83095598	0.257441432067289	0.0188975	2e-05
-0.1385	-0.0507	0.588	-0.00932005820564972	-0.0005550147021341969	-0.004911356515112043	0.75824499	54.12846375	0.79035415	0.16167919613711673	0.0184531	1e-05
-0.136	0.0508	0.7742	-0.009855874286011979	0.0003612831551628262	-0.004979424355939822	0.82315791	58.76237106	0.83275934	0.36620908892435294	0.0176902	1e-05
-0.1328	0.1719	0.8323	-0.009934414102351725	0.0009930923443847736	-0.004953244417159907	0.76644766	54.7140274	0.77915234	0.21922644721708048	0.0173959	1e-05
-0.1168	0.2189	0.8054	-0.012374384396639796	0.0013700834628155487	-0.004968952380427856	0.88832426	63.41437149	0.85239156	0.2315334687993398	0.0192453	0.0
-0.0929	0.0694	0.6494	-0.015261158979438418	0.0011780972450961724	-0.0052831116457868355	1.02192998	72.95201874	0.93698012	0.4990460032938488	0.0201874	1e-05
-0.1495	0.0815	0.8706	-0.0065833819385226105	-0.0009878563566287904	-0.004806636759992383	1.33648038	95.40667725	1.13861632	0.8559102764217613	0.0256087	0.00018
-0.1331	0.2669	0.9091	-0.002766346864411012	-0.0007208209810736582	-0.00322885911618951	1.04803097	74.8152771	0.94686567	0.52339240467348	0.0244841	2e-05
-0.1115	0.3777	0.9513	-0.0018552849948699724	-0.0020001473227855013	-0.001801179788058148	0.85414821	60.97466278	0.83400793	0.35550337696921214	0.0311237	0.00012
-0.0638	0.2147	0.6158	0.00605105651666434	-0.004797910113732411	-0.0005113814708343385	1.17410386	83.81517792	1.06100316	1.1458951309852516	0.0432707	0.00137
-0.097	-0.0453	0.3742	0.028424432197979653	-0.005181882549171164	0.0002722713633111154	1.67673838	119.69650269	1.51743187	1.711850047544976	0.0781667	0.01495
-0.0688	0.1928	0.7864	-0.010677924363701307	0.002012364627549462	-0.003518583772020568	2.70949626	193.42149353	2.29790413	3.1828729436866627	0.0866768	0.044
-0.0716	0.0807	0.8215	-0.014753268167108069	0.0013177235852557187	-0.003733259270015871	2.97178149	212.14511108	2.43826251	0.3992330171847904	0.0628583	0.02476
-0.0583	0.1236	0.2949	0.03839898887312724	-0.009049532171590598	0.002928662484846485	2.67528963	190.979599	2.32405326	4.0918717275972	0.103745	0.03883
-0.0939	0.2953	0.4872	0.03354697355258301	-0.00650658745143486	0.0038397243543875246	1.36383927	97.35973358	1.23489234	0.8149010955120504	0.0889286	0.02262
-0.083	0.374	0.5873	0.017058848108992577	-0.003068288825006031	0.0015812683023068625	1.5695821	112.04698944	1.38791647	1.298944006104996	0.0635964	0.00642
-0.0644	0.1861	0.4719	0.007079055446089001	-0.0016022122533307947	-0.00027750735106709843	1.40714669	100.45129395	1.24616135	0.9871322443976387	0.0383004	0.00026
-0.0671	0.0159	0.4314	0.0016632987771505957	-0.0013107422682477415	-0.0011623892818282235	1.03754616	74.06680298	0.95453153	0.5430054292391292	0.0277912	5e-05
-0.07	-0.0005	0.5111	0.0002199114857512855	-0.0009791297103688187	-0.0018133970928221085	0.84590596	60.38627625	0.84092238	0.22030038301360588	0.0261024	2e-05
-0.0635	0.1733	0.731	8.37758040957278e-05	-0.00029496064358704166	-0.0016406094968746698	0.90915126	64.90113831	0.87826709	0.44985461721923864	0.0246882	1e-05
-0.064	0.305	0.8173	-0.002267182698340634	-3.4906585039886588e-06	-0.0012322024519079964	0.78159696	55.79548264	0.79185071	0.3710417766243044	0.0243933	2e-05
-0.053	0.3505	0.7289	-0.005585053606381855	0.0003665191429188092	-0.0015463617172669759	0.95268786	68.00906372	0.89578612	0.34500199874114995	0.0241268	6e-05
-0.0233	0.1836	0.5266	-0.010044369845227366	0.0009372418083209549	-0.002775073510670984	1.18691909	84.73001099	1.0355451	0.7118375348825834	0.0186108	2e-05
-0.0317	0.088	0.5536	-0.01118232451752767	0.0010070549784007281	-0.0033405601883171464	0.79438967	56.70870972	0.80407542	0.219662726001312	0.0180881	1e-05
-0.0399	0.0807	0.6001	-0.00995710338262765	0.000804596785169386	-0.0040334559013588955	0.80679578	57.59433746	0.8212252	0.16802875205865556	0.0183387	1e-05
-0.0479	0.1998	0.7074	-0.007279768310068348	0.0005724679946541401	-0.003295181627765294	0.92850804	66.28295135	0.8761382	0.41678690683340747	0.0173258	1e-05
-0.0499	0.3142	0.8041	-0.008716174284459682	0.0011100294042683937	-0.003029891581462156	0.77049339	55.00283813	0.7863624	0.3250628715154362	0.0177165	2e-05
-0.0314	0.2673	0.6357	-0.011625638147534229	0.0011327186845443199	-0.003338814859065152	0.97567004	69.64968109	0.9055449	0.3958538210476734	0.0187187	1e-05
-0.0292	0.1248	0.5702	-0.013306390217204766	0.0017941984710501708	-0.003766420525803763	0.90189427	64.38308716	0.85535969	0.34869187614575	0.0190445	0.0
-0.0302	0.084	0.5988	-0.014486232791552934	0.001446877949903299	-0.0038571776469074684	0.74843609	53.42824173	0.77036261	0.1512960108299372	0.020502	3e-05
-0.0491	0.1152	0.6555	-0.00975988117715229	0.0007906341511534313	-0.0034487706019407953	0.98528272	70.33589935	0.91539424	0.3963501229058592	0.0192436	1e-05
-0.0523	0.2367	0.7322	-0.006595599243286571	0.001054178868204575	-0.0030508355324860886	0.92469954	66.01107788	0.86707821	0.39268808601857846	0.0181412	0.0
-0.0339	0.2851	0.7865	-0.007026695568529171	0.000445058959258554	-0.00217293491873294	0.84219027	60.12102509	0.84228404	0.21700584239708848	0.0233049	0.00021
-0.0465	0.0875	0.5839	-0.0010995574287564276	-0.0026878070480712674	0.00012042771838760874	1.33411562	95.23786163	1.19027474	0.9804683392111555	0.0485249	0.00354
-0.0675	-0.0104	0.4629	0.00791332282854229	-0.0036425021489121657	-0.00011170107212763708	1.55665374	111.12408447	1.35982267	0.749885207432743	0.0415293	0.00067
-0.0756	-0.1216	0.3943	0.012880529879718152	-0.003073524812762014	-0.001970476725501598	1.36174262	97.21005249	1.21065472	0.5576480020349985	0.0597638	0.009
-0.057	-0.1148	0.3728	0.016997761585172775	-0.0016615534478986017	-0.0024399702942880727	1.80205762	128.64260864	1.50648372	0.3468348319552254	0.0595352	0.00631
-0.0744	-0.0631	0.5348	0.00411199571769864	-6.632251157578452e-05	-0.002858849314766712	1.57470322	112.41256714	1.35508758	0.9760937912137797	0.0330468	0.00019
-0.0827	0.0504	0.6807	0.009852383627507991	-0.0031695179216217023	-0.0005532693728822024	1.13423204	80.96887207	1.02845847	0.8251581630869887	0.0392878	0.00017
-0.0769	0.1999	0.7423	0.006702064327658226	-0.00182212373908208	-0.0007155849933176752	0.83911681	59.90162277	0.83325513	0.44990145514124297	0.0360525	0.00013
-0.058	0.2024	0.5866	0.0011519173063162574	-0.0014119713648634124	-0.0012688543661998775	1.06642938	76.12867737	0.99164437	0.5027784384221419	0.0302423	0.00011
-0.0457	0.0421	0.3902	-0.0036651914291880917	-0.0005794493116621174	-0.0024172810140121463	1.16864228	83.4253006	1.04246996	0.7089028718258956	0.0225185	5e-05
-0.0541	-0.0119	0.3916	-0.0042167154728183	-0.00040666171571467877	-0.002886774582798621	0.80867273	57.72832489	0.82757165	0.12349026041820611	0.0232615	5e-05
-0.0735	0.0436	0.5089	-0.00040317105721069014	-0.002045525883337354	-0.0017680185322702558	1.00495195	71.74001312	0.94878946	0.5207582316879326	0.0260611	2e-05
-0.0714	0.2072	0.6554	-0.0006702064327658224	-0.0023963370629882146	-0.0007853981633974483	0.87699866	62.60587692	0.8578462	0.39222334620394	0.0243495	2e-05
-0.0599	0.2611	0.6398	-0.0037734018428117405	-0.0014224433403753785	-0.0010716321607245184	0.90063965	64.2935257	0.86718474	0.2991661564992912	0.0225832	0.0
-0.0446	0.0993	0.4428	-0.006871361265101675	-0.0007400196028455958	-0.0019844393595175526	1.08554149	77.4930191	0.97366319	0.6087595179306375	0.0195758	2e-05
-0.057	0.0417	0.4924	-0.0070808007753409945	-0.0005218534463463045	-0.002537708732399755	0.79689085	56.88726044	0.81758922	0.16864375198104065	0.0197491	3e-05
-0.0602	0.1787	0.6856	-0.007216936456996553	-0.00039269908169872416	-0.0024190263432641405	0.87352747	62.358078	0.85784673	0.3525986217719376	0.0178326	2e-05
-0.0543	0.3209	0.863	-0.006908013179393556	-0.0005951572749300663	-0.0012461650859239514	0.85801959	61.25102615	0.82544399	0.4097121364087264	0.0200463	1e-05
-0.0539	0.3811	0.9611	-0.009845402310500014	-0.0003577924966588376	-0.0009896016858807848	0.85635155	61.13195038	0.82707963	0.33026586547104264	0.0203776	2e-05
-0.0537	0.203	0.7766	-0.011377801393751033	0.0004258603374866164	-0.0017366026057343581	0.95766681	68.36449432	0.89446378	0.5159526418625023	0.0185797	2e-05
-0.0582	0.111	0.6939	-0.011601203538006309	0.0006963863715457374	-0.0022863813201125715	0.79445577	56.7134285	0.79845868	0.23138534463463048	0.0182034	2e-05
-0.0549	0.1127	0.6883	-0.00808261976598574	0.0009913470151327792	-0.002450442269800039	0.8757869	62.51937485	0.85682522	0.20948026826475383	0.0186402	2e-05
-0.0537	0.2759	0.8257	-0.00826762466669714	0.0007557275661135446	-0.0017959438003021652	0.85244536	60.85309982	0.83560843	0.3555561409614254	0.017458	1e-05
-0.0481	0.4282	0.8953	-0.009367182095453565	0.001064650843716541	-0.0016929693744344998	0.75979638	54.23921585	0.76851383	0.3030727566113544	0.018304	1e-05
-0.0299	0.4116	0.7333	-0.01232376984833196	0.0012793263417118436	-0.002040289895581371	1.00933051	72.05258942	0.92594085	0.3727291886010285	0.0195237	2e-05
-0.0095	0.2188	0.5735	-0.014755013496360062	0.0013892820845874865	-0.0027855454861829498	1.05386364	75.23165131	0.93721624	0.5373227490752661	0.019487	1e-05
-0.0916	0.1395	0.593	-0.010950195727012422	-0.0012339477811599909	-0.002764601535159018	1.08654964	77.56498718	0.98944036	0.5033495793059524	0.0263161	0.00019
-0.3908	0.1871	0.6708	-0.0010297442586766543	-0.001420698011123384	-0.002267182698340634	1.56044042	111.39440155	1.32545613	0.9548310267558772	0.0330325	0.00092
-0.1485	0.2441	0.5817	-0.0024556782575560214	-0.0027314402793711255	0.0010786134777324957	1.16448796	83.12873077	1.05578544	0.692523622160012	0.0265118	2e-05
-0.1058	0.2846	0.6097	-0.007016223593017205	-0.0024591689160600103	0.000466002910282486	1.063187	75.8972168	0.97039202	0.3834713633111154	0.0229357	3e-05
-0.0491	0.0493	0.4136	-0.007089527421600967	-0.0007592182246175333	-0.0009773843811168245	1.0292722	73.47615051	0.94529116	0.6489320905712774	0.0219671	4e-05
-0.0678	-0.0212	0.424	-0.008560839981032187	-0.0009075712110370514	-0.0018291050560900572	0.8982752	64.12473297	0.86433422	0.22316931104119847	0.0209571	4e-05
-0.0667	-0.0091	0.468	-0.009274679645097867	-0.00037524578917878077	-0.00233001455141243	0.76354265	54.50664902	0.80425941	0.14455372906231623	0.0208147	4e-05
-0.0599	0.1534	0.5822	-0.010608111193621535	-0.00015533430342749534	-0.0018343410438460403	0.86635357	61.84595871	0.8584658	0.3859508270920672	0.01783	1e-05
-0.0394	0.3048	0.5663	-0.011995647948957027	0.00062482787221397	-0.0016650441064025902	0.82139593	58.63659286	0.81871934	0.30464979342102044	0.017306	1e-05
-0.0238	0.1963	0.3899	-0.014104005685366178	0.0007278022980816354	-0.0033824480903650108	0.94060326	67.14638519	0.89469359	0.49693680731196177	0.0222026	2e-05
-0.0214	0.0664	0.3764	-0.014913838458291546	0.0009826203688728075	-0.004476769531365455	0.83203864	59.3963356	0.82143933	0.25374861423584927	0.0235596	4e-05
-0.0237	0.0405	0.3951	-0.015585790220309363	0.0011117747335203881	-0.0049741883681838385	0.71698928	51.18336487	0.76105738	0.11182624817418904	0.0244755	2e-05
-0.0316	0.1144	0.4933	-0.014453071535765043	0.0008464846872172499	-0.004670501078336825	0.80102414	57.18231964	0.81748992	0.2650848010347236	0.0210721	2e-05
-0.0285	0.267	0.5699	-0.01417381885544595	0.0009023352232810684	-0.0040055306333269865	0.82134366	58.63285828	0.816141	0.2823036830696375	0.0178154	1e-05
-0.0219	0.3674	0.5679	-0.015158184553570752	0.0009075712110370514	-0.004136430327226561	0.76134652	54.34987259	0.77861881	0.16502506898901792	0.0187134	0.0
-0.0033	0.2282	0.3893	-0.018055431111881338	0.000905825881785057	-0.005010840282475721	0.94529641	67.48141479	0.89658949	0.5250700921405871	0.025085	1e-05
-0.0145	0.1179	0.4022	-0.018784978739214968	0.0011100294042683937	-0.00558330827712986	0.77215767	55.12164307	0.78355145	0.2097109572235553	0.0262783	3e-05
-0.0202	0.1169	0.4331	-0.018702948264371237	0.001048942880448592	-0.005911430176504794	0.7002399	49.98768234	0.74465674	0.06116194490192328	0.0265391	2e-05
-0.0199	0.2168	0.5465	-0.016872097879029182	-0.0003089232776029963	-0.005450663253978291	0.83822858	59.83821487	0.83226829	0.39607417329600736	0.0221452	1e-05
-0.0152	0.3575	0.6313	-0.01649510676059841	-0.0009442231253289323	-0.00495848040491589	0.78793347	56.24782181	0.79229044	0.3054236907609555	0.0197513	1e-05
-0.0024	0.3871	0.5309	-0.01996831197206712	-3.141592653589793e-05	-0.00486946861306418	0.95442796	68.13328552	0.901151	0.3665512101056727	0.0277066	6e-05
-0.0046	0.1913	0.4346	-0.022673572312658333	0.0011030480872604163	-0.005717698629533424	0.98721933	70.47414398	0.91634473	0.5286977185428385	0.0308466	2e-05
-0.0218	0.13	0.4795	-0.020408134943569696	0.0003385938748868999	-0.005670574739729577	0.91792661	65.52758026	0.88033066	0.2772507735633	0.0316104	0.00051
-0.0518	0.1016	0.5061	0.00022165681500327985	-0.004316199240181977	1.0471975511965975e-05	1.79529357	128.15974426	1.51567237	1.6332815794441695	0.0380079	0.00084
-0.0211	0.344	0.8924	0.0006003932626860494	-0.0024870941840919192	0.0011449359893082802	1.34415984	95.95488739	1.20773684	0.8265152758784573	0.0379345	0.00083
-0.0132	0.2953	0.653	5.061454830783555e-05	-0.0007243116395776468	-0.0007592182246175333	1.24512196	88.88491821	1.15364138	0.5068357736409149	0.0343762	0.00126
0.0035	0.1088	0.4516	0.010574949937833642	0.0006038839211900379	-0.0014364059743913332	1.41156757	100.76688385	1.24787334	1.0310859350033643	0.0444914	0.00115
-0.0003	0.1874	0.5834	-0.0060021872976084994	0.0027925268031909274	-0.004092797095926702	1.66546023	118.89139557	1.42288198	1.28530856194892	0.0299081	0.00132
0.0018	0.1632	0.6988	-0.010522590060273812	0.0016388641676226754	-0.003937462792499207	1.26715231	90.45758057	1.09697538	0.4331699850830529	0.0185468	3e-05
-0.0021	0.3198	0.8347	-0.008440412262644578	0.0013578661580515882	-0.0025289820861397836	0.97088516	69.30810547	0.89772271	0.4849828256779872	0.0177903	0.0
-0.003	0.4765	0.9432	-0.011484266478122689	0.0014311699866353504	-0.0021886428820008896	0.81504941	58.18353653	0.8052403	0.4389748624100384	0.0186177	0.0
0.0099	0.4161	0.7163	-0.014699162960296244	0.0017889624832941875	-0.003490658503988659	1.06851923	76.27786255	0.96038583	0.543935230041008	0.019108	2e-05
0.0211	0.2338	0.6025	-0.014973179652859353	0.0024120450262561633	-0.003975860036043083	0.91203582	65.10705566	0.8535307	0.3764150383789754	0.0191262	1e-05
0.0124	0.2085	0.6675	-0.015037756835183142	0.0023474678439323734	-0.004845034003536259	0.75165629	53.65812302	0.77610581	0.14891641660703772	0.0192315	1e-05
0.1045	0.1673	0.6033	0.004063126498642799	0.004314453910929983	-0.0032637657012293962	1.96867406	140.53677368	1.65747845	1.3299568851565207	0.0591473	0.01749
0.0484	0.2196	0.6722	0.04882733115379336	0.0017523105690023068	-0.005152211951887261	2.48049259	177.07371521	2.24201005	2.6380397123868047	0.128367	0.0711
0.0661	0.3375	0.9794	0.03137578396310207	0.0010663961729685354	-0.004780456821212468	1.68466461	120.2623291	1.49882601	1.3682608358699933	0.0934585	0.03016
0.0623	0.1584	0.7162	0.01803448716085741	0.003152064629101759	-0.0067160269616741795	1.55954933	111.33078766	1.39581486	1.3142267699419796	0.0560729	0.00424
0.0379	0.0523	0.6391	0.011965977351673122	0.003438298626428829	-0.007403686686959946	1.04872572	74.86486816	0.95446471	0.5597201765898562	0.0419431	0.00082
0.0303	0.0528	0.6082	0.007979645340118073	0.003267256359733385	-0.007531095722355532	0.8219049	58.67292404	0.81504625	0.253239165682304	0.0352713	0.00014
0.035	0.1907	0.7386	0.005422737985946381	0.003347541505325124	-0.007051130178057092	0.79902929	57.03991318	0.80479251	0.42885790220309367	0.0308488	5e-05
0.0421	0.3303	0.768	0.0027558748888990466	0.0036896260387160127	-0.00628842129493557	0.7771374	55.47712708	0.78447284	0.36468282567798727	0.0277833	1e-05
0.0554	0.3009	0.6437	0.000153588974175501	0.0037646751965517687	-0.006243042734383717	0.83271849	59.44487	0.82449723	0.30313568165555765	0.0248686	2e-05
0.0631	0.1494	0.5611	-0.0019303341527057286	0.003918264170727269	-0.006354743806511354	0.85227221	60.8407402	0.82952036	0.35926065865921836	0.022215	3e-05
0.063	0.1268	0.5931	-0.0028902652413026098	0.004120722363958612	-0.0067160269616741795	0.75227463	53.70226288	0.77798463	0.1308836218495524	0.0218195	5e-05
0.0603	0.2727	0.7738	-0.004879940588576145	0.00476474885794452	-0.006681120376634293	0.82121241	58.62348938	0.81612419	0.46273042131496656	0.0198731	1e-05
0.0654	0.3967	0.821	-0.00613134166225608	0.0048520153205442364	-0.006255260039147678	0.72663581	51.87199783	0.74978767	0.2645263936883132	0.0194557	3e-05
0.0735	0.4089	0.7784	-0.007189011188964644	0.004600687908257053	-0.006073745796940267	0.72878373	52.02532959	0.7512598	0.13742555906015788	0.0189081	1e-05
0.0785	0.2563	0.6441	-0.009691813336324512	0.004838052686528281	-0.006511823439190843	0.92465341	66.00778198	0.87178891	0.4508122283940837	0.0181758	1e-05
0.0726	0.1951	0.645	-0.01026428133097865	0.005064945489287545	-0.0066217791820664855	0.74122232	52.91327667	0.77027336	0.11346582701445222	0.0191705	3e-05
0.0673	0.1957	0.6702	-0.01099731961681627	0.004584979944989103	-0.006763150851478027	0.70373261	50.23701859	0.74753566	0.09881877497738015	0.0188821	2e-05
0.0628	0.1954	0.6916	-0.011301006906663283	0.004174827570770436	-0.006759660192974038	0.69475824	49.59636688	0.74641929	0.062066516128483455	0.0190176	0.0
0.0685	0.304	0.7718	-0.010892599861696611	0.003961897402027128	-0.005984734005088556	0.7644155	54.56895828	0.7818369	0.2643131700797732	0.0174338	1e-05
0.0717	0.4479	0.8171	-0.011020008897092195	0.003946189438759179	-0.00538957673015849	0.74630851	53.27636337	0.75975261	0.22931371367967995	0.0171685	1e-05
0.0937	0.5299	0.7179	-0.011527899709422544	0.004267330021126135	-0.004949753758655919	0.92733425	66.19915771	0.87899446	0.266642718309994	0.0220502	0.00018
0.1558	0.3824	-0.3778	-0.017545794970298994	0.004832816698772298	-0.005998696639104511	1.72842562	123.38627625	1.48744949	1.68691624094856	0.048826	0.00614
0.1257	0.2639	-0.6523	-0.02146231381177427	0.005878268920716902	-0.006990043654237291	1.32121027	94.31659698	1.15627121	0.7207659039276328	0.0452901	0.00263
0.1193	0.2441	-0.5612	-0.02155481626212997	0.005822418384653083	-0.007476990515543707	0.74366724	53.08781052	0.77144311	0.14906499238629684	0.044027	0.00226
0.1103	0.3555	-0.1156	-0.013055062804917585	0.0041661009245104645	-0.0057805304826052195	1.68247509	120.10603333	1.46345379	1.1586265475146749	0.0530381	0.01212
0.0673	0.5351	0.7793	-0.010285225282002585	0.0030665434957540365	-0.004836307357276287	1.84895945	131.99076843	1.57275181	1.358180903850018	0.018783	1e-05
0.0729	0.6288	0.8573	-0.013292427583188814	0.0035133477842645856	-0.005122541354603357	0.88159728	62.93415451	0.85639794	0.36431202935119233	0.018608	1e-05
0.0858	0.4438	0.4696	-0.015933110741456234	0.004309217923174	-0.005768313177841259	1.17688572	84.01377106	1.03590995	0.7897162560207368	0.0224057	2e-05
0.0779	0.3434	0.4858	-0.01706932008450454	0.004965461721923867	-0.006415830330331155	0.83823478	59.83865738	0.80992027	0.24649851471440357	0.0234748	2e-05
0.0814	0.3846	0.5733	-0.01712866127907235	0.0044593162388455124	-0.006283185307179587	0.74850935	53.43347168	0.76633111	0.16710658503988654	0.0227696	1e-05
0.0995	0.5394	0.6865	-0.016364207066698833	0.0038903389026953604	-0.004810127418496373	0.84548563	60.35626984	0.81528802	0.426424471860344	0.0191591	0.0
0.097	0.6465	0.7236	-0.017132151937576338	0.0034452799434368064	-0.004159119607502487	0.76339489	54.49609756	0.7753403	0.23990058205649725	0.0197344	2e-05
0.0782	0.7051	0.9674	-0.02061059313680104	0.0035465090400524776	-0.004921828490624009	0.95706224	68.32133484	0.90096541	0.5383189589480947	0.0257725	5e-05
0.0741	0.4669	0.8512	-0.021460568482522275	0.0032009338481576006	-0.0052499503899989435	0.92837358	66.27335358	0.88399793	0.4346836218495524	0.0255736	2e-05
0.0664	0.3938	0.7826	-0.02310292330864894	0.004125958351714595	-0.0060353485533963915	0.81035024	57.84807968	0.80378842	0.31703887465405534	0.0280553	1e-05
0.0685	0.4128	0.7769	-0.025392795287265502	0.0031817352263856626	-0.007829547024446562	0.80008399	57.11520767	0.80709855	0.2782146787497832	0.032737	7e-05
0.0451	0.3651	0.6166	-0.028579766501407144	0.0023282692221604354	-0.009140289292694306	0.85071427	60.72952652	0.83924607	0.49895897433073066	0.0399867	0.00035
0.0228	0.3638	0.572	-0.02645221014322606	0.002012364627549462	-0.008361872446304834	0.92481595	66.01938629	0.88924905	0.22929388995907649	0.0378092	0.00028
0.0428	0.4889	0.8133	-0.020380209675537785	0.0028274333882308137	-0.005564109655357922	1.11292875	79.44810486	1.00685962	0.870641600965827	0.0243461	1e-05
0.0494	0.6115	0.8029	-0.021226694362755035	0.003199188518905606	-0.004953244417159907	0.75942928	54.21300888	0.77869589	0.23105525280450293	0.0243712	1e-05
0.0441	0.6761	0.8249	-0.023373449342708057	0.003478441199224699	-0.004797910113732411	0.8588866	61.31291962	0.83899611	0.22096709818498053	0.0286558	5e-05
0.0535	0.4583	0.561	-0.02554114827368502	0.004035201230610889	-0.005691518690753509	1.00685418	71.87580872	0.93317963	0.6720033769692124	0.0338174	2e-05
0.043	0.384	0.5204	-0.023624776754995244	0.004274311338134113	-0.006358234465015343	0.84408957	60.25661087	0.8231222	0.26650987002374166	0.0315808	5e-05
0.0243	0.3208	0.5846	-0.00476474885794452	-0.0016493361431346415	-0.0019774580425095754	1.85221148	132.22291565	1.52447194	1.6043225900412623	0.0396457	0.00621
0.0326	0.4715	0.6316	-0.003454006589696778	-0.001467821900927231	-0.0013334315485236678	1.41506171	101.01631927	1.18859514	0.31281415022205306	0.0218176	1e-05
0.0501	0.5394	0.5823	-0.007998843961890012	-0.0003089232776029963	-0.0019896753472735357	0.99097657	70.74236298	0.91120415	0.45269898971336686	0.0210304	2e-05
0.0539	0.3698	0.4437	-0.011995647948957027	0.0009704030641088471	-0.0030246555937061734	1.11683846	79.72720337	0.97774072	0.6275555287605749	0.0185139	1e-05
0.046	0.2999	0.4966	-0.014072589758830278	0.0016074482410867775	-0.003787364476827695	0.79777765	56.95056534	0.79172893	0.30453479349863516	0.0191037	0.0
0.0444	0.3107	0.5476	-0.015549138306017481	0.0022410027595607188	-0.004501204140893376	0.72418547	51.69707489	0.7515457	0.2045971364863412	0.0202497	2e-05
0.051	0.4407	0.6767	-0.016306611201383023	0.0022951079663725434	-0.004225442119078272	0.78264916	55.87059402	0.78847273	0.32006700619962347	0.0190868	1e-05
0.0625	0.499	0.6723	-0.012154472910888512	0.001473057888683214	-0.0028640853025226946	1.57953262	112.75732422	1.40486783	0.39097725923697085	0.0466259	0.02149
0.0964	0.276	0.3159	0.04864232625308196	-0.0025778513051956248	0.00041189770347066176	3.17854476	226.90522766	2.80657355	4.019484568192133	0.164218	0.12203
0.0685	0.3605	0.5023	-0.008319984544256968	0.0030997047515419294	-0.004747295565424576	3.17205834	226.44218445	2.82446411	3.688753006148586	0.0203887	0.00015
0.0644	0.2805	0.506	-0.00890117918517108	0.002930407814098479	-0.005030038904247658	0.82195389	58.67642212	0.8320229	0.1394617458590322	0.0173395	1e-05
0.0596	0.3199	0.5925	-0.00921533845053006	0.0022985986248765322	-0.005106833391335408	0.77434254	55.27761459	0.79338241	0.18183814708343385	0.015888	0.0
0.0672	0.4711	0.6854	-0.009323548864153708	0.0018814649336498872	-0.0041835542170304075	0.80579293	57.52274704	0.79454257	0.3241311639577647	0.0150312	2e-05
0.0671	0.4783	0.614	-0.005679301385989549	0.0013334315485236678	-0.0035622170033204267	0.94636589	67.55776215	0.88941767	0.319380903850018	0.0239317	0.00034
0.1029	0.3747	0.5682	-0.012128292972108596	0.0019076448724298022	-0.002782054827678961	1.2988801	92.72251892	1.1385926	0.5753683542833323	0.0415921	0.00375
0.0314	0.2551	0.4781	-0.009011134928046723	0.0024225170017681294	-0.004541346713689245	1.14298379	81.59362793	1.04136833	0.5507661029705242	0.0382937	0.00272
0.0537	0.2811	0.3213	-0.0020001473227855013	0.0013264502315156904	-0.004368559117741807	1.36549497	97.47792053	1.21722976	0.619092098573055	0.0268632	0.00034
0.0454	0.1442	0.2022	0.00865159710213589	0.0007976154681614085	-0.00436157780073383	1.52072453	108.55921936	1.31108182	0.8236780252641824	0.049277	0.00418
0.0502	0.2014	0.3421	0.0061121430404841425	0.002103121748653167	-0.0045640359939651725	1.50555587	107.47637939	1.27562387	0.4042709267687424	0.042402	0.0022
0.0557	0.3687	0.5668	0.003940953451003196	0.0017837264955382047	-0.003556981015564444	1.04466856	74.57524872	0.98033876	0.5723819910498318	0.0321045	0.0003
0.0567	0.5006	0.6138	0.004106759729942657	0.002844886680750757	-0.003682644721708035	0.81554073	58.21860886	0.81615031	0.24753150851478029	0.0325829	0.00023
0.0679	0.4648	0.4419	0.0005724679946541401	0.002782054827678961	-0.003745476574779831	1.02561438	73.21503448	0.96276399	0.4018977720716056	0.0300028	0.00021
0.0642	0.2933	0.36	-0.002900737216814576	0.003701843343479973	-0.004661774432076854	1.05079877	75.01286316	0.95985436	0.5225645792283375	0.0227082	4e-05
0.0505	0.2668	0.3919	-0.004483750848373432	0.0035133477842645856	-0.0051399946471233	0.81307209	58.04238129	0.81996709	0.18458647029103456	0.0214402	4e-05
0.0513	0.3487	0.4478	-0.0004380776422505767	0.0014765485471872027	-0.003516838442768574	0.99825686	71.26207733	0.93102543	0.5238814323777482	0.0246563	3e-05
0.0501	0.5535	0.5845	-0.003420845333908886	0.002176425577236929	-0.0034749505407207105	0.91890877	65.5976944	0.88390458	0.5289266311877949	0.0203664	1e-05
0.0641	0.5389	0.4334	-0.006672393730374321	0.002410299697004169	-0.0036948620264719957	1.02420437	73.11437988	0.93267806	0.364966700099198	0.0212145	1e-05
0.0598	0.3715	0.4139	-0.009594074898212828	0.0034662238944607386	-0.004609414554517024	0.98618585	70.40036774	0.89420035	0.43580789466700526	0.017975	1e-05
0.0519	0.3392	0.4535	-0.011191051163787642	0.003576179637336381	-0.00518013721991917	0.77321345	55.19701004	0.77910297	0.1936827336926301	0.0188879	2e-05
0.0466	0.4165	0.597	-0.011039207518864133	0.00342259066316088	-0.005000368306963754	0.82585889	58.95518494	0.81977391	0.25036007660272125	0.0169855	1e-05
0.0482	0.5917	0.7325	-0.012231267397976262	0.003502875808752619	-0.004185299546282402	0.80985534	57.81274796	0.79919056	0.41667068926926104	0.0168518	1e-05
0.0669	0.6749	0.7156	-0.01322610507161303	0.0035482543693044722	-0.003961897402027128	0.80710304	57.61627197	0.80439918	0.1819809189221948	0.020359	2e-05
0.0915	0.5123	0.5354	-0.016702800941585733	0.003858922976159462	-0.005377359425394529	1.01854539	72.71040344	0.92561097	0.6275413250097547	0.0220414	1e-05
0.0735	0.439	0.5588	-0.016716763575601687	0.004178318229274424	-0.005595525581893821	0.78386784	55.95759201	0.78205825	0.14227620218151038	0.0211356	1e-05
0.0626	0.4921	0.6586	-0.015261158979438418	0.003914773512223281	-0.00544193660771832	0.80226862	57.27116013	0.79314922	0.2574369143694957	0.0190287	0.0
0.0662	0.6351	0.7524	-0.0142506133425337	0.003363249468593073	-0.004740314248416599	0.80764705	57.65510559	0.78472903	0.3535846019918324	0.0168626	1e-05
0.0748	0.6612	0.611	-0.016193164800003386	0.0036425021489121657	-0.004892157893340105	0.93847197	66.99423981	0.87782992	0.2947823891356142	0.0210441	2e-05
0.0749	0.5002	0.5179	-0.018933331725634488	0.004218460802070294	-0.005326744877086694	0.94509453	67.46700287	0.87054769	0.44173562812679096	0.0227585	2e-05
0.0702	0.4475	0.5357	-0.018956021005910415	0.00436157780073383	-0.00560774288665778	0.71759599	51.22667694	0.74312314	0.09754021442552736	0.0235531	2e-05
0.0654	0.4487	0.5734	-0.018320721158184478	0.0042167154728183	-0.00597426202957659	0.70759243	50.51255417	0.7463817	0.10103406592801387	0.0234775	2e-05
0.0723	0.5522	0.7096	-0.016674875673553826	0.004167846253762459	-0.005462880558742251	0.81439656	58.13693237	0.80214185	0.35690480872604163	0.019338	0.0
0.0789	0.6704	0.7816	-0.01607448241086778	0.004349360495969869	-0.005000368306963754	0.76014918	54.26440048	0.75960718	0.25902098783359767	0.0183569	1e-05
0.0843	0.6101	0.5959	-0.01857030324121967	0.0043214352279379595	-0.005110324049839397	0.91968119	65.65283203	0.86541511	0.38308509206297214	0.0229216	1e-05
0.0756	0.4827	0.5454	-0.020319123151717983	0.004675737066092809	-0.005485569839018178	0.83050287	59.28670502	0.80115903	0.3105183768915972	0.0249377	1e-05
0.0777	0.4605	0.5576	-0.019758872461827805	0.004077089132658754	-0.0055658549846099165	0.73857784	52.72449493	0.75699887	0.0984591884457986	0.0251637	5e-05
0.0897	0.4926	0.6799	-0.01275486617357456	0.004002039974822997	-0.005326744877086694	1.11241066	79.41111755	0.99404802	0.5323082776806113	0.0191005	1e-05
0.0879	0.6889	0.7562	-0.014613641826948522	0.0051399946471233	-0.005169665244407204	0.88315189	63.04513168	0.84706559	0.4320904979176878	0.0185479	0.0
0.0789	0.7125	0.6365	-0.015723671231216915	0.0046914450293607576	-0.004611159883769018	0.84149635	60.07149124	0.81479266	0.2581542191334562	0.0207015	1e-05
0.0616	0.5326	0.5003	-0.0186820043133473	0.005679301385989549	-0.004632103834792951	0.94331509	67.33997345	0.86999456	0.5317566694891556	0.0239947	6e-05
0.0622	0.4749	0.4906	-0.020135863580258578	0.005403539364174444	-0.00499862297771176	0.74817789	53.40980911	0.75230459	0.17280702158225944	0.0258529	4e-05
0.0657	0.5407	0.6892	-0.018018779197589457	0.0044820055191214375	-0.004834562028024293	0.91181254	65.09111786	0.87521225	0.4280339588704797	0.0224217	3e-05
0.0375	0.3488	0.4556	0.025897195441091862	-0.004487241506877421	0.00027925268031909274	3.07473922	219.49490356	2.60873678	3.3536518186511786	0.150154	0.10223
0.0393	0.5684	0.5497	0.03166201796042913	-0.004009021291830974	0.0007452555906015787	2.79795623	199.73634338	2.38563172	0.65095228223331	0.0900886	0.02607
0.0388	0.5255	0.344	0.01587202421763643	-0.002176425577236929	-0.001567305668290908	1.63526261	116.73569489	1.49264181	1.2458575358139616	0.0521834	0.00141
0.0279	0.376	0.2041	0.02444857216193657	-0.0032114058236695662	-0.0012147491593880533	1.65287197	117.99276733	1.45484253	0.7985042349817812	0.0868675	0.02583
0.044	0.2749	0.0732	0.03280346329123342	-0.005777039824101231	0.0004729842272904633	2.46750784	176.14677429	2.07507144	0.8785129258203513	0.0967845	0.04025
0.0374	0.341	0.4006	0.008826130027335325	-0.003988077340807043	-0.0012880529879718153	2.03912354	145.56591797	1.79016138	1.7764666481227283	0.0378286	0.00035
0.0379	0.5164	0.5734	0.007379252077432025	-0.004202752838802345	-1.3962634015954635e-05	0.89591306	63.95610809	0.87813271	0.4954821900927231	0.0345555	0.0001
0.0509	0.6568	0.637	0.005241223743738971	-0.003682644721708035	0.00039793506945470715	0.74931842	53.49123001	0.77320359	0.37050170771290136	0.0328111	4e-05
0.0661	0.6659	0.5647	0.0020420352248333657	-0.00382576172037157	0.0003525565089028545	0.81445199	58.14088821	0.81498841	0.26598420390604965	0.0291129	1e-05
0.0563	0.4882	0.3134	-0.0035499996985564664	-0.0016301375213627037	-0.0008831366015091308	1.18006587	84.24079132	1.04966845	0.8899676116405344	0.0213163	4e-05
0.0455	0.3853	0.3335	-0.004394739056521722	-0.0005480333851262194	-0.001780235837034216	0.85514569	61.04586792	0.83843985	0.27499713648634133	0.0198958	2e-05
0.0405	0.3866	0.3828	-0.005195845183187119	-8.726646259971648e-06	-0.0023701571242082994	0.75794476	54.10703278	0.79250258	0.15211670763528637	0.01882	2e-05
0.0344	0.4026	0.4209	0.0039706240482871	-0.001956514091485643	-0.0013002702927357754	1.20823526	86.25170135	1.06239201	0.6694071754086208	0.0292127	2e-05
0.0442	0.5491	0.5489	-0.000148352986419518	-0.0012304571226560022	-0.0020263272615654165	0.91867709	65.58115387	0.88598751	0.5628545486182951	0.0233368	0.0
0.0604	0.5078	0.4103	-0.005860815628196958	2.094395102393195e-05	-0.002541199390903744	1.07000446	76.38388824	0.96075449	0.5700367922397851	0.0184572	1e-05
0.0492	0.3562	0.4143	0.005701990666265475	0.0027052603405912107	-0.0037751471720637348	1.85312223	132.28793335	1.56349028	0.940853523259485	0.059813	0.01653
0.0074	0.4185	0.6368	-0.0071959925059726215	-0.00032637657012293966	-0.0030962140930379405	1.8977617	135.47459412	1.61819957	1.1570276580989018	0.0221418	0.00045
0.0182	0.5436	0.744	-0.00669159235214626	-0.0005794493116621174	-0.0022497294058206906	0.85944629	61.35287476	0.85759277	0.32329787912913943	0.0178846	1e-05
0.0275	0.6889	0.7879	-0.008429940287132611	-0.0006283185307179585	-0.0017296212887263805	0.75142813	53.64183426	0.76138316	0.31386626355682523	0.0185838	1e-05
0.0334	0.6526	0.6875	-0.010971139678036356	-0.0008272860654453122	-0.0021956241990088664	0.84714371	60.47463608	0.81864863	0.30290849179567925	0.0175771	1e-05
0.0388	0.4913	0.6023	-0.012892747184482113	-0.0006003932626860494	-0.0027855454861829498	0.88046688	62.8534584	0.81952463	0.3888210798189552	0.0167425	0.0
0.0398	0.4714	0.6105	-0.014074335088082273	-0.00039793506945470715	-0.003242821750205464	0.73680592	52.59800339	0.74997449	0.12116611804270092	0.0173646	0.0
0.0343	0.4315	0.5812	-0.012126547642856601	-0.0010262536001726657	-0.0031974431896536117	0.79123348	56.48339844	0.79775677	0.2057742268247741	0.0184857	1e-05
0.0426	0.4623	0.6375	-0.00466002910282486	-0.0010210176124166828	-0.0028309240467348025	1.0883894	77.69631958	0.96658935	0.48731368353532656	0.0187106	1e-05
0.049	0.5933	0.6864	-0.0024434609527920616	-0.0020106192982974674	-0.001647590813882647	0.81042308	57.85327911	0.7945512	0.405775153438287	0.0212922	0.0
0.0468	0.6703	0.689	-0.004283037984394084	-0.0022916173078685546	-0.0015114551322270892	0.86015344	61.40335464	0.82501366	0.19463553614143328	0.0213988	1e-05
-0.076	0.7284	0.3611	0.015444418550897824	0.010211921453418822	-0.018209020086056838	2.23516297	159.56048584	2.00552861	2.955228012520452	0.098323	0.04864
-0.0379	0.5642	0.9757	0.002804744107954888	0.006204645490839842	-0.0124040549939237	2.37992048	169.89422607	2.06390277	1.9394957748827528	0.0483939	0.00984
0.0129	0.5407	0.5494	-0.0023404865269243957	0.0038519416591514853	-0.009190903841002138	2.00810385	143.35153198	1.68914294	1.03615428097446	0.0367207	0.00474
0.0131	0.7342	0.8888	-0.006358234465015343	0.00401076662108297	-0.0073181655536122235	1.42035174	101.39395905	1.24318631	0.8355655593706173	0.0219281	0.0
0.0242	0.8161	0.9001	-0.008922123136195012	0.0038222710618675813	-0.006857398631085722	0.76798147	54.82352066	0.77127247	0.26495755764607803	0.0213073	1e-05
0.0507	0.6636	0.6372	-0.011524409050918559	0.004176572900022431	-0.0076166168557032544	1.05002213	74.95742035	0.93937242	0.6276902988747964	0.0170569	1e-05
0.0446	0.5434	0.6225	-0.013327334168228698	0.004787438138220445	-0.008278096642209104	0.83815235	59.83277512	0.80091547	0.2947635071007001	0.0173764	1e-05
0.0457	0.5268	0.6532	-0.015114551322270893	0.004864232625308196	-0.008595746566072072	0.71512771	51.05047226	0.73795681	0.15748307824964564	0.019125	0.0
0.0381	0.5305	0.6574	-0.00966737872679659	0.0032812189937493396	-0.007894124206770353	0.98335624	70.19837189	0.8999327	0.40209042931674377	0.0180733	0.0
0.0414	0.6719	0.7574	-0.010447540902438057	0.0035622170033204267	-0.0075991635631833115	0.87555712	62.50297165	0.8321277	0.31250604143997984	0.0155265	0.0
0.0589	0.7271	0.7276	-0.012397073676915723	0.004049163864626845	-0.008084365095237734	0.81291455	58.03113556	0.79328087	0.24858405839192516	0.0173979	1e-05
0.0624	0.5731	0.6109	-0.014245377354777718	0.00476125819944053	-0.008470082859928481	0.87207162	62.25415421	0.82287286	0.4215057888683213	0.0182108	1e-05
0.0522	0.531	0.6211	-0.015109315334514912	0.005115560037595381	-0.008759807515759539	0.71212119	50.83584976	0.73349254	0.13789822368615515	0.0197824	1e-05
0.0496	0.5727	0.7056	-0.015311773527746252	0.00422893277758226	-0.008009315937401978	0.75735152	54.06468201	0.77139492	0.22077885158010097	0.019008	0.0
0.0585	0.8025	0.7416	-0.015985470619016066	0.003981096023799066	-0.007005751617505238	0.87242186	62.27915573	0.83693431	0.37095490824748734	0.0198047	0.0
0.0997	1.011	0.5583	-0.01638166035921878	0.0025324727446437724	-0.0040334559013588955	0.94512403	67.46910858	0.89697555	0.6738554367752174	0.0235981	7e-05
0.0809	1.0532	0.4354	-0.0183434104384604	0.0009354964790689606	-0.001965240737745615	0.95197266	67.95800781	0.90005191	0.46524707542148575	0.0274799	0.00025
0.0271	0.9606	0.4058	-0.022516492679978843	0.0014137166941154068	-0.0057648225193372695	1.11822057	79.8258667	1.03152182	0.598544211907827	0.0353489	0.00042
0.037	0.7054	0.3423	-0.01732588348454771	-5.759586531581287e-05	-0.005235987755982988	1.03682232	74.01512909	0.94885944	0.6881378259108317	0.0322392	0.00063
0.0275	0.4836	0.1654	-0.0017331119472303693	-0.0015306537539990272	-0.0044645522266014955	1.66875637	119.12670135	1.38443386	1.3000632477691028	0.0489051	0.00842
0.0256	0.41	0.1304	0.00422893277758226	-0.002118829711921116	-0.003829252378875559	2.09054947	149.23703003	1.68103408	0.4697760265230328	0.0424831	0.00249
0.0234	0.5146	0.4086	-0.006934193118173471	-0.0014922565104551516	-0.004242895411598215	1.46182561	104.35462952	1.24439727	0.9951671064972176	0.0213161	1e-05
0.0216	0.7113	0.6445	-0.010299187916018537	-0.001059414855960558	-0.00314857397059777	0.94878429	67.73040009	0.8964758	0.6790078946670052	0.0163844	0.0
-0.0596	1.7506	0.96	-0.037170277079723237	0.008122762338781609	-0.009402088680493453	3.04886889	217.64811707	2.67645208	3.551339053417127	0.165699	0.12894
0.0473	1.2793	0.5159	-0.02152165500634208	0.01005484182073933	-0.006820746716793839	3.48127222	248.5158844	3.07016318	2.0304021759519246	0.105042	0.06022
0.0356	0.8427	0.5106	-0.020324359139473967	0.004468042885105484	-0.006935938447425466	2.20762682	157.5947876	1.97953526	0.7985643266566793	0.0328191	0.00013
0.0079	0.7288	0.5333	-0.021177825143699196	0.003605850234620285	-0.007930776121062234	0.87905592	62.75273514	0.85333378	0.2998248164173597	0.0335934	0.00045
0.0081	0.6923	0.6364	-0.019816468327143618	0.0038746309394274117	-0.007887142889762375	0.8257913	58.95035934	0.83233104	0.2234885376331281	0.0261865	2e-05
0.0137	0.7923	0.7852	-0.01870120293511924	0.003223623128433527	-0.007300712261092281	0.81284481	58.02615738	0.79471762	0.37203519158441783	0.0212681	1e-05
0.0152	0.9582	0.8628	-0.01868898563035528	0.0031695179216217023	-0.006412339671827167	0.77281648	55.16867447	0.7814551	0.29273475504204494	0.0222521	1e-05
0.0241	1.0625	0.7896	-0.02195449666083667	0.003455751918948773	-0.006607816548050532	0.91210347	65.11188507	0.87691938	0.37376109520159134	0.0290887	7e-05
0.0366	0.8317	0.5896	-0.02660928977590555	0.004045673206122856	-0.007754497866610805	1.08831215	77.69081116	0.99046672	0.7628697860401618	0.036073	0.00014
0.0391	0.7308	0.6333	-0.028300513821088055	0.004422664324553631	-0.008180358204097423	0.79286641	56.59996796	0.78701072	0.27180377505499487	0.037286	6e-05
0.0326	0.694	0.6468	-0.029276152872952883	0.004550073359949217	-0.00840899633610868	0.68407428	48.83367538	0.72956282	0.12338431096358364	0.0386848	0.00017
0.0319	0.6876	0.6483	-0.0299795205615066	0.004782202150464463	-0.008728391589223642	0.66644245	47.57500076	0.72209684	0.07134458660919624	0.0404716	0.00025
0.0384	0.7	0.6646	-0.027775169716237755	0.004394739056521722	-0.008866272600131194	0.76302606	54.46976852	0.79315473	0.17168474750595683	0.0388097	0.00016
0.0426	0.7463	0.7283	-0.01833817445070442	0.0038275070496235643	-0.00832522053201295	1.13090444	80.73132324	1.01657762	0.6414639670274868	0.0236656	1e-05
0.0448	0.8514	0.7809	-0.018318975828932483	0.0035499996985564664	-0.008016297254409955	0.8046627	57.44206619	0.80597428	0.1901814625221017	0.0214319	1e-05
0.0527	0.9103	0.7736	-0.02183406894244906	0.004424409653805625	-0.008360127117052838	0.83199191	59.39300156	0.81953202	0.310766646570431	0.0265167	1e-05
0.0608	0.7373	0.6102	-0.024792402024579455	0.005099852074327431	-0.008564330639536174	0.91969454	65.65378571	0.86907031	0.5363989512567768	0.0310783	4e-05
0.0514	0.677	0.6244	-0.025078636021906523	0.005312782243070739	-0.008936085770210968	0.70688981	50.46239853	0.74113925	0.12744596483725842	0.0319565	1e-05
0.0576	0.7049	0.6458	-0.022586305850058618	0.004605923896013036	-0.009133307975686325	0.7768535	55.4568634	0.78847696	0.22532053621904827	0.0299287	2e-05
0.0542	0.8416	0.7611	-0.02157052422539792	0.004340633849709897	-0.00861494518784401	0.82266885	58.72745895	0.80965448	0.34537172294030766	0.0257644	2e-05
0.0458	0.9397	0.8157	-0.02180788900366915	0.0045588000062091886	-0.007679448708775049	0.73060679	52.1554718	0.75297913	0.230651370691974	0.0253673	1e-05
0.0565	0.8553	0.6112	-0.02534567139746165	0.004759512870188536	-0.008150687606813518	0.9580363	68.39086914	0.9128115	0.510086707790516	0.03272	3e-05
0.0563	0.725	0.5862	-0.026864107846696718	0.005345943498858631	-0.008712683625955692	0.81408358	58.11458588	0.79987571	0.2888431548523667	0.03477	9e-05
0.0557	0.7026	0.624	-0.02735978135426311	0.005468116546498235	-0.008997172294030768	0.68835592	49.139328	0.72908288	0.10591676116405356	0.0362845	8e-05
0.0341	0.7055	0.6097	-0.016819738001469353	0.0026546457922833754	-0.007169812567192705	1.32192743	94.36779022	1.14235005	0.7978436916923339	0.0271418	0.00057
0.0325	0.868	0.7049	-0.016016886545551962	0.0025516713664157096	-0.006452482244623035	1.11801982	79.8115387	0.98829885	0.34045781021773625	0.0181768	1e-05
0.0465	0.9148	0.6503	-0.019509290378792614	0.002846632010002751	-0.0067928214487619305	0.91550827	65.35494232	0.86551158	0.32178518404832934	0.0242302	1e-05
0.054	0.7448	0.5251	-0.023130848576680844	0.0038135444156076103	-0.007555530331883452	0.9702093	69.25985718	0.89108231	0.5702589743307305	0.0280305	3e-05
0.0514	0.6931	0.5647	-0.024319417797288988	0.004213224814314312	-0.008093091741497705	0.72788817	51.96139908	0.744275	0.20019055144645487	0.0299686	1e-05
0.0469	0.71	0.6134	-0.02498962423005481	0.004342379178961892	-0.008532914713000278	0.69914287	49.90937042	0.73546709	0.1320591884457986	0.0311039	4e-05
0.0409	0.831	0.7166	-0.021582741530161875	0.0026092672317315226	-0.006911503837897546	0.90873808	64.87164307	0.86561331	0.5682702761113019	0.0249013	2e-05
0.0462	0.9748	0.7798	-0.021654300029493645	0.0025586526834236872	-0.006314601233715484	0.82551134	58.93037415	0.81211986	0.2482537825910834	0.0244942	1e-05
0.0544	0.9091	0.6194	-0.027652996668598155	0.0031084313978019013	-0.007216936456996553	1.02956617	73.49713898	0.94995211	0.6068405288381896	0.0360589	0.00011
0.0431	0.7743	0.5976	-0.02918190509334519	0.004782202150464463	-0.007323401541368206	0.83885205	59.88272095	0.817726	0.33335721308906247	0.0387626	0.00018
0.0248	0.7217	0.6212	-0.02367539130330308	0.0036966073557239895	-0.0067771134854939805	1.11099732	79.31022644	1.0033844	0.4514198320328403	0.0347606	0.00035
0.0235	0.8233	0.7623	-0.019617500792416264	0.0022776546738526	-0.005998696639104511	1.11552584	79.63349915	1.00573922	0.5567630019573838	0.0222508	1e-05
0.0305	0.9902	0.8433	-0.02104692544979962	0.002513274122871834	-0.00538957673015849	0.77458179	55.29469299	0.78407869	0.3686082007674305	0.0237597	1e-05
0.042	1.023	0.7228	-0.024013985178189978	0.002925171826342496	-0.005668829410477582	0.92678386	66.15986633	0.89334238	0.3477105056090056	0.0309756	8e-05
0.0526	0.853	0.574	-0.027960174616949163	0.0038903389026953604	-0.006578145950766627	1.00318897	71.61416626	0.92610741	0.6204336527700547	0.0358469	8e-05
0.0462	0.7849	0.5766	-0.026534240618069794	0.003864158963915446	-0.006656685767106373	0.73050183	52.14797974	0.75290128	0.15363268769995142	0.0338903	5e-05
0.0378	0.8185	0.6651	-0.026398104936414236	0.003913028182971286	-0.006921975813409511	0.73095405	52.1802597	0.76078973	0.1530147473507268	0.0339159	5e-05
0.0379	0.9724	0.8178	-0.026700046897009253	0.003750712562535814	-0.00637743308678728	0.80590749	57.53092575	0.80291842	0.357140015382636	0.0328911	4e-05
0.0389	1.0904	0.849	-0.0260088965132195	0.0032637657012293962	-0.005457644570986268	0.74705827	53.32988358	0.76467145	0.255094288044859	0.0315044	8e-05
0.0539	0.9844	0.6316	-0.0292709168851969	0.0038606683054114572	-0.006339035843243405	0.96522713	68.90419769	0.92373834	0.5754157124208297	0.0394346	0.00019
0.047	0.8509	0.6244	-0.029880036794142924	0.004221951460574283	-0.0068591439603377154	0.79928666	57.05828857	0.79715009	0.22212555906015824	0.0391707	0.00021
0.0462	0.8259	0.6299	-0.02964790800362768	0.0042987459476620336	-0.0070476395195531024	0.68818331	49.12700653	0.72996354	0.0561709418409192	0.0394208	0.00025
0.0395	0.8925	0.717	-0.026905995748744586	0.0033684854563490563	-0.006150540284028017	0.82987481	59.24187088	0.82807833	0.38886359908605767	0.0344626	3e-05
0.0336	1.0288	0.7833	-0.022722441531714176	0.0027628562059070234	-0.004522148091917307	0.90228295	64.41083527	0.85877906	0.5293787829791576	0.0268316	3e-05
0.0406	1.1042	0.7709	-0.02472258885449968	0.003351032163829113	-0.004778711491960474	0.83126181	59.34088135	0.83135237	0.23704433403753808	0.0308673	4e-05
0.0493	0.9459	0.5893	-0.028108527603368676	0.003712315318991939	-0.005934119456780722	0.93894917	67.02830505	0.89229088	0.5937314934426036	0.0363849	7e-05
0.0458	0.8607	0.6191	-0.02914525317905331	0.004157374278250492	-0.006660176425610361	0.75318706	53.76739883	0.76120736	0.2288920751886412	0.0382828	0.00012
0.0395	0.8748	0.6717	-0.02788163480060941	0.0035953782591083183	-0.006487388829662923	0.75409544	53.83224487	0.78091561	0.17292009967667551	0.0362002	0.0001
0.0359	1.0214	0.7675	-0.023170991149476718	0.002380629099720265	-0.004883431247080134	0.96169525	68.65206909	0.90743852	0.6224675196551769	0.0274233	3e-05
0.0371	1.1618	0.8435	-0.024603906465364065	0.002574360646691636	-0.0044540802510895285	0.78197885	55.82274246	0.79619399	0.32039989294246607	0.0294405	2e-05
0.0493	1.0928	0.633	-0.02853613327010729	0.003426081321664869	-0.005555383009097951	0.99221474	70.83074951	0.94236734	0.5859625118862439	0.0377609	0.00019
0.0487	0.9277	0.6135	-0.029895744757410872	0.0037227872945039047	-0.00633729051399141	0.84446532	60.28343201	0.82518529	0.30711124825180386	0.0388933	0.00023
0.041	0.9008	0.6525	-0.0293320034090167	0.0036966073557239895	-0.006707300315414208	0.71347392	50.93241501	0.75016123	0.12159655442984404	0.0385106	0.00015
0.0327	0.6595	0.4462	0.015067427432467046	-0.0021537362969610025	-0.002928662484846485	3.06407952	218.73394775	2.58190421	3.1573206162368233	0.13636	0.08892
0.0182	0.8171	0.3944	0.03541796651072093	-0.002963569069886372	-0.0009930923443847736	2.81652379	201.06181335	2.402221	1.3786970995820482	0.0969915	0.03296
0.0384	0.7931	0.0321	0.02988876344040289	-0.007899360194526335	-0.0016318828506146981	1.57211018	112.22746277	1.44684582	0.9616892350593965	0.0872967	0.02428
0.2123	0.5519	-0.1933	0.055955255818938204	-0.008234463410909247	0.008004079949645995	1.90436506	135.94598389	1.78437517	2.4423779197589455	0.126876	0.07065
0.1208	0.5776	0.1435	0.036189402040102424	-0.003968878719035105	0.004965461721923867	2.08665705	148.95916748	1.84324595	1.8075028349216025	0.109044	0.05163
-0.2549	1.0022	1.3534	0.026640705702441442	-0.0051783918906671755	0.0015358897417550098	2.3985858	171.22666931	2.12310592	2.7195890744730953	0.126822	0.06892
-0.2851	1.2132	1.6446	0.033356732664115624	-0.008293804605477054	0.0033597588100890844	1.98656797	141.81416321	1.77067559	1.1151654372409068	0.125395	0.06709
-0.1088	0.9583	1.4057	0.044043383674076904	-0.0013334315485236678	0.0010611601852125523	1.75576437	125.33789825	1.57125179	1.66738113458956	0.143307	0.08736
-0.0551	0.8945	1.0245	0.02744879314611482	-0.004591961261997081	-0.0025289820861397836	2.03601575	145.34407043	1.82572173	1.6708631256393915	0.0916988	0.03107
-0.0467	0.6467	0.8178	0.019319049490325233	-0.004230678106834255	-0.0034697145529647274	1.41760206	101.19766998	1.28375664	0.9344879638888676	0.0587589	0.00448
-0.0572	0.5494	0.8185	0.016247270006815213	-0.003834488366631542	-0.004063126498642799	0.84423059	60.26667786	0.83443954	0.3115690584695404	0.0525515	0.00265
-0.0615	0.5656	0.8567	0.013372712728780553	-0.003118903373313867	-0.0044924774946334045	0.76043606	54.28487778	0.78570805	0.259674663367147	0.0468575	0.00119
-0.0576	0.719	0.9538	0.010925761117484502	-0.001973967384005587	-0.004129449010218584	0.77311069	55.18967438	0.78801864	0.4521458042509575	0.0415981	0.00055
-0.0416	0.7528	0.8526	0.007494443808063651	-0.000921533845053006	-0.003991567999311032	0.83497727	59.60611725	0.82567965	0.38208159296404925	0.0331876	8e-05
-0.0266	0.6192	0.7382	0.002537708732399755	0.00029845130209103034	-0.004019493267342941	0.88644689	63.28035355	0.83958532	0.5732322745419922	0.024981	1e-05
-0.0226	0.5873	0.712	-0.0005550147021341969	0.0010140362954087054	-0.0042882739721500675	0.73006004	52.11643982	0.73705739	0.2659544566329376	0.0219454	1e-05
-0.0293	0.6041	0.7564	-0.001481784534943186	0.0012514010736799342	-0.0045308747381772796	0.69003606	49.25926971	0.72378487	0.13823676885537142	0.0213091	1e-05
-0.0325	0.7483	0.8849	0.000307177948351002	0.0004468042885105483	-0.003492403833240653	0.77529573	55.34565735	0.76662223	0.4575015086700101	0.0224273	1e-05
-0.0079	0.8925	0.9161	0.0012339477811599909	-0.0002530727415391778	-0.0022636920398366456	0.6989584	49.89620209	0.70910377	0.34276793281313606	0.026011	2e-05
0.0184	0.8099	0.8306	-0.0015271630954950383	-0.0011955505376161158	-0.0011257373675363424	0.81625432	58.26955032	0.79713954	0.4364771672516135	0.0241507	2e-05
0.0183	0.6352	0.7535	-0.003682644721708035	-0.00042935099599060504	-0.0014049900478554352	0.81150681	57.93064117	0.78101515	0.41194669240788	0.0229806	3e-05
-0.0168	0.6234	0.6789	-0.00676838683923401	0.0011676252695842063	-0.002778564169174973	0.84222221	60.12330627	0.80975156	0.42431462522101615	0.0195442	0.0
-0.0274	0.6974	0.8441	-0.009339256827421658	0.0020315632493213996	-0.0035901422713523357	0.81189555	57.9583931	0.79795411	0.4621193035051103	0.0180434	1e-05
-0.0117	0.8103	0.8669	-0.0025080381351158514	0.0007679448708775049	-0.0014346606451393388	0.99624687	71.11859131	0.89411865	0.6639159348481348	0.0214781	2e-05
-0.0015	0.9461	0.8638	-0.005689773361501514	0.0006527531402458793	-0.0017400932642383465	0.84058106	60.00614929	0.80769998	0.3292179788058148	0.0200016	3e-05
0.0151	0.8053	0.5851	-0.009416051314509406	0.0001972222054753592	-0.0023911010752322315	1.02472866	73.15180206	0.9221822	0.6777408349386149	0.0146133	0.0
0.016	0.732	0.6033	-0.011205013797803597	0.00016231562043547262	-0.002967059728390361	0.76063585	54.29914093	0.75772592	0.2123913860746104	0.0146662	1e-05
0.0084	0.7179	0.6399	-0.011885692206081384	0.0004520402762665313	-0.0033545228223331013	0.69764864	49.80270386	0.72797845	0.1261933079025794	0.015482	1e-05
0.0003	0.8196	0.8299	-0.012070697106792783	0.0008447393579652555	-0.0032882003107573173	0.80515563	57.47725296	0.79834589	0.3320013246992953	0.0160944	0.0
0.008	0.9587	0.9089	-0.011677998025094059	0.000905825881785057	-0.0026755897433073067	0.74631536	53.27685165	0.74188722	0.2791198086484269	0.0170838	0.0
0.0218	0.9489	0.7665	-0.013006193585861742	0.0018238690683340744	-0.002712241657599188	0.88103282	62.89385986	0.84478618	0.2801445330804292	0.017521	0.0
0.0356	0.8176	0.6238	-0.01524545101617047	0.0017941984710501708	-0.0036198128686362394	0.91223854	65.12152863	0.85137128	0.4466249619314841	0.0165625	0.0
0.0334	0.7698	0.6464	-0.016228071385043275	0.001853539665617978	-0.004035201230610889	0.71723986	51.20125198	0.73757854	0.14546749627076305	0.0178954	0.0
0.0221	0.8366	0.7737	-0.015622442134601244	0.0017470745812463236	-0.004103269071438669	0.77828234	55.55886078	0.78659898	0.24440810878207336	0.0171936	1e-05
0.0199	0.9921	0.8766	-0.01427853861056561	0.001593485607070823	-0.003120648702565861	0.79636413	56.84965897	0.78030898	0.38460564335419695	0.0171902	0.0
0.0297	1.0585	0.8143	-0.015231488382154514	0.0018675022996339327	-0.0031258846903218446	0.83653927	59.71762085	0.81984825	0.20011012259539987	0.0195014	0.0
0.0467	0.8738	0.6282	-0.01746027383695127	0.0018099064343181197	-0.0036896260387160127	0.94397265	67.38691711	0.87890168	0.530306133425337	0.0190658	0.0
0.0388	0.802	0.6622	-0.018053685782629343	0.002089159114637212	-0.004246386070102203	0.73148704	52.2183075	0.74638016	0.18517123286916773	0.0193797	1e-05
0.0284	0.8599	0.7742	-0.01649510676059841	0.001509709802975095	-0.003862413634663451	0.89121675	63.62085724	0.84703312	0.3064000384565901	0.0209888	9e-05
0.0312	1.0028	0.8544	-0.012562879955855184	0.0010873401239924673	-0.002717477645355171	1.0548923	75.30508423	0.93669601	0.5008766236517066	0.0168781	1e-05
0.0415	1.0271	0.7369	-0.01568527398767304	0.0010576695267085637	-0.0031712632508736965	0.94789797	67.66712952	0.88522221	0.3323925117310143	0.0194114	0.0
0.0489	0.8616	0.6154	-0.018186330805780915	0.001572541656046891	-0.003783873818323706	0.93748862	66.92404175	0.86905665	0.4758269757448104	0.0202947	1e-05
0.0413	0.8281	0.6745	-0.018622663118779494	0.0016877333866785165	-0.004312708581677988	0.72972608	52.09259796	0.74944696	0.15421794034922445	0.020711	1e-05
0.0323	0.8809	0.7929	-0.01233947781159991	0.0011047934165124105	-0.003572688978832392	1.09891379	78.44762421	0.96571941	0.5605072440095644	0.0187619	1e-05
0.0253	1.0323	0.8924	-0.011229448407331515	0.0009128071987930344	-0.0027366762671271086	0.90878308	64.87485504	0.85047472	0.3648014166846527	0.0171201	0.0
0.0188	1.147	0.9429	-0.011782717780213718	0.0012793263417118436	-0.0024242623310201236	0.69102049	49.32954407	0.72393763	0.23331012259539988	0.0195799	1e-05
0.0725	1.1532	0.5269	-0.016151276897955525	0.001270599695451872	-0.002698279023583233	1.51174128	107.91793823	1.30905049	0.7084651228282444	0.0407116	0.00497
0.1135	0.8988	-0.5411	-0.021886428820008894	0.0021327923459370708	-0.004002039974822997	1.89769185	135.46960449	1.63037836	1.7584552761889165	0.0448698	0.00363
0.1046	0.8353	-0.5272	-0.02481160064635139	0.0030909781052819575	-0.004879940588576145	0.94653946	67.57015228	0.90357561	0.32436290997202655	0.0455943	0.00262
0.1005	0.8408	-0.2876	-0.024197244749649387	0.0029181905093345183	-0.004759512870188536	1.09052932	77.84908295	1.00917343	0.2945785605518524	0.0496314	0.00557
0.04	1.0453	0.6788	-0.01691224045182505	0.0009826203688728075	-0.002769837522915001	1.70750761	121.893013	1.47073174	1.7919124892779787	0.0247815	0.00014
0.037	1.1852	0.9911	-0.017182766485884175	0.0013334315485236678	-0.0022218041377887812	1.0353545	73.91034698	0.96511824	0.5136685299418104	0.0229563	2e-05
0.0302	1.2618	1.104	-0.018177604159520945	0.0017366026057343581	-0.0021799162357409173	0.738554	52.72279358	0.7767095	0.2682948316447663	0.0261859	0.00012
0.0506	1.1966	0.8828	-0.02326698425833641	0.0018622663118779497	-0.0031730085801256907	1.10260928	78.71143341	1.02058818	0.6172068074671914	0.0309824	5e-05
0.0587	1.0003	0.8151	-0.025366615348485583	0.0020734511513692635	-0.0037646751965517687	0.92291701	65.88382721	0.87396213	0.4172241273033284	0.0305375	1e-05
0.0562	0.945	0.8016	-0.025209535715806093	0.0019373154697137059	-0.004141666314982544	0.70324504	50.20220947	0.74410391	0.1048103216382912	0.0312649	4e-05
0.0454	0.9914	0.8719	-0.023745204473382853	0.0012758356832078548	-0.003867649622419434	0.78404987	55.97058487	0.80490253	0.24749138607461008	0.0292296	3e-05
0.0455	1.1287	0.9412	-0.01894729435965044	0.0007068583470577034	-0.002780309498426967	0.95344079	68.06281281	0.88887433	0.5294113786937515	0.0229617	0.0
0.0455	1.2441	1.0052	-0.020626301100068984	0.001155407964820246	-0.0029129545215785357	0.76380295	54.52522659	0.79397998	0.2924100690666327	0.0263555	4e-05
0.0621	1.0907	0.7912	-0.023944172008110203	0.0013194689145077131	-0.0034033920413889425	0.97301978	69.46048737	0.9288207	0.5826184688769548	0.0296997	3e-05
-0.2355	1.9006	0.4754	-0.005982988675836561	0.0050230575872396805	-0.006834709350809794	2.12678194	151.82354736	1.89023321	2.678104465721323	0.0860553	0.03184
-0.1319	0.9789	0.2098	0.008314748556500984	0.002673844414055313	-0.00832522053201295	2.22711372	158.98588562	1.96118537	2.1977730793362533	0.0519995	0.00502
-0.1328	0.8351	0.3862	0.003106686068549906	0.0015289084247470327	-0.008983209660014814	1.13843107	81.26862335	1.06539399	0.6716493802630611	0.0335562	0.00033
-0.0848	0.8339	0.3789	0.001748819910498318	0.0007120943348136865	-0.007953465401338159	1.23252714	87.98581696	1.10747175	0.21672122533307947	0.0376625	0.00334
-0.0727	0.7731	0.4078	0.01149299312438266	-0.0011833332328521555	-0.006115633698988131	1.39553571	99.62242889	1.22740902	0.7756716241950106	0.0408591	0.00057
-0.0686	0.6144	0.1515	0.030017917805050472	-0.003968878719035105	-0.004220206131322289	1.59971988	114.19842529	1.43865548	1.5793948867258303	0.0773263	0.0151
-0.0674	0.7549	0.3765	0.024122195591813632	-0.004380776422505768	-0.004422664324553631	1.21617532	86.81851196	1.09709185	0.6922039054969423	0.0651138	0.00573
-0.0503	0.9506	0.5882	0.021354103398150623	-0.003902556207459321	-0.001656317460142619	1.122051	80.0993042	1.04404867	0.7251329636560233	0.0620325	0.00489
0.0142	1.1166	0.3379	0.016395622993234733	-0.0023771384412162766	0.0014870205226991688	1.11182129	79.36904144	1.02968789	0.962161807700036	0.0536888	0.00169
0.0146	1.225	0.2404	0.0077614791836187825	-0.0023963370629882146	0.0006475171524898963	1.23640037	88.26231384	1.10834013	0.6809422900798582	0.0484722	0.00169
-0.0327	1.0266	0.2323	-0.002267182698340634	-0.003921754829231259	-0.001762782544514273	1.4721781	105.09365845	1.26847909	0.9520189672603315	0.0268871	0.00019
-0.0585	0.9022	0.4502	-0.006492624817418905	-0.003522074430524557	-0.0029321531433504737	0.97156692	69.35677338	0.89850159	0.6578246558310584	0.0186008	2e-05
-0.0505	0.8976	0.5379	-0.008960520379738888	-0.0038152897448596045	-0.003771656513559746	0.76770562	54.80382538	0.76815955	0.2803307123432152	0.0182766	2e-05
-0.035	1.0352	0.6939	-0.00822399143539728	-0.004715879638888678	-0.002694788365079245	0.8170135	58.32374573	0.80685095	0.4447993493425589	0.018658	1e-05
-0.0293	1.1468	0.7264	-0.006352998477259359	-0.004017747938090946	-0.0022794000031045943	0.73748887	52.64675903	0.73798516	0.2990256510455155	0.0204914	1e-05
-0.0185	1.1768	0.5838	-0.011833332328521556	-0.0027384215963791032	-0.0029077185338225527	1.14732051	81.9032135	1.01212058	0.5527989361846	0.0239007	0.0001
-0.0173	0.9975	0.4497	-0.015222761735894541	-0.001748819910498318	-0.0035482543693044722	1.06775868	76.22357178	0.96120755	0.5655783464367845	0.0201926	1e-05
-0.0179	0.9468	0.4932	-0.016235052702051254	-0.0013124875974997359	-0.0039514254265151615	0.7168805	51.17559814	0.74569965	0.18738971681829933	0.0206936	1e-05
-0.0292	0.9305	0.5139	-0.015858061583620478	-0.0016510814723866359	-0.004098033083682686	0.70131522	50.06444931	0.74154288	0.09140963252425997	0.0203176	1e-05
-0.0318	1.0661	0.6486	-0.015899949485668342	-0.0022497294058206906	-0.003745476574779831	0.79308724	56.6157341	0.7942232	0.32255461721923867	0.0198298	1e-05
-0.0345	1.1644	0.6987	-0.015631168780861217	-0.0028152160834668534	-0.003239331091701475	0.73538214	52.49636459	0.75445298	0.2181206432765823	0.0206566	0.0
-0.0131	1.0987	0.579	-0.017252579655963947	-0.002542944720155738	-0.003220132469929538	0.83389246	59.52867508	0.83675745	0.3024440430092893	0.0225863	1e-05
-0.0143	0.9779	0.546	-0.018387043669760263	-0.001891936909161853	-0.003490658503988659	0.77581948	55.38304901	0.78067877	0.2577998929424661	0.0226558	1e-05
-0.02	0.9563	0.577	-0.01900314489571426	-0.0014590952546672592	-0.003991567999311032	0.69404674	49.54557419	0.733552	0.135792618788548	0.0229509	0.0
-0.019	0.9819	0.6087	-0.019699531267259998	-0.001467821900927231	-0.004284783313646079	0.68680799	49.02882767	0.73011605	0.1082164166070379	0.0243369	1e-05
-0.0466	0.8285	0.469	-0.004253367387110181	-0.006450736915371042	-0.0013945180723434693	1.98400855	141.63145447	1.64823205	1.486667206794812	0.0628228	0.02148
-0.0712	0.94	0.6062	0.008557349322528197	-0.012245230031992217	0.001673770752662562	2.10321569	150.14123535	1.75754155	1.3569749325632792	0.04716	0.00236
-0.0739	1.0767	0.659	0.002879793265790644	-0.01275137551507057	0.0009197885158010115	1.0469346	74.73700714	0.96733798	0.5390841888338729	0.0400494	0.00117
-0.0675	1.1768	0.7297	0.0002583087292951608	-0.010672688375945327	0.0011938052083641214	0.86142433	61.49407959	0.83815185	0.42590941840919194	0.0351035	0.00035
-0.0449	1.0243	0.4289	-0.006602580560294549	-0.007236135078768491	-0.00023387411976724014	1.21543396	86.76559448	1.08898846	1.0621560957448954	0.0250491	0.0001
-0.0488	0.8964	0.4772	-0.009374163412461545	-0.006269222673163632	-0.0009197885158010115	0.83842123	59.85196686	0.80292598	0.40132048269028137	0.0211422	6e-05
-0.0512	0.876	0.5133	-0.010814060045356866	-0.005511749777798093	-0.0016423548261266642	0.68920344	49.1998291	0.7198872	0.2048967919293256	0.0210505	5e-05
-0.0592	0.9497	0.6316	-0.011470303844106734	-0.005597270911145814	-0.001710422666954443	0.74477112	53.16661453	0.76288898	0.2404916386462684	0.0205705	2e-05
-0.0472	1.1089	0.6544	-0.012196360812936374	-0.005735151922053367	-0.001192059879112127	0.78212315	55.83304214	0.78380175	0.26311503837897543	0.0214946	0.0
-0.0194	1.2506	0.5106	-0.01315454657228126	-0.004279547325890096	-0.00026878070480712676	0.89243555	63.70786285	0.8707766	0.48015347649065776	0.0245703	6e-05
0.01	1.2481	0.4707	-0.02078512606200047	-0.0030176742766981957	-0.001973967384005587	1.12982786	80.65447235	1.02495455	0.6016819609054785	0.0309048	6e-05
0.0052	1.0371	0.5027	-0.021076596047083524	-0.0024818581963359366	-0.002462659574563999	0.86631149	61.84295654	0.83990583	0.31359891280018626	0.0270129	2e-05
0.0034	0.9892	0.527	-0.02151118303083011	-0.002145009650701031	-0.0029565877528783943	0.71374589	50.95183182	0.74334312	0.1372681853847942	0.027206	6e-05
0.0012	0.9795	0.5296	-0.02179741702815718	-0.0017872171540421933	-0.0033196162372932147	0.67473859	48.16723633	0.7255417	0.06485274892003637	0.0281873	3e-05
-0.0021	0.9723	0.53	-0.021715386553313447	-0.0018884462506578647	-0.0035412730522964946	0.68985069	49.24603653	0.73754123	0.031145819323134323	0.0282015	2e-05
-0.0184	1.0726	0.7107	-0.019238764344733497	-0.003077015471266003	-0.00277332818141899	0.90456915	64.57403564	0.88030973	0.5189568150032795	0.0242976	6e-05
-0.018	1.1881	0.7849	-0.017535322994787026	-0.003186971214141646	-0.002078687139125246	0.79593325	56.81889725	0.80108629	0.31550190675579287	0.0218104	1e-05
-0.0135	1.2655	0.8062	-0.017715091907742442	-0.0026878070480712674	-0.0018308503853420514	0.71671021	51.1634407	0.76191343	0.14953849164044963	0.0226941	2e-05
0.0032	1.1138	0.6504	-0.019083430041306	-0.0023544491609403502	-0.0018360863730980347	0.97236085	69.41345215	0.94196568	0.4095466004225231	0.0322381	0.00045
0.0216	0.9717	0.7124	-0.021560052249885952	-0.0022427480888127134	-0.0018308503853420514	0.80627835	57.55739975	0.80279602	0.35217796342317864	0.0332802	0.00048
0.0457	0.9453	0.7625	-0.023431045208023873	-0.002522000769131806	-0.00182212373908208	0.74624079	53.27152634	0.7692049	0.2085486142358492	0.0374731	0.0009
-0.0007	1.0239	0.8009	-0.0205599785884932	-0.0027366762671271086	-0.0022846359908605773	0.87771583	62.65707016	0.86216989	0.34081271846522354	0.0336781	0.00068
-0.0165	0.9484	0.4506	-0.005670574739729577	-0.003892084231947355	-0.0016720254234105676	1.44853771	103.40605927	1.24474289	1.274471119051694	0.0248694	0.00014
-0.0064	0.7878	0.3213	0.00231779724664847	-0.0038816122564353885	-0.0019163715186897737	1.19359708	85.2067337	1.06109389	0.7121595028584611	0.0367452	0.0021
-0.1694	0.4764	0.0484	0.07184647865834658	-0.009669124056048585	-0.006157521601035994	3.10550737	221.69134521	2.8124381	4.725167164682876	0.189249	0.14466
-0.045	0.8508	0.5208	0.010060077808495316	0.0028693212902786776	-0.00944048592403733	3.15570021	225.27442932	2.84963223	4.851590525958993	0.058376	0.01732
-0.0371	0.9889	0.6866	0.007710864635310948	-0.0003892084231947355	-0.0067491882174620715	1.53418863	109.52037811	1.35871085	0.7267520296616519	0.0332105	0.00012
-0.0346	1.1624	0.7287	0.007864453609486448	-0.0007487462491055673	-0.005701990666265475	0.80556095	57.50618744	0.79165428	0.29611621756414647	0.0354148	0.0001
-0.0311	1.1865	0.5903	0.0033196162372932147	0.0001256637061435917	-0.005588544264885843	0.94761914	67.64722443	0.89740721	0.4426346864411012	0.0298257	2e-05
-0.0351	0.9388	0.4125	-0.0008848819307611251	0.00027750735106709843	-0.00589397688398485	1.02645874	73.2753067	0.93970823	0.6625887216038429	0.0205305	1e-05
-0.0484	0.8862	0.4679	-0.002928662484846485	0.0001291543646475804	-0.0064943701466709	0.75900275	54.18255997	0.76137264	0.2609263401595464	0.0183293	0.0
-0.0562	1.0726	0.6898	-0.006192428186075881	-9.948376736367679e-05	-0.00597426202957659	0.83694857	59.74684143	0.81389641	0.6167255975167482	0.0169756	0.0
-0.0525	1.2479	0.779	-0.007065092812073046	-8.726646259971648e-05	-0.005288347633542819	0.73962289	52.79909897	0.74790377	0.34673981633974493	0.018895	0.0
-0.0442	1.1739	0.5895	-0.00907047612261453	-6.981317007977319e-05	-0.005386086071654501	0.94919831	67.75995636	0.90210594	0.3778287520586555	0.0185232	1e-05
-0.0413	0.9888	0.5366	-0.011693705988362009	0.0004572762640225143	-0.00613134166225608	0.91639811	65.41846466	0.85261732	0.4356787445225672	0.0151497	0.0
-0.0437	0.9678	0.587	-0.01222254075171629	0.0002513274122871834	-0.006452482244623035	0.72066712	51.44591141	0.74350708	0.12659620987282838	0.0159143	1e-05
-0.0477	1.0961	0.7336	-0.009531243045141035	-0.0019757127132575807	-0.004909611185860049	0.89517504	63.90342331	0.8529664	0.6019604445441504	0.0164933	0.0
-0.0412	1.2628	0.8193	-0.010705849631733216	-0.0011414453308042916	-0.004471533543609472	0.76023895	54.27080917	0.77692922	0.3812475805648022	0.0180522	0.0
-0.0212	1.2642	0.6609	-0.01218588883742441	-0.0006806784082777885	-0.004576253298729132	0.9266414	66.14969635	0.87890116	0.2820762941668679	0.0200126	1e-05
-0.0109	1.0528	0.5483	-0.01376715713973127	-0.00014311699866353502	-0.0051277773423593406	0.93083012	66.44871521	0.87701632	0.4678176877775661	0.0165411	1e-05
-0.189	1.2042	-0.1193	0.021207495740983098	0.00277332818141899	-0.01171464993938594	2.43468523	173.80368042	2.14001182	3.2209985328911745	0.109155	0.05811
-0.0832	0.9798	0.4111	0.013856168931582983	0.00029496064358704166	-0.00974766387238833	2.40582037	171.74311829	2.08620766	1.4504340207114836	0.0469559	0.00264
-0.0608	1.1924	0.7347	0.005469861875750229	-0.0009965830028887623	-0.007635815477475192	1.2026608	85.85375977	1.09740975	1.1480849548610843	0.0306294	4e-05
-0.0497	1.2989	0.794	-0.0015987215948268059	-0.0005044001538263612	-0.0070965087386089445	0.98077255	70.01393127	0.90386935	0.5819036529252841	0.0254651	4e-05
-0.0376	1.1215	0.5568	-0.008051203839449843	0.0007330382858376184	-0.007194247176720626	1.11056209	79.27915192	0.98827307	0.8160829561199349	0.0172865	1e-05
-0.0462	1.0275	0.5458	-0.01107411410390402	0.001324704902263696	-0.00761487152645126	0.81083262	57.88251114	0.78523159	0.3153600615305443	0.0156735	0.0
-0.05	0.9996	0.5718	-0.013433799252600355	0.0011414453308042916	-0.0074385932719998335	0.72897142	52.03872681	0.74788631	0.19366114873035836	0.0171026	1e-05
-0.0501	0.9866	0.584	-0.014596188534428579	0.0010314895879286487	-0.00753807703936351	0.67533827	48.21004486	0.72064727	0.09389143960337712	0.0180969	0.0
-0.0617	1.1044	0.7363	-0.01641133095650268	0.0005969026041820607	-0.007632324818971204	0.76420313	54.55379486	0.78214203	0.3988988592714192	0.0193788	0.0
-0.0598	1.2139	0.7028	-0.011793189755725684	0.00016406094968746698	-0.007098254067860938	1.02975857	73.51087189	0.93195063	0.4241526803190927	0.019954	4e-05
-0.049	1.108	0.5233	-0.008653342431387885	0.0002024581932313422	-0.006850417314077744	1.00138986	71.48573303	0.92201179	0.4675040660832433	0.0189567	2e-05
-0.0448	1.0384	0.5706	-0.010403907671138198	0.0005585053606381855	-0.007253588371288434	0.78741729	56.21097565	0.77669286	0.2465891732183924	0.0174322	4e-05
-0.0488	1.0064	0.5192	-0.007592182246175334	0.0003385938748868999	-0.0076113808679472705	0.82246983	58.71325302	0.81651983	0.25687147036864927	0.0227324	0.00029
-0.0563	0.8139	0.2796	0.01263792911369094	-0.002169444260228951	-0.006435028952103093	1.69759572	121.18544006	1.47125958	1.6353250705413152	0.054603	0.00541
-0.0605	0.8627	0.3426	0.012533209358571279	-0.0021956241990088664	-0.006707300315414208	1.53175139	109.34638977	1.29287653	0.1361585528605346	0.0433571	0.00103
-0.0646	1.0061	0.6071	0.005784021141109208	-0.0016458454846306526	-0.006998770300497261	1.06266034	75.85961914	0.97531344	0.7915218458461667	0.0285944	2e-05
-0.0637	1.2204	0.6671	0.0011484266478122688	-0.0015254177662430443	-0.006019640590128442	0.88860244	63.43422699	0.84322587	0.5619575961026683	0.0254666	1e-05
-0.0266	1.6713	0.3033	-0.014070844429578287	-0.0010297442586766543	-0.004782202150464463	1.778157	126.93642426	1.54722321	1.699419151231046	0.0553276	0.01393
0.0383	1.9233	0.1111	-0.03168121658220107	-0.0008587019919812101	-0.004234168765338243	1.87848008	134.09814453	1.64408343	1.4255723902222224	0.0569106	0.00669
0.0048	1.8096	0.2408	-0.03568151122777207	-0.0007679448708775049	-0.00647866218340295	0.95845628	68.42085266	0.92129315	0.5936772592369706	0.0565724	0.00584
-0.0245	1.6173	0.5297	-0.038631117663642495	0.0001937315469713706	-0.008545132017764237	0.98049378	69.99403381	0.93249434	0.8093876344040292	0.0578826	0.00533
-0.0398	1.3773	0.6046	-0.038334411690803455	0.0010454522219446034	-0.009061749476354559	0.82526112	58.91251373	0.81896396	0.4134522053201298	0.0560086	0.00399
-0.0664	1.3267	0.6769	-0.03663969698711696	0.0013002702927357754	-0.008646361114379908	0.76158297	54.36675262	0.77946914	0.26774605682261593	0.0529809	0.00255
-0.0728	1.4787	0.8553	-0.035494760997808676	-1.5707963267948964e-05	-0.007541567697867498	0.84798181	60.53446579	0.83677869	0.5150853830912208	0.0494735	0.00175
-0.0619	1.5786	0.8897	-0.03448247003165197	-9.773843811168246e-05	-0.006489134158914917	0.79650748	56.85988998	0.80783062	0.2525377489976513	0.0471125	0.00152
-0.058	1.4469	0.7548	-0.03545985441276879	0.0009651670763528643	-0.007375761418928036	0.83150959	59.3585701	0.83053205	0.4168458577797244	0.0505542	0.002
-0.058	1.2958	0.7425	-0.035655331288992155	0.0016318828506146981	-0.0077213366108229145	0.79686797	56.88562393	0.79439995	0.22378839211900384	0.0498773	0.00166
-0.0554	1.2658	0.7622	-0.03606897432171482	0.0019861846887695473	-0.008133234314293575	0.69080126	49.31389236	0.72984632	0.11129212871740862	0.0506654	0.00177
-0.067	1.0241	0.4984	-0.0012531464029319286	-0.003043854215478111	-0.004544837372193235	2.5803895	184.20500183	2.16531264	2.688813188256544	0.0896042	0.04874
-0.0625	1.0347	0.5131	0.023961625300630153	-0.00603883921190038	-0.0016301375213627037	2.6657474	190.29841614	2.23692669	1.586022827540744	0.0758055	0.0148
-0.0623	1.1481	0.5312	0.030930725003843508	-0.0057246799465414016	-0.002012364627549462	1.33133531	95.03938293	1.17233158	0.5149743037379545	0.0844822	0.01882
-0.0408	1.0069	0.3396	0.022722441531714176	-0.00474904089467657	-0.002621484536495483	1.21554339	86.77340698	1.09546909	0.8439521216470092	0.0617511	0.00492
-0.0473	0.8868	0.3587	0.0142506133425337	-0.0036634460999360975	-0.003494149162492647	1.1227957	80.15246582	1.01006189	0.6672043804959055	0.0429305	0.00058
-0.0539	0.8628	0.3895	0.010135126966331072	-0.0031031954100459182	-0.004291764630654057	0.81406581	58.1133194	0.79804496	0.3350676267127109	0.0362146	0.00015
-0.053	0.8606	0.3918	0.007024950239277177	-0.003089232776029963	-0.004263839362622147	0.72479165	51.74034882	0.74788806	0.1630032314550879	0.0318277	4e-05
-0.054	0.8541	0.3838	0.005136503988619312	-0.0029688050576423546	-0.004396484385773717	0.68790519	49.10715103	0.72558746	0.12257594960985224	0.0286644	2e-05
-0.0612	0.8559	0.3968	0.0038833575856873836	-0.0029705503868943488	-0.004445353604829557	0.65752494	46.93841171	0.70810606	0.08718804756198818	0.0277639	2e-05
-0.0703	0.8892	0.4868	0.004577998627981126	-0.0034871678454846703	-0.004630358505540956	0.72902256	52.04237747	0.76232021	0.20221317007977316	0.0282204	1e-05
-0.0657	1.0789	0.6398	0.004541346713689245	-0.0032637657012293962	-0.004576253298729132	0.78651083	56.14626694	0.77894689	0.3630079632679489	0.0272427	3e-05
-0.0614	1.2432	0.6984	0.0015603243512829306	-0.0028187067419708422	-0.004234168765338243	0.74497968	53.1815033	0.75169886	0.415608292752788	0.0262739	1e-05
-0.0575	1.3871	0.7492	-0.000757472895365539	-0.002143264321449037	-0.003965388060531117	0.689641	49.23106384	0.71457278	0.36170101859887	0.0265951	1e-05
-0.0303	1.3933	0.5708	-0.006339035843243405	-0.0014643312424232424	-0.00428129265514209	1.10313725	78.74912262	1.01076145	0.5406200310757318	0.0233304	9e-05
-0.0182	1.1683	0.5214	-0.008337437836776913	-0.00041015237421866745	-0.005061454830783556	0.96828777	69.12268829	0.90183101	0.47813715186897754	0.0161805	0.0
-0.0281	1.0919	0.5466	-0.0101264003200711	-0.0002600540585471551	-0.005433209961458348	0.74506629	53.18768311	0.76037538	0.2270407964820244	0.0161791	0.0
-0.0265	1.0816	0.5716	-0.01236740307963182	0.00011693705988362007	-0.005729915934297383	0.70633066	50.42248154	0.73318525	0.18263499254152665	0.0170706	0.0
-0.0188	1.0881	0.5878	-0.013768902468983267	3.839724354387525e-05	-0.005848598323432999	0.67692643	48.32341766	0.72219733	0.11033607974134058	0.0180162	1e-05
-0.0201	1.1025	0.6341	-0.015465362501921754	8.203047484373349e-05	-0.00622035345410779	0.71241271	50.85665894	0.74588046	0.1675924197456568	0.0186747	0.0
-0.0388	1.1678	0.7267	-0.010955431714768408	-0.0004799655442984406	-0.005958554066308641	0.92633027	66.12748718	0.87704498	0.4432863097047334	0.0170889	0.0
-0.0462	1.3168	0.8113	-0.011760028499937793	-0.0005044001538263612	-0.00558330827712986	0.80929738	57.7729187	0.81122922	0.30121385919380433	0.0183318	1e-05
-0.0357	1.4576	0.8774	-0.013624040141067736	3.141592653589793e-05	-0.004942772441647941	0.73794752	52.67950058	0.7725337	0.369418177848706	0.0199031	1e-05
-0.0091	1.4001	0.7158	-0.016418312273510656	0.0009930923443847736	-0.005653121447209634	0.95910084	68.46686554	0.92361006	0.4690148777926745	0.0217129	3e-05
-0.0054	1.2352	0.6408	-0.01688256985454115	0.0017348572764823637	-0.0062482787221397	0.85476476	61.01867676	0.841469	0.3336589894029073	0.0191062	0.0
-0.0101	1.1816	0.6435	-0.01696285500013289	0.0017662732030182616	-0.0065327673902147755	0.69771171	49.8072052	0.74284317	0.08080948701013564	0.0193511	2e-05
-0.0117	1.1873	0.6644	-0.0172979582165158	0.0017523105690023068	-0.00684518132632176	0.69626081	49.70363235	0.74445355	0.0612739893252926	0.0197293	1e-05
-0.0115	1.3192	0.784	-0.016870352549777187	0.0013665928043115599	-0.006738716241950105	0.78869575	56.30223846	0.80173374	0.29768942579005064	0.0197102	1e-05
-0.0118	1.4252	0.8405	-0.01631533784764299	0.001556833692778942	-0.006558947328994691	0.72241801	51.57090378	0.75606142	0.20905122517784977	0.020312	1e-05
0.002	1.4474	0.7894	-0.01722116372942805	0.001996656664281513	-0.006551966011986713	0.79402518	56.68268967	0.82189079	0.15473150851478049	0.0225333	1e-05
0.0165	1.2675	0.6523	-0.01919338578418164	0.0027768188399229783	-0.006773622826989993	0.88380724	63.09191513	0.86855958	0.48020205226991675	0.0226787	0.0
0.0098	1.208	0.6696	-0.020069541068682795	0.002921681167838507	-0.007112216701876892	0.71427226	50.98940659	0.74960563	0.15148057436517923	0.0229787	1e-05
0.0064	1.1931	0.6745	-0.02069262361164477	0.0030490902032340936	-0.007363544114164076	0.6724447	48.00348282	0.72441623	0.07329094953223718	0.0242506	2e-05
0.0007	1.1824	0.6917	-0.018844319933782775	0.003480186528476693	-0.007637560806727187	0.78191018	55.81784058	0.80140353	0.1612708347833854	0.0232703	1e-05
-0.0289	1.3527	0.8259	-0.015084880724986989	0.002488839513343914	-0.0075834555999153615	1.10301089	78.74009705	1.0216495	0.5743445715370197	0.0296579	0.00269
-0.1794	2.5007	0.702	-0.025579545517228894	0.006607816548050532	-0.016348499103430884	2.25205231	160.76615906	2.01144875	2.5913342665232024	0.102909	0.0459
0.0906	1.4694	0.1632	0.011595967550250323	0.004665265090580842	-0.006712536303170191	2.55930567	182.6999054	2.26677695	4.27780136626048	0.0756902	0.01601
0.0377	1.4741	0.4072	0.01256986127286316	0.0037350045992678655	-0.006709045644666203	1.65287983	117.99332428	1.43098878	0.39698224362149	0.0564334	0.00502
-0.0075	1.236	0.3795	0.001500983156715123	0.003745476574779831	-0.00867079572390783	1.37145948	97.90370941	1.19076405	0.9630550085450814	0.0302905	0.00026
-0.0681	1.1078	0.4105	0.0025028021473598684	0.002535963403147761	-0.009505063106361117	0.93692881	66.88407898	0.91897699	0.3720799772365052	0.0390686	0.00151
-0.0637	1.2626	0.4896	0.005150466622635266	0.0010681415022205296	-0.00880518607631139	1.06639755	76.12640381	1.02967507	0.4790681703126178	0.0318275	0.00035
-0.0551	1.1622	0.3641	0.004105014400690663	0.0011013027580084218	-0.008475318847684463	0.86663926	61.8663559	0.85477904	0.3049240353179712	0.030988	0.00054
-0.0419	1.035	0.2722	0.012721704917786668	0.00027750735106709843	-0.008524188066740305	1.3180176	94.08868408	1.17989403	0.7067677571546584	0.0505373	0.00506
-0.0894	0.9188	0.131	0.031813861605352635	-0.0004415683007545654	-0.009827949017980071	1.73535347	123.88083649	1.5194101	1.36064966453137	0.0805598	0.01908
-0.1029	1.0323	0.44	0.026871089163704696	-0.0013439035240356337	-0.009243263718561968	1.24328375	88.75369263	1.12272326	0.7574896482173553	0.0691895	0.00909
-0.0787	1.2633	0.5652	0.023996531885670035	-0.001155407964820246	-0.006976081020221335	1.03587151	73.94725037	0.96771821	0.6469117767795342	0.0668658	0.00747
-0.0612	1.4831	0.5215	0.015482815794441697	-0.00019547687622336493	-0.005820673055401089	1.13585711	81.08487701	1.03936274	0.8124527572322734	0.0529974	0.00162
-0.0493	1.3746	0.4164	0.010747737533781082	0.0004258603374866164	-0.006499606134426883	0.94470358	67.43909454	0.88675756	0.5272674276698195	0.0417948	0.00036
-0.03	1.1293	0.3808	0.005794493116621174	0.0015481070465189703	-0.007646287452987157	0.97743022	69.77533722	0.89323181	0.6613086222376268	0.0291288	0.0
-0.0321	1.1032	0.4515	0.0034068826998929313	0.002178170906488923	-0.008402015019100702	0.76521277	54.62587357	0.76602612	0.28757009214058704	0.0264281	0.0
-0.0426	1.2582	0.5695	0.010388199707870248	-0.00032637657012293966	-0.006606071218798537	1.05070496	75.00616455	0.96015323	0.847590414244567	0.0379392	0.00015
-0.0389	1.4372	0.6518	0.00973893722612836	0.0008237954069413235	-0.006878342582109652	0.81786096	58.38424301	0.80445722	0.36858529110586336	0.0407658	0.00018
-0.0321	1.3895	0.5234	0.005991715322096533	0.0014782938764391971	-0.006977826349473328	0.91106004	65.03739929	0.8729364	0.40796020704466895	0.0349575	5e-05
-0.0196	1.1596	0.3969	0.0024731315500759648	0.0020717058221172693	-0.007719591281570919	0.97078127	69.3006897	0.8914899	0.6115880324898116	0.0250138	1e-05
-0.0273	1.1276	0.4675	0.000312413936106985	0.0025272367568877894	-0.008442157591896572	0.75536972	53.92321014	0.75545372	0.27724074295325773	0.022504	1e-05
-0.0285	1.2883	0.6057	0.0008412486994612669	0.0024190263432641405	-0.007948229413582178	0.78220981	55.83922958	0.77680416	0.35664866776461623	0.0236661	1e-05
-0.0113	1.4394	0.6878	-0.0010663961729685354	0.0030595621787460597	-0.007581710270663368	0.74506664	53.18770981	0.75106885	0.39613499254152656	0.0243801	2e-05
0.003	1.3624	0.5376	-0.004234168765338243	0.0029478611066184224	-0.007712609964562942	0.92867851	66.29512024	0.88579838	0.4120186679198459	0.022527	2e-05
0.0096	1.1876	0.4791	-0.006335545184739415	0.0035849062835963527	-0.00804247719318987	0.8800323	62.82243729	0.83889791	0.3933144412503015	0.0180206	1e-05
0.0078	1.1432	0.5052	-0.007358308126408092	0.0036163222101322505	-0.008180358204097423	0.69807649	49.83324432	0.7348606	0.1319029939556064	0.0177459	0.0
0.0113	1.1546	0.5486	-0.008161159582325484	0.0038781215979314006	-0.008787732783791448	0.6832667	48.77602768	0.72610369	0.1419012711705284	0.0168656	1e-05
-0.0053	1.2231	0.6218	-0.005276130328778859	0.0037262779530078936	-0.00924675437706596	0.82334024	58.77538681	0.81428765	0.33309472458723227	0.0190681	1e-05
-0.0053	1.3617	0.6927	-0.004117231705454623	0.004089306437422714	-0.008829620685839314	0.78082311	55.74023819	0.77414805	0.3064530399482849	0.0204206	1e-05
0.0116	1.4408	0.6407	-0.005843362335677014	0.004331907203449926	-0.008592255907568085	0.82002318	58.53859329	0.81201192	0.25830480872604167	0.0219561	1e-05
0.0285	1.2539	0.4956	-0.008475318847684463	0.004968952380427856	-0.008642870455875919	0.92128801	65.76753998	0.86716708	0.5148808118646608	0.018387	0.0
0.0304	1.1927	0.443	-0.009548696337660976	0.0051557026103912496	-0.008745844881743585	0.73980623	52.81218719	0.75838139	0.1838551072903785	0.0189394	2e-05
0.0118	1.2062	0.4813	-0.007454301235267781	0.00408756110817072	-0.008850564636863244	0.80777019	57.66389847	0.81096668	0.23376281798666904	0.0187366	4e-05
-0.0024	1.3919	0.7315	-0.007822565707438583	0.003837979025135531	-0.008587019919812101	0.90804768	64.82235718	0.86151998	0.4941695636128568	0.0183262	1e-05
0.0019	1.5154	0.8095	-0.00855385866402421	0.0038065630985996326	-0.008133234314293575	0.74043483	52.85705948	0.76896332	0.26662472443200264	0.01997	1e-05
0.0228	1.4326	0.6357	-0.012917181794010031	0.00446629755585349	-0.008194320838113377	1.02272975	73.0091095	0.94107887	0.531707205552974	0.0220165	2e-05
0.0304	1.2812	0.6246	-0.014973179652859353	0.004738568919164605	-0.008253662032681184	0.90483707	64.59316254	0.85845736	0.2894805208364124	0.0199432	1e-05
0.0261	1.235	0.5955	-0.013905038150638822	0.0027523842303950577	-0.007593927575427327	0.75050282	53.57577896	0.77265967	0.2653030324121965	0.0185096	2e-05
-0.0005	1.281	0.573	-0.009443976582541317	0.00047123889803846896	-0.008464846872172499	0.9199366	65.67106628	0.87171763	0.4757563098599632	0.0192462	2e-05
-0.0021	1.4914	0.8033	-0.012664109052470856	0.0016057029118347831	-0.006021385919380436	1.18324006	84.46738434	1.05200758	0.782202871825896	0.0225343	4e-05
0.004	1.6235	0.8699	-0.016481144126582453	0.0024172810140121463	-0.0059411007737886976	0.93984455	67.09222412	0.90322718	0.4402449160940348	0.0238085	5e-05
0.0229	1.4927	0.641	-0.021048670779051613	0.0027296949501191318	-0.007031931556285153	1.05280483	75.15606689	0.98344737	0.6771385685536302	0.0274865	2e-05
0.0149	1.3639	0.6433	-0.02109928532735945	0.003223623128433527	-0.007618362184955248	0.77893722	55.60561371	0.79464949	0.1956486677646164	0.0255753	1e-05
0.0132	1.3396	0.6641	-0.022045253781940374	0.003447025272688801	-0.007740535232594851	0.685763	48.95423126	0.73700751	0.11137718232379004	0.026869	1e-05
0.0098	1.3909	0.7207	-0.02201907384316046	0.0035203291012725624	-0.0076166168557032544	0.71044719	50.71634674	0.76046109	0.12247010721276363	0.0274138	1e-05
0.0043	1.5464	0.8125	-0.021284290228070848	0.0034714598822167216	-0.0070912727508529606	0.77607107	55.40100861	0.79471724	0.31824984694978736	0.0268778	3e-05
0.0038	1.6556	0.8253	-0.02013237292175459	0.0033056536032772606	-0.006510078109938849	0.73259646	52.29750443	0.77071136	0.2174459113084916	0.0265099	6e-05
0.0104	1.6734	0.761	-0.021828832954693077	0.003220132469929538	-0.006436774281355088	0.78758061	56.22263336	0.81976279	0.18146424974349867	0.0295262	4e-05
0.0262	1.4856	0.6409	-0.02372076986385493	0.003139847324337799	-0.0067701321684860045	0.86307317	61.61178207	0.85676403	0.4389789970942254	0.0300834	4e-05
0.0204	1.4277	0.6701	-0.02427054857823315	0.0033056536032772606	-0.0072082098107365804	0.72071368	51.44923401	0.75876867	0.1505831317784128	0.030309	5e-05
0.0199	1.4109	0.6772	-0.024804619329343414	0.0032009338481576006	-0.0074455745890078095	0.67741215	48.35809326	0.73314553	0.06820776422505764	0.0314016	3e-05
0.0099	1.4388	0.7161	-0.024082053019017755	0.003164281933865719	-0.007689920684287015	0.72894144	52.03658676	0.76891364	0.12697821599483727	0.030452	5e-05
-0.0071	1.3875	0.6314	-0.0058259090431570714	0.0011187560505283654	-0.005602506898901799	1.80896044	129.13537598	1.51212061	1.2724541822291628	0.042322	0.00854
-0.0331	1.3768	0.5786	0.02234894107178739	-0.0022689280275926286	-0.0035622170033204267	2.06897831	147.69714355	1.78437861	1.7696412044323415	0.0706123	0.00913
-0.0404	1.5826	0.7815	0.013664182713863606	-0.0009197885158010115	-0.0037524578917878084	1.32389688	94.5083847	1.16442089	0.927206937909139	0.0562811	0.00314
0.0052	1.5266	0.4613	-0.0014573499254152652	0.00020420352248333657	-0.005564109655357922	1.58460414	113.11936188	1.40349932	1.3246588220566669	0.0280209	0.00011
0.0097	1.3355	0.5434	-0.007707373976806959	0.0016179202165987434	-0.006607816548050532	1.06313515	75.89350891	0.95374302	0.7130723819099857	0.0180855	0.0
-0.0052	1.2702	0.5523	-0.007094763409356949	0.0025080381351158514	-0.007297221602588292	1.21059978	86.42049408	1.09848047	0.19870667702524383	0.0326716	0.01015
-0.2347	2.1261	0.8272	0.004084070449666731	0.010189232173142895	-0.006684611035138282	2.12435174	151.65007019	1.8936176	2.3339319232250366	0.0805901	0.02696
-0.2201	1.3792	0.4236	0.014664256375256356	0.0017086773377024485	-0.006328563867731438	2.01490092	143.83674622	1.81395472	2.135939396421846	0.0534685	0.00488
-0.1904	1.3494	0.7201	0.013774138456739249	0.00013264502315156904	-0.007780677805390721	1.17836773	84.11956024	1.08733652	0.5519132085363634	0.0444075	0.00074
-0.1734	1.4811	0.8166	0.012161454227896489	-0.00011693705988362007	-0.006435028952103093	0.87004077	62.10917664	0.85427577	0.40559575825827904	0.044325	0.00053
-0.1355	1.345	0.5257	0.008527678725244294	-0.00022165681500327985	-0.005705481324769463	1.01340556	72.3434906	0.95259279	0.6883021442552744	0.0352981	8e-05
-0.1046	1.1559	0.3514	0.016249015336067207	-5.235987755982989e-05	-0.005057964172279567	1.68552995	120.32410431	1.43675433	0.821207535037813	0.0741813	0.02156
-0.0952	1.1684	0.3606	0.02133839543488267	-0.0003874630939427412	-0.005998696639104511	2.08267808	148.67512512	1.72078028	0.3493607891011661	0.0590248	0.00603
-0.1005	1.1906	0.5909	0.011168361883511715	0.0006667157742618339	-0.007305948248848264	1.31409192	93.80844116	1.14858715	0.8843732014659642	0.0372361	0.00014
-0.0971	1.3614	0.7655	0.011517427733910582	1.5707963267948964e-05	-0.006166248247295967	0.84365523	60.22560501	0.82139974	0.45578868314725224	0.0397403	0.00025
-0.0865	1.5203	0.8416	0.008979719001510825	0.0008604473212332044	-0.005745623897565333	0.76547807	54.64480972	0.76790537	0.4357536220047824	0.040273	0.00027
-0.0779	1.584	0.8469	0.005328490206338688	0.0009704030641088471	-0.005644394800949661	0.78922772	56.34021378	0.78370339	0.27072068173317254	0.0362422	0.00019
-0.0516	1.4027	0.5106	-0.0022916173078685546	0.0012025318546240932	-0.006359979794267337	1.23193896	87.94382477	1.09983121	0.972291064902008	0.0224263	1e-05
-0.0544	1.2716	0.5484	-0.004848524662040247	0.0014870205226991688	-0.0069865529957333005	0.82977849	59.23499298	0.80494277	0.3450984611856365	0.0177512	1e-05
-0.0735	1.2716	0.5893	-0.0057264252757933945	0.001281071670963838	-0.0072954762733362976	0.73107088	52.18860245	0.75354695	0.1296386371545738	0.0180016	1e-05
-0.0802	1.4194	0.7089	-0.0042167154728183	0.001500983156715123	-0.006517059426946826	0.81634021	58.27568054	0.81087147	0.3995019067557924	0.0196794	1e-05
-0.0629	1.5687	0.8098	-0.006513568768442837	0.001956514091485643	-0.006161012259539982	0.7705676	55.00813293	0.78064875	0.4229215698900951	0.0207847	2e-05
-0.0324	1.5044	0.6149	-0.011250392358355447	0.0021991148575128553	-0.007086036763096978	1.08866608	77.71607208	0.99570671	0.584922442974841	0.0216918	2e-05
-0.0264	1.47	0.6919	-0.024980897583794837	0.003586651612848347	-0.008763298174263528	1.42498422	101.72465515	1.22986446	0.9571651695970717	0.0371456	0.00041
-0.0389	1.4611	0.749	-0.02964790800362768	0.004089306437422714	-0.009379399400217526	0.97314173	69.4691925	0.91153836	0.36778832351806023	0.040733	0.00035
-0.0341	1.4285	0.74	-0.025282839544389858	0.003914773512223281	-0.009398598021989465	1.00551939	71.78052521	0.94673254	0.27434000031045963	0.0378163	0.00057
-0.0534	1.2299	0.4971	0.005164429256651221	0.0005393067388662478	-0.007033676885537148	2.17185593	155.04122925	1.80579116	2.2701828355425215	0.0586652	0.01556
-0.0577	1.3974	0.638	0.008906415172927064	0.0017348572764823637	-0.0071244340066408535	1.78218663	127.22409058	1.46607927	0.5641146787497832	0.0370274	0.00011
-0.0496	1.4172	0.5666	0.002565634000431664	0.002186897552748895	-0.007162831250184728	0.97879452	69.87272644	0.91121519	0.4408609346152903	0.0282488	2e-05
-0.0464	1.2927	0.4994	-0.0035831609543443585	0.0024748768793279594	-0.0074385932719998335	0.9725228	69.42501068	0.89080857	0.5305268151585097	0.0190378	0.0
-0.04	1.2805	0.5285	-0.006766641509982015	0.002389355745980237	-0.00778416846389471	0.76118582	54.33840179	0.76587476	0.22842884404401273	0.0171373	1e-05
-0.0387	1.2661	0.5504	-0.007997098632638018	0.002665117767795341	-0.008091346412245713	0.71661967	51.15697861	0.74622455	0.12826985464110544	0.0169557	1e-05
-0.051	1.3565	0.6948	-0.0072570790297924225	0.0026354471705114374	-0.008227482093901268	0.79072696	56.44723892	0.79720915	0.2923912940892528	0.0178633	0.0
-0.0438	1.5097	0.8125	-0.008033750546929898	0.0032916909692613052	-0.007705628647554965	0.77168769	55.0880928	0.78251473	0.3758384381116824	0.0191758	2e-05
-0.0305	1.6097	0.6411	-0.009051277500842591	0.002883283924294633	-0.007150613945420769	1.02787638	73.37651062	0.95727303	0.38374743505067793	0.0256152	0.00013
-0.0004	1.5457	-0.0792	-0.011334168162451176	0.002855358656262723	-0.007894124206770353	1.54989493	110.64159393	1.35792884	0.967116309549504	0.0344505	0.00175
-0.0363	1.3903	0.1859	-0.013987068625482556	0.0024836035255879313	-0.00842470429937663	1.06180954	75.79888153	0.99420124	0.6341617843156223	0.025773	6e-05
-0.028	1.3451	0.3989	-0.014704398948052227	0.002900737216814576	-0.008302531251737025	1.07672822	76.86387634	1.00446684	0.329331853071796	0.0295134	0.0022
-0.0553	1.4294	0.6077	-0.010595893888857573	0.0021275563581810873	-0.007773696488382744	1.55973577	111.34410095	1.40818759	0.5909260340591214	0.0429465	0.00735
-0.0644	1.6263	1.0746	-0.009210102462774076	0.0026022859147235454	-0.006627015169822469	1.5578202	111.20735168	1.37039593	0.8232601150593116	0.025792	0.0001
-0.0406	1.7303	1.0738	-0.010819296033112848	0.001837831702350029	-0.004675737066092809	0.80947363	57.78549957	0.82382437	0.3448462943220972	0.0264491	9e-05
-0.0168	1.6259	0.8029	-0.016453218858550542	0.0025638886711796703	-0.006302383928951523	1.18919146	84.8922348	1.071741	0.7984313328563025	0.0243421	4e-05
0.0007	1.472	0.7479	-0.019631463426432218	0.0022846359908605773	-0.00662352451131848	0.93430215	66.69657135	0.89004045	0.41533189152838607	0.0244573	0.0
-0.0225	1.4369	0.7484	-0.02139773662945048	0.0039287361462392355	-0.008264134008193149	0.87925637	62.76704407	0.87170393	0.3113491427635792	0.0295044	0.00034
-0.1247	1.4953	0.7747	-0.017198474449152124	0.004701917004872723	-0.0075276050638515436	1.14467382	81.71427155	1.05793244	0.4723485991636725	0.0280355	0.00037
-0.0632	1.4842	0.8631	-0.0183434104384604	0.0030124382889422127	-0.0074385932719998335	1.06403852	75.95800018	0.99614247	0.30717132485452486	0.0255629	2e-05
-0.0378	1.6043	1.0302	-0.01498016096986733	0.002766346864411012	-0.005223770451219028	1.06548178	76.06102753	0.981	0.603808185695254	0.0232993	5e-05
-0.0273	1.7284	1.1048	-0.019336502782845176	0.0035133477842645856	-0.005403539364174444	0.90415293	64.54432678	0.884523	0.47335558228934166	0.0281423	0.00019
-0.0037	1.5836	0.8583	-0.0229615516392374	0.003977605365295077	-0.0063407811724954	0.9953776	71.05653381	0.94604413	0.6662274122871836	0.0306565	2e-05
-0.0024	1.5087	0.8513	-0.02561968809002476	0.004480260189869444	-0.007136651311404813	0.78697956	56.17972565	0.79956271	0.28103307071355704	0.0331666	9e-05
-0.0075	1.4996	0.882	-0.024883159145683155	0.004098033083682686	-0.007138396640656808	0.74650443	53.29034805	0.78474405	0.1009250689890178	0.032425	5e-05
-0.0247	1.4741	0.8631	-0.009965830028887622	0.00028623399732707005	-0.0029775317039023265	1.66799736	119.0725174	1.41209051	1.2060996569952815	0.0372635	0.0045
0.0237	1.4437	0.7205	0.019223056381465542	-0.0063006385996995295	0.00376118453804778	2.02347374	144.44873047	1.75799367	2.3471237624664933	0.0668801	0.00734
0.0259	1.5159	0.7078	0.017334610130807677	-0.005537929716578008	0.0026668630970473357	0.95519578	68.18809509	0.90477013	0.2743738287389916	0.0610287	0.00427
0.0233	1.3434	0.4744	0.009990264638415541	-0.0039723693775390945	0.0007452555906015787	1.1889497	84.87496948	1.06925759	0.9500756668938403	0.0393742	0.00023
0.0174	1.2491	0.5083	0.006250024051391693	-0.003001966313430246	-0.00038571776469074686	0.84600389	60.39326859	0.8053816	0.42618085032125086	0.0310343	2e-05
0.0072	1.2432	0.5616	0.003914773512223281	-0.0024033183799961914	-0.00124965574442794	0.72279179	51.59758377	0.72881655	0.259291822616983	0.0278595	1e-05
0.0088	1.3787	0.7201	0.0036215581978882336	-0.002853613327010729	-0.0008063421144213803	0.7671563	54.76461411	0.76701013	0.3549411945678072	0.0291353	3e-05
0.0274	1.5459	0.8161	0.0013072516097437528	-0.0025080381351158514	-0.00032812189937493397	0.76206881	54.40143585	0.76481856	0.43870509975429034	0.0298741	2e-05
0.0329	1.5451	0.6997	-0.0007068583470577034	-0.0019442967867216831	-0.0006283185307179585	0.82282066	58.73829651	0.82233503	0.2666023968269327	0.0271631	2e-05
0.0317	1.374	0.5604	-0.0033772121026090277	-0.0006475171524898963	-0.001481784534943186	0.91494495	65.31472778	0.86852185	0.5526299697004167	0.0200368	2e-05
0.0234	1.3272	0.5944	-0.004583234615737109	-0.00011693705988362007	-0.002103121748653167	0.71218979	50.84074402	0.73904217	0.20699699097221716	0.01864	1e-05
0.0096	1.2822	0.6287	0.005482079180514189	-0.002054252529597326	-0.0014259339988793671	1.58010626	112.79827881	1.37005926	0.72709085078694	0.056017	0.01192
-0.0316	1.4274	0.8325	0.016317083176894984	-0.0027244589623631483	-0.0005253441048502931	2.02989197	144.90690613	1.72549976	1.0104900161587846	0.0780612	0.01546
0.0129	1.5779	0.852	0.012171926203408455	-0.0030874874467779687	-5.235987755982989e-05	1.20989907	86.37047577	1.09572514	0.4635584842595906	0.0662618	0.00808
0.02	1.5386	0.5927	0.011042698177368124	-0.0022689280275926286	-0.0013683381335635543	1.30006683	92.80723572	1.21322549	0.46888828506146973	0.0468155	0.00112
0.0274	1.3322	0.4312	0.013388420692048502	-0.001891936909161853	-0.001965240737745615	1.10520554	78.89676666	0.99672344	0.5412808118646606	0.0481512	0.00172
0.0419	1.2476	0.3739	0.019757127132575807	-0.0016807520696705393	-0.0019687313962496035	1.04102182	74.31491852	0.94943597	0.4855690969261304	0.0550656	0.00298
0.0305	1.2581	0.4465	0.013257520998148926	-0.000973893722612836	-0.002230530784048753	1.0267036	73.29279327	0.94864187	0.4679131934641866	0.0434275	0.00063
0.0213	1.2828	0.5685	0.007785913793146704	-0.0006946410422937432	-0.0029792770331543207	0.93561774	66.7904892	0.87711686	0.4808803067213441	0.0328906	6e-05
0.005	1.4183	0.7116	0.007979645340118073	-0.0017715091907742446	-0.0020263272615654165	0.78685373	56.17074203	0.78026884	0.40607747335203864	0.034629	6e-05
0.0091	1.5496	0.7477	0.006932447788921477	-0.0022270401255447643	-0.0013386675362796509	0.71814632	51.26596069	0.73811799	0.28101941056264423	0.0368533	8e-05
0.0215	1.5545	0.6268	0.003417354675404897	-0.0021991148575128553	-0.0016720254234105676	0.89365572	63.79496384	0.874758	0.3320188134339702	0.032473	3e-05
