trans_x	trans_y	trans_z	rot_x	rot_y	rot_z	dvars_std	dvars_nstd	dvars_vstd	framewise_displacement	aqi	aor
0.0	-0.0	0.0	-0.0	0.0	-0.0	n/a	n/a	n/a	n/a	0.0284277	0.00111
-0.0114	-0.1211	0.1494	-0.0018099064343181197	0.0003717551306747922	7.155849933176751e-05	1.11070728	85.9528656	1.00005524	0.3945610032162341	0.0277827	0.00016
-0.0143	0.0969	-0.0305	-0.00485376064979623	0.0010332349171806431	-0.00032463124087094524	1.23083782	95.24925232	1.05075431	0.6058761871093338	0.0278108	0.00021
-0.0153	0.3203	-0.11	-0.006679375047382299	0.0012356931104119853	-0.0005358160803622592	1.0089637	78.07936859	0.92411907	0.4158628715154362	0.025079	0.00012
-0.0194	0.4044	-0.1029	-0.007300712261092281	0.0012164944886400475	-0.0007906341511534313	0.72022039	55.73476028	0.77813228	0.14006769531365457	0.0252675	9e-05
-0.0322	0.4497	-0.1088	-0.007105235384868916	0.0009651670763528643	-0.0011431906600562858	0.69788635	54.00642776	0.76291218	0.10396803987067012	0.024655	6e-05
-0.0487	0.431	-0.0839	-0.005133013330115323	0.0004747295565424576	-0.001377064779823526	0.82174444	63.59127045	0.82889653	0.194926684716562	0.0254875	0.00014
-0.0554	0.1716	-0.0059	0.000582939970166106	-0.0002844886680750757	-0.000757472895365539	1.25727332	97.29498291	1.04104659	0.6988381704678474	0.0257054	0.00015
-0.0498	0.0468	0.0741	-0.002478367537831948	-0.00011519173063162575	-0.00027576202181510406	1.22188401	94.55635834	1.04089141	0.39601576594959687	0.0255018	4e-05
-0.0779	-0.5631	-0.3685	0.02664245103169344	-0.003298672286269283	-0.0002303834612632515	2.94952822	228.25131226	2.26385533	2.6980838842857446	0.0962077	0.05568
-0.0839	-0.1064	-0.3822	0.016865116562021207	-0.0013404128655316449	-0.002145009650701031	3.00501347	232.54507446	2.29525078	1.1589110039923827	0.0402029	0.00418
-0.0861	0.1227	-0.2407	0.006632251157578452	-0.0007295476273336296	-0.0024260076602721182	1.47116494	113.84713745	1.19067012	0.9290364326105928	0.0283732	0.00012
-0.0799	0.23	-0.1915	0.0034662238944607386	-0.00042236967898262774	-0.002750638901143063	0.91757321	71.00704956	0.86954729	0.352591822616983	0.0273582	0.00023
-0.0936	0.2242	-0.0676	0.001853539665617978	-0.0006492624817418905	-0.0030630528372500485	0.84255672	65.20184326	0.8556794	0.25099954838545047	0.0267583	0.00029
-0.0878	0.2272	-0.0415	-0.00017104226669544429	-0.00031415926535897925	-0.002754129559647052	0.93388647	72.26946259	0.8912504	0.16833042131496648	0.026535	0.00033
-0.0834	0.3522	-0.1055	-0.0023753931119642824	0.00034033920413889426	-0.00272096830385916	0.91397125	70.72830963	0.87295903	0.33800052852773027	0.0259578	0.00025
-0.0797	0.4078	-0.0971	-0.0032602750427254074	0.0006562437987498679	-0.002963569069886372	0.73779601	57.09486389	0.7877383	0.13986936456996552	0.0265438	0.00022
-0.0782	0.3791	-0.0582	-0.001562069680534925	0.001254891732183923	-0.003269001688985379	0.91613567	70.89580536	0.87940286	0.1992142957361772	0.0293717	0.0003
-0.0737	0.195	0.0427	0.0009546951008408983	0.001085594794740473	-0.0025586526834236872	1.07527673	83.21104431	0.95717058	0.45932053621904817	0.0280384	0.00028
-0.0677	0.0303	0.0406	0.0001605702911834783	0.0009791297103688187	-0.001996656664281513	0.93155128	72.08875275	0.9018722	0.2459292956585624	0.028119	0.00026
-0.0665	-0.0834	-0.0358	-0.0035534903570604553	0.0017243853009703976	-0.0017453292519943296	1.10904622	85.82432556	1.00889098	0.4268321825566348	0.0306022	0.00031
-0.0606	-0.2025	-0.1371	-0.0053825954131505125	0.001956514091485643	-0.0012461650859239514	0.89613158	69.34777069	0.88568405	0.3543199006337841	0.0345978	0.00057
-0.0677	-0.3459	-0.0764	-0.008466592201424492	0.002057743188101315	-0.0008621926504851988	0.88455373	68.45181274	0.87514984	0.3896599160164201	0.0401936	0.00131
-0.1064	-0.4665	0.1438	-0.013116149328737385	0.0010367255756846318	-0.0006178465552059926	0.98647869	76.33934784	0.94009805	0.6752460417504392	0.0446693	0.00271
-0.093	-0.2042	-0.2425	-0.018512707375903853	0.0007731808586334879	-0.0012339477811599909	1.3954618	107.98879242	1.17729712	0.9758101995085805	0.0519336	0.00495
-0.1032	0.0693	-0.1773	-0.018381807682004276	0.0010681415022205296	-0.002097885760897184	0.9522841	73.69317627	0.90321351	0.4133899158611904	0.0432803	0.00143
-0.1113	0.3364	-0.0913	-0.018373081035744306	0.0009302604913129776	-0.002522000769131806	0.89025533	68.89303589	0.86649738	0.38973613327010725	0.0357918	0.0003
-0.1177	0.4774	-0.0363	-0.019315558831821247	0.000783652834145454	-0.0029059732045705585	0.76286328	59.03470993	0.78312308	0.27605289443416087	0.0338253	0.00025
-0.1241	0.5315	0.0024	-0.020106192982974672	0.0007888888219014368	-0.0030368728984701333	0.67597872	52.31108856	0.73574708	0.1455384916404491	0.0344789	0.00025
-0.132	0.5665	0.0048	-0.020399408297309723	0.0006230825429619757	-0.0032602750427254074	0.65393192	50.60498047	0.72514587	0.07942118687648933	0.034418	0.00022
-0.1331	0.5711	0.0107	-0.020586158527273118	0.0006998770300497262	-0.003342305517569141	0.64208657	49.68832016	0.72348085	0.028878759594743997	0.0352271	0.00034
-0.1371	0.5808	0.0132	-0.021005037547751758	0.0006667157742618339	-0.0034365532971768345	0.65177095	50.43775558	0.72234894	0.04351440279371122	0.0355201	0.0003
-0.1392	0.5881	0.0216	-0.02123367567976301	0.0007941248096574199	-0.003506366467256608	0.64734459	50.09521866	0.72134117	0.039093016874330554	0.0358952	0.00034
-0.1406	0.6038	0.0229	-0.021341886093386664	0.0007749261878854823	-0.003494149162492647	0.6455211	49.95410538	0.72034569	0.025381317007977654	0.0362179	0.00031
-0.1429	0.4557	0.059	-0.012636183784438945	-0.00022340214425527416	-0.0032044245066615894	1.32092094	102.22039795	1.09881654	0.6861877648459768	0.0350518	0.00163
-0.1346	0.252	0.1321	-0.009709266628844455	-0.00027576202181510406	-0.0023928464044842257	1.1622889	89.94454193	1.0173034	0.4746427567665842	0.0279688	0.00024
-0.1342	0.1697	0.1392	-0.009143779951198293	-0.00029496064358704166	-0.002303834612632515	0.82628566	63.94269562	0.84538991	0.1234848545634905	0.029705	0.00021
-0.1845	0.3209	-0.1471	-0.006483898171158934	0.0008447393579652555	-0.003981096023799066	1.11489582	86.27700043	1.06693939	0.7616421596379103	0.034996	0.00143
-0.1286	0.3091	-0.2361	-0.0030229102644541784	-0.0005462880558742252	-0.002363175807200322	1.10816813	85.75637054	1.05708752	0.48019677685714907	0.0276226	0.00028
-0.1182	-0.1883	-0.6826	0.023153537856956775	-0.0026022859147235454	-0.0022078415037728267	3.2714293	253.16186523	2.51115151	2.373689014184388	0.127265	0.09717
-0.1828	-0.1427	-0.8205	0.042254421190782716	-0.006466444878638991	-0.003974114706791089	3.4184432	264.53863525	2.6438924	1.4846657750379824	0.0753292	0.01948
-0.2049	-0.197	-0.2825	0.02783974689856155	-0.006126105674500097	-0.0034016467121369483	1.69848943	131.438797	1.38521508	1.38077407455071	0.0451486	0.00082
-0.194	-0.3594	-0.0977	0.022359413047299354	-0.005440191278466324	-0.00277332818141899	0.99703485	77.15624237	0.91425379	0.6978283389006965	0.0350477	0.00018
-0.1874	-0.4893	-0.0111	0.01898394627394232	-0.005333726194094671	-0.002256710722828668	0.79291654	61.36040497	0.79430383	0.42302746581595047	0.0319433	6e-05
-0.172	-0.3876	-0.1352	0.015184364492350668	-0.0048467793327882525	-0.002373647782712288	1.06391132	82.33152771	0.9607485	0.4613732851390845	0.032295	0.00023
-0.1592	-0.104	-0.4007	0.011946778729901185	-0.0037734018428117405	-0.0022549653935766737	1.25528038	97.1407547	1.07683442	0.7833822820780807	0.0261518	7e-05
-0.171	0.0258	-0.3918	0.011032226201856158	-0.0035377823937925057	-0.0026075219024795284	0.76728052	59.37654114	0.7999214	0.22563642429835584	0.0262848	8e-05
-0.1789	0.1098	-0.3438	0.008529424054496288	-0.0032899456400093115	-0.002946115777366428	0.81060243	62.72903824	0.81721884	0.29436163880149807	0.0249299	5e-05
-0.2012	0.0636	-0.2431	0.008669050394655835	-0.003755948550291797	-0.0033527774930811067	0.97405952	75.37828064	0.90654876	0.21981454830783553	0.0269865	8e-05
-0.189	-0.1178	-0.0603	0.009656906751284626	-0.004291764630654057	-0.0023230332344044524	0.9981268	77.24074554	0.91808722	0.5040708347833852	0.0244948	2e-05
-0.2014	-0.2655	0.0716	0.006887069228369624	-0.0042935099599060505	-0.0023963370629882146	0.85918367	66.48853302	0.8536947	0.4342443340375378	0.0238862	4e-05
-0.2691	-0.202	0.0071	0.004026474584350918	-0.003312634920285238	-0.004049163864626845	1.3516655	104.59958649	1.14712164	0.47041482426390746	0.0336348	0.0019
-0.1973	0.0823	-0.177	0.0014364059743913332	-0.00266860842629933	-0.0030578168494940655	1.50053978	116.12033081	1.21637388	0.7514721059539134	0.0209936	7e-05
-0.1993	0.1971	-0.1741	0.000148352986419518	-0.002553416695667704	-0.0032934362985133003	0.80658704	62.41830444	0.8294763	0.20164320838113375	0.0205969	4e-05
-0.2034	0.2615	-0.1813	-0.0010681415022205296	-0.0026249751949994717	-0.0033108895910332428	0.74681002	57.79241943	0.79995881	0.14097531402458785	0.0203162	3e-05
-0.2047	0.2685	-0.2042	-0.0003612831551628262	-0.0025883232807075904	-0.0033353242005611634	0.74332559	57.52277374	0.79889894	0.06959724354387527	0.0200506	3e-05
-0.2194	0.2388	-0.1188	-0.00040840704496667313	-0.0026912977065752563	-0.0036547194536761256	0.87608749	67.79664612	0.87015815	0.15327467843932377	0.0218641	4e-05
-0.2106	0.0152	0.034	0.001410226035611418	-0.0031922072018976287	-0.0025237460983838006	1.07986975	83.56648254	0.95800249	0.5577257965596394	0.0216469	6e-05
-0.2051	-0.1194	0.0772	0.00017278759594743863	-0.003214896482173555	-0.0022078415037728267	0.84513903	65.40167999	0.85582212	0.262101615727544	0.0215765	3e-05
-0.1837	0.0045	-0.05	-0.0027890361446869386	-0.002764601535159018	-0.0022026055160168437	1.17979932	91.29959869	1.01932707	0.44336773377024485	0.0236356	8e-05
-0.177	0.1967	-0.1649	-0.004118977034706617	-0.0021519909677090087	-0.002621484536495483	1.04362404	80.76158142	0.94676463	0.4318715238974164	0.0206145	3e-05
-0.1914	0.1357	-0.2145	-0.0008866272600131194	-0.0025638886711796703	-0.0021746802479849347	1.89810038	146.88583374	1.50206382	0.3295525883337354	0.0513103	0.02329
-0.2053	-0.1767	-0.6858	0.03138800126786602	-0.010718066936497177	-0.0009337511498169664	2.4858253	192.36734009	1.92895474	2.8810867945682306	0.0500839	0.002
-0.2107	-0.3252	-0.3281	0.023867377521022456	-0.009470156521321231	-0.0015655603390389136	1.10625935	85.60865784	0.99912964	0.9816171675620728	0.0369574	0.00014
-0.1969	-0.4511	-0.2333	0.02042558823608964	-0.008815658051823359	-0.0015114551322270892	0.83424753	64.55883026	0.81420829	0.4420196480621257	0.0321304	4e-05
-0.1711	-0.2227	-0.407	0.01614953156870353	-0.007468263869283736	-0.001473057888683214	1.07124102	82.89874268	0.95818271	0.7109924046734801	0.0296972	6e-05
-0.1788	-0.0375	-0.4082	0.011838568316277538	-0.0064943701466709	-0.002064724505109292	0.98220581	76.00868988	0.89121964	0.4879261795732453	0.0257848	5e-05
-0.1845	0.0207	-0.378	0.010416124975902158	-0.0060946897479642	-0.0023771384412162766	0.73655802	56.99906158	0.77977133	0.2008268837594533	0.0253047	8e-05
-0.2104	-0.0293	-0.365	0.013589133556027849	-0.008869763258635182	-0.002118829711921116	0.88959283	68.84176636	0.86814756	0.39921954100459167	0.028243	4e-05
-0.2173	-0.2367	-0.111	0.010363765098342328	-0.008730136918475635	-0.0016807520696705393	0.93662715	72.48155212	0.88791243	0.6584536220047822	0.0250544	3e-05
-0.1952	-0.2969	-0.108	0.00680852941202988	-0.007396705369951969	-0.0014049900478554352	1.02351403	79.20535278	0.93760097	0.34352146283256085	0.024223	4e-05
-0.1778	-0.0409	-0.2922	0.0023492131731843676	-0.005525712411814047	-0.0014643312424232424	1.23189139	95.33078003	1.04214569	0.777082519577562	0.0206209	4e-05
-0.1826	0.077	-0.2618	0.0011501719770642632	-0.004820599394008338	-0.0019250981649497454	0.80269623	62.1172142	0.8251062	0.27134605682261587	0.0199757	6e-05
-0.1854	0.1425	-0.2499	0.00035430183815484887	-0.004576253298729132	-0.002092649773141201	0.73292959	56.71827316	0.79572915	0.14058839211900376	0.0201914	4e-05
-0.1953	0.1415	-0.2211	0.0008517206749732328	-0.005106833391335408	-0.0025446900494077327	0.76305991	59.04992676	0.81468808	0.11370196028455958	0.0205829	6e-05
-0.2091	0.0052	-0.0728	0.0009093165402890458	-0.005122541354603357	-0.0023928464044842257	0.86899596	67.24786377	0.86856301	0.30965737367536333	0.0204309	5e-05
-0.2061	-0.1313	0.0202	-0.0001658062789394613	-0.005164429256651221	-0.001996656664281513	0.81545132	63.10427475	0.83802127	0.30816002307395424	0.0210481	5e-05
-0.2053	-0.2466	0.1547	-0.0020141099568014562	-0.005099852074327431	-0.0015603243512829306	0.81358403	62.95977402	0.83121152	0.3680606586592184	0.0231715	3e-05
-0.1674	-0.2195	0.1167	-0.004075343803406759	-0.005129522671611334	-0.0011100294042683937	1.09629202	84.83733368	0.9803295	0.2300599695451872	0.028295	0.0002
-0.1529	0.12	-0.342	-0.006831218692305806	-0.0054873151682701725	-0.0020996310901491783	1.44849861	112.09308624	1.18859368	1.0178634535719333	0.0227446	6e-05
-0.1865	0.223	-0.1428	-0.007967428035354114	-0.00485376064979623	-0.003113667385557884	0.96631444	74.77892303	0.90857947	0.4749900078465478	0.0235627	0.0001
-0.1869	0.3188	-0.1962	-0.010250318696962697	-0.004089306437422714	-0.003576179637336381	1.12131405	86.77367401	0.99845273	0.3250928562880297	0.0271959	0.0001
-0.2438	0.2569	0.0312	-0.00822399143539728	-0.004487241506877421	-0.0039287361462392355	1.39062774	107.61470795	1.16291912	0.4850409419961489	0.027339	0.0002
-0.2503	-0.0596	0.3296	-0.004125958351714595	-0.005208062487951079	-0.002829178717482808	1.35027182	104.49173737	1.10623997	0.9173205746756385	0.0267245	6e-05
-0.2283	-0.2663	0.4138	-0.005890486225480862	-0.005363396791378575	-0.0022863813201125715	1.01661932	78.67180634	0.92094469	0.4360329787282	0.0267271	4e-05
-0.2016	-0.343	0.2571	-0.012269664641520135	-0.004588470603493092	-0.0027104963283471934	1.22271383	94.62057495	1.03731259	0.639010980607969	0.0328571	0.00022
-0.1804	-0.3758	0.1966	-0.017512633714511103	-0.00364424747816416	-0.0024120450262561633	0.9874202	76.41220856	0.90647385	0.4387821750205464	0.0366515	0.00044
-0.1972	-0.0948	0.2552	-0.017844246272390025	-0.002858849314766712	-0.0024190263432641405	0.90493524	70.02905273	0.86383017	0.41259960191421735	0.0336484	0.00025
-0.2067	0.1062	0.3359	-0.017685421310458544	-0.0025638886711796703	-0.0029112091923265415	0.83519435	64.63210297	0.83415421	0.3384984227290462	0.0301768	8e-05
-0.2123	0.184	0.3577	-0.017722073224750425	-0.002361430477948328	-0.0033178709080412204	0.69067752	53.44856644	0.75252406	0.13748859116189513	0.0297756	9e-05
-0.2307	0.1399	0.477	-0.015332717478770184	-0.003986332011555049	-0.004551818689201211	0.8925696	69.0721283	0.86103805	0.4442102530373476	0.0300645	0.00017
-0.2304	-0.0568	0.6336	-0.014297737232337546	-0.004284783313646079	-0.0035342917352885177	0.90549982	70.07273865	0.8653083	0.471147925121818	0.0295774	0.00016
-0.2086	-0.0397	0.5579	-0.01587202421763643	-0.003703588672731967	-0.0030717794835100195	0.90808922	70.27312469	0.86369973	0.2454996938995748	0.0313317	0.00012
-0.1996	0.1236	0.4443	-0.01744631120293532	-0.002893755899806598	-0.003120648702565861	0.88167495	68.22903442	0.84049001	0.40754944886400496	0.0293689	0.00014
-0.2051	0.1861	0.4484	-0.01810779098944117	-0.0025865779514555962	-0.0033562681515850955	0.69326282	53.64863205	0.75101938	0.1323138591938043	0.0298539	0.00012
-0.2129	0.2198	0.446	-0.018214256073812825	-0.002319542575900464	-0.0035046211380046137	0.65628916	50.78739929	0.73072644	0.06999267231731532	0.0296145	0.00015
-0.2166	0.1214	0.3975	-0.01417381885544595	-0.002858849314766712	-0.0032131511529215613	1.45543849	112.63013458	1.20761798	0.3941606971158088	0.0454891	0.01128
-0.1515	-0.7257	-0.2691	0.039187877695028676	-0.010529571377281789	-0.00022863813201125715	3.11014366	240.68066406	2.41518156	4.779646581694999	0.104215	0.06545
-0.4335	-1.0489	-0.3768	0.057269488745689934	-0.009843656981248018	-0.008105309046261666	2.66744757	206.42230225	2.10753015	2.045109818047272	0.0934001	0.03138
-0.2998	-0.7276	-0.1347	0.033348006017855654	-0.0060580378336723174	-0.00534943415736262	2.17292261	168.15315247	1.71380072	2.2202488382154515	0.0690297	0.02068
-0.286	-0.4214	-0.0761	0.019816468327143618	-0.005302310267558773	-0.005745623897565333	1.8334136	141.88000488	1.4375358	1.1127727498514148	0.0326362	9e-05
-0.2592	-0.298	-0.0061	0.014608405839192538	-0.004064871827894794	-0.005745623897565333	0.9021678	69.814888	0.83773364	0.542475046380753	0.0285113	6e-05
-0.2458	-0.2525	0.063	0.011355112113475108	-0.003455751918948773	-0.005799729104377157	0.7766121	60.09867477	0.78447136	0.3238259420737637	0.0273085	3e-05
-0.2368	-0.4111	0.2751	0.011353366784223114	-0.004122467693210606	-0.005110324049839397	0.9089151	70.33703613	0.86630108	0.44759330790257945	0.0260429	1e-05
-0.2028	-0.4912	-0.0496	0.009236282401553992	-0.0027942721324429216	-0.004185299546282402	1.4009856	108.41625977	1.16330449	0.65731522234969	0.0320664	0.00059
-0.1991	-0.5106	-0.1514	0.003258529713473413	-0.0020996310901491783	-0.004581489286485115	1.84763336	142.98040771	1.47105334	0.4783291735288517	0.0348005	0.00106
-0.2093	-0.3657	0.1842	0.00040317105721069014	-0.0019146261894377795	-0.004693190358612751	1.39452732	107.91648102	1.19756355	0.648303231455088	0.0242375	4e-05
-0.2041	-0.1783	0.2051	0.00012042771838760874	-0.0015777776438028737	-0.005028293574995664	0.86736429	67.12159729	0.86063067	0.261234755042045	0.0234369	3e-05
-0.2023	-0.1138	0.2267	-0.0006126105674500097	-0.0014154620233674013	-0.0052220251219670345	0.7689935	59.50910187	0.80542248	0.14235427266222309	0.0234603	4e-05
-0.2036	-0.2588	0.3528	-0.0003159045946109737	-0.0019931660057775245	-0.0048904125640881115	0.88579011	68.54749298	0.86248214	0.33270112565640414	0.02526	4e-05
-0.2034	-0.4167	0.4249	-0.0011100294042683937	-0.00199142067652553	-0.004701917004872723	0.82026207	63.47655869	0.8193545	0.2794182849062402	0.0255253	2e-05
-0.2018	-0.5157	0.5152	-0.0030595621787460597	-0.001762782544514273	-0.004331907203449926	0.74027622	57.28679657	0.76750536	0.318309035395586	0.026755	3e-05
-0.1913	-0.3191	0.3357	-0.005033529562751646	-0.0011379546723003027	-0.004237659423842232	1.1072166	85.68273926	0.97238261	0.5212521517913625	0.0276852	6e-05
-0.1866	-0.0971	0.2713	-0.006241297405131722	-0.00048345620280242926	-0.004452334921837535	1.02410221	79.25086975	0.9218323	0.39494709049366267	0.0249984	6e-05
-0.1953	0.0038	0.2786	-0.007063347482821051	-0.0006021385919380437	-0.004637339822548933	0.74659151	57.77550888	0.7975455	0.17318686837681707	0.0255468	6e-05
-0.1959	0.0433	0.2984	-0.007901105523778328	-0.0007278022980816354	-0.004850269991292241	0.71315593	55.1880722	0.78211249	0.1187175957922088	0.0261252	7e-05
-0.1995	0.0807	0.3025	-0.008672541053159824	-0.0008499753457212384	-0.004920083161372014	0.70524454	54.57584381	0.77557899	0.09327108735504362	0.026444	4e-05
-0.2148	0.0609	0.3383	-0.008257152691185174	-0.0009948376736367678	-0.005129522671611334	0.79998988	61.90777969	0.82399839	0.10938451000647496	0.0274159	7e-05
-0.2242	-0.1376	0.4293	-0.006668903071870333	-0.0016755160819145565	-0.004403465702781694	0.92624795	71.67835236	0.87972229	0.44864924982111354	0.0265745	7e-05
-0.2202	-0.3326	0.4611	-0.007773696488382744	-0.0018343410438460403	-0.0037088246604879502	0.83646822	64.73068237	0.8337729	0.3287129710368819	0.0282927	0.0001
-0.2083	-0.3988	0.4963	-0.010093239064283208	-0.0014433872913993105	-0.003387684078120994	0.80996114	62.67941284	0.81547542	0.2648818455357075	0.0309733	0.0001
-0.2027	-0.1379	0.3721	-0.013631021458075715	-0.0011100294042683937	-0.003443534614184812	1.0877254	84.1743927	0.94520352	0.5870495408493622	0.0307993	8e-05
-0.2177	0.0203	0.3328	-0.01257684258987114	-0.0014276793281313615	-0.004052654523130833	0.8687067	67.22547913	0.85645456	0.3115474350506782	0.0294497	0.00012
-0.2647	0.3677	0.5872	-0.02434385240681691	0.001710422666954443	-0.00926769832808989	2.0312624	157.19067383	1.66455579	1.6548077808495316	0.0736721	0.02605
-0.0546	0.455	0.6025	-0.02046049482112952	0.0052010811709431014	-0.004747295565424576	3.12540245	241.86146545	2.48235908	0.907420942617068	0.11164	0.06903
-0.1751	-0.3528	0.0679	0.01715309588860027	-0.0016179202165987434	-0.004258603374866164	2.98035955	230.63722229	2.36934203	3.708964214391503	0.0544811	0.00984
-0.2049	-0.6693	0.0536	0.02735629069575912	-0.005433209961458348	-0.003581415625092364	1.74962938	135.39630127	1.41575809	1.0953836150896128	0.0475971	0.00163
-0.2107	-0.6375	-0.2871	0.03375641306282233	-0.005689773361501514	-0.0032916909692613052	1.38451648	107.14178467	1.17637759	0.7256205211468718	0.0633493	0.00567
-0.2469	-0.4478	-0.1183	0.026188665426174915	-0.005831145030913055	-0.004358087142229841	2.00944877	155.50260925	1.51025901	0.8334757739513745	0.0544022	0.00596
-0.2467	-0.318	0.129	0.012723450247038663	-0.005188863866179142	-0.004639085151800928	1.5530256	120.18197632	1.24760238	1.0967247176720625	0.0295033	9e-05
-0.2488	-0.4407	0.2186	0.012508774749043359	-0.0056758107274855595	-0.004900884539600078	0.95673126	74.037323	0.89845398	0.2625710873550436	0.0271306	2e-05
-0.2427	-0.6714	0.2816	0.014344861122141395	-0.0059096848472528	-0.004337143191205909	0.85571975	66.22047424	0.82041182	0.4314850920629724	0.0280496	3e-05
-0.2394	-0.7148	0.3107	0.01110203937193593	-0.005518731094806069	-0.004284783313646079	0.80191875	62.0570488	0.80064291	0.26010676901060126	0.0267758	5e-05
-0.231	-0.4197	0.0759	0.00659908990179056	-0.003680899392456041	-0.00467224640758882	1.13224661	87.61969757	1.00257069	0.8747122133219069	0.0243613	1e-05
-0.2306	-0.2449	0.0707	0.004527384079673291	-0.002790781473938933	-0.00514348530562729	0.90639555	70.14205933	0.86210669	0.35205313193364235	0.023415	4e-05
-0.2309	-0.1636	0.07	0.003543018381548489	-0.0021886428820008896	-0.005455899241734273	0.75212526	58.20374298	0.79332998	0.17724591130849146	0.0239729	1e-05
-0.2417	-0.1768	0.1338	0.0034644785652087444	-0.0025254914276357948	-0.005602506898901799	0.78260875	60.56272888	0.82025012	0.11589980095710876	0.0244147	4e-05
-0.2411	-0.3531	0.2498	0.004417428336797647	-0.003214896482173555	-0.0050893800988154655	0.89721107	69.43131256	0.86526889	0.40067408131064974	0.0231645	1e-05
-0.2261	-0.4656	0.2589	0.002314306588144481	-0.0031293753488258326	-0.004885176576332128	0.85230321	65.95608521	0.83597141	0.25624232022421134	0.0229434	2e-05
-0.2092	-0.268	0.08	0.0002129301687433082	-0.0020315632493213996	-0.004663519761328848	1.01770973	78.75617981	0.93259027	0.5644422666954443	0.0211743	1e-05
-0.2025	-0.1474	0.0863	0.00015009831567151235	-0.0015760323145508795	-0.004899139210348083	0.80935341	62.63238144	0.83034149	0.17129911184307756	0.0221333	2e-05
-0.2123	-0.1	0.0887	0.0001256637061435917	-0.0018168877513260971	-0.005068436147791533	0.7259686	56.17959213	0.79383866	0.0813293491873294	0.0225097	2e-05
-0.2349	-0.2951	0.1907	0.004693190358612751	-0.003492403833240653	-0.005190609195431136	1.18338466	91.57705688	1.01624785	0.6379607891011659	0.026996	5e-05
-0.238	-0.5403	0.2798	0.007644542123735163	-0.004694935687864747	-0.004441862946325569	1.01541245	78.57840729	0.90230813	0.5825314934426037	0.0241703	1e-05
-0.2193	-0.5368	0.2109	0.0056758107274855595	-0.004118977034706617	-0.00428129265514209	0.93181658	72.10928345	0.88040954	0.2263630170295605	0.0245548	2e-05
-0.2132	-0.2898	0.0386	0.0025761059759436306	-0.002701769682087222	-0.004422664324553631	1.09721279	84.90858459	0.97055518	0.6583141886786432	0.0216032	3e-05
-0.2159	-0.1936	0.0615	0.0016807520696705393	-0.0024260076602721182	-0.004710643651132695	0.79586756	61.58877182	0.81712179	0.19475476273336295	0.0216053	0.0
-0.234	-0.2621	0.1983	0.001553343034274953	-0.0027628562059070234	-0.005307546255314756	0.90452522	69.99732208	0.88154486	0.27645800926062764	0.0239363	2e-05
-0.2337	-0.5029	0.3571	0.0026005405854715507	-0.0034417892849328176	-0.004591961261997081	0.92264456	71.39949799	0.86725766	0.5219857811770033	0.0235471	1e-05
-0.2323	-0.6378	0.3589	0.0007155849933176752	-0.0037891098060796892	-0.00386590429316744	0.93650115	72.47180176	0.86878605	0.28601665410651944	0.024925	2e-05
-0.2225	-0.5779	0.2097	-0.004145156973486532	-0.0015271630954950383	-0.004040437218366873	1.13053584	87.48731232	0.98158829	0.5837610801294145	0.0266975	8e-05
-0.2273	-0.3793	0.1275	-0.0014922565104551516	-0.0008464846872172499	-0.003947934768011174	0.96881682	74.97257233	0.93694441	0.45690406608324335	0.0238494	9e-05
-0.2162	-0.3079	0.0525	0.0015550883635269475	-0.0019495327744776662	-0.004050909193878839	0.94814324	73.37273407	0.93733022	0.3701683693555091	0.0235969	7e-05
-0.2192	-0.4827	-0.1299	0.012772319466094502	-0.0033231068957972035	-0.004059635840138811	2.06071877	159.47016907	1.62776852	0.9901765935073533	0.0622814	0.02702
-0.2278	-0.4862	-0.351	0.028522170636091335	-0.006072000467688272	-0.004628613176288962	2.3671422	183.18296814	1.83104926	1.1865861039019023	0.048148	0.0015
-0.2242	-0.3313	-0.1336	0.014803882715415901	-0.004600687908257053	-0.004550073359949217	1.40952182	109.07683563	1.16079369	1.1393070148223197	0.0280763	1e-05
-0.237	-0.4554	-0.0197	0.016709782258593712	-0.005206317158699085	-0.004101523742186674	0.97478658	75.43454742	0.90172834	0.39880392056911934	0.0293786	4e-05
-0.2283	-0.6483	0.1067	0.017243853009703977	-0.005417501998190398	-0.0033911747366249826	0.91139436	70.52889252	0.85475556	0.40078022980816336	0.0286713	4e-05
-0.2174	-0.7327	0.1626	0.012011355912224977	-0.004633849164044945	-0.0034033920413889425	0.86019439	66.56674957	0.82941051	0.45261836181942067	0.0256394	5e-05
-0.2104	-0.7325	0.1514	0.005572836301617893	-0.0034348079679248403	-0.003218387140677544	0.96687859	74.82257843	0.88567259	0.40952828537192926	0.0239331	0.0
-0.1892	-0.468	0.0086	0.0015812683023068625	-0.0021205750411731105	-0.0037472219040318253	1.10265613	85.32981873	0.95888911	0.7202317844708521	0.0215773	2e-05
-0.1885	-0.2803	0.0545	0.0010681415022205296	-0.0016720254234105676	-0.004300491276914028	0.87326449	67.57818604	0.8588773	0.3100472895365539	0.021076	1e-05
-0.1975	-0.2168	0.0661	0.001059414855960558	-0.0015603243512829306	-0.004745550236172582	0.71910763	55.64865112	0.78710392	0.11237433388230812	0.021511	2e-05
-0.2116	-0.2812	0.1697	0.0010960667702524388	-0.0020839231268812296	-0.005262167694762903	0.81157714	62.80447006	0.83081067	0.23594340742402503	0.0226608	1e-05
-0.2055	-0.4302	0.2589	0.0006771877497737998	-0.002595304597715568	-0.00476125819944053	0.80226338	62.08371735	0.81475759	0.3158584993317676	0.0225253	3e-05
-0.1946	-0.3777	0.1781	-0.0006300638599699529	-0.0021048670779051613	-0.0044977134823893875	0.90848005	70.30336761	0.86726697	0.24726169233026513	0.0223654	1e-05
-0.1904	-0.2296	0.1114	-0.0010454522219446034	-0.001637118838370681	-0.0044820055191214375	0.85247487	65.96936798	0.83983801	0.26394222823885405	0.0215288	3e-05
-0.1957	-0.1658	0.1262	-0.0016406094968746698	-0.00152367243699105	-0.004651302456564888	0.7412352	57.36100769	0.79398711	0.1277950306876574	0.0221553	4e-05
-0.2109	-0.2251	0.192	-0.0003822271061867582	-0.0019303341527057286	-0.004935791124639963	0.87474263	67.69257355	0.86340454	0.23777663872388327	0.0236132	4e-05
-0.2157	-0.4073	0.3179	-0.000153588974175501	-0.0022654373690886398	-0.004717624968140673	0.87468207	67.6878891	0.84761174	0.351995375244673	0.0231021	2e-05
-0.2001	-0.4657	0.304	-0.0009093165402890458	-0.002288126649364566	-0.004598942579005058	0.84481055	65.37625885	0.83366507	0.13275496177625434	0.0234097	4e-05
-0.1867	-0.2846	0.1601	-0.0019373154697137059	-0.0014172073526193955	-0.004354596483725852	0.92987978	71.95940399	0.87713908	0.44556321607245186	0.0217808	1e-05
-0.1897	-0.1955	0.1519	-0.0022130774915288098	-0.0014224433403753785	-0.004656538444320871	0.7623086	58.99178696	0.80420274	0.12944699850830527	0.0224989	2e-05
-0.2142	-0.4044	0.1232	0.004424409653805625	-0.00239459173373622	-0.004440117617073575	1.96700835	152.21832275	1.52157931	0.6534028182971288	0.0503272	0.02219
-0.2785	-1.2251	-0.4722	0.06062052090951905	-0.013639748104335686	-0.0014276793281313615	2.85783339	221.15545654	2.29057243	5.003085295762756	0.105543	0.04984
-0.3324	-1.4279	-0.4055	0.06098180406468188	-0.012555898638847207	-0.002665117767795341	1.75228	135.60142517	1.41404054	0.45752855301576417	0.0962204	0.03293
-0.2919	-1.2473	-0.4617	0.049089130541592516	-0.011218976431819553	-0.002494075501099897	1.45172799	112.34299469	1.19476634	0.947331899840623	0.0755671	0.01436
-0.2837	-0.932	-0.4291	0.04185823145058	-0.010278243964994606	-0.0030647981665020423	1.18715274	91.86865234	1.01196867	0.7932177111619805	0.0614939	0.00487
-0.2795	-0.7849	-0.3595	0.03773227309886541	-0.009555677654668955	-0.003949680097263168	0.8557359	66.22172546	0.80643824	0.5075703296400682	0.056347	0.00254
-0.2873	-0.7671	-0.1574	0.032405528221778716	-0.00882787535658732	-0.004525638750421296	0.90346521	69.91529083	0.84897999	0.5592252914163229	0.0503403	0.00122
-0.2818	-0.9577	0.0479	0.028630381049714985	-0.008683013028671789	-0.003754203221039803	0.89310753	69.11375427	0.85024865	0.6359722514680377	0.0444698	0.00062
-0.2621	-1.0597	0.0916	0.02369284459582302	-0.007358308126408092	-0.0035831609543443585	0.9776023	75.65244293	0.88538402	0.48706418114255545	0.0380767	0.00031
-0.2501	-0.9075	-0.0315	0.020099211665966697	-0.006642723133090418	-0.0034993851502486306	0.95810533	74.14365387	0.87963778	0.5069496863634864	0.0312703	9e-05
-0.2456	-0.6526	-0.0833	0.01718451181513617	-0.005810201079889122	-0.003991567999311032	0.90883726	70.33100891	0.8454222	0.5231702376547112	0.0275004	6e-05
-0.251	-0.5388	-0.0309	0.013430308594096364	-0.005372123437638546	-0.004522148091917307	0.78777033	60.96216202	0.78176457	0.4077430477948329	0.025621	1e-05
-0.2508	-0.569	0.1275	0.011208504456307583	-0.004972443038931845	-0.004673991736840814	0.78288734	60.58428955	0.79561709	0.3274664090709495	0.0244535	1e-05
-0.2457	-0.7295	0.2375	0.010288715940506572	-0.005146975964131278	-0.003855432317655474	0.76359224	59.09112549	0.77230209	0.37124404300928926	0.0230809	1e-05
-0.2286	-0.7195	0.1619	0.007955210730590153	-0.004436626958569585	-0.003635520831904189	0.87082964	67.38976288	0.84228788	0.2658882850614699	0.0223922	1e-05
-0.2262	-0.5492	0.048	0.0060580378336723174	-0.004021238596594935	-0.0037210419652519105	0.87540275	67.74365997	0.844517	0.40650411961201033	0.0205532	1e-05
-0.2337	-0.449	0.0626	0.0048904125640881115	-0.003909537524467298	-0.004040437218366873	0.73426247	56.82141876	0.77170598	0.20223607974134028	0.0208686	2e-05
-0.2345	-0.389	0.0835	0.0035377823937925057	-0.0036512287951721376	-0.004235914094590238	0.71608007	55.41436005	0.76519888	0.1720207887907065	0.0209669	3e-05
-0.2303	-0.3438	0.1146	0.0014905111812031574	-0.003349286834577118	-0.004317944569433971	0.759094	58.74302292	0.79057579	0.20206218240140503	0.020727	1e-05
-0.2336	-0.3269	0.1203	0.0008988445647770796	-0.003120648702565861	-0.004351105825221863	0.7291221	56.42362595	0.78166283	0.06857330021126132	0.0209315	1e-05
-0.2518	-0.4459	0.1862	0.0046251225177849735	-0.0037210419652519105	-0.004754276882432553	0.95009029	73.52340698	0.88604062	0.43959211364523165	0.0230377	3e-05
-0.2168	-1.2406	-0.2902	0.04230503573909055	-0.006848671984825749	-0.0003961897402027128	3.27834177	253.69677734	2.66381946	3.5643815191554635	0.139164	0.10999
-0.2638	-1.5957	-0.4652	0.07323925140143805	-0.009330530181161685	-0.0016755160819145565	3.20684767	248.16416931	2.62669562	2.311870010019764	0.120876	0.06275
-0.2829	-1.6878	0.0747	0.05902878063170022	-0.009770353152664255	-0.002097885760897184	1.46144688	113.0951004	1.28573528	1.4047331710111517	0.101545	0.03921
-0.2475	-1.6807	0.4137	0.0513406052766652	-0.008850564636863244	-0.00217293491873294	1.08147061	83.69036865	0.99727053	0.8156506514335892	0.0938124	0.03121
-0.2131	-1.6157	-0.0071	0.037807322256701165	-0.006387905062299246	-0.0028379053637427798	2.13193655	164.98141479	1.70021018	1.3532456519768938	0.0931022	0.04269
-0.2101	-1.378	-0.9367	0.016709782258593712	-0.004600687908257053	-0.002701769682087222	2.54030776	196.58351135	1.99396537	2.3213446416902603	0.043147	0.00313
-0.2546	-1.3999	-1.246	0.01942725990394888	-0.003525565089028546	-0.005255186377754926	1.34810162	104.3237915	1.11886086	0.693000858012569	0.0400813	0.0019
-0.2116	-1.3735	-1.1496	0.01902757950524218	-0.002007128639793479	-0.004972443038931845	1.12157428	86.79381561	0.97296229	0.2758430093382423	0.0428025	0.0022
-0.1699	-1.1158	-0.7659	0.013575170922011897	-0.0029548424236264	-0.004026474584350918	1.27094054	98.35263062	1.08118835	1.0504045410822065	0.0307488	0.00027
-0.2077	-0.8259	-0.3199	0.00936543676620157	-0.0031293753488258326	-0.004722860955896656	1.13689327	87.97928619	0.9978632	1.0277326726277747	0.0246567	7e-05
-0.2089	-0.6441	-0.149	0.0062447880636357115	-0.0026529004630313807	-0.005002113636215748	0.89354336	69.14748383	0.85313513	0.5477188134339702	0.0215136	1e-05
-0.2166	-0.5808	-0.0329	0.004434881629317591	-0.002171189589480946	-0.00533721685259866	0.79909825	61.83877945	0.81088935	0.31843602621257333	0.0219008	2e-05
-0.2278	-0.7313	0.2208	0.0034295719801688577	-0.0019146261894377795	-0.0045483280306972225	0.90762222	70.23698425	0.87528982	0.5179380935546668	0.0225388	1e-05
-0.2825	-0.9682	0.1437	0.012473868164003473	-0.0024242623310201236	-0.0042603487041181585	1.29177606	99.96499634	1.08959999	0.8607955825998009	0.0329776	0.00118
-0.2401	-0.8865	-0.1704	0.01899441824945429	-0.00326551103048139	-0.003005456971934235	1.18115258	91.40431976	1.07414885	0.8690345258548001	0.035859	0.00073
-0.2084	-0.8033	-0.3602	0.023212879051524585	-0.004494222823885398	-0.0036128315516282617	1.06745136	82.60547638	1.00874158	0.6074273587584166	0.0387741	0.00046
-0.2055	-0.8272	-0.5152	0.03202155578633996	-0.005064945489287545	-0.004379031093253773	1.20168257	92.99304962	1.02461018	0.6890799470921516	0.0511005	0.00132
-0.19	-0.6932	-0.329	0.02354100095089952	-0.003593632929856324	-0.004508185457901353	1.23899555	95.88053894	1.04018652	0.8397510879759621	0.0372847	0.0002
-0.2102	-0.6634	-0.071	0.01564687674412916	-0.0012409290981679683	-0.004684463712352781	1.13824069	88.08355713	0.99677062	0.8291553146455071	0.0305645	5e-05
-0.2216	-0.8691	0.1379	0.016392132334730743	-0.003426081321664869	-0.0035918876006043304	0.95467055	73.87785339	0.90516434	0.6271491962923466	0.0289474	4e-05
-0.2276	-1.0808	0.2787	0.017566738921322926	-0.0038536869884034796	-0.0023649211364523163	0.86883515	67.23542023	0.82724691	0.4999589358741404	0.0323628	0.00013
-0.2288	-1.1514	0.3583	0.015365878734558075	-0.003467969223712733	-0.0022654373690886398	0.72113758	55.80574036	0.75660605	0.28570308594096366	0.0313802	0.00012
-0.2061	-0.9027	0.0109	0.011414453308042916	-0.0027942721324429216	-0.0030543261909900766	1.21807003	94.26120758	1.06339107	0.8895005669843203	0.0261436	4e-05
-0.1965	-0.6929	-0.0522	0.008616690517096005	-0.0026092672317315226	-0.0038117990863556156	0.95595539	73.97727966	0.87762969	0.4695120293511924	0.0228472	2e-05
-0.2081	-0.5816	-0.0107	0.006771877497737999	-0.0014137166941154068	-0.004380776422505768	0.77245814	59.77721786	0.79456972	0.3448670446562136	0.024403	2e-05
-0.2108	-0.5237	0.017	0.005806710421385134	-0.001403244718603441	-0.004218460802070294	0.71528363	55.35272598	0.77080639	0.14519773361501517	0.0238321	0.0
-0.2119	-0.4892	0.0339	0.004988151002199794	-0.0013369222070276565	-0.00422893277758226	0.69626391	53.88087463	0.76403313	0.09726769531365459	0.0241913	1e-05
-0.2059	-0.4489	0.0569	0.003593632929856324	-0.0012252211349000194	-0.00420449816805434	0.71892291	55.63435364	0.77217525	0.14583268769995136	0.0238478	1e-05
-0.2131	-0.4895	0.0778	0.004577998627981126	-0.001270599695451872	-0.004506440128649358	0.80447209	62.25463867	0.8175543	0.13528431096358362	0.0244374	4e-05
-0.2098	-0.7237	0.1446	0.011042698177368124	-0.002134537675189065	-0.004064871827894794	1.06657839	82.53791809	0.93075272	0.6928102914939378	0.0259787	4e-05
-0.2061	-0.9055	0.2195	0.012287117934040078	-0.002237512101056731	-0.0036843900509600297	0.86792034	67.16462708	0.8269963	0.3467937979737192	0.0261909	3e-05
-0.2036	-0.9825	0.2874	0.009466665862817244	-0.002050761871093337	-0.003635520831904189	0.7230714	55.95539093	0.74670591	0.3002035760121035	0.0250486	6e-05
-0.1892	-0.8397	0.1562	0.0070528755073090855	-0.0016249015336067207	-0.003757693879543791	0.92657214	71.70343781	0.8676449	0.43649118703171885	0.0242683	5e-05
-0.1832	-0.6286	0.0466	0.004134684997974567	-0.0012723450247038664	-0.004225442119078272	0.98759097	76.42542267	0.89829513	0.5136247628885926	0.0217726	2e-05
-0.1807	-0.5442	0.0553	0.0035412730522964946	-0.0012147491593880533	-0.004429645641561609	0.71594733	55.40408707	0.76660208	0.13836056667386115	0.0225178	1e-05
-0.1998	-0.6428	-0.0022	0.008360127117052838	-0.0015760323145508795	-0.0045483280306972225	1.56665182	121.2364502	1.28287554	0.4401409804527392	0.04447	0.01517
-0.2092	-0.73	0.1213	0.014383258365685271	-0.0019058995431778078	-0.004941027112395947	1.70602155	132.02168274	1.3747779	0.5573848779479041	0.0311455	0.00018
-0.2192	-0.9745	0.196	0.01607273708161578	-0.003001966313430246	-0.003961897402027128	0.92959005	71.9369812	0.86395062	0.5174337598275883	0.0294438	3e-05
-0.2163	-1.0449	0.2609	0.011981685314941072	-0.002750638901143063	-0.0036547194536761256	0.79588646	61.59023285	0.7938116	0.3706778563656447	0.0259172	3e-05
-0.1888	-0.8237	0.0006	0.009264207669585902	-0.002288126649364566	-0.003974114706791089	1.02717102	79.48834991	0.94253243	0.6839692575124313	0.0235284	1e-05
-0.1854	-0.6595	-0.0154	0.007407177345463934	-0.0017366026057343581	-0.00434586983746588	0.82128936	63.55605316	0.81165402	0.32261547492134834	0.0230987	4e-05
-0.1807	-0.5965	0.0061	0.006642723133090418	-0.0013683381335635543	-0.004649557127312894	0.69168341	53.52640915	0.75378653	0.1610202987195667	0.0234317	1e-05
-0.2275	-1.0273	-0.3745	0.036264451197938176	-0.008141960960553548	-0.0025324727446437724	2.56858063	198.77142334	2.01921049	2.783821763725344	0.0962144	0.04957
-0.2382	-1.263	-0.2786	0.04145506039336931	-0.009192649170254133	-0.0025481807079117207	2.33432484	180.64337158	1.79872649	0.655150268419983	0.0648218	0.00589
-0.2257	-1.3569	-0.1451	0.03452610326295183	-0.008332201849020929	-0.002398082392240209	0.99761444	77.20109558	0.90952324	0.63687513836611	0.053683	0.00202
-0.1975	-1.1262	-0.3153	0.03064623633576843	-0.0073181655536122235	-0.002637192499763432	1.07188928	82.94890594	0.94498371	0.6857506665057663	0.0444304	0.00073
-0.1983	-0.9257	-0.3496	0.028574530513651164	-0.0064071036840711824	-0.002921681167838507	0.8826077	68.30121613	0.82633604	0.39896281798666927	0.0416234	0.00034
-0.2019	-0.8438	-0.327	0.02698104490658034	-0.005763077190085277	-0.003415609346152903	0.71723294	55.50357819	0.74039904	0.24467201396855617	0.0402081	0.00023
-0.2121	-0.8278	-0.2376	0.02534043540970567	-0.005691518690753509	-0.004125958351714595	0.71135354	55.04859543	0.74699899	0.23672585008840655	0.038229	0.00017
-0.2097	-0.8112	-0.217	0.023813272314210633	-0.005642649471697667	-0.004171336912266447	0.72974676	56.47196579	0.75763274	0.12067054375513651	0.0362208	0.00015
-0.2086	-0.7552	-0.2393	0.021806143674417154	-0.005281366316534841	-0.004214970143566306	0.72672987	56.2385025	0.75172523	0.20000225131280824	0.0342324	6e-05
-0.2159	-0.7597	-0.2134	0.022130774915288098	-0.005319763560078716	-0.004255112716362175	0.74391758	57.56858826	0.76667711	0.05785855286053444	0.0354369	9e-05
-0.2048	-1.013	-0.1097	0.02823070065100828	-0.007239625737272479	-0.0027366762671271086	1.13293815	87.67321777	0.96448578	0.8450112181074504	0.0436702	0.0007
1.2903	-1.518	-0.1076	0.03563089667946424	0.007394960040699974	0.022418754241867164	2.30060315	178.03379822	2.033159	4.361710615771135	0.109313	0.06327
2.952	-1.666	-0.0049	0.03110176727053895	0.015690509975429024	0.07074866655884215	2.82792854	218.8412323	2.39989118	4.970129583031467	0.118015	0.07634
0.5155	-1.2146	-0.2193	0.028052677067304858	-0.008471828189180476	0.010115928344559134	2.5742476	199.20996094	2.23849668	7.4945083291063295	0.0576865	0.00908
0.2953	-1.0066	-0.196	0.027621580742062262	-0.009470156521321231	0.005695009349257497	1.46053326	113.02439117	1.19708168	0.7440171826342493	0.0436486	0.00059
0.2478	-0.9172	-0.1799	0.0260088965132195	-0.009442231253289324	0.0049864056729478	0.71567315	55.38286972	0.74094478	0.2704606586592182	0.0417276	0.00042
0.2055	-0.9725	-0.043	0.023855160216258497	-0.00977209848191625	0.004684463712352781	0.78704327	60.90589905	0.79098602	0.3737772743091474	0.0387704	0.00028
0.1963	-1.158	0.0487	0.022291345206471573	-0.009976302004399588	0.005174901232163186	0.8199169	63.44984818	0.79960536	0.3993228026040333	0.0368535	0.00022
0.1984	-1.2784	0.0116	0.019631463426432218	-0.009635962800260694	0.0052778756580308525	0.79703325	61.67897797	0.79711461	0.3147597705022957	0.0331097	0.00013
0.198	-1.1277	-0.0794	0.01743060323966737	-0.009222319767538036	0.005717698629533424	0.85036701	65.80625153	0.82227239	0.394816309549504	0.0304601	0.00012
0.1814	-0.8991	-0.1123	0.01635024443268288	-0.008065166473465796	0.005447172595474302	0.8511591	65.86754608	0.82158093	0.4035019067557925	0.0283849	5e-05
0.1698	-0.8041	-0.1045	0.015587535549561358	-0.007735299244838868	0.005120796025351363	0.6960218	53.86213684	0.73649417	0.1853476340935694	0.0284968	8e-05
0.1742	-0.7049	-0.2532	0.013749703847211327	-0.007000515629749256	0.004792674125976429	0.83421218	64.55609894	0.82193103	0.3973368608407289	0.0277084	9e-05
0.194	-0.6684	-0.6167	0.01401673922276646	-0.006876597252857658	0.004963716392671873	1.05099869	81.33227539	0.95570811	0.4478998009571088	0.0290447	0.00018
0.1636	-0.9312	-0.5479	0.013713051932919447	-0.007077310116837006	0.004696681017116741	1.64793086	127.52629089	1.3341341	0.40057177646907466	0.0411047	0.00335
0.1301	-1.2328	0.1722	0.014217452086745807	-0.008859291283123218	0.004611159883769018	1.69226885	130.95741272	1.35578947	1.1737951226730143	0.0291182	8e-05
0.1305	-1.0013	-0.0221	0.010213666782670817	-0.0070912727508529606	0.005380850083898519	1.04832983	81.12574005	0.93521528	0.7532747018237371	0.0246191	2e-05
0.1021	-0.8207	-0.0052	0.008990190977022791	-0.0062482787221397	0.004792674125976429	0.81751943	63.26431656	0.81196804	0.3586322896141689	0.0230583	2e-05
0.0869	-0.7555	0.0181	0.007410668003967923	-0.005749114556069322	0.004146902302738527	0.70946664	54.90257645	0.74723231	0.23992294811815745	0.0227562	1e-05
0.0866	-0.857	0.1066	0.007606144880191289	-0.006162757588791978	0.004312708581677988	0.75931543	58.76015854	0.77699667	0.22904630939427423	0.0223672	1e-05
0.0909	-1.0439	0.1778	0.0075782196121593785	-0.006286675965683575	0.004794419455228423	0.73709148	57.04034424	0.75516596	0.2940777259236972	0.0229253	1e-05
0.0954	-1.1437	0.2372	0.006796312107265919	-0.006375687757535285	0.005082398781807488	0.70274454	54.38238144	0.73721545	0.2216449311662116	0.0239678	1e-05
0.1015	-1.0118	0.0983	0.004291764630654057	-0.005485569839018178	0.005119050696099368	0.98694098	76.37512207	0.90446214	0.4484658654710424	0.0226889	5e-05
0.083	-0.8008	0.0211	0.003333578871309169	-0.004499458811641381	0.0046251225177849735	0.90563297	70.08304596	0.85729928	0.428611248251804	0.0199593	1e-05
0.0667	-0.7072	0.0216	0.002782054827678961	-0.004495968153137393	0.004159119607502487	0.71626133	55.42838669	0.76169918	0.16145088062083407	0.0202021	1e-05
0.0635	-0.7568	0.0986	0.003378957431861022	-0.0052831116457868355	0.003892084231947355	0.78438765	60.70038986	0.80613072	0.21235407361933173	0.0210441	3e-05
0.072	-1.2051	0.0633	0.013334315485236677	-0.00662352451131848	0.004810127418496373	1.98574829	153.66853333	1.56305668	1.102790705272816	0.0575581	0.02683
0.0026	-1.7798	-0.5701	0.0635264941140896	-0.015837117632596546	0.0050230575872396805	2.67055225	206.66256714	2.17206837	4.258435095943716	0.100075	0.03792
0.0293	-1.5768	-0.7161	0.05537406117802409	-0.01426283064729766	0.005799729104377157	1.42145634	110.00039673	1.22879436	0.9008695719250936	0.0828854	0.02042
0.0118	-1.4049	-0.7714	0.05316621967425126	-0.014126694965642101	0.005061454830783556	1.10999763	85.89794922	0.99658652	0.3988125729510995	0.0804684	0.01559
-0.0025	-1.2816	-0.6868	0.049427724416479406	-0.013100441365469437	0.0038030724400956446	1.06863785	82.69728851	0.95917155	0.5233565624316214	0.0761813	0.01336
-0.0131	-1.1527	-0.3477	0.03476172271197106	-0.010899581178704588	0.0027349309378751144	1.43395472	110.96759796	1.1850484	1.375350169674686	0.0540223	0.00209
-0.016	-1.3067	-0.0827	0.031504938327749636	-0.011124728652211854	0.002764601535159018	0.9744854	75.41123962	0.90666378	0.5974801227506297	0.0484229	0.00113
-0.0055	-1.4486	-0.0023	0.028417450880971674	-0.010878637227680656	0.0031119220563058892	0.83627033	64.71537018	0.82186905	0.41684496962280165	0.0450396	0.00069
0.0075	-1.3118	-0.1064	0.024359560370084857	-0.010463248865706007	0.0033649947978450674	1.06966174	82.7765274	0.94027083	0.4902175807200322	0.038862	0.00032
0.0021	-1.0572	-0.2057	0.021886428820008894	-0.009159487914466241	0.0030752701420140084	1.02528107	79.34209442	0.9096029	0.5626308578573396	0.0328829	0.00012
-0.0046	-1.0082	-0.123	0.020795598037512436	-0.008847073978359257	0.0022218041377887812	0.73777771	57.09344864	0.75844677	0.25123553614143335	0.0326055	0.0001
0.0047	-1.2043	0.0424	0.018130480269717093	-0.00887674457564316	0.0022951079663725434	0.84058225	65.04904938	0.81735821	0.5092046096831503	0.0295979	6e-05
0.0069	-1.3881	0.0696	0.014693926972540261	-0.008531169383748283	0.00266860842629933	0.83293873	64.45755005	0.81201818	0.4209814474499248	0.0282475	7e-05
0.01	-1.5338	-0.0569	0.009641198788016676	-0.007168067237940712	0.0026040312439755396	1.01260066	78.36081696	0.92048971	0.5993203756327473	0.0286192	5e-05
0.0177	-1.4587	-0.1078	0.005996951309852516	-0.005455899241734273	0.0025324727446437724	0.91990709	71.18766022	0.86736938	0.4050986986851182	0.0276127	8e-05
0.0166	-1.1652	-0.0921	0.004810127418496373	-0.0048939032225921	0.002469640891571976	0.88270229	68.30854034	0.84494577	0.40088258817850575	0.0213176	1e-05
0.0086	-0.9374	-0.0368	0.004167846253762459	-0.004611159883769018	0.0020141099568014562	0.81644809	63.18141174	0.80897481	0.36012777191637574	0.0186173	2e-05
0.0001	-0.841	-0.013	0.003975860036043083	-0.004244640740850209	0.0015132004614790836	0.70191133	54.31790161	0.75286313	0.18167074279802792	0.0188183	1e-05
0.0007	-0.8208	0.0303	0.003680899392456041	-0.004267330021126135	0.000895353906273091	0.69018835	53.4107132	0.7492445	0.11087482395344803	0.0197765	2e-05
-0.0023	-0.9812	0.1652	0.0033859387488689996	-0.004935791124639963	0.0009599310885968812	0.80048335	61.94596863	0.79665357	0.349699946471233	0.0201894	1e-05
-0.0001	-1.1592	0.2918	0.0033615041393410786	-0.005263913024014897	0.0014154620233674013	0.79041302	61.16666794	0.78208131	0.34720437218366884	0.0218561	2e-05
0.0164	-1.1149	0.1923	0.0014311699866353504	-0.004098033083682686	0.0017732545200262388	0.95522404	73.92068481	0.884604	0.3330003294848388	0.0219581	2e-05
0.0197	-0.8829	0.0702	0.00028274333882308137	-0.0032079151651655774	0.001579522973054868	0.93110436	72.0541687	0.86339559	0.4690138056650374	0.0181941	1e-05
0.013	-0.7736	0.0813	0.0003769911184307752	-0.002946115777366428	0.001059414855960558	0.71740746	55.51708221	0.75750211	0.1709077642250577	0.018652	1e-05
0.014	-0.7065	0.0824	-0.00016929693744344995	-0.0026040312439755396	0.0006963863715457374	0.69078028	53.45652008	0.74846948	0.13177005368399666	0.0192881	1e-05
0.0093	-0.6599	0.0863	-0.0011938052083641214	-0.0023596851486963333	0.0003595378259108319	0.69207865	53.55699539	0.75505473	0.13548514559173913	0.019818	0.0
0.0019	-0.6135	0.1037	-0.00239459173373622	-0.00239459173373622	4.537856055185256e-05	0.70111889	54.25658035	0.75823423	0.1486926187885482	0.0201793	2e-05
0.0009	-0.5903	0.1391	-0.0031258846903218446	-0.002457423586808016	-0.00016929693744344995	0.6855166	53.04918289	0.75508094	0.11004001538263616	0.0209997	1e-05
0.0021	-0.5502	0.1242	-0.0038432150128915135	-0.002143264321449037	-2.268928027592628e-05	0.70037508	54.19901657	0.76555962	0.1151048622548086	0.0223241	1e-05
0.0031	-0.5484	0.1385	-0.0038467056713955023	-0.0020210912738094335	-0.00020769418098732522	0.68944037	53.35282898	0.75883236	0.03263343034274959	0.0229567	1e-05
-0.0029	-0.734	0.1957	0.0005288347633542819	-0.0030072023011862297	0.00033335788713091696	1.06534398	82.44239807	0.93198472	0.5439351765122411	0.0232829	5e-05
0.0141	-0.9791	0.177	0.0039287361462392355	-0.0034609879067047556	0.001839577031602023	1.15281701	89.21155548	0.9652733	0.5487953066437293	0.023464	3e-05
0.0025	-1.1181	-0.2498	-0.00477696616270848	-0.0028099800957108703	0.0005619960191421741	1.53024518	118.41910553	1.25020393	1.1091145566200726	0.0306256	0.00038
0.0086	-1.2519	-0.3078	-0.009065240134858547	-0.0003612831551628262	0.0005654866776461627	1.09518671	84.75179291	0.99204678	0.5349230785601049	0.0363765	0.00079
0.0251	-1.2514	-0.2498	-0.01374272253020335	4.0142572795869576e-05	9.773843811168246e-05	0.89405686	69.18721771	0.85990454	0.352332818141899	0.0398534	0.001
0.0326	-1.3689	-0.4442	-0.012733922222550629	0.0006981317007977319	2.268928027592628e-05	0.89035606	68.90083313	0.86063567	0.40649192967451686	0.0458682	0.00232
0.0518	-1.4984	-0.5896	-0.010924015788232508	0.001726130630222392	0.0018517943363659836	0.86954933	67.29068756	0.83920017	0.5274505209916419	0.0483189	0.00331
0.0489	-1.5626	-0.4955	-0.011676252695842066	0.0006492624817418905	0.0017523105690023068	0.82274276	63.66852951	0.82616476	0.25762944117268693	0.0488991	0.00384
0.0668	-1.3809	-0.4053	-0.012452924212979541	-0.0002024581932313422	0.0007819075048934597	0.87741321	67.89923859	0.85323781	0.4197397628109777	0.0440613	0.00257
0.0556	-1.1357	-0.1168	-0.01177573646320574	-0.0005864306286700947	0.0005340707511102648	1.01440048	78.50009918	0.93486307	0.6103498469497876	0.0335804	0.00069
0.0301	-0.8537	0.055	-0.011117747335203878	-0.0005253441048502931	-8.726646259971648e-06	0.94338191	73.00427246	0.89494168	0.5423936524595949	0.0274047	0.00011
0.0248	-0.7064	0.1083	-0.010808824057600882	-0.0004677482395344803	-0.0003351032163829112	0.76165462	58.94117737	0.79215109	0.24054478565208737	0.0253887	1e-05
0.0196	-0.6427	0.1236	-0.010711085619489202	-0.0004729842272904633	-0.0005619960191421741	0.65772039	50.89815521	0.73272197	0.1006933614313463	0.02561	2e-05
0.0126	-0.5933	0.1344	-0.010801842740592905	-0.00048520153205442357	-0.0007487462491055673	0.65341616	50.56507111	0.73156682	0.08168623279155286	0.0262157	0.0
0.0073	-0.5617	0.1478	-0.011332422833199182	-0.000582939970166106	-0.0007853981633974483	0.65834737	50.94667435	0.73318825	0.08354852225049203	0.0265341	4e-05
0.0029	-0.5394	0.1663	-0.011667526049582093	-0.0006387905062299246	-0.0008063421144213803	0.65228057	50.47719193	0.72774303	0.0657948851735331	0.0266067	2e-05
-0.0005	-0.5252	0.1853	-0.012397073676915723	-0.0007801621756414653	-0.0008203047484373349	0.65517932	50.70151138	0.73469876	0.08084409653805626	0.0275762	2e-05
-0.0042	-0.5112	0.195	-0.012925908440270004	-0.0008412486994612669	-0.0007766715171374765	0.65519571	50.70278168	0.73134051	0.05907772592369709	0.0279018	2e-05
-0.0064	-0.5065	0.207	-0.013259266327400921	-0.0008988445647770796	-0.0007853981633974483	0.65851456	50.9596138	0.72895147	0.038884019935335086	0.0281307	6e-05
-0.0107	-0.4956	0.2053	-0.01328719159543283	-0.0008779006137531476	-0.0008587019919812101	0.6499474	50.29663849	0.72643823	0.02300865238198008	0.0287309	5e-05
-0.0104	-0.4965	0.2169	-0.013524556373704059	-0.0009128071987930344	-0.0008360127117052838	0.64859307	50.1918335	0.7270484	0.02754803217935212	0.029212	4e-05
-0.0139	-0.4885	0.2191	-0.013672909360123577	-0.0008866272600131194	-0.0008656833089891874	0.64607257	49.9967804	0.72573265	0.023910176124166824	0.0297418	9e-05
-0.0135	-0.4873	0.2314	-0.013887584858118878	-0.0009075712110370514	-0.0008464846872172499	0.64742976	50.10180664	0.7275132	0.026640903539558485	0.0302722	8e-05
-0.0234	-0.6109	0.1367	-0.00633729051399141	-0.0014416419621473165	-0.00029845130209103034	1.83462036	141.97338867	1.43334372	0.6598199240181976	0.0549515	0.01822
-0.1065	-1.2347	0.6298	0.019493582415524666	0.0027401669256310974	0.0022549653935766737	2.75308967	213.04977417	2.08850943	2.828304925648109	0.0664076	0.01991
-0.3641	-1.3079	0.6288	0.014596188534428579	-0.0008429940287132613	0.0011501719770642632	1.88834202	146.13067627	1.52864149	0.811067412597643	0.0436248	0.00261
-0.4276	-1.4029	1.0273	0.004801400772236401	-0.005988224663592545	0.0004886921905584122	1.47657502	114.26579285	1.24074903	1.3370749091788656	0.0440561	0.0056
-0.3506	-1.1867	0.2686	0.00665144977935039	-0.005859070298944964	0.002816961412718848	2.07981849	160.94821167	1.70445249	1.2672736296961005	0.0539018	0.01116
-0.2282	-0.8034	0.0552	-0.0026755897433073067	-0.005002113636215748	0.000307177948351002	1.90179884	147.17204285	1.51999878	1.353788982487738	0.0225163	7e-05
-0.2307	-0.7295	0.0574	-0.0007871434926494425	-0.005689773361501514	0.0002705260340591211	0.84948021	65.73762512	0.83698413	0.20923789451177552	0.0209856	3e-05
-0.2019	-0.8597	0.2232	-0.0009040805525330626	-0.005499532473034132	0.0011397000015522971	0.86120367	66.64485168	0.83869859	0.3836175957922089	0.0207354	2e-05
-0.1967	-1.2108	0.1557	0.0058974675424888386	-0.007983135998622064	0.002963569069886372	1.2450738	96.350914	1.01493688	0.9792510344471954	0.0280454	0.00057
-0.1593	-1.1915	0.0956	0.004014257279586958	-0.007648032782239152	0.002708750999095199	1.42821705	110.52358246	1.13695371	0.2404565775037984	0.0275152	0.00026
-0.1595	-0.8709	-0.1027	-0.0017278759594743865	-0.007049384848805097	0.0008970992355250854	1.32175207	102.28471375	1.08081423	0.9267216468032755	0.0190634	2e-05
-0.16	-0.7035	-0.0678	-0.0035796702958403696	-0.006681120376634293	0.00023561944901923448	0.79993963	61.90389252	0.78763918	0.34687692975213186	0.0186005	2e-05
-0.1686	-0.6439	-0.0496	-0.003988077340807043	-0.006551966011986713	-0.0002251474735072685	0.70452321	54.52002335	0.75084422	0.13631641660703775	0.0191732	1e-05
-0.1793	-0.7318	0.0582	-0.003235840433197487	-0.005766567848589266	4.71238898038469e-05	0.7980364	61.75660706	0.80362864	0.2968953217159059	0.0198732	2e-05
-0.1542	-0.9328	0.0969	-0.001706932008450454	-0.005469861875750229	0.0011746065865921838	0.8581453	66.40818024	0.81101498	0.41245485471872023	0.0199787	2e-05
-0.0954	-0.9838	-0.2433	-0.001218239817892042	-0.004365068459237818	0.0028728119487826664	1.20246124	93.05331421	1.05078111	0.6145845484630654	0.0270367	0.00193
-0.0846	-0.8446	-2.5026	0.039802233591730685	-0.007670722062515079	-0.002385865087476248	2.32034683	179.56167603	1.94083311	4.888540202457945	0.0776546	0.02854
-0.0603	-0.7833	-2.4942	0.04304156468343216	-0.010004227272431497	-0.0026389378290154262	1.81917167	140.77787781	1.51738164	0.38529545215785366	0.0609472	0.01063
-0.1073	-0.976	-1.9574	0.04583932747437906	-0.01122770307807952	-0.0018081611050661253	1.58838129	122.9180069	1.32494874	1.0191007660272116	0.0768833	0.01791
-0.1414	-1.017	-1.5542	0.04560894401311582	-0.01194852405915318	-0.0020804324683772408	1.55902112	120.64595032	1.2937318	0.5394737902824008	0.065214	0.00862
-0.1815	-1.0402	-1.192	0.03783699285398507	-0.012013101241476969	-0.0026912977065752563	1.34479833	104.06816864	1.15734916	0.8478696789826279	0.0576466	0.00529
-0.1888	-1.1507	-0.7077	0.025319491458681738	-0.010351547793578367	-0.0012374384396639797	1.47214389	113.92288971	1.24295557	1.3837457055056603	0.0382641	0.00059
-0.1536	-1.2506	-0.8053	0.01197644932718509	-0.009402088680493453	-0.0023876104167282427	1.86872649	144.61271667	1.46568962	1.0048336610822912	0.0489246	0.00929
-0.1903	-1.1245	-1.0699	-0.008909905831431052	-0.005551892350593962	-0.005174901232163186	2.20129895	170.34906006	1.68939067	1.8035921151975287	0.0461171	0.00537
-0.1753	-1.0708	-0.8616	-0.01313360262125733	-0.0038816122564353885	-0.0036704274169440743	1.25966299	97.47990417	1.05769854	0.6469225349601982	0.0371711	0.00054
-0.1324	-0.999	-0.8528	-0.013082988072949496	-0.0029129545215785357	-0.0028518679977587343	0.78559238	60.79362106	0.78584308	0.21539158511750137	0.0350657	0.00035
-0.1123	-0.9045	-0.8199	-0.014994123603883285	-0.001609193570338772	-0.002436479635784084	0.75010294	58.04724503	0.75877358	0.3290142422074102	0.0375667	0.00054
-0.1072	-0.8217	-0.749	-0.015744615182240847	-0.0015079644737231008	-0.002150245638457014	0.71896821	55.63785934	0.74383975	0.21569773361501507	0.0364856	0.00044
-0.1048	-0.7494	-0.7066	-0.016095426361891707	-0.001514945790731078	-0.0022549653935766737	0.66066891	51.12632751	0.71743403	0.14022561258892485	0.0362809	0.00047
-0.1077	-0.7069	-0.676	-0.016351989761934874	-0.0014049900478554352	-0.002385865087476248	0.64022523	49.54428101	0.70570623	0.10087094184091912	0.0365422	0.00047
-0.0976	-0.815	-0.6825	-0.013346532790000637	-0.0027104963283471934	-0.0021519909677090087	0.91911829	71.12661743	0.84229851	0.3519418686096616	0.0346202	0.0003
-0.128	-0.9626	-0.4497	-0.011257373675363426	-0.0049131018443640375	-0.0020996310901491783	1.11442852	86.2408371	0.97812398	0.6280062254106944	0.0286078	6e-05
-0.1583	-1.0012	0.0475	-0.012217304763960306	-0.003267256359733385	-0.00024609142453120044	1.24269354	96.16671753	1.10532321	0.7890658119422755	0.0305496	0.00022
-0.145	-0.8229	0.0138	-0.015526449025741554	0.0004363323129985824	0.00015707963267948963	1.16314054	90.01044464	1.04549447	0.5960951995861954	0.0306855	0.00014
-0.24	-0.6796	0.0158	-0.017790141065578205	0.0005585053606381855	-0.003679154063204046	0.92910039	71.899086	0.88345562	0.5514049391679895	0.0301434	9e-05
-0.2124	-0.5852	0.0681	-0.020402898955813712	-0.0022654373690886398	-0.004621631859280984	0.80943519	62.63871002	0.80392658	0.4932589208019634	0.0315638	2e-05
-0.2217	-0.5919	0.1431	-0.02215520952481602	-0.002569124658935653	-0.004954989746411901	0.76471752	59.17820358	0.77550381	0.2104677872990118	0.0349648	0.0001
-0.2387	-0.5954	-0.1444	-0.015374605380818048	-0.0038781215979314006	-0.0027454029133870805	1.16990471	90.5338974	1.02537806	0.822959395800927	0.030017	0.00011
-0.1952	-0.8074	-0.1133	-0.009777334469672236	-0.003916518841475275	0.0006771877497737998	1.25944471	97.46302032	1.06696727	0.7395129408925285	0.03121	0.00113
-0.1228	-1.0579	0.0007	-0.005248205060746949	-0.004544837372193235	0.00422893277758226	1.44654453	111.94186401	1.16885264	0.8723596483725854	0.0240147	2e-05
-0.0993	-1.0853	0.1705	-0.011348130796467132	-0.003010692959690218	0.003680899392456041	0.97685719	75.59477997	0.90272252	0.6298051766674709	0.0270762	5e-05
-0.0994	-0.8924	-0.0293	-0.013831734322055061	-0.0027436575841350863	0.0025761059759436306	0.96612191	74.76402283	0.90383713	0.5855716158827735	0.0276569	7e-05
-0.1151	-0.6794	-0.108	-0.0145892072174206	-0.0033231068957972035	0.001001818990644745	0.81261146	62.88451004	0.7976032	0.452960459616327	0.0254681	3e-05
-0.127	-0.5795	-0.1221	-0.014969688994355364	-0.0036686820876920805	3.4906585039886588e-06	0.67009389	51.85569	0.71971877	0.21211926504851983	0.0263169	2e-05
-0.1394	-0.5512	-0.0938	-0.015104079346758928	-0.003467969223712733	-0.00042411500823462205	0.64539129	49.94405746	0.7161702	0.10713544415607612	0.0264633	2e-05
-0.1421	-0.6113	-0.1027	-0.013791591749259192	-0.0036215581978882336	-0.00012042771838760874	1.43407941	110.97724915	1.18058947	0.16018819307611248	0.0427815	0.01242
-0.1077	-1.3517	-0.7125	0.03603406773667493	-0.012590805223887095	0.0035377823937925057	2.55941415	198.0620575	2.01345717	4.507255831205655	0.0595857	0.00573
-0.1357	-1.2752	-0.1105	0.015856316254368483	-0.008503244115716374	0.001837831702350029	2.28086472	176.50631714	1.81458494	2.004763164095982	0.0572138	0.01921
-0.1241	-1.3131	0.0318	0.004290019301402062	-0.007023204910025181	0.0022043508452688383	1.90955663	147.77238464	1.51705365	0.8624427650788211	0.0245907	4e-05
-0.0924	-0.9973	-0.2548	-0.0012199851471440364	-0.005829399701661061	0.0011571532940722405	1.31273317	101.58678436	1.08608305	1.0216503604053409	0.0197283	6e-05
-0.1008	-0.7683	-0.2721	-0.004073598474154764	-0.0054384459492143305	1.7453292519943294e-06	0.93876153	72.64672089	0.85063531	0.4746987522138852	0.0170525	1e-05
-0.1088	-0.6727	-0.2587	-0.006133086991508073	-0.005218534463463045	-0.0005637413483941684	0.71845412	55.59807587	0.74071527	0.2592443340375379	0.0182507	1e-05
-0.1221	-0.6691	-0.1899	-0.006007423285364482	-0.004850269991292241	-0.000640535835481919	0.69467944	53.75825882	0.74478028	0.11423613327010725	0.0186005	1e-05
-0.1126	-0.6446	-0.1996	-0.00800582527889799	-0.0042324234360862495	-0.00040666171571467877	0.74121368	57.35934448	0.76301839	0.186206133425337	0.0197523	1e-05
-0.1212	-0.6111	-0.1816	-0.008508480103472356	-0.004145156973486532	-0.0006702064327658224	0.67669785	52.36673737	0.73198054	0.10277330021126135	0.0204091	1e-05
-0.1235	-0.5899	-0.1771	-0.009299114254625788	-0.004075343803406759	-0.0005515240436302081	0.68510032	53.01697159	0.73526324	0.07695648551844098	0.0213968	0.0
-0.1219	-0.7338	-0.2054	-0.0056810467152415434	-0.00506320016003555	-0.00037350045992678646	0.9553802	73.93276978	0.89353843	0.41299737398582287	0.0212439	7e-05
-0.0723	-1.0249	-0.5518	-0.009780825128176223	-0.006246533392887705	-0.00017453292519943296	1.29067957	99.88014984	1.11774853	0.9612039590257091	0.0297319	0.00024
-0.0529	-1.1589	-0.5391	-0.011767009816945768	-0.004035201230610889	0.0008220500776893293	0.83471805	64.59524536	0.82405346	0.42580499269675615	0.0340126	0.0002
-0.0469	-1.0348	-0.3713	-0.01283864197767029	-0.0033894294073729884	0.0008936085770210966	0.84983414	65.76501465	0.82919385	0.3873481241647096	0.0297832	6e-05
-0.0616	-0.8018	-0.2241	-0.01330813554645676	-0.003162536604613725	0.00016929693744344995	0.858805	66.45922852	0.82914733	0.46593490055616904	0.0251321	2e-05
-0.0731	-0.7085	-0.1418	-0.013166763877045221	-0.0030455995447301047	-0.00017278759594743863	0.71331984	55.20075607	0.74439787	0.2171196631343024	0.0243204	2e-05
-0.0913	-0.6983	-0.1331	-0.01164658209855816	-0.0031956978604016175	-0.00032637657012293966	0.76618505	59.29177094	0.77140906	0.1282934534167037	0.0239093	1e-05
-0.1326	-0.9416	-0.2324	-0.002883283924294633	-0.005633922825437696	0.001239183768915974	1.2096082	93.60638428	1.00759509	1.022254173916926	0.0197298	1e-05
-0.1307	-1.1527	-0.1972	-0.001001818990644745	-0.006435028952103093	0.0026057765732275338	0.94906312	73.44391632	0.86516149	0.4506581932313424	0.020512	1e-05
-0.1114	-1.1106	-0.1859	-0.0057648225193372695	-0.007223917774004529	0.0022183134792847924	1.00166285	77.51438904	0.90572199	0.3696677722268351	0.0233915	3e-05
-0.1001	-0.8402	-0.3208	-0.009105382707654418	-0.007576474282907384	0.0010088003076527223	1.02963686	79.6791687	0.91157388	0.6617314934426037	0.0215875	2e-05
-0.1109	-0.7173	-0.3035	-0.00905825881785057	-0.007298966931840286	0.00040840704496667313	0.70064151	54.21963501	0.73189849	0.19725122517784963	0.0210984	1e-05
-0.1155	-0.6892	-0.277	-0.009293878266869804	-0.007145377957664784	7.155849933176751e-05	0.64438897	49.86649323	0.70908632	0.0955028484414821	0.0213916	2e-05
-0.1248	-0.8119	-0.1546	-0.008295549934729049	-0.006597344572538566	0.0004921828490624009	0.77757239	60.17298889	0.78383199	0.3527493033498803	0.0212133	1e-05
-0.113	-0.9374	-0.1295	-0.009677850702308557	-0.007089527421600967	0.0008621926504851988	0.7983619	61.78179932	0.78840082	0.27462467090323534	0.0228553	2e-05
-0.1036	-0.786	-0.2959	-0.012550662651091223	-0.007201228493728604	0.0006073745796940267	0.91264099	70.62536621	0.85077331	0.48916655458507374	0.0246249	1e-05
-0.1107	-0.6947	-0.2751	-0.012692034320502763	-0.006976081020221335	0.00028099800957108706	0.68476266	52.99084091	0.72567781	0.15384478565208742	0.0240602	0.0
-0.1153	-0.6536	-0.2635	-0.01261000384565903	-0.006843435997069766	5.235987755982989e-05	0.63647914	49.2543869	0.70017222	0.07946568150032794	0.0242879	0.0
-0.1204	-0.651	-0.2495	-0.01241627229868766	-0.006827728033801816	-1.7453292519943296e-05	0.63641179	49.24917221	0.70427645	0.035662634015954604	0.0240874	1e-05
-0.1194	-0.6203	-0.2539	-0.013187707828069155	-0.006517059426946826	-0.00017976891295541595	0.66367346	51.35883713	0.71371863	0.09832098783359788	0.0248395	1e-05
-0.1363	-0.6917	-0.2254	-0.009293878266869804	-0.006742206900454094	0.0001012290966156711	0.86406994	66.86666107	0.81462753	0.33679875221388533	0.0222695	2e-05
-0.1352	-0.867	-0.1025	-0.00786096295098246	-0.006586872597026601	0.0004572762640225143	0.82446003	63.8014183	0.79474514	0.39651483933608406	0.0206959	1e-05
-0.1341	-1.0301	-0.0622	-0.007354817467904104	-0.006752678875966061	0.0008272860654453122	0.72897625	56.41234207	0.75120919	0.2565980781720308	0.0211374	0.0
-0.1266	-1.0811	-0.0474	-0.010395181024878226	-0.007168067237940712	0.0014224433403753785	0.83798355	64.84794617	0.81405092	0.2758454596939419	0.0249131	4e-05
-0.112	-0.8404	-0.2089	-0.014294246573833557	-0.007419394650227894	0.0007644542123735164	1.00587213	77.84012604	0.91058275	0.6572191044622188	0.0262194	0.0
-0.1274	-0.7244	-0.2009	-0.013159782560037246	-0.007272786993060372	0.00021642082724729686	0.7551043	58.4342804	0.76916763	0.23085525280450267	0.0245137	0.0
-0.1698	-1.2949	-0.4807	0.017783159748570223	-0.01498016096986733	0.005298819609054784	2.28754568	177.02333069	1.78940432	3.079335753361096	0.061424	0.01955
-0.1376	-1.4547	-0.3286	0.016505578736110374	-0.017734290529514384	0.005904448859496816	1.94047856	150.16529846	1.49377408	0.575966991127447	0.0390887	0.00057
-0.1079	-1.3492	-0.4074	0.010098475052039192	-0.015634659439365206	0.005578072289373877	1.26588273	97.96122742	1.05135117	0.655655567217165	0.0365068	0.0006
-0.1337	-1.0662	-0.5185	0.005279620987282846	-0.013542009666224004	0.004239404753094226	1.20025444	92.88253784	1.00193663	0.8324085687088598	0.0252134	6e-05
-0.153	-0.9471	-0.4572	0.003232349774693498	-0.012781046112354474	0.0032463124087094525	0.72182345	55.85881805	0.74096615	0.3897663555421826	0.0232867	5e-05
-0.1616	-1.1015	-0.2108	0.00301941960595019	-0.011023499555596186	0.0035116024550125905	0.92774349	71.79408264	0.86677615	0.5211883385902365	0.0245154	4e-05
-0.1312	-1.3379	-0.0172	0.0029112091923265415	-0.010999064946068265	0.0047193702973926666	0.90490866	70.0269928	0.84698506	0.5274206432765824	0.0260823	6e-05
-0.1038	-1.3105	-0.0235	-0.0018029251173101424	-0.009705775970340468	0.004469788214357478	1.09205186	84.50920105	0.95061123	0.3739502684199837	0.0277401	0.00014
-0.0888	-1.0135	-0.2639	-0.006579891280018623	-0.009100146719898434	0.003225368457685521	1.22525477	94.81719971	1.02515799	0.8837507584911235	0.0221478	2e-05
-0.0925	-0.8606	-0.252	-0.006965609044709369	-0.008606218541584039	0.0026808257310632897	0.75285172	58.25996017	0.76784142	0.23970943348136867	0.0209026	0.0
-0.0173	-0.793	-0.6948	-0.0037402405870238476	-0.008363617775556827	0.0035342917352885177	1.29408133	100.14339447	1.12506341	0.8016717613968981	0.0333016	0.0036
-0.0963	-1.6681	-1.8712	0.06446199059315856	-0.016627751783749978	0.0014224433403753785	3.72273636	288.08657837	2.98940222	6.059410679164434	0.162027	0.1323
-0.1968	-1.8597	-0.9798	0.06302558461876723	-0.015407766636605941	-0.0001658062789394613	3.51771259	272.22067261	2.8384423	1.3957320370425104	0.109423	0.05348
-0.2508	-1.7586	-0.8408	0.051764720284899826	-0.01660855316197804	-0.0018675022996339327	2.03819799	157.72738647	1.66006214	1.0022673439966987	0.0863948	0.0225
-0.2099	-1.3003	-0.2505	0.010089748405779218	-0.015355406759046113	-0.0004991641660703782	2.80909753	217.38398743	2.22742561	3.3043228207808046	0.0839164	0.04757
-0.28	-1.2809	0.1819	-0.005321508889330711	-0.011334168162451176	-0.0013142329267517303	2.61193728	202.12660217	2.07999382	1.5342782326193107	0.0385475	0.00259
-0.2958	-1.2286	0.3021	-0.01063080047389746	-0.012719959588534674	-0.002129301687433082	1.30331779	100.85816193	1.12613168	0.56380758856658	0.0336711	0.00035
-0.3008	-1.2137	0.129	-0.013505357751932122	-0.014316935854109487	-0.0021537362969610025	0.92859983	71.86035156	0.88421151	0.41779840765686965	0.0373234	0.00053
-0.2116	-1.2277	-0.1448	-0.013545500324727991	-0.013215633096101064	0.00021642082724729686	0.90543878	70.06801605	0.87159788	0.5525801227506296	0.0357076	0.0003
-0.1909	-1.14	-0.264	-0.014706144277304222	-0.012175416861912444	0.00026354471705114377	0.81904936	63.38271332	0.80846577	0.339999203828435	0.035603	0.00023
-0.1852	-0.9173	-0.3084	-0.015407766636605941	-0.011180579188275672	-0.000148352986419518	0.81726098	63.2443161	0.79566659	0.37821788682045754	0.0321537	8e-05
-0.1866	-0.7939	-0.2795	-0.015484561123693692	-0.010599384547361562	-0.0005585053606381855	0.69034708	53.42299652	0.72858656	0.20710707511102633	0.0301319	4e-05
-0.2052	-0.7754	-0.2197	-0.01468520032628029	-0.01041263431739817	-0.000874409955249159	0.69522232	53.80027008	0.7295819	0.16200078109938842	0.0290765	4e-05
-0.1988	-0.8971	-0.0803	-0.01432740782962145	-0.009791297103688189	1.7453292519943296e-05	0.74484831	57.64060974	0.76099282	0.36104964790689625	0.0287557	5e-05
-0.1846	-0.9043	-0.1379	-0.01599594259452803	-0.009061749476354559	0.0003612831551628262	0.80131567	62.01037598	0.80052289	0.21609561274415465	0.0309547	7e-05
-0.1837	-0.771	-0.2131	-0.01604830247208786	-0.00911410935391439	-0.0001239183768915974	0.72752053	56.29969025	0.74976152	0.23889606435870409	0.0299354	5e-05
-0.1865	-0.7159	-0.1903	-0.016058774447599827	-0.009224065096790031	-0.0006056292504420323	0.65140271	50.40925598	0.70922546	0.11080692959690223	0.0293596	2e-05
-0.1976	-0.7876	-0.0944	-0.01513724060254682	-0.009023352232810684	-0.0003089232776029963	0.73387426	56.79137802	0.75343663	0.2496476340935695	0.0292931	6e-05
-0.1931	-0.9915	0.0166	-0.014357078426905355	-0.008887216551155125	0.0007819075048934597	0.7739796	59.8949585	0.7712015	0.4197564319896741	0.0291896	7e-05
-0.1909	-1.1276	0.0704	-0.013793337078511186	-0.008965756367494871	0.0014172073526193955	0.72048545	55.75527191	0.74749542	0.2559790506229924	0.0292868	9e-05
-0.177	-1.2308	0.0023	-0.016566665259930176	-0.008372344421816799	0.0015777776438028737	0.85864598	66.4469223	0.84255527	0.36156552091402694	0.0352432	0.00023
-0.176	-1.1013	-0.3099	-0.020975366950467852	-0.008323475202760958	0.0002181661564992912	1.1485126	88.87845612	1.01332254	0.7335591198448549	0.0448571	0.00133
-0.1753	-0.8676	-0.3214	-0.02112022927838338	-0.007595672904679321	-0.0004974188368183839	0.90070343	69.7015686	0.86013173	0.32531248096574183	0.0395976	0.00039
-0.1856	-0.7623	-0.1393	-0.019711748572023957	-0.00778416846389471	-0.0008918632477691023	0.88013113	68.10956573	0.84080808	0.39727103382627654	0.0333061	0.00012
-0.1989	-0.8326	0.011	-0.018678513654843316	-0.00788539756051038	-0.0008185594191853405	0.76617134	59.29070663	0.77544807	0.2942883921190037	0.0322407	5e-05
-0.1914	-1.0021	0.1262	-0.019350465416861133	-0.008068657131969784	-0.00010995574287564276	0.73959124	57.23378754	0.76195754	0.370390750489346	0.0336853	0.00013
-0.1762	-1.001	0.043	-0.020996310901491785	-0.007904596182282318	-0.00010471975511965978	0.87132543	67.4281311	0.83955873	0.19025712110370513	0.0377766	0.00034
-0.1659	-0.8109	-0.0877	-0.021875956844496926	-0.007342600163140145	-0.0006440264939859076	0.89611036	69.34613037	0.84454773	0.430147435050678	0.0363598	0.0002
-0.1808	-0.7484	-0.0694	-0.02045874949187753	-0.007511897100583594	-0.0010175269539126942	0.72718942	56.27406693	0.75912847	0.1937002374994816	0.0340703	0.0001
-0.1874	-0.9314	0.0607	-0.017448056532187315	-0.0084334309456366	0.0001308996938995747	0.94245154	72.93227386	0.86019905	0.5737326726277746	0.0311287	0.0001
-0.1761	-1.0878	0.1827	-0.020022417178878947	-0.007745771220350834	0.00039968039870670147	0.77293223	59.81390381	0.78722385	0.46624005383922634	0.0345743	0.00022
-0.1567	-1.0535	0.0826	-0.02202780048942043	-0.007518878417591571	0.0001972222054753592	0.90690833	70.18173981	0.861095	0.27553671532660445	0.0397919	0.0005
-0.1489	-0.8281	-0.0555	-0.022896974456913608	-0.006993534312741278	-0.000486946861306418	0.93261904	72.17137909	0.8694851	0.4752343569562625	0.0381778	0.00031
-0.1542	-0.7321	-0.0415	-0.02258281519155463	-0.0067771134854939805	-0.000932005820564972	0.69147825	53.51053238	0.73657573	0.16408195259324154	0.0365202	0.00028
-0.1676	-0.7097	-0.0284	-0.021818360979181113	-0.007103490055616921	-0.0013945180723434693	0.67751187	52.42973328	0.72939573	0.1265671517137477	0.0358898	0.00014
-0.1628	-0.881	0.0033	-0.016434020236778608	-0.007735299244838868	-0.0007470009198535729	1.03466153	80.06800842	0.90502939	0.5409833542057174	0.0322892	0.00015
-0.1502	-1.1187	-0.0235	-0.010508627426257857	-0.008100073058505684	0.00014137166941154068	1.16784799	90.3747406	0.99040154	0.6360269606726341	0.0247676	3e-05
-0.1419	-0.9888	-0.0841	-0.017545794970298994	-0.007857472292478471	-0.0001361356816555577	1.07026064	82.82287598	0.93975699	0.5766637830567725	0.0326988	0.00011
-0.146	-0.8161	-0.109	-0.018851301250790754	-0.007122688677388859	-0.0007278022980816354	0.84475148	65.37168884	0.811145	0.33329782560037247	0.0312635	2e-05
-0.1584	-0.7423	-0.0947	-0.01900663555421825	-0.007028440897781166	-0.0010314895879286487	0.66349941	51.34537125	0.71758904	0.12816346864411016	0.0314391	4e-05
-0.1738	-0.898	-0.0595	-0.013425072606340382	-0.008225736764649274	-0.0005881759579220891	1.21553028	94.06466675	1.01214556	0.5674086222376267	0.0319999	0.00213
-0.2205	-1.3705	-0.8412	0.008964011038242875	-0.012630947796682963	0.0003106686068549907	1.98790705	153.83558655	1.58483158	2.685556962069701	0.0455894	0.0065
-0.2713	-1.6136	-1.1684	0.015861552242124467	-0.01529082957672232	0.006180210881311922	2.48964858	192.66320801	1.98263737	1.392448262918894	0.0728041	0.02559
-0.2055	-1.3524	-0.7378	-0.0008726646259971648	-0.013898056833630847	0.0029897490086662863	2.7774694	214.93641663	2.19883589	1.8234725741929367	0.0653496	0.02789
-0.1668	-0.962	-1.3349	-0.005000368306963754	-0.010866419922916697	0.0004799655442984406	2.92883754	226.65016174	2.34458528	1.5096562028024294	0.069047	0.03747
-0.0902	-1.0145	-2.369	0.039495055643379684	-0.020266763274158155	0.004120722363958612	2.85797191	221.16616821	2.33602935	4.040026206062254	0.0723685	0.01957
-0.1262	-1.048	-2.2369	0.02960602010157981	-0.017638297420654692	0.0033911747366249826	1.57400024	121.80511475	1.29178858	0.8639524511318486	0.0487121	0.00403
-0.1717	-1.3884	-1.7803	0.0244991867102444	-0.01626646862858715	0.003412118687648914	1.60329378	124.07201385	1.34666111	1.167480306721344	0.0611547	0.01163
-0.2015	-1.7554	-0.6281	0.018537141985431774	-0.016451473529298547	0.0042271874483302664	1.84126246	142.48739624	1.52082962	1.8971059193102688	0.040481	0.00062
-0.1998	-1.5638	-0.7055	0.014205234781981848	-0.015358897417550098	0.0038135444156076103	1.08159471	83.69996643	0.9561621	0.5626063173960516	0.0328696	0.00027
-0.2144	-1.3036	-0.7544	0.012164944886400474	-0.014819590678683851	0.002366666465704311	0.90188503	69.7930069	0.83404589	0.525023729217546	0.0290968	0.00011
-0.2275	-1.1611	-0.745	0.010545279340549737	-0.01468520032628029	0.0014887658519511632	0.71938884	55.67041397	0.73489491	0.2965978256003723	0.0276942	0.0001
-0.237	-1.0957	-0.6946	0.008958775050486893	-0.014559536620136697	0.0009843656981248017	0.65493923	50.68293381	0.7031694	0.23612840750164	0.027294	8e-05
-0.2435	-1.0385	-0.6628	0.0063721970990312975	-0.013835224980559049	0.000635299847725936	0.68944037	53.35282898	0.72049889	0.27849777207160537	0.0249957	3e-05
-0.2507	-1.14	-0.5733	0.008059930485709814	-0.013695598640399504	0.0009180431865490173	0.78189015	60.50712204	0.78024476	0.303705153283057	0.0263702	4e-05
-0.2573	-1.5657	-0.8277	0.02404365577547388	-0.01482308133718784	-0.0006213372137099814	1.88727391	146.04801941	1.46817908	1.61922941934057	0.0626569	0.01643
-0.2384	-1.7045	-0.7788	0.027663468644110123	-0.015983725289764068	0.0006562437987498679	1.88465166	145.84509277	1.44685746	0.5095018916836157	0.0463546	0.00102
-0.2126	-1.5876	-0.8097	0.021896900795520854	-0.015074408749475025	0.0012723450247038664	1.08272517	83.7874527	0.94891252	0.5381992807416154	0.0395997	0.0004
-0.2204	-1.3155	-0.8817	0.01706408409674856	-0.014114477660878142	0.0007086036763096977	1.09014523	84.36165619	0.93149881	0.6697244567881673	0.0315547	0.00015
-0.2325	-1.1909	-0.8401	0.014693926972540261	-0.01393994473567871	0.0003106686068549907	0.75724936	58.60027313	0.7502845	0.32543125594312183	0.0296439	0.0001
-0.2388	-1.1286	-0.8147	0.012927653769522	-0.01370607061591147	-2.094395102393195e-05	0.670102	51.85631561	0.71630487	0.2105879940332212	0.0286469	6e-05
-0.2439	-1.081	-0.7784	0.010894345190948604	-0.01354899098323198	-0.00016406094968746698	0.66820234	51.70930862	0.71068082	0.20567526049582116	0.0270103	7e-05
-0.2488	-1.0443	-0.745	0.00951728041112508	-0.013562953617247936	-0.0003822271061867582	0.6298095	48.73825073	0.69522357	0.15545967851693843	0.0264	4e-05
-0.2469	-1.0101	-0.7092	0.007592182246175334	-0.01329068225393682	-0.0004537856055185257	0.64470309	49.89080048	0.69810769	0.18534640137963143	0.0254861	5e-05
-0.2571	-1.181	-0.6856	0.013297663570944798	-0.012917181794010031	-5.93411945678072e-05	1.3313117	103.02449799	1.07662646	0.5283713097823486	0.0401297	0.00279
-0.2436	-1.5326	-0.3608	0.021582741530161875	-0.015083135395734996	0.0006283185307179585	1.61798453	125.20886993	1.26039922	1.2468345643113905	0.0376366	0.00032
-0.2131	-1.5901	-0.4003	0.018882717177326654	-0.014751522837856072	0.001593485607070823	0.89969653	69.6236496	0.85789372	0.32734019935335057	0.0363237	0.0002
-0.2025	-1.5194	-0.8188	0.020552997271485223	-0.01362927612882372	0.001429424657383356	1.10710812	85.67433929	0.99720871	0.6476293876439193	0.0380577	0.00034
-0.2046	-1.3511	-0.99	0.0204063896143177	-0.01307251609743753	0.0009389871375729493	0.93281031	72.18618011	0.87654341	0.4012902604182061	0.0371514	0.00041
-0.1929	-1.3097	-1.1775	0.027865926837341466	-0.013123130645745364	0.0002548180707911721	1.02833474	79.57840729	0.92803044	0.6503160419056687	0.0463361	0.00126
-0.1899	-1.2368	-1.0856	0.023931954703346244	-0.012608258516407036	2.96705972839036e-05	1.11880898	86.57981873	0.97328418	0.4014995868420412	0.041195	0.00068
-0.2096	-1.2799	-0.9234	0.020905553780388077	-0.012473868164003473	0.0003769911184307752	1.37312102	106.2599411	1.11833425	0.40040558982543006	0.0389177	0.00077
-0.1912	-1.5501	-0.8116	0.026415558228934176	-0.014257594659541677	0.00119729586686811	1.2674197	98.08016205	1.03444877	0.806101784626082	0.0404541	0.00036
-0.1853	-1.6805	-0.712	0.020617574453809014	-0.013426817935592377	0.001265363707695889	0.95074177	73.57382202	0.87634016	0.5707414169951122	0.0355047	0.00019
-0.1748	-1.6262	-0.7668	0.015676547341413067	-0.012508774749043359	0.0013281955607676848	0.99113309	76.69953156	0.89350624	0.41569510760083817	0.0298964	7e-05
-0.1726	-1.3377	-0.9125	0.014563027278640688	-0.011821115023757595	0.0008080874436733745	0.94065642	72.79335785	0.86933092	0.5524643952576228	0.0273019	0.0001
-0.2018	-1.2244	-0.8094	0.012798499404874418	-0.011988666631949049	7.155849933176751e-05	0.77206242	59.74659348	0.76917218	0.3790304213149664	0.0266809	3e-05
-0.2212	-1.3409	-0.6458	0.013107422682477414	-0.0121579635693925	-0.00019198621771937622	0.82634866	63.94757462	0.80295121	0.33658824660487946	0.0278523	4e-05
-0.2028	-1.5513	-0.5455	0.012433725591207605	-0.01257684258987114	0.0006789330790257941	0.82575303	63.90147781	0.80118301	0.42727477042468087	0.0273261	7e-05
-0.1816	-1.6202	-0.5865	0.009740682555380353	-0.012236503385732244	0.0007400196028455958	0.94418567	73.06647491	0.86995875	0.2858234381892977	0.0289232	0.00018
-0.1269	-1.3411	-1.0471	0.0048188540647563435	-0.011417943966546903	0.0005061454830783556	1.43893445	111.35295868	1.17401961	1.0931131014788296	0.0260961	8e-05
-0.1511	-1.1626	-0.902	0.003673918075448063	-0.010983356982800315	2.094395102393195e-05	0.81739992	63.25506973	0.79528379	0.4510362252554644	0.0223302	3e-05
-0.1637	-1.0882	-0.8054	0.0015358897417550098	-0.01123119373658351	-0.00014486232791552936	0.68692285	53.15800858	0.70767127	0.3111835683207855	0.0216359	1e-05
-0.1814	-1.0543	-0.759	0.001117010721276371	-0.011316714869931232	-0.0005567600313861911	0.6417551	49.66267014	0.6896911	0.1438148928648511	0.0215231	1e-05
-0.1915	-1.1577	-0.5921	0.00013264502315156904	-0.011002555604572252	-0.0002600540585471551	0.72185725	55.86143112	0.74293792	0.3601615468161408	0.0210611	1e-05
-0.1882	-1.315	-0.5054	-0.001059414855960558	-0.01102175422634419	0.0003001966313430247	0.73252118	56.6866684	0.74611396	0.3358754595387122	0.0224859	3e-05
-0.1851	-1.4119	-0.4363	-0.0022636920398366456	-0.010477211499721958	0.00047123889803846896	0.70887202	54.85655975	0.74276102	0.26509310885968806	0.0230044	2e-05
-0.1622	-1.2137	-0.5927	-0.006602580560294549	-0.010489428804485921	0.00017104226669544429	1.00843298	78.03829956	0.92390079	0.6100651228282443	0.0246115	4e-05
-0.1657	-1.0357	-0.5909	-0.007307693578100258	-0.009534733703645023	-0.00047822021504644627	0.76443768	59.15654755	0.76298881	0.29875353001942484	0.0216241	0.0
-0.1701	-0.9705	-0.5751	-0.0075276050638515436	-0.00922755575529402	-0.0007906341511534313	0.62520528	48.38195038	0.68540545	0.1273751685104637	0.0214887	1e-05
-0.1743	-0.9308	-0.5726	-0.007414158662471912	-0.009222319767538036	-0.0009145525280450286	0.60566759	46.87001419	0.67876114	0.05853003830136066	0.0221982	1e-05
-0.1546	-0.9272	-0.6016	-0.00598647933434055	-0.00857480261504814	-0.002267182698340634	1.13677216	87.96990967	1.02242746	0.2236913325458432	0.0333914	0.00847
-0.3939	-0.2719	-1.4029	0.025151939850490284	0.014090043051350223	-0.012548917321839229	2.5509553	197.4074707	2.19636533	4.900149973736389	0.0987401	0.05019
-0.25	-1.061	-1.0878	0.029703758539691493	0.004822344723260333	-0.010649999095669398	2.24273419	173.55557251	1.8997277	2.034021762173046	0.060534	0.01118
-0.3481	-1.4192	-0.731	0.026595327141889596	-3.665191429188092e-05	-0.010688396339213275	1.33266079	103.12889099	1.20064301	1.2133912639448996	0.0425261	0.00104
-0.3569	-1.6247	-0.638	0.021060888083815576	-0.0016702800941585732	-0.009717993275104427	0.97328752	75.31854248	0.91547984	0.7142235151024781	0.0362805	0.00043
-0.339	-1.4862	-0.7494	0.014067353771074296	-0.0015515977050229591	-0.009717993275104427	1.33125412	103.02003479	1.0964371	0.6234108350938448	0.0348108	0.00057
-0.3036	-1.2246	-1.0382	0.016556193284418208	-0.004244640740850209	-0.008557349322528197	1.24140489	96.06699371	1.05879132	0.9029263250873696	0.0302254	0.00015
-0.2891	-1.1691	-1.1048	0.01950754504954062	-0.004153883619746505	-0.00879995008855541	0.89330983	69.12940979	0.83335807	0.30083548261266635	0.0354931	0.00048
-0.3093	-1.157	-1.2427	0.026560420556849706	-0.004740314248416599	-0.009562658971676932	1.22042191	94.44320679	1.02073522	0.590300750955035	0.0418901	0.00078
-0.3184	-1.1192	-1.0156	0.018891443823586623	-0.00528485697503883	-0.009595820227464823	1.06754386	82.61263275	0.94242289	0.6863340357836603	0.0310784	0.00015
-0.3152	-1.3104	-0.8147	0.01792453141798176	-0.006108652381980153	-0.009367182095453565	0.89390647	69.17558289	0.84718038	0.49626729722787233	0.0291821	9e-05
-0.3051	-1.4932	-0.7518	0.015048228810695109	-0.005768313177841259	-0.008859291283123218	0.9603498	74.31734467	0.87084927	0.4420266311877946	0.0274979	9e-05
-0.2887	-1.6106	-0.7611	0.011397000015522971	-0.005164429256651221	-0.008217010118389304	0.8929975	69.10523987	0.83534977	0.3879696940548044	0.025229	4e-05
-0.2839	-1.429	-0.8355	0.000932005820564972	-0.0054105206811824215	-0.008326965861264947	1.59739137	123.61525726	1.2373328	0.8018520681182421	0.0353106	0.00251
-0.2737	-1.0911	-0.9808	-0.0013212142437597075	-0.005845107664929009	-0.007555530331883452	1.55820334	120.58266449	1.24103041	0.6663621288726381	0.0243402	2e-05
-0.2817	-1.0007	-0.9778	0.005468116546498235	-0.005635668154689691	-0.008035495876181893	0.9900701	76.61727142	0.87697849	0.47533679223978514	0.0217956	2e-05
-0.2988	-0.9443	-0.9228	0.005670574739729577	-0.005300564938306779	-0.008398524360596713	0.67083794	51.91326523	0.7033666	0.17352949470145365	0.0211823	1e-05
-0.3065	-0.913	-0.8778	0.005265658353266893	-0.005356415474370597	-0.008780751466783471	0.62660611	48.49035263	0.67790744	0.12614970143566293	0.0212826	1e-05
-0.3103	-0.9196	-0.7906	0.0037140606482439333	-0.005223770451219028	-0.009080948098126495	0.65738398	50.8721199	0.69557358	0.1968219679758776	0.0207584	1e-05
-0.307	-1.0691	-0.6249	0.0020699604928652747	-0.005539675045830002	-0.008576547944300135	0.75513309	58.43650818	0.75125172	0.4417202451907996	0.0189688	2e-05
-0.2914	-1.1977	-0.5663	-0.00045902159327450867	-0.0060021872976084994	-0.007880161572754398	0.73883367	57.17516327	0.74275541	0.38719403547320086	0.0185851	1e-05
-0.2741	-1.0481	-0.6664	-0.0042655846918741415	-0.005042256209011618	-0.007447319918259804	0.89092892	68.94515991	0.82821843	0.5269667920845553	0.0208405	2e-05
-0.2747	-0.9099	-0.6467	-0.005311036913818745	-0.004324925886441949	-0.00776846050062676	0.705401	54.58795547	0.71715903	0.2626961563440613	0.0216374	2e-05
-0.277	-0.8593	-0.6228	-0.006536258048718765	-0.004356341812977846	-0.007923794804054257	0.63292074	48.97901917	0.67700857	0.14739856824317085	0.0225955	2e-05
-0.2859	-0.8254	-0.6064	-0.007892378877518359	-0.004246386070102203	-0.007979645340118073	0.6238333	48.27577972	0.67859684	0.13529635538695253	0.0228924	1e-05
-0.2895	-0.7987	-0.6048	-0.008218755447641298	-0.004024729255098924	-0.008122762338781609	0.59555495	46.08744049	0.66912716	0.06645751918948783	0.0233821	2e-05
-0.2932	-0.7777	-0.6224	-0.007958701389094143	-0.00456752665246916	-0.008028514559173916	0.59616649	46.13476181	0.6680039	0.08715496177625423	0.0233647	1e-05
-0.2916	-0.7706	-0.6044	-0.009060004147102564	-0.004356341812977846	-0.007956956059842148	0.6152702	47.61311722	0.67726005	0.09590230484157505	0.0244024	1e-05
-0.2982	-0.7611	-0.5792	-0.010164797563614976	-0.004211479485062317	-0.007986626657126052	0.62003523	47.98186493	0.68005209	0.10526631708559214	0.025142	0.0
-0.3318	-1.1302	-0.7429	0.009368927424705562	-0.006518804756198821	-0.0069202304841575165	2.19863033	170.14256287	1.68001607	1.7117723216212788	0.0604796	0.02444
-0.3166	-1.7551	-1.1911	0.042329470348618475	-0.009060004147102564	-0.008166395570081468	2.83866549	219.67211914	2.07474493	2.925695370037031	0.0822694	0.0272
-0.3305	-1.9013	-1.1808	0.04230852639759454	-0.0077771871468867325	-0.008459610884416515	2.24068713	173.39715576	1.69480314	0.2502488132787406	0.0662344	0.00778
-0.3176	-1.8472	-1.099	0.026825710603152843	-0.00585732496969297	-0.008162904911577479	1.54813981	119.80388641	1.25282301	1.0337691972237248	0.0423425	0.00084
-0.2894	-1.5209	-1.0797	0.019327776136585203	-0.00476125819944053	-0.00847706417693646	1.2159903	94.1002655	0.99851909	0.819208025108953	0.0319527	0.00025
-0.2915	-1.2384	-0.9473	0.014172073526193957	-0.004101523742186674	-0.009002408281786752	1.07412565	83.12197113	0.91553793	0.7340390586247698	0.0262338	2e-05
-0.2911	-1.1131	-0.884	0.011562806294462432	-0.003979350694547071	-0.009225810426042026	0.772995	59.81875992	0.74769539	0.33674212118132	0.0248269	4e-05
-0.2954	-1.1564	-0.8096	0.011721631256393916	-0.003960152072775134	-0.009288642279113822	0.78670329	60.87958908	0.76787333	0.134042771838761	0.0248047	7e-05
-0.2932	-1.3252	-0.6967	0.011267845650875392	-0.004349360495969869	-0.0083409284952809	0.77271086	59.796772	0.76816926	0.3734353906273089	0.0226379	2e-05
-0.2896	-1.4465	-0.6567	0.009751154530892318	-0.004909611185860049	-0.00788888821901437	0.73690218	57.0256958	0.75493964	0.29134910430698924	0.0216995	1e-05
-0.2649	-1.2899	-0.8196	0.008126252997285598	-0.0046251225177849735	-0.007648032782239152	0.93201745	72.12482452	0.85732476	0.45171228192285046	0.0215231	2e-05
-0.2735	-1.113	-0.8042	0.007175048554948689	-0.0038746309394274117	-0.008279841971461099	0.76170683	58.94522095	0.7572281	0.31757526049582085	0.0209129	2e-05
-0.2762	-1.0298	-0.7732	0.0059027035302448225	-0.003490658503988659	-0.008724900930719653	0.64838886	50.17602921	0.69388474	0.22196882097005863	0.0214452	1e-05
-0.276	-0.9919	-0.755	0.004485496177625427	-0.0033999013828849537	-0.009025097562062679	0.62539303	48.39648056	0.68930622	0.14670805525330635	0.0210892	1e-05
-0.2744	-0.9605	-0.7399	0.0024155356847601517	-0.003303908274025266	-0.009002408281786752	0.65195119	50.45170212	0.69470102	0.1575321441000445	0.0207285	1e-05
-0.2782	-0.9315	-0.7199	0.0010070549784007281	-0.0029181905093345183	-0.00905825881785057	0.60605526	46.90001297	0.67080996	0.14530245035569953	0.0207992	1e-05
-0.2769	-0.9053	-0.6915	0.00023212879051524583	-0.003270747018237374	-0.009201375816514106	0.60405231	46.74501419	0.67064559	0.1194299847725937	0.0208541	2e-05
-0.2736	-0.889	-0.7036	0.0003961897402027128	-0.0027977627909469105	-0.009121090670922365	0.61844182	47.85855484	0.68002007	0.06756651612848354	0.021681	2e-05
-0.2779	-0.9425	-0.6616	0.0021624629432209744	-0.0028274333882308137	-0.009234537072301997	0.7261591	56.19433212	0.73665493	0.19526951008408985	0.0219343	1e-05
-0.2859	-1.275	-0.7196	0.011648327427810155	-0.004485496177625427	-0.007075564787585011	1.30620539	101.08161926	1.0236691	1.0636449779350388	0.0271329	0.00018
-0.2444	-1.3952	-0.8908	0.005717698629533424	-0.0033684854563490563	-0.006138322979264057	1.67468834	129.59693909	1.2616899	0.7321440663937028	0.0322828	0.00068
-0.2182	-1.538	-0.7778	0.0011780972450961724	0.0013316862192716734	-0.004864232625308196	1.30087698	100.66928101	1.07641797	0.8076931707006921	0.0304145	0.00017
-0.1808	-1.4197	-0.634	-0.0016196655458507376	0.0002670353755551324	-0.004831071369520303	0.90187329	69.792099	0.8536511	0.49427874452256726	0.0262147	7e-05
-0.1908	-1.1641	-0.6487	-0.0010821041362364843	-0.002176425577236929	-0.00632507320922745	0.87190372	67.47288513	0.83125312	0.5040512101056732	0.0203199	2e-05
-0.2302	-1.1308	-0.7887	0.003040363556974122	-0.004153883619746505	-0.006726498937186146	0.87376994	67.61730194	0.82272463	0.5377675731839436	0.0214183	4e-05
-0.2463	-1.3516	-0.6037	0.004029965242854907	-0.002841396022246768	-0.004810127418496373	1.09128702	84.45001221	0.96537387	0.6328230401035145	0.0224615	8e-05
-0.2349	-1.531	-0.304	-0.0003525565089028545	-0.0028605946440187057	-0.0035883969421003415	1.00100005	77.46309662	0.92723431	0.7716725424962867	0.0203456	2e-05
-0.2308	-1.506	-0.4415	-0.0013194689145077131	-0.003351032163829113	-0.003895574890451344	0.93846583	72.62384033	0.89212444	0.25482639368831334	0.0224379	4e-05
-0.219	-1.2142	-0.6931	-0.0019442967867216831	-0.004214970143566306	-0.005787511799613196	1.01497912	78.5448761	0.92099236	0.7242351380556509	0.018917	0.0
-0.2239	-1.0655	-0.6506	-0.0035342917352885177	-0.003790855135331684	-0.006412339671827167	0.72618937	56.19667435	0.72883175	0.32804689145077154	0.018977	1e-05
-0.1975	-1.0463	-0.8646	-0.0006946410422937432	-0.003637266161156183	-0.0058468529941810045	0.88037598	68.12851715	0.82430734	0.4375363172408218	0.0228209	5e-05
-0.1625	-1.1705	-1.2743	0.00409977841293468	-0.003897320219703338	-0.0043214352279379595	1.03771257	80.3041153	0.90042094	0.897894564000931	0.0241538	9e-05
-0.1629	-1.1235	-1.6965	0.00039269908169872416	-0.002450442269800039	-0.004317944569433971	1.19460857	92.44562531	1.01304284	0.7274723969821623	0.0303589	0.00119
-0.1795	-0.8879	-1.8534	-0.0025062928058638572	-0.0010803588069844899	-0.005216789134211051	1.05330348	81.51063538	0.92175356	0.6674959957577605	0.0317346	0.00109
-0.2265	-0.9412	-1.3974	-0.002124065699677099	-0.0026110125609835172	-0.00617148423505195	1.4947654	115.67346954	1.2543789	0.6996787980513344	0.0376434	0.00418
-0.252	-1.0866	-0.7552	-0.0021572269554649913	-0.004550073359949217	-0.0069586277277013915	1.46666682	113.49904633	1.21419965	0.9510682773701516	0.0205432	0.0
-0.2485	-1.2443	-0.5916	-0.0021013764194011725	-0.0038816122564353885	-0.006326818538479445	0.76547706	59.23698044	0.76444526	0.3926060414399796	0.019641	1e-05
-0.2353	-1.3542	-0.5899	-0.004539601384437251	-0.003600614246864302	-0.005984734005088556	0.78138787	60.46825027	0.77591349	0.27786537539990286	0.0219164	2e-05
-0.2265	-1.1945	-0.7332	-0.006258750697651665	-0.003703588672731967	-0.006330309196983434	0.81681311	63.20965576	0.78150416	0.4201849465488481	0.0227676	2e-05
-0.2322	-1.0671	-0.7164	-0.007145377957664784	-0.0037594392087957856	-0.006667157742618338	0.67287189	52.07066345	0.70423816	0.21386631708559192	0.0224037	3e-05
-0.239	-1.0077	-0.7053	-0.007745771220350834	-0.0038885935734433662	-0.006878342582109652	0.61515033	47.60383987	0.6724097	0.12433662334124712	0.0227161	2e-05
-0.239	-0.985	-0.6756	-0.007902850853030323	-0.0036198128686362394	-0.0070912727508529606	0.60468799	46.79420471	0.67063638	0.08433952531149631	0.0225521	2e-05
-0.2464	-1.0873	-0.5752	-0.005770058507093254	-0.003530801076784529	-0.007098254067860938	0.76035935	58.84094238	0.75464511	0.32153927273983773	0.0207593	0.0
-0.2335	-1.2479	-0.5254	-0.005260422365510909	-0.0035238197597765512	-0.006805038753525891	0.75029337	58.0619812	0.74955311	0.26379163864626864	0.0204185	2e-05
-0.2192	-1.1436	-0.6801	-0.008044222522441864	-0.0033143802495372316	-0.0067212629494301625	0.85868561	66.44998932	0.81608274	0.42715077356330033	0.0231001	2e-05
-0.2252	-1.0394	-0.671	-0.008052949168701836	-0.003115412714809878	-0.007016223593017205	0.68036604	52.65060425	0.70576848	0.14443274122871824	0.0226765	1e-05
-0.2359	-1.0691	-0.6509	-0.004078834461910747	-0.0031922072018976287	-0.007382742735936014	0.90133786	69.75066376	0.82370278	0.2813714168398822	0.0230783	0.00024
-0.2364	-1.3463	-0.6467	0.005335471523346666	-0.003998549316319009	-0.006988298324985294	1.25875092	97.40932465	1.01743065	0.8126546255314757	0.0206634	0.0
-0.2351	-1.4945	-0.5811	0.0031049407392979124	-0.004605923896013036	-0.006677629718130304	0.7890659	61.06241989	0.78828354	0.37252869852988846	0.0206837	2e-05
-0.2055	-1.3797	-0.708	-0.003085742117525975	-0.003911282853719292	-0.006180210881311922	1.08420897	83.90227509	0.94692919	0.6404371367968007	0.0227353	1e-05
-0.2118	-1.1798	-0.7346	-0.0034033920413889425	-0.0033999013828849537	-0.006681120376634293	0.79407775	61.45026779	0.77277137	0.2992970445009838	0.0204408	0.0
-0.223	-1.0971	-0.6962	-0.004199262180298357	-0.0033440508468211352	-0.0070581114950650685	0.64045829	49.56231308	0.68245791	0.1937355896702004	0.0205754	3e-05
-0.2345	-1.1309	-0.6042	-0.0034697145529647274	-0.003321361566545209	-0.007326892199872195	0.69386309	53.69508362	0.72120478	0.18835088062083424	0.0198726	1e-05
-0.2335	-1.2957	-0.4755	-0.00401076662108297	-0.003438298626428829	-0.006934193118173471	0.73991442	57.25879669	0.74568823	0.34703441048502925	0.0194651	1e-05
-0.2348	-1.4268	-0.4399	-0.005496041814530144	-0.0042655846918741415	-0.006955137069197403	0.72176749	55.85448456	0.75166706	0.28467526049582087	0.0212168	2e-05
-0.2193	-1.4493	-0.2519	-0.009573130947188898	-0.0022183134792847924	-0.005693264020005502	0.92160255	71.31886292	0.8763456	0.5953116697220001	0.0243747	5e-05
-0.2114	-1.2222	-0.3065	-0.011486011807374682	-0.0013700834628155487	-0.005017821599483697	0.88642162	68.59635925	0.84875435	0.4614276648588417	0.0240543	3e-05
-0.2289	-1.1682	-0.3797	-0.008791223442295439	-0.001853539665617978	-0.005136503988619312	0.95747697	74.09503174	0.87986544	0.30954634785086443	0.0236768	9e-05
-0.2602	-1.5945	-0.7732	0.01286831257495419	-0.006028367236388414	-0.0013892820845874865	2.13144803	164.94360352	1.63692138	2.330179274602594	0.0528405	0.01427
-0.2055	-1.8342	-0.8123	0.019395843977412983	-0.012095131716320704	0.004036946559862884	2.23972249	173.32250977	1.71943567	1.2345262263420727	0.0524421	0.005
-0.2339	-1.8473	-1.0109	0.02317448180798071	-0.010402162341886203	0.0015358897417550098	1.33339596	103.18578339	1.21459173	0.6387332011555049	0.0397294	0.00081
-0.2608	-1.8014	-1.4206	0.03728721413960686	-0.011196287151543622	-0.0011082840750163993	1.81672323	140.58840942	1.48761754	1.360051547902749	0.0755299	0.01945
-0.2457	-1.6385	-1.4792	0.04076216468032757	-0.011653563415566138	-0.000614355896702004	2.22017288	171.80964661	1.71360187	0.45790774915288074	0.0674822	0.01372
-0.2514	-1.4309	-1.1565	0.020795598037512436	-0.009220574438286043	-0.0019425514574696887	1.83424079	141.9440155	1.47166587	1.7223875590431457	0.0348113	0.00052
-0.2613	-1.5102	-0.9066	0.016264723299335156	-0.009018116245054702	-0.00244695161129605	0.92546469	71.61773682	0.87979246	0.6009866542617491	0.0281099	4e-05
-0.2546	-1.6914	-0.7718	0.013704325286659476	-0.0091106186954104	-0.0022951079663725434	0.82443082	63.79916	0.81477087	0.46293720539774413	0.0260561	2e-05
-0.2395	-1.6703	-0.757	0.008679522370167801	-0.009225810426042026	-0.0022183134792847924	1.11745477	86.47502136	0.95394253	0.3118394567105527	0.0261203	4e-05
-0.2344	-1.4954	-1.1192	0.011700687305369984	-0.009169959889978206	-0.0031730085801256907	1.44422674	111.76250458	1.15602036	0.7437855286053447	0.0303371	0.00071
-0.2366	-1.3847	-1.2478	0.013102186694721431	-0.00788888821901437	-0.004457570909593518	1.46198201	113.13650513	1.14886849	0.4398566694891556	0.0267636	0.00016
-0.2557	-1.2861	-1.0834	0.009295623596121799	-0.00917868653623818	-0.00447851486061745	1.01726174	78.72151947	0.88257643	0.5379652683423689	0.0234819	6e-05
-0.2726	-1.4424	-0.8504	0.00900589894029074	-0.009330530181161685	-0.003687880709464018	0.87328136	67.57949066	0.82499569	0.4678101225953996	0.0222	0.0
-0.2575	-1.6292	-0.7515	0.007738789903342857	-0.009428268619273369	-0.0026075219024795284	0.78789759	60.97201157	0.78311352	0.42306031410220296	0.0236294	3e-05
-0.2418	-1.4947	-0.9511	0.005506513790042109	-0.010262536001726656	-0.002879793265790644	1.00700903	77.92810059	0.90286061	0.5167407429532577	0.0240868	5e-05
-0.245	-1.3097	-0.9813	0.003925245487735247	-0.009820967700972091	-0.003576179637336381	0.79197395	61.28746033	0.76365663	0.35436114873035807	0.0220655	2e-05
-0.2502	-1.2059	-0.9406	0.002583087292951608	-0.009676105373056562	-0.004141666314982544	0.65260166	50.50203705	0.6870999	0.25232536001726663	0.0212076	1e-05
-0.2688	-1.178	-0.8611	0.0021746802479849347	-0.009124581329426356	-0.00463559449329694	0.65573925	50.74484253	0.69602403	0.19869296334556383	0.020851	1e-05
-0.2664	-1.3687	-0.7054	0.004440117617073575	-0.007963937376850125	-0.004077089132658754	0.86070639	66.60636902	0.8050163	0.5480293341151529	0.0204448	1e-05
-0.2449	-1.5462	-0.6785	0.002049016541841343	-0.007843509658462517	-0.003518583772020568	0.83555353	64.65989685	0.81485822	0.37940170771290127	0.0221472	3e-05
-0.2257	-1.5335	-0.7887	-0.002363175807200322	-0.00773180858633488	-0.003570943649580398	0.94862258	73.40982819	0.86881227	0.37091266493645647	0.0259245	4e-05
-0.224	-1.3024	-0.8552	-0.0034662238944607386	-0.007646287452987157	-0.004122467693210606	0.83761352	64.81931305	0.79286745	0.38630466321191753	0.0226879	2e-05
-0.2349	-1.1666	-0.816	-0.0036285395148962112	-0.007531095722355532	-0.004583234615737109	0.66543001	51.49477005	0.70085559	0.22281371367967995	0.0214761	1e-05
-0.2484	-1.1266	-0.7799	-0.0037192966359999168	-0.0075450583563714865	-0.005021312257987686	0.61212873	47.37001419	0.67080869	0.1167398698685118	0.0213383	0.0
-0.2566	-1.2636	-0.6543	-0.0011693705988362008	-0.007079055446089001	-0.005000368306963754	0.83524632	64.63612366	0.79129328	0.4226436449235067	0.0206099	1e-05
-0.2532	-1.4942	-0.5032	-0.0006702064327658224	-0.006539748707222752	-0.004673991736840814	0.85570318	66.2191925	0.80884894	0.4533423737529783	0.0205909	1e-05
-0.1958	-1.3007	-1.1477	-0.004141666314982544	-0.006243042734383717	-0.004380776422505768	1.73829341	134.51905823	1.3984484	1.0984690584695402	0.0437016	0.00606
-0.197	-0.8027	-1.8735	-0.004235914094590238	-0.004380776422505768	-0.004822344723260333	1.81384432	140.36561584	1.46988441	1.3449041196120104	0.0370603	0.00214
-0.2747	-0.7978	-1.7337	-0.004159119607502487	-0.0054384459492143305	-0.006435028952103093	1.23544931	95.60611725	1.09642152	0.35975741213195367	0.0361571	0.0018
-0.3061	-1.2149	-0.9272	-0.006169738905799955	-0.007724827269326902	-0.006213372137099812	1.51191175	117.00035858	1.25101119	1.480932871670666	0.0303842	0.00023
-0.2684	-1.5578	-0.4431	-0.007351326809400116	-0.00597426202957659	-0.004560545335461182	1.20472336	93.22836304	1.0486313	1.0939489972494552	0.0265645	3e-05
-0.2492	-1.7056	-0.2548	-0.008674286382411817	-0.00514348530562729	-0.00365646478292812	0.84738064	65.57514954	0.83560585	0.5081908424747033	0.0283526	5e-05
-0.2448	-1.5604	-0.3687	-0.010501646109249882	-0.004600687908257053	-0.0039235001584832525	0.92402285	71.50615692	0.88090231	0.3953596249881717	0.0281047	3e-05
-0.2472	-1.3172	-0.4191	-0.009943140748611695	-0.004975933697435834	-0.005098106745075437	0.83521605	64.63378143	0.81990116	0.4014178868204576	0.0227043	2e-05
-0.2495	-1.2351	-0.4105	-0.00986111027376796	-0.004911356515112043	-0.00558330827712986	0.67417729	52.17168427	0.72413519	0.12459045946109724	0.0219853	1e-05
-0.2562	-1.3312	-0.3119	-0.008302531251737025	-0.0048624872960562025	-0.005550147021341968	0.77121353	59.68090057	0.77561418	0.2834304748437332	0.0215485	1e-05
-0.2468	-1.5008	-0.2226	-0.008902924514423075	-0.004756022211684548	-0.0050073496239717305	0.77492201	59.96788788	0.78174715	0.3307827872213971	0.0236447	2e-05
-0.2283	-1.5172	-0.2988	-0.011040952848116129	-0.004670501078336825	-0.004651302456564888	0.87414932	67.64665985	0.85364441	0.24007983172238115	0.0269099	5e-05
-0.2185	-1.3154	-0.4261	-0.011575023599226393	-0.004584979944989103	-0.0050405108797596234	0.86999673	67.32530975	0.83413619	0.38934001538263624	0.0242471	1e-05
-0.2321	-1.2121	-0.4121	-0.011669271378834088	-0.0045971972497530645	-0.005553637679845957	0.68113768	52.71031952	0.72477976	0.16187959422289938	0.0236478	1e-05
-0.2455	-1.3083	-0.2155	-0.008271115325201127	-0.003033382239966145	-0.004307472593922005	1.07532942	83.21512604	0.95973184	0.6166068074671917	0.0252677	8e-05
-0.2478	-2.0941	-0.2105	0.013212142437597075	-0.0038135444156076103	-0.00034906585039886593	2.9977572	231.98355103	2.32242553	2.1041913340981404	0.104676	0.07962
-0.3131	-2.5303	-0.8551	0.05825210911456275	-0.013351768777756621	0.0008168140899333463	3.24680972	251.25665283	2.54201614	3.933303548972345	0.0990084	0.0364
-0.3026	-2.0792	-0.6956	0.030880110455535674	-0.007827801695194567	-0.0019198621771937623	1.96147406	151.79005432	1.65892451	2.4027321004358115	0.0564957	0.00809
-0.284	-1.9057	-0.8961	0.02620611871869486	-0.007517133088339578	-0.002893755899806598	1.42282486	110.10630798	1.20470893	0.6905277033154321	0.0403672	0.0007
-0.2868	-1.7653	-0.8604	0.023150047198452785	-0.006646213791594407	-0.0035534903570604553	0.95308542	73.75518799	0.90815177	0.4082362637120551	0.0391946	0.0005
-0.2659	-1.7649	-1.0186	0.029185395751849176	-0.006787585461005948	-0.004501204140893376	1.21576595	94.08290863	1.02783559	0.5357217003320426	0.0510618	0.00228
-0.2458	-1.6851	-0.8016	0.024668483647687856	-0.00437379510549779	-0.00486946861306418	1.55656803	120.45610809	1.23271692	0.681848346592014	0.0415953	0.00116
-0.2624	-1.8036	-0.4712	0.017779669090066234	-0.0037402405870238476	-0.0037053340019839614	1.16163671	89.89407349	1.00338248	0.8998251843587891	0.0299467	6e-05
-0.2694	-1.9543	-0.3942	0.014018484552018455	-0.004982915014443811	-0.0030874874467779687	0.8996644	69.62116241	0.86659857	0.5157852760336865	0.0277386	7e-05
-0.2969	-1.895	-0.4718	0.009587093581204851	-0.005445427266222308	-0.003373721444105039	1.0213331	79.03658295	0.93047893	0.4234068609959585	0.0257307	4e-05
-0.3152	-1.6143	-0.5032	0.007051130178057092	-0.004270820679630125	-0.004201007509550351	1.00531447	77.79696655	0.89910684	0.5572928027592625	0.0210273	2e-05
-0.3112	-1.5262	-0.4559	0.006625269840570476	-0.0036285395148962112	-0.0046914450293607576	0.75955421	58.77863693	0.77417039	0.2173289511015468	0.0205092	2e-05
-0.3136	-1.6146	-0.3079	0.005480333851262195	-0.002811725424962865	-0.004335397861953915	0.84870589	65.67770386	0.83934504	0.3546898623324236	0.0217819	1e-05
-0.2953	-1.7982	-0.1834	0.004235914094590238	-0.002898991887562581	-0.0036163222101322505	0.87496179	67.70953369	0.85515577	0.4289380935546668	0.0223927	4e-05
-0.2818	-1.7485	-0.2759	0.00314857397059777	-0.003159045946109736	-0.003427826650916863	0.95430076	73.84923553	0.91009126	0.2324944870877506	0.0225304	6e-05
-0.2919	-1.5189	-0.3885	0.0023457225146803788	-0.003715805977495928	-0.004342379178961892	0.93843329	72.62132263	0.87807661	0.46600820076743066	0.0190699	0.0
-0.2978	-1.431	-0.3746	0.0015655603390389136	-0.004035201230610889	-0.004834562028024293	0.71652848	55.44905853	0.75700382	0.18728701389094127	0.0186373	2e-05
-0.3057	-1.4495	-0.2813	0.001254891732183923	-0.0036931166972200015	-0.004735078260660616	0.74734783	57.83403778	0.78228967	0.15731184538047777	0.0193388	1e-05
-0.298	-1.6604	-0.1735	0.0017645278737662671	-0.0036041049053682902	-0.003785619147575701	0.87505537	67.71677399	0.8441166	0.40380535232594866	0.0199981	4e-05
-0.2813	-1.7312	-0.1231	-0.0005078908123303499	-0.0025062928058638572	-0.003337069529813158	0.8869186	68.63481903	0.87227204	0.3288390201681796	0.0223861	4e-05
-0.2751	-1.5165	-0.2112	-0.0023020892833805202	-0.0017976891295541592	-0.003298672286269283	0.93937689	72.69434357	0.89364799	0.4360599695451873	0.020923	5e-05
-0.2884	-1.4198	-0.1994	-0.002007128639793479	-0.001270599695451872	-0.003981096023799066	0.76364297	59.09505081	0.79760827	0.1970236907609556	0.019605	1e-05
-0.2917	-1.4256	-0.2182	-0.00040840704496667313	-0.002234021442552742	-0.0041277036809665895	0.76212138	58.97729874	0.7931495	0.16333754995476	0.0194894	1e-05
-0.2816	-1.5733	-0.0949	-0.0003193952531149623	-0.001996656664281513	-0.0037367499285198597	0.8480444	65.62651062	0.84730564	0.3169665161284835	0.0201052	2e-05
-0.2668	-1.7276	-0.0428	-0.0015306537539990272	-0.001839577031602023	-0.003115412714809878	0.81791055	63.29458237	0.82875708	0.320683767363677	0.0224661	0.0001
-0.2477	-1.6369	-0.1689	-0.003003711642682241	-0.0020001473227855013	-0.0031695179216217023	0.96542341	74.70996857	0.91374687	0.32028666933392574	0.0224079	4e-05
-0.24	-1.4626	-0.2354	-0.0034452799434368064	-0.0021135937241651332	-0.004036946559862884	0.85860151	66.44348145	0.84075007	0.3196221670187691	0.0195594	1e-05
-0.2457	-1.4205	-0.1969	-0.0035360370645405115	-0.0020141099568014562	-0.004389503068765739	0.7120468	55.10224533	0.76133071	0.11343986986851168	0.0195871	0.0
-0.2488	-1.5379	-0.0617	-0.0037489672332838195	-0.0016650441064025902	-0.0038746309394274117	0.80386859	62.20793533	0.81847035	0.30954340742402503	0.0210959	2e-05
-0.2441	-1.6997	0.0101	-0.00460766922526503	-0.001748819910498318	-0.0033649947978450674	0.79385918	61.43334961	0.81693039	0.3109056968829641	0.0237499	2e-05
-0.2348	-1.6417	-0.1285	-0.005263913024014897	-0.0024801128670839424	-0.003675663404700058	0.95303684	73.7514267	0.91371792	0.2908102681095242	0.0236358	2e-05
-0.2391	-1.445	-0.2868	-0.00488168591782814	-0.003925245487735247	-0.0045867252742410975	0.91945124	71.1523819	0.87868181	0.49622107981895486	0.0192347	2e-05
-0.2596	-1.4827	-0.1924	-0.0027401669256310974	-0.0031799898971336684	-0.004436626958569585	0.96842611	74.94233704	0.89683962	0.30444364492350656	0.0218983	5e-05
-0.2551	-1.8503	-0.2433	0.006681120376634293	-0.004412192349041665	-0.0027768188399229783	1.48818588	115.16431427	1.1468237	1.0386648936409997	0.0247744	2e-05
-0.244	-1.9911	-0.1726	0.005946336761544681	-0.004307472593922005	-0.0019181168479417679	0.91563022	70.85668945	0.88448873	0.30751026810952414	0.0248813	7e-05
-0.2364	-1.8825	-0.2783	0.0038746309394274117	-0.004221951460574283	-0.002567379329683659	1.05306756	81.49237823	0.95909626	0.36222447186034407	0.0249043	7e-05
-0.225	-1.6222	-0.3917	0.0023509585024363614	-0.004516912104161324	-0.003867649622419434	1.05707812	81.80273438	0.94609571	0.5410451686656933	0.0194274	2e-05
-0.2344	-1.5161	-0.377	0.0016301375213627037	-0.004169591583014453	-0.004488986836129415	0.73728752	57.05551529	0.77503963	0.21467393579652555	0.0192087	0.0
-0.2529	-1.5783	-0.2089	3.4906585039886588e-06	-0.0038484510006474965	-0.0045588000062091886	0.82261068	63.65830612	0.83233661	0.3496800307652723	0.0195098	0.0
-0.2471	-1.7525	-0.0961	-0.0016493361431346415	-0.003679154063204046	-0.003974114706791089	0.84106594	65.08647919	0.84281436	0.41314045192500887	0.021657	2e-05
-0.241	-1.8868	-0.0285	-0.0020664698343612863	-0.0031712632508736965	-0.0028780479365386495	0.8072139	62.46681595	0.83527219	0.30905456369047174	0.0240769	8e-05
-0.2351	-1.9943	0.1526	-0.003193952531149623	-0.0028780479365386495	-0.0019792033717615696	0.89541394	69.29223633	0.88938999	0.4104771287950231	0.0289207	0.00015
-0.225	-1.8229	-0.153	-0.007138396640656808	-0.004201007509550351	-0.003417354675404897	1.44826937	112.07534027	1.19131642	0.8223777493081107	0.0318161	0.00028
-0.2038	-1.6019	-0.29	-0.003415609346152903	-0.0032114058236695662	-0.00382576172037157	1.19127941	92.18799591	1.03856561	0.6352398012675681	0.0206142	1e-05
-0.2081	-1.5125	-0.2683	-0.0026965336943312393	-0.002457423586808016	-0.0042882739721500675	0.7558251	58.4900589	0.78878931	0.2121785070230857	0.0191563	1e-05
-0.2181	-1.5009	-0.2259	-0.0027035150113392165	-0.002553416695667704	-0.004696681017116741	0.69568491	53.8360672	0.76173127	0.08956907354171696	0.0192934	2e-05
-0.2225	-1.6425	-0.1241	-0.002103121748653167	-0.0025464353786597265	-0.004199262180298357	0.80571538	62.35085297	0.81671911	0.3030396708256208	0.0206697	1e-05
-0.2211	-1.7855	-0.0624	-0.0023352505391684127	-0.002436479635784084	-0.0037315139407638766	0.77825737	60.22599411	0.81109516	0.2465916386462684	0.0221626	6e-05
-0.2039	-1.7881	-0.1008	-0.0034609879067047556	-0.002380629099720265	-0.003495894491744642	0.91746587	70.99874115	0.89366303	0.12906036763096976	0.0248196	9e-05
-0.1908	-1.5741	-0.2515	-0.0044156830075456534	-0.0031363566658338103	-0.0038990655489553323	0.98070383	75.89245605	0.92010372	0.4834796862082567	0.0204356	2e-05
-0.2119	-1.4717	-0.3047	-0.0043877577395137445	-0.004347615166717875	-0.004754276882432553	0.76814383	59.44335175	0.79024621	0.2814197551196598	0.0192242	2e-05
