trans_x	trans_y	trans_z	rot_x	rot_y	rot_z	dvars_std	dvars_nstd	dvars_vstd	framewise_displacement	aqi	aor
0.0	-0.0	0.0	-0.0	0.0	-0.0	n/a	n/a	n/a	n/a	0.0185412	0.00124
-0.0045	-0.1134	-0.03	-0.00010471975511965978	1.7453292519943296e-05	-6.108652381980153e-05	1.11260867	61.62185669	1.08361812	0.15706297857297025	0.0176273	0.00066
-0.0078	-0.1591	-0.0144	-7.504915783575618e-05	7.330382858376184e-05	-7.504915783575618e-05	1.07173717	59.35818863	1.04885561	0.06957418836818384	0.018173	0.0006
0.001	-0.0946	0.0244	7.330382858376184e-05	-1.2217304763960308e-05	2.96705972839036e-05	1.2864058	71.247612	1.38747279	0.12902969374434495	0.0206174	0.00304
0.0104	-0.0747	0.0034	0.0001012290966156711	-4.18879020478639e-05	0.00014311699866353502	1.12525797	62.32243347	1.09424205	0.05885211333477221	0.0203588	0.00296
-0.0022	-0.1687	-0.0164	0.00013439035240356338	0.000153588974175501	8.726646259971648e-06	1.30576563	72.31985474	1.39753152	0.14455142422074102	0.0188776	0.00044
0.0062	-0.1132	-0.0343	0.0005462880558742252	0.0004886921905584122	0.0001832595714594046	1.30217934	72.12123108	1.23463183	0.1278766922526503	0.0228142	0.00204
0.0282	-0.0506	-0.2451	0.0030473448739821	0.0003577924966588376	0.00028797932657906436	1.8259027	101.12766266	1.64333889	0.43223381335635536	0.0309862	0.009
-0.0083	-0.1481	-0.387	0.002879793265790644	0.0001064650843716541	-0.0003822271061867582	1.56966531	86.9359436	1.44601325	0.33035427266222306	0.0222724	0.00295
-0.0149	-0.1563	-0.2247	0.0013456488532876281	0.0006335545184739417	-0.0002373647782712288	1.33344543	73.85290527	1.26029957	0.2874048087260416	0.0213218	0.00134
-0.0247	-0.2004	-0.1801	0.0010524335389525807	0.0006527531402458793	-0.0003630284844148205	1.19207382	66.02303314	1.12774616	0.12040388211252884	0.0191191	0.00074
-0.0157	-0.1851	-0.1656	0.0013788101090755204	0.0005462880558742252	-0.0003385938748868999	1.17824161	65.25693512	1.11723633	0.06166381320112575	0.0203848	0.00064
-0.0025	-0.1306	-0.1625	0.0016423548261266642	0.0004049163864626844	-0.00027750735106709843	1.10956013	61.45301056	1.07851879	0.0941001455141243	0.019329	0.00035
-0.0133	-0.2169	-0.182	0.0016109388995907662	0.0004206243497306334	-0.000322885911618951	1.10697091	61.30960846	1.06596939	0.12122512251778499	0.0186658	0.0004
-0.0173	-0.2417	-0.1564	0.0016388641676226754	0.00041015237421866745	-0.00030194196059501896	1.05961537	58.68681717	1.0349923	0.05736705972839034	0.0183979	0.00043
-0.0181	-0.1503	-0.1293	0.0017435839227423352	0.00041538836197465044	-0.00032463124087094524	1.09694278	60.75419998	1.06258538	0.12593225115757847	0.0187514	0.00048
-0.0099	-0.1222	-0.1542	0.0017331119472303693	0.00034033920413889426	-0.0002897246558310587	1.13415527	62.81521606	1.10143967	0.06722138591938043	0.0178909	0.00031
-0.0252	-0.2112	-0.1666	0.0015865042900628454	0.0004537856055185257	-0.00042935099599060504	1.09831929	60.83043671	1.05683343	0.13668401993533508	0.0181172	0.00027
-0.0205	-0.1383	-0.1387	0.0017226399717184032	0.0003944444109507184	-0.00035081117965086024	1.10326374	61.10428238	1.06584579	0.1192008346281555	0.018838	0.00038
-0.0193	-0.0937	-0.1465	0.0017715091907742446	0.0003717551306747922	-0.0003961897402027128	1.14207613	63.25391006	1.10067391	0.05944685299418101	0.0184869	0.00034
-0.0328	-0.172	-0.1523	0.0015463617172669759	0.0003717551306747922	-0.00045553093477052	1.10583782	61.24684906	1.0718934	0.11182443340375375	0.0180406	0.0003
-0.0296	-0.1199	-0.1304	0.0016039575825827887	0.0003385938748868999	-0.00041015237421866745	1.08924043	60.3276062	1.06293554	0.08400678408277788	0.0177168	0.00031
-0.0221	-0.0213	-0.1356	0.0017139133254584315	0.0003473205211468716	-0.00028274333882308137	1.16081309	64.29165649	1.11616649	0.12360457122656004	0.0176323	0.00028
-0.0304	-0.1308	-0.1579	0.001462585913171248	0.00030368728984701333	-0.00039269908169872416	1.12180042	62.1309433	1.08219285	0.1603458193231342	0.0166085	0.00022
-0.0309	-0.1591	-0.1328	0.0011903145498601325	0.00029496064358704166	-0.00035430183815484887	1.0851078	60.09871674	1.05337054	0.06986976265574812	0.0161431	0.00017
-0.018	-0.0427	-0.0994	0.0012636183784438947	0.0002251474735072685	-0.00026878070480712676	1.1248244	62.29842377	1.07742191	0.17413190660056288	0.0170618	0.00019
-0.0266	-0.1288	-0.1582	0.0013753194505715315	0.00034557519189487725	-0.00033335788713091696	1.14850354	63.60988998	1.10416821	0.1683352986419518	0.0159299	0.00017
-0.0298	-0.1914	-0.1405	0.001228711793404008	0.000296705972839036	-0.0003682644721708035	1.08364868	60.01790237	1.05472907	0.09501917306316256	0.0159702	0.00019
-0.0197	-0.121	-0.1044	0.0012339477811599909	0.00017802358370342162	-0.00024609142453120044	1.1057992	61.24470901	1.07553963	0.12890457122656	0.0168499	0.00018
-0.0168	-0.0943	-0.1326	0.0014311699866353504	0.0001972222054753592	-0.00032463124087094524	1.14452291	63.38942337	1.10924258	0.07254803217935206	0.0166236	0.00016
-0.0301	-0.1978	-0.1396	0.00124965574442794	0.0002530727415391778	-0.00040666171571467877	1.11694491	61.86201477	1.07374431	0.13976976265574814	0.0162266	0.00016
-0.0295	-0.2141	-0.1314	0.001256637061435917	0.0002303834612632515	-0.00042236967898262774	1.0732044	59.4394455	1.04360765	0.02736892802759264	0.0162612	0.00023
-0.0262	-0.1551	-0.0909	0.0011798425743481666	0.00018151424220741024	-0.0003577924966588376	1.10527849	61.2158699	1.06852912	0.1123120444233691	0.017203	0.00018
-0.0194	-0.0759	-0.0928	0.0009128071987930344	1.7453292519943296e-05	-0.0003473205211468716	1.14628983	63.48728561	1.10717061	0.10997841503772823	0.0163395	0.00017
-0.0285	-0.1832	-0.1279	0.0006475171524898963	-8.203047484373349e-05	-0.0003787364476827695	1.11748385	61.89186859	1.07834244	0.17130948701013565	0.0158737	0.00016
-0.0316	-0.2091	-0.1263	0.0006876597252857658	-5.235987755982988e-06	-0.00039269908169872416	1.07672966	59.63469696	1.04616199	0.037144984694978754	0.0161024	0.00021
-0.0273	-0.1286	-0.0873	0.0008813912722571365	-1.2217304763960308e-05	-0.0003961897402027128	1.10531044	61.21764374	1.07392869	0.13401017612416682	0.0167537	0.0002
-0.0099	-0.0784	-0.1021	0.0007278022980816354	-0.0001239183768915974	-0.0002705260340591211	1.1335783	62.78325653	1.10415754	0.10194768762233648	0.0160703	0.00018
-0.0263	-0.1787	-0.1208	0.000614355896702004	1.0471975511965975e-05	-0.00039269908169872416	1.1041683	61.15438461	1.07093082	0.15390049007113993	0.0159541	0.00016
-0.035	-0.2027	-0.1232	0.0008499753457212384	0.00012042771838760874	-0.0005044001538263612	1.07149613	59.34483337	1.04456014	0.057963813201125695	0.0164571	0.00024
-0.0271	-0.1152	-0.0761	0.0008342673824532895	8.552113334772214e-05	-0.00040840704496667313	1.1313585	62.66031265	1.08645276	0.1498303828583762	0.0170259	0.00021
-0.0261	-0.0532	-0.0928	0.0008621926504851988	3.839724354387525e-05	-0.0003211405823669566	1.18087173	65.40260315	1.13868228	0.08781578102177363	0.0166463	0.00023
-0.0322	-0.1674	-0.1312	0.000853466004225227	7.853981633974481e-05	-0.0004520402762665313	1.13750815	63.00091171	1.09455907	0.1676884456477708	0.0162247	0.00017
-0.035	-0.1659	-0.1101	0.0007644542123735164	9.075712110370512e-05	-0.00047647488579445195	1.07939839	59.78250122	1.05263108	0.0316831853071796	0.0162333	0.0002
-0.0121	-0.0193	-0.0635	0.0007120943348136865	-9.599310885968811e-05	-0.0002583087292951608	1.13417554	62.81633377	1.09296408	0.23896381320112567	0.0165447	0.00018
-0.0247	-0.1021	-0.1304	0.0008185594191853405	1.7453292519943296e-05	-0.0003961897402027128	1.13514316	62.86992645	1.09876729	0.18018962483294187	0.0154683	8e-05
-0.034	-0.1539	-0.138	0.0007609635538695277	2.4434609527920616e-05	-0.0004939281783143952	1.07403076	59.48521805	1.0495364	0.07681578102177367	0.0153836	0.00017
-0.0264	-0.1148	-0.1114	0.0005916666164260777	-6.632251157578452e-05	-0.0004572762640225143	1.08656251	60.17929077	1.05922045	0.08813529864195183	0.0158296	0.00015
-0.0139	-0.0002	-0.0929	0.000661479786505851	-0.0001605702911834783	-0.0003647738136668148	1.16862571	64.7243576	1.11894988	0.1584281700021583	0.0158789	0.00014
-0.026	-0.1054	-0.1485	0.0007749261878854823	-1.9198621771937625e-05	-0.000445058959258554	1.13477147	62.84933853	1.09655537	0.1896551608191456	0.0148354	8e-05
-0.0389	-0.1377	-0.1408	0.0007278022980816354	8.028514559173915e-05	-0.0005585053606381855	1.07582533	59.58460999	1.05231601	0.06590270292735774	0.0154967	0.00017
-0.0283	-0.0426	-0.0962	0.0008080874436733745	-3.839724354387525e-05	-0.0004625122517784973	1.10983074	61.4679985	1.07235575	0.16504803217935207	0.0157881	0.00018
-0.03	-0.0359	-0.1271	0.0009686577348568529	-6.632251157578452e-05	-0.00046949356878647465	1.13516796	62.87130356	1.10057984	0.04907384381116824	0.015654	0.00018
-0.0357	-0.1215	-0.1397	0.000710349005561692	6.108652381980153e-05	-0.0005183627878423159	1.09458053	60.62336731	1.06214713	0.1256293491873294	0.0152981	0.00016
-0.0335	-0.0755	-0.1063	0.0006963863715457374	-1.3962634015954635e-05	-0.0005026548245743669	1.09634924	60.72132874	1.07158724	0.08683598775598297	0.0154544	0.00015
-0.0271	0.0058	-0.1058	0.0007417649320975902	-5.235987755982988e-06	-0.00040840704496667313	1.12415349	62.2612648	1.08806456	0.09561764932097593	0.0151625	0.00012
-0.0386	-0.0983	-0.1358	0.0008203047484373349	5.235987755982989e-05	-0.0005148721293383271	1.0990572	60.87130737	1.07138817	0.1577300383013606	0.014734	0.00012
-0.0439	-0.1383	-0.1307	0.000710349005561692	3.141592653589793e-05	-0.0005811946409141118	1.05981767	58.69802094	1.0425067	0.060261110273767966	0.0151314	0.00016
-0.0324	-0.04	-0.0908	0.0007958701389094143	-3.665191429188092e-05	-0.0004729842272904633	1.11646092	61.83521271	1.07694487	0.1627899693899575	0.0156689	0.00011
-0.0303	-0.0214	-0.1117	0.000783652834145454	-4.537856055185256e-05	-0.0004258603374866164	1.14594889	63.46840286	1.10935297	0.04500339204138892	0.0152017	0.00012
-0.0358	-0.1056	-0.1224	0.0006579891280018621	-4.537856055185256e-05	-0.00046949356878647465	1.08808994	60.26388168	1.06514324	0.10886484687217252	0.0150964	0.00016
-0.0401	-0.1251	-0.1144	0.000778416846389471	3.4906585039886588e-06	-0.0005323254218582705	1.05587769	58.47980881	1.04347798	0.04340643952576228	0.015344	0.00015
-0.0298	-0.0232	-0.0584	0.0007592182246175333	-4.0142572795869576e-05	-0.000466002910282486	1.10812867	61.37372971	1.080648	0.174657718232379	0.0158902	0.0002
-0.0319	-0.0648	-0.1088	0.0006422811647339132	-5.235987755982989e-05	-0.00046425758103049166	1.11780369	61.90958405	1.09830814	0.10064498469497872	0.015049	0.00017
-0.041	-0.1265	-0.1129	0.000619591884457987	4.537856055185256e-05	-0.0005619960191421741	1.08774304	60.24467468	1.05696285	0.08580830782496457	0.0158547	0.00015
-0.0455	-0.0669	-0.0862	0.0006597344572538566	-2.268928027592628e-05	-0.0005654866776461627	1.09228277	60.49610138	1.06348463	0.09638505360638185	0.0156798	0.00017
-0.0383	0.0136	-0.0874	0.000710349005561692	-9.250245035569947e-05	-0.0005393067388662478	1.126881	62.41233063	1.09373718	0.09623038285837619	0.0149966	0.00015
-0.046	-0.0846	-0.1382	0.000900589894029074	-3.665191429188092e-05	-0.0006440264939859076	1.10378504	61.13315964	1.07118992	0.17424055898254298	0.0148003	0.00016
-0.053	-0.1042	-0.1295	0.0009686577348568529	0.0	-0.0007592182246175333	1.05504429	58.43365097	1.0383784	0.046295574287564256	0.0151106	0.00016
-0.0484	-0.0077	-0.0869	0.0010349802464326373	-3.4906585039886588e-06	-0.0007068583470577034	1.09717679	60.76716232	1.0686849	0.14980865238198013	0.0156547	0.00015
-0.0445	0.0088	-0.1099	0.0010140362954087054	-1.9198621771937625e-05	-0.0007033676885537148	1.13129759	62.65694046	1.10011369	0.045407128639793466	0.0150159	9e-05
-0.0533	-0.0691	-0.1426	0.000890117918517108	-0.00011344640137963142	-0.0008098327729253688	1.08605838	60.15136719	1.05830625	0.1356315620435473	0.0147982	0.00012
-0.0573	-0.086	-0.1346	0.0008639379797371932	-0.00011170107212763708	-0.0008237954069413235	1.06695473	59.0933075	1.04763335	0.030994395102393196	0.0148794	9e-05
-0.0538	-0.0215	-0.0959	0.0008464846872172499	-8.37758040957278e-05	-0.0007661995416255106	1.08792651	60.25483322	1.06958601	0.11184872129338327	0.0152459	0.00014
-0.0505	0.0161	-0.1013	0.0006911503837897545	-6.108652381980153e-05	-0.0006963863715457374	1.13415706	62.81531525	1.10597207	0.058691837689159726	0.0145807	8e-05
-0.056	-0.0702	-0.1221	0.0005235987755982988	-8.028514559173915e-05	-0.0007278022980816354	1.09628999	60.71804428	1.06706557	0.12350830782496457	0.0146565	0.0001
-0.0629	-0.0946	-0.1178	0.0005235987755982988	-3.4906585039886588e-06	-0.0008080874436733745	1.06671882	59.08024216	1.04435163	0.04345398163397448	0.0153129	0.00012
-0.0588	-0.0534	-0.0938	0.00048520153205442357	-5.4105206811824215e-05	-0.000804596785169386	1.08123279	59.88410187	1.05770268	0.07392512251778496	0.0148969	0.00013
-0.0469	0.0245	-0.0869	0.0004886921905584122	-0.00021642082724729686	-0.0006876597252857658	1.12623668	62.37664032	1.09043299	0.11083716694115404	0.0151458	9e-05
-0.061	-0.0656	-0.1277	0.000582939970166106	-9.948376736367679e-05	-0.0007452555906015787	1.11709464	61.87031174	1.07690808	0.15843903524035635	0.0145256	0.00012
-0.0635	-0.0892	-0.1171	0.0005707226654021458	-8.37758040957278e-05	-0.000804596785169386	1.06103921	58.76568222	1.0445205	0.04106332312998583	0.0148975	0.00014
-0.06	-0.063	-0.0979	0.0005881759579220891	-0.00014486232791552936	-0.0007592182246175333	1.07864439	59.74074173	1.05056615	0.05509591884457988	0.0154395	0.0001
-0.0452	0.0539	-0.0694	0.0005201081170943102	-0.00022689280275926284	-0.0006667157742618339	1.13990331	63.13357162	1.09514865	0.1723300383013606	0.0150186	0.0001
-0.0549	-0.0336	-0.1272	0.0006719517620178169	-0.00014486232791552936	-0.0007661995416255106	1.1238358	62.24367142	1.08887417	0.17166789435654584	0.0143532	0.00014
-0.0643	-0.0789	-0.1205	0.0006492624817418905	-6.806784082777885e-05	-0.000853466004225227	1.07816613	59.71425629	1.05307159	0.07073751149816968	0.0150411	0.0001
-0.0638	-0.0432	-0.0998	0.0005340707511102648	-9.948376736367679e-05	-0.0008569566627292158	1.08427262	60.05246353	1.05832383	0.06440491578357561	0.0152273	9e-05
-0.0491	0.0815	-0.074	0.0004206243497306334	-0.00020594885173533088	-0.0006876597252857658	1.1241914	62.26336288	1.08967815	0.1846604211597368	0.0143876	0.00015
-0.0579	-0.0265	-0.1293	0.0005759586531581287	-6.283185307179586e-05	-0.0007190756518216638	1.12126005	62.10101318	1.08463439	0.1885933614313464	0.0145504	9e-05
-0.0631	-0.0652	-0.1204	0.0004956735075663896	-0.00010297442586766544	-0.0007801621756414653	1.07807779	59.70935822	1.05608458	0.06187571211037052	0.0145304	8e-05
-0.0621	-0.0677	-0.1102	0.0004537856055185257	-0.00013439035240356338	-0.0007888888219014368	1.07069933	59.30070496	1.04978988	0.017801523742186662	0.0149621	9e-05
-0.0503	0.0539	-0.0767	0.0004014257279586958	-0.0002548180707911721	-0.0007714355293814937	1.11398578	61.69812393	1.07752455	0.1764120444233691	0.0147045	8e-05
-0.0428	-0.0066	-0.1289	0.0005131268000863328	-0.00032463124087094524	-0.0008237954069413235	1.12112021	62.09326935	1.09350508	0.131893705988362	0.0144002	0.00011
-0.0566	-0.0744	-0.1276	0.00047647488579445195	-0.0002199114857512855	-0.0008726646259971648	1.11029375	61.4936409	1.06554352	0.09241204442336909	0.0150136	0.00013
-0.0583	-0.0396	-0.1027	0.0004380776422505767	-0.00018151424220741024	-0.0008936085770210966	1.10338247	61.11085892	1.06571889	0.0662869219055841	0.0147619	0.00011
-0.0443	0.0635	-0.0747	0.00030368728984701333	-0.0003298672286269283	-0.0007906341511534313	1.13047898	62.61159897	1.08594675	0.16438588823453734	0.0148903	8e-05
-0.0535	-0.025	-0.1207	0.0002530727415391778	-0.0002513274122871834	-0.0008412486994612669	1.11700177	61.86516953	1.07601303	0.1526884456477708	0.0143272	6e-05
-0.0622	-0.0685	-0.1144	0.00022689280275926284	-0.00024260076602721178	-0.0009093165402890458	1.0761385	59.60195541	1.04997542	0.06364872129338328	0.014865	0.00011
-0.0549	-0.02	-0.0849	0.00012042771838760874	-0.00030194196059501896	-0.0008569566627292158	1.1065836	61.28815842	1.068636	0.09620830782496456	0.0151446	0.00018
-0.0406	0.0704	-0.068	-7.853981633974481e-05	-0.0004799655442984406	-0.0007435102613495844	1.14485836	63.40800476	1.10028929	0.14612187599052034	0.0143222	8e-05
-0.0548	-0.0315	-0.1256	5.585053606381854e-05	-0.00045553093477052	-0.00091106186954104	1.12014318	62.03915405	1.0839349	0.19001882850614696	0.0142172	0.00016
-0.0612	-0.058	-0.1167	2.4434609527920616e-05	-0.00039095375244672985	-0.0009948376736367678	1.06929398	59.22286987	1.04956145	0.05078844564777079	0.0140933	0.00014
-0.0577	0.0066	-0.0877	8.726646259971648e-06	-0.0003525565089028545	-0.0008970992355250854	1.09653282	60.7314949	1.06504023	0.10469218224617532	0.0145332	0.00012
-0.0539	0.0909	-0.0968	-0.00011170107212763708	-0.0004049163864626844	-0.0008237954069413235	1.15652251	64.05402374	1.11152637	0.10950457122656	0.0138499	0.00014
-0.0666	-0.0159	-0.1255	-0.00010471975511965978	-0.0003351032163829112	-0.0009808750396208131	1.12287939	62.19069672	1.08284478	0.159893705988362	0.0141745	9e-05
-0.0715	-0.0357	-0.1316	1.2217304763960308e-05	-0.00040317105721069014	-0.0010681415022205296	1.08170617	59.91031647	1.05746113	0.04441356816555576	0.0141574	0.00016
-0.0571	0.1035	-0.0928	-7.504915783575618e-05	-0.000486946861306418	-0.0008360127117052838	1.13883102	63.0741806	1.09260736	0.2125585528605345	0.0137861	7e-05
-0.058	0.0477	-0.1456	3.4906585039886588e-06	-0.00045553093477052	-0.0008866272600131194	1.15217125	63.81302643	1.10097393	0.11752851455917392	0.0133134	0.0001
-0.0709	-0.0172	-0.1339	-8.203047484373349e-05	-0.00042411500823462205	-0.0010053096491487337	1.09606576	60.70562363	1.06443155	0.10128097245096172	0.0134416	7e-05
-0.0662	0.0452	-0.1041	-7.155849933176751e-05	-0.0004328416544945937	-0.0009616764178488756	1.0920006	60.48047638	1.07055039	0.10004159265358976	0.0137148	0.00012
-0.0567	0.1242	-0.1096	-9.773843811168246e-05	-0.0005323254218582705	-0.0008936085770210966	1.14833319	63.60046005	1.11025505	0.10368657734856856	0.0133114	0.00011
-0.0754	0.0268	-0.1631	0.0003612831551628262	-0.00021467549799530252	-0.001117010721276371	1.13184965	62.68751526	1.0891547	0.21960368306963757	0.0142315	6e-05
-0.084	0.1251	-0.1565	0.0008237954069413235	9.075712110370512e-05	-0.0010925761117484504	1.28912354	71.39813232	1.20573394	0.15311897402027128	0.0161477	0.00051
-0.0661	0.2863	-0.1268	0.00037350045992678646	0.00048171087355043494	-0.0008115781021773631	1.44965601	80.28923035	1.32181469	0.26491233545161774	0.0198033	0.00148
-0.0683	0.1753	-0.2604	0.0029967303256742636	0.0008203047484373349	-0.0009302604913129776	1.35829926	75.22943115	1.25645273	0.4008253064884996	0.0241153	0.00256
-0.0659	0.0866	-0.2762	0.0022462387473167022	0.00039793506945470715	-0.0012531464029319286	1.40280426	77.69434357	1.25308474	0.18168735844795697	0.018429	0.00067
-0.0715	0.0664	-0.2316	0.0024434609527920616	0.0006544984694978735	-0.001223475805648025	1.20892155	66.95614624	1.15301651	0.09457281014012145	0.016941	0.00031
-0.0696	0.0728	-0.2097	0.002106612407157156	0.0005270894341022875	-0.0011746065865921838	1.09476399	60.63352585	1.05840979	0.05585634000431665	0.0156437	0.00014
-0.0573	0.1643	-0.1741	0.0015812683023068625	0.0003665191429188092	-0.0010157816246606998	1.13256145	62.72694016	1.09670557	0.1816369678982628	0.0149579	0.00015
-0.0623	0.0422	-0.1988	0.0013735741213195373	0.00021642082724729686	-0.0010943214410004448	1.14322233	63.31739044	1.08864347	0.1736166156499291	0.0145228	0.00017
-0.0615	0.0123	-0.1772	0.0012042771838760874	0.00020420352248333657	-0.0010611601852125523	1.08863056	60.29382324	1.05309325	0.06303377489976515	0.0143322	0.00012
-0.0593	0.0765	-0.1483	0.0013281955607676848	0.0001832595714594046	-0.0010471975511965976	1.10798979	61.36603928	1.07164799	0.1032412480965742	0.0142524	0.00012
-0.0562	0.138	-0.1437	0.001350884841043611	0.0001361356816555577	-0.0010122909661567112	1.16160953	64.33576965	1.11945206	0.074435987755983	0.0142021	0.00012
-0.0666	0.0415	-0.1698	0.0013281955607676848	8.726646259971648e-05	-0.0010611601852125523	1.10951972	61.45077515	1.0756408	0.1390213859193804	0.0134836	7e-05
-0.0674	0.0304	-0.1555	0.0014259339988793671	0.0001239183768915974	-0.001085594794740473	1.08433878	60.05612564	1.06001306	0.0341412480965742	0.0139749	0.0001
-0.0616	0.1936	-0.1107	0.0015847589608108511	0.0001064650843716541	-0.0010402162341886204	1.13835442	63.04778671	1.09201645	0.224882840750164	0.0140685	0.0001
-0.0685	0.1215	-0.1769	0.0016755160819145565	0.00014311699866353502	-0.0010890854532444615	1.12600303	62.36370468	1.09224425	0.1540139127225713	0.0135211	8e-05
-0.0737	0.0662	-0.1649	0.0014154620233674013	9.250245035569947e-05	-0.0011571532940722405	1.08357513	60.01382828	1.05870814	0.0914368223841385	0.0132353	9e-05
-0.0692	0.119	-0.136	0.0014556045961632708	3.839724354387525e-05	-0.0011711159280881952	1.10299277	61.08927917	1.07780979	0.0916105206811824	0.0143366	0.00011
-0.0646	0.1921	-0.1332	0.0012688543661998775	-2.268928027592628e-05	-0.0010786134777324957	1.15362751	63.89368439	1.10966018	0.09751696020694472	0.0135432	8e-05
-0.0761	0.0778	-0.1723	0.0012479104151759456	2.792526803190927e-05	-0.0011397000015522971	1.11860847	61.95415497	1.07847663	0.17153225115757845	0.0140668	9e-05
-0.0598	0.1764	-0.1497	0.0012147491593880533	-0.0001605702911834783	-0.000926769832808989	1.13181782	62.68575668	1.08932856	0.15922934918732942	0.0134355	5e-05
-0.0591	0.1983	-0.1711	0.0009581857593448868	-0.00030194196059501896	-0.0009285151620609833	1.13462734	62.84135818	1.10350324	0.06398401993533508	0.0132545	6e-05
-0.0721	0.0871	-0.1708	0.0007993607974134029	-0.00024609142453120044	-0.0010000736613927507	1.11277926	61.63130188	1.0726118	0.13881169986635347	0.0124134	7e-05
-0.0679	0.1168	-0.1386	0.0008831366015091308	-0.00023561944901923448	-0.0009564404300928925	1.10745966	61.33667374	1.06727956	0.07299405054537758	0.0136	0.00012
-0.0549	0.2024	-0.1236	0.0007853981633974483	-0.0002007128639793479	-0.0008674286382411819	1.14504778	63.41849899	1.10036176	0.12468284075016396	0.013097	0.0001
-0.0713	0.0885	-0.1711	0.0008080874436733745	-0.000153588974175501	-0.0010402162341886204	1.10661244	61.28975677	1.07313131	0.18993003830136057	0.0124995	7e-05
-0.07	0.0482	-0.1599	0.0008429940287132613	-0.000158824961931484	-0.0010384709049366262	1.05888844	58.64656067	1.04195331	0.0548943951023932	0.0128375	0.00011
-0.0662	0.1015	-0.1242	0.0008150687606813518	-0.00018151424220741024	-0.0009861110273767962	1.07647622	59.62065506	1.0572152	0.09794872129338329	0.0133917	5e-05
-0.0539	0.1746	-0.1279	0.0008325220532012951	-0.00021467549799530252	-0.0008831366015091308	1.14005923	63.14220428	1.10243718	0.09677944870877504	0.0133826	6e-05
-0.0653	0.0836	-0.1705	0.000783652834145454	-0.00020420352248333657	-0.0010611601852125523	1.09660697	60.73560333	1.06930955	0.15686823891356144	0.0129057	8e-05
-0.0711	0.0552	-0.1603	0.0008587019919812101	-0.00017627825445142725	-0.0010559241974565693	1.06257117	58.8505249	1.04521209	0.049810520681182434	0.0135372	9e-05
-0.0671	0.157	-0.1115	0.0007243116395776468	-0.00020594885173533088	-0.0010210176124166828	1.10249245	61.06156921	1.07029036	0.16454837673636763	0.0132825	7e-05
-0.0628	0.1265	-0.145	0.0006073745796940267	-0.0002652900463031381	-0.0010122909661567112	1.10835397	61.3862114	1.0838657	0.07755024503556995	0.0129979	9e-05
-0.0702	0.063	-0.1485	0.0005096361415823442	-0.0002199114857512855	-0.0010367255756846318	1.07630134	59.61096954	1.05315096	0.08277758040957278	0.0136835	7e-05
-0.069	0.0679	-0.1443	0.000640535835481919	-0.0003595378259108319	-0.001069886831472524	1.05974519	58.69401169	1.04232325	0.02548436449235065	0.0136518	7e-05
-0.058	0.1761	-0.1114	0.0006771877497737998	-0.0004468042885105483	-0.0009651670763528643	1.09632206	60.71982193	1.06569386	0.16353190660056288	0.0135635	0.0001
-0.0711	0.0973	-0.172	0.0008377580409572782	-0.00040317105721069014	-0.0011379546723003027	1.10373127	61.13018036	1.07425908	0.17134955592153875	0.0131964	8e-05
-0.0729	0.0613	-0.1557	0.0006998770300497262	-0.00042760566673861073	-0.0010960667702524388	1.07235706	59.3925209	1.04318687	0.06431017612416681	0.0135819	0.00011
-0.0712	0.131	-0.126	0.000731292956585624	-0.0003769911184307752	-0.0010576695267085637	1.08610141	60.15375137	1.05980371	0.10712138591938045	0.0138547	0.00011
-0.0589	0.188	-0.136	0.0006597344572538566	-0.0005148721293383271	-0.0009704030641088471	1.16035998	64.26656342	1.10893964	0.0941352986419518	0.0134997	0.00012
-0.0703	0.0946	-0.1595	0.0005410520681182421	-0.0004904375198104066	-0.0010332349171806431	1.10673356	61.2964592	1.06713364	0.1385974425867665	0.0130516	8e-05
-0.076	0.097	-0.1435	0.0005846852994181004	-0.0004310963252425994	-0.0010629055144645468	1.07342339	59.45157623	1.04787744	0.030732251157578463	0.0133882	8e-05
-0.0584	0.2276	-0.106	0.000486946861306418	-0.0005759586531581287	-0.0009337511498169664	1.12300396	62.1975975	1.08553971	0.2042877565337396	0.013469	7e-05
-0.0703	0.1361	-0.1653	0.00046949356878647465	-0.0005358160803622592	-0.0010245082709206715	1.11537576	61.77510834	1.0816373	0.17011764932097587	0.0127815	0.00011
-0.0788	0.1052	-0.1383	0.0002443460952792061	-0.0005270894341022875	-0.0011065387457644049	1.09289277	60.52989197	1.06140299	0.08219522973054866	0.0137161	9e-05
-0.0654	0.2397	-0.0895	0.000317649923862968	-0.0005201081170943102	-0.0009651670763528643	1.12032211	62.04906464	1.08087729	0.207782840750164	0.0130954	7e-05
-0.0706	0.1955	-0.1318	0.00028623399732707005	-0.0005078908123303499	-0.0010245082709206715	1.10851264	61.39499664	1.0756423	0.09684872129338326	0.0132787	7e-05
-0.0771	0.1284	-0.1401	0.00016929693744344995	-0.0005061454830783556	-0.0010245082709206715	1.10707998	61.31564713	1.06310321	0.08783411945678074	0.0132085	0.00012
-0.0759	0.154	-0.1114	4.0142572795869576e-05	-0.0005305800926062762	-0.0010053096491487337	1.08971786	60.35404968	1.0603936	0.06413937979737196	0.0132822	9e-05
-0.0661	0.2743	-0.0783	-0.00029321531433504735	-0.0005462880558742252	-0.0009669124056048585	1.11959469	62.0087738	1.08021438	0.18257315469713703	0.0128536	9e-05
-0.0753	0.1782	-0.1239	-0.00035081117965086024	-0.0005759586531581287	-0.0010088003076527223	1.10082185	60.96904373	1.06731605	0.15735771823237898	0.0127742	5e-05
-0.0761	0.1446	-0.1145	-0.0003665191429188092	-0.0005410520681182421	-0.0010524335389525807	1.07814097	59.71286011	1.04539631	0.048512388980384666	0.0132163	7e-05
-0.0866	0.1875	-0.092	-0.0003473205211468716	-0.000466002910282486	-0.0011135200627723821	1.10308397	61.09432983	1.05999454	0.08366671517137475	0.0132955	8e-05
-0.0743	0.2895	-0.0759	-0.00047123889803846896	-0.0005183627878423159	-0.0010314895879286487	1.11296332	61.64149857	1.07430862	0.143315436464758	0.0123364	7e-05
-0.0828	0.1882	-0.121	-0.00047647488579445195	-0.0005654866776461627	-0.0010960667702524388	1.09204173	60.48275375	1.05754709	0.16074685299418098	0.0126235	5e-05
-0.0821	0.1673	-0.1102	-0.0006230825429619757	-0.0006475171524898963	-0.0010611601852125523	1.07773483	59.69036865	1.04605165	0.04557723585255717	0.0128721	8e-05
-0.0714	0.276	-0.0673	-0.0007243116395776468	-0.0006963863715457374	-0.0009599310885968812	1.12135196	62.10610199	1.0746298	0.17486637061435917	0.0132434	9e-05
-0.0731	0.2813	-0.099	-0.0007225663103256524	-0.0006824237375297829	-0.0009808750396208131	1.11849833	61.94805145	1.08145901	0.04053259571459401	0.0125051	5e-05
-0.082	0.1905	-0.1133	-0.0007330382858376184	-0.0006387905062299246	-0.0010419615634406148	1.09297824	60.53462219	1.05488876	0.11975958653158128	0.0127074	0.00011
-0.0789	0.2099	-0.0774	-0.0008779006137531476	-0.0006562437987498679	-0.0009808750396208131	1.08447921	60.06390381	1.05330811	0.06957010721276372	0.0129306	6e-05
-0.0669	0.3327	-0.0443	-0.0010559241974565693	-0.000710349005561692	-0.0009040805525330626	1.09655225	60.73256683	1.06596213	0.18334616388014977	0.0127723	8e-05
-0.0808	0.2288	-0.1057	-0.0009494591130849152	-0.0006789330790257941	-0.0009843656981248017	1.11125875	61.54708862	1.07341929	0.19010830782496457	0.0133917	0.0001
-0.0798	0.1999	-0.096	-0.0009669124056048585	-0.0007208209810736582	-0.0009581857593448868	1.09605587	60.70507431	1.06016585	0.04387605666738612	0.0137212	9e-05
-0.0636	0.3788	-0.0347	-0.0010821041362364843	-0.0006073745796940267	-0.0007749261878854823	1.17192054	64.90684509	1.10399361	0.2769948851735331	0.0142637	0.00015
-0.0664	0.3427	-0.1009	-0.0012671090369478833	-0.0005969026041820607	-0.0009040805525330626	1.11956859	62.00733185	1.08827445	0.12133156204354728	0.0140811	0.00012
-0.0732	0.3494	-0.125	-0.0011536626355682519	-0.00048345620280242926	-0.0009424777960769379	1.36059308	75.35647583	1.2349462	0.050864502315156886	0.0232121	0.00212
-0.0782	0.2305	-0.2126	-6.9813170079773176e-06	-0.00010297442586766544	-0.0013124875974997359	1.47691298	81.79885864	1.31544549	0.3063586448458918	0.0173479	0.00028
-0.069	0.3995	-0.1284	-0.00028623399732707005	0.00022165681500327985	-0.0009965830028887623	1.4399364	79.7509079	1.31398781	0.3083894257900507	0.0182917	0.00109
-0.0879	0.2403	-0.157	-0.0005916666164260777	-2.96705972839036e-05	-0.0011955505376161158	1.38084137	76.47792816	1.24877974	0.24448637830567724	0.0145671	0.00021
-0.0721	0.295	-0.1072	-0.0009459684545809266	-8.37758040957278e-05	-0.001043706892692609	1.29010952	71.45274353	1.18299424	0.14831253449450896	0.0181486	0.00045
-0.0667	0.3502	-0.0672	-0.000947713783832921	-0.00012740903539558605	-0.0010332349171806431	1.18802178	65.7986145	1.12775519	0.10339252680319096	0.0152129	0.00021
-0.0606	0.3981	-0.1172	-0.000645771823237902	-4.363323129985824e-05	-0.0009285151620609833	1.27509475	70.62114716	1.19558909	0.12852187599052034	0.0217898	0.00116
-0.0702	0.2558	-0.1577	-0.0003612831551628262	-0.00014311699866353502	-0.0012304571226560022	1.4113158	78.16575623	1.26899963	0.22669571980168857	0.0192944	0.00075
-0.0776	0.239	-0.144	-0.00039095375244672985	2.4434609527920616e-05	-0.0011519173063162574	1.35840511	75.23529816	1.25932968	0.051688101090755265	0.0150188	0.00034
-0.0668	0.3407	-0.0731	-0.0006894050545377602	-5.235987755982988e-06	-0.0009826203688728075	1.24462461	68.93356323	1.16156867	0.2082709418409192	0.018025	0.00037
-0.0723	0.3089	-0.1183	-0.0006736970912698113	-9.773843811168246e-05	-0.0010786134777324957	1.15066898	63.72982788	1.10517683	0.09271017612416685	0.0158438	0.00024
-0.0771	0.2255	-0.1014	-0.0008621926504851988	-5.235987755982989e-05	-0.0010768681484805013	1.10018277	60.93364716	1.05918733	0.11688097245096173	0.0151936	0.00016
-0.0683	0.3374	-0.0684	-0.0006649704450098395	-3.141592653589793e-05	-0.0009634217471008699	1.09854388	60.84287643	1.0592807	0.1702806278939461	0.0151778	0.00015
-0.0737	0.2965	-0.1136	-0.0006597344572538566	-4.71238898038469e-05	-0.0010663961729685354	1.12324655	62.21103668	1.0823971	0.09769591884457987	0.0147408	0.00016
-0.0761	0.2155	-0.1109	-0.0006981317007977319	-6.806784082777885e-05	-0.0010524335389525807	1.08165491	59.90747833	1.05304883	0.0897651914291881	0.0138913	0.00012
-0.0769	0.2554	-0.0748	-0.0006562437987498679	7.155849933176751e-05	-0.0010454522219446034	1.08147371	59.89744186	1.05803985	0.08622477796076937	0.014524	0.00012
-0.0653	0.37	-0.044	-0.0005602506898901797	-1.5707963267948964e-05	-0.0009826203688728075	1.11018848	61.48781204	1.07884494	0.16930457122656	0.0150631	0.00016
-0.0737	0.2511	-0.1009	-0.0004939281783143952	4.886921905584123e-05	-0.0010122909661567112	1.10378706	61.13327026	1.0657093	0.19222851455917392	0.0140422	0.0001
-0.0826	0.2082	-0.0973	-0.00047123889803846896	3.839724354387525e-05	-0.0011082840750163993	1.07250369	59.4006424	1.04271515	0.061857718232379025	0.0141725	0.00013
-0.0716	0.319	-0.0462	-0.00048171087355043494	3.665191429188092e-05	-0.0009896016858807848	1.13593614	62.91384506	1.08240817	0.17944498469497877	0.0162565	0.00017
-0.0692	0.3644	-0.0779	-0.0004049163864626844	-2.268928027592628e-05	-0.0010070549784007281	1.14009058	63.14394379	1.09783494	0.08717944870877502	0.0145524	0.00011
-0.0819	0.2455	-0.0981	-0.0006073745796940267	4.18879020478639e-05	-0.0011047934165124105	1.10239816	61.05634689	1.06406724	0.1700386906833407	0.0133223	7e-05
-0.0779	0.3204	-0.0634	-0.0005881759579220891	2.96705972839036e-05	-0.0010332349171806431	1.0950439	60.64902878	1.05932342	0.11874872129338328	0.0141003	0.00014
-0.0751	0.3694	-0.0882	-0.0005358160803622592	-2.792526803190927e-05	-0.001064650843716541	1.12774479	62.46017075	1.08723938	0.08366858347057703	0.0143877	9e-05
-0.0823	0.2496	-0.1204	-0.0006510078109938849	-4.71238898038469e-05	-0.0011187560505283654	1.09637523	60.72276306	1.06054956	0.16862477796076938	0.012825	8e-05
-0.0835	0.2626	-0.0918	-0.0005253441048502931	-2.094395102393195e-05	-0.0011344640137963143	1.07551003	59.5671463	1.04881344	0.05117758040957279	0.0135374	8e-05
-0.0683	0.3785	-0.0574	-0.0003612831551628262	-2.6179938779914945e-05	-0.0010803588069844899	1.10697114	61.3096199	1.07193601	0.17667010721276372	0.0142975	0.0001
-0.0791	0.2782	-0.1142	-0.0003193952531149623	1.9198621771937625e-05	-0.0011536626355682519	1.0957495	60.68811035	1.05914396	0.1759285145591739	0.0134798	9e-05
-0.0892	0.2263	-0.1121	-0.0002705260340591211	8.203047484373349e-05	-0.001254891732183923	1.05846727	58.62322998	1.03500217	0.0747465084371654	0.0131467	8e-05
-0.0781	0.3104	-0.0696	-0.0003682644721708035	4.0142572795869576e-05	-0.0011100294042683937	1.07904673	59.76302719	1.05918165	0.1519244334037538	0.013624	7e-05
-0.0669	0.3365	-0.0905	-0.000296705972839036	-0.00016406094968746698	-0.0010419615634406148	1.10082185	60.96903992	1.07471513	0.07539149313214417	0.0134112	7e-05
-0.0784	0.2412	-0.1165	-0.00033335788713091696	-0.00011170107212763708	-0.0011379546723003027	1.07476056	59.52563858	1.04782346	0.14205024503556996	0.0125326	8e-05
-0.0815	0.2258	-0.1026	-0.0002897246558310587	-4.18879020478639e-05	-0.0012025318546240932	1.06395984	58.92744064	1.03538548	0.041301179185171115	0.0133937	7e-05
-0.0667	0.3488	-0.0558	-0.0003298672286269283	-0.000158824961931484	-0.0010995574287564276	1.09685349	60.74925613	1.05880917	0.1976027029273577	0.0134472	0.0001
-0.0739	0.2828	-0.1025	-0.00041189770347066176	-0.000148352986419518	-0.0011955505376161158	1.09481168	60.63616562	1.0641972	0.12932477796076935	0.0130357	0.0001
-0.0792	0.2218	-0.104	-0.0005148721293383271	-9.075712110370512e-05	-0.0011938052083641214	1.05971777	58.69249344	1.0374251	0.07591578102177365	0.0129119	5e-05
-0.0761	0.246	-0.0777	-0.00041713369122664475	-0.00010297442586766544	-0.0011501719770642632	1.06886196	59.19894028	1.04685281	0.06127944870877504	0.0135918	8e-05
-0.0596	0.3567	-0.0556	-0.0003054326190990077	-0.0003089232776029963	-0.0010663961729685354	1.09458613	60.6236763	1.06077223	0.1693712863979348	0.0134454	7e-05
-0.064	0.2481	-0.0963	-0.00032812189937493397	-0.00026878070480712676	-0.0010733774899765126	1.09027672	60.38500214	1.05140588	0.15719065850398867	0.0132189	7e-05
-0.0739	0.1881	-0.1112	-0.0002583087292951608	-0.00019024088846738194	-0.0011205013797803594	1.07437396	59.50422668	1.04476653	0.09457384381116823	0.0137074	5e-05
-0.0679	0.2644	-0.0707	-0.00028623399732707005	-0.00024609142453120044	-0.0010803588069844899	1.10500908	61.20095444	1.06967084	0.12899591884457987	0.0141212	8e-05
-0.0625	0.3055	-0.0827	-0.00023561944901923448	-0.00028623399732707005	-0.0010088003076527223	1.10799015	61.36605453	1.0743615	0.06661578102177361	0.0133535	3e-05
-0.0735	0.2062	-0.1076	-0.00030194196059501896	-0.00029321531433504735	-0.0010943214410004448	1.08029318	59.83205795	1.04663319	0.1431412480965742	0.0126653	5e-05
-0.0779	0.2006	-0.0963	-0.00022165681500327985	-0.0002251474735072685	-0.001129228026040331	1.07200396	59.37295914	1.04373079	0.030462978572970208	0.0131978	8e-05
-0.0651	0.3353	-0.0543	-0.00015184364492350666	-0.00030368728984701333	-0.0010611601852125523	1.10726511	61.32590485	1.0677938	0.2003210413623648	0.0134506	9e-05
-0.0693	0.2635	-0.1045	-0.0001361356816555577	-0.00028274333882308137	-0.0011431906600562858	1.10152733	61.00811386	1.06874323	0.1321341194567807	0.0132156	8e-05
-0.0796	0.2195	-0.1096	-0.00019547687622336493	-0.00017453292519943296	-0.0012060225131280816	1.06583905	59.03151703	1.04254758	0.0709191730631626	0.0126407	5e-05
-0.0744	0.2675	-0.0741	-0.00015533430342749534	-0.00019198621771937622	-0.001129228026040331	1.09654367	60.73209763	1.05878912	0.09541951762017822	0.0144348	0.0001
-0.0616	0.3801	-0.0575	-0.00017278759594743863	-0.00027576202181510406	-0.0010995574287564276	1.15149927	63.77581024	1.09528829	0.14854498469497868	0.013684	7e-05
-0.0723	0.2788	-0.1024	-0.00017802358370342162	-0.00022340214425527416	-0.0011676252695842063	1.09529042	60.66268539	1.05949263	0.1631831853071796	0.0127443	6e-05
-0.0802	0.2491	-0.1042	-7.853981633974481e-05	-0.00014137166941154068	-0.0012322024519079964	1.04907048	58.10279083	1.03260606	0.051704571226560005	0.0128108	6e-05
-0.0763	0.2961	-0.0718	-7.853981633974481e-05	-0.00015184364492350666	-0.0011746065865921838	1.06646895	59.06640244	1.04366701	0.0867033920413889	0.0137069	5e-05
-0.0652	0.4059	-0.0548	-6.45771823237902e-05	-0.00018675022996339323	-0.0011379546723003027	1.12078345	62.07461548	1.07176492	0.14217605666738614	0.0138792	8e-05
-0.0788	0.3129	-0.089	-0.00013962634015954637	-0.00017627825445142725	-0.0012304571226560022	1.09711266	60.76360703	1.05285798	0.14970117918517103	0.0144236	0.0001
-0.0762	0.3422	-0.1735	0.00011170107212763708	-5.93411945678072e-05	-0.0011065387457644049	1.17433631	65.04064178	1.11911239	0.14100914245312	0.0159612	0.00015
-0.0596	0.5303	-0.0863	-0.0005480333851262194	-0.0004520402762665313	-0.001001818990644745	1.22458208	67.82350159	1.14606554	0.349757664703612	0.0179071	0.00027
-0.074	0.4902	-0.1191	-0.001218239817892042	-0.00047822021504644627	-0.0010175269539126942	1.2025708	66.60440826	1.13777437	0.12290471674068427	0.0207613	0.00138
-0.0934	0.4003	-0.1183	-0.0007993607974134029	-0.00027925268031909274	-0.001356120828799594	1.41020632	78.10430908	1.27100779	0.15792202150464463	0.0202314	0.00072
-0.0954	0.3864	-0.1453	0.00021118483949131387	-4.71238898038469e-05	-0.0013159782560037243	1.28811669	71.34236908	1.18721297	0.1070408500107916	0.0152625	0.00012
-0.0784	0.5843	-0.1045	-0.0007435102613495844	-0.000158824961931484	-0.0011379546723003027	1.29184008	71.54859161	1.18209589	0.3179209878335979	0.0193339	0.001
-0.0906	0.3819	-0.1397	-0.0006318091892219474	-0.000322885911618951	-0.0013177235852557187	1.33856404	74.13639832	1.2033469	0.272576546738526	0.0143145	0.0002
-0.0805	0.4048	-0.1178	-0.0009093165402890458	-0.0003612831551628262	-0.0012269664641520136	1.21318805	67.19244385	1.12699081	0.0752330857857339	0.0153542	0.00014
-0.0779	0.5013	-0.0924	-0.00062482787221397	-0.00035604716740684323	-0.0011990411961201044	1.13770318	63.01171494	1.08155329	0.1403824961931484	0.0147057	6e-05
-0.074	0.465	-0.1212	-0.0006946410422937432	-0.0003612831551628262	-0.0012147491593880533	1.10096335	60.97687912	1.05932174	0.0735378560551852	0.0149283	0.00012
-0.0836	0.3636	-0.1321	-0.0009232791743050004	-0.00041713369122664475	-0.001291543646475804	1.08617055	60.15757751	1.04237733	0.13996415775814136	0.0138739	0.00014
-0.0799	0.4021	-0.1004	-0.0009843656981248017	-0.000450294947014537	-0.0012217304763960308	1.08187258	59.91953278	1.04250849	0.08210304748437335	0.0142294	0.00015
-0.076	0.5049	-0.0759	-0.0010122909661567112	-0.0004520402762665313	-0.0011484266478122688	1.116135	61.81716156	1.07227274	0.13634872129338327	0.0148429	9e-05
-0.0871	0.3878	-0.1304	-0.0010070549784007281	-0.0004258603374866164	-0.0012531464029319286	1.08729732	60.21998596	1.04720107	0.18950678408277796	0.0129393	3e-05
-0.0888	0.3803	-0.1126	-0.000905825881785057	-0.00041189770347066176	-0.001256637061435917	1.0505501	58.18474197	1.02463367	0.032934119456780646	0.0126109	7e-05
-0.0733	0.5215	-0.0874	-0.0006963863715457374	-0.0004415683007545654	-0.0011711159280881952	1.09661424	60.73600006	1.05359712	0.1981315620435472	0.0132237	2e-05
-0.0845	0.4172	-0.1438	-0.0006894050545377602	-0.0004310963252425994	-0.001239183768915974	1.08886576	60.30685043	1.04671644	0.17617605666738603	0.0123155	5e-05
-0.0887	0.35	-0.1351	-0.0008447393579652555	-0.00048345620280242926	-0.0012514010736799342	1.0478245	58.03378296	1.02054222	0.09109557428756432	0.0125513	6e-05
-0.0758	0.4374	-0.0826	-0.0008517206749732328	-0.0005026548245743669	-0.0011414453308042916	1.09324586	60.54944229	1.04957949	0.15960678408277787	0.0132735	0.0001
-0.0687	0.5028	-0.0886	-0.0009040805525330626	-0.0005759586531581287	-0.001075122819228507	1.13057876	62.61713028	1.08730268	0.08809931088596881	0.0133978	7e-05
-0.0834	0.3719	-0.1446	-0.0009389871375729493	-0.0004974188368183839	-0.0012479104151759456	1.10311937	61.09628677	1.0607808	0.21591169986635353	0.0122537	5e-05
-0.0841	0.3637	-0.1238	-0.0009232791743050004	-0.0005323254218582705	-0.001223475805648025	1.05058491	58.18666458	1.02239803	0.033452457891787794	0.0125203	7e-05
-0.0777	0.5121	-0.078	-0.000778416846389471	-0.0005864306286700947	-0.0011641346110802177	1.10174096	61.01994705	1.05754735	0.213515436464758	0.013868	5e-05
-0.0836	0.4279	-0.1371	-0.0007120943348136865	-0.000486946861306418	-0.0011606439525762293	1.08970141	60.35313416	1.05304626	0.15766484687217247	0.0126932	4e-05
-0.0921	0.365	-0.1374	-0.0007993607974134029	-0.0005218534463463045	-0.0012775810124598492	1.04557157	57.9090004	1.02335373	0.08365550537616116	0.0123093	2e-05
-0.0868	0.4217	-0.104	-0.0007504915783575615	-0.0005427973973702365	-0.0012514010736799342	1.06493652	58.98152924	1.036511	0.10019965544298444	0.0128526	4e-05
-0.0987	0.5141	-0.1591	-5.585053606381854e-05	-0.00024260076602721178	-0.001270599695451872	1.14748013	63.55321121	1.09693425	0.21010181477043527	0.0137545	4e-05
-0.1071	0.4581	-0.2325	-0.000895353906273091	-0.0003665191429188092	-0.0012514010736799342	1.26860523	70.26172638	1.19623249	0.1869310184436404	0.0160581	0.00042
-0.0981	0.4614	-0.1461	-0.001239183768915974	-0.00039095375244672985	-0.0011903145498601325	1.27914059	70.8452301	1.18655727	0.12016754979953025	0.0162212	0.0006
-0.0816	0.6907	-0.1431	-0.00045553093477052	-6.108652381980153e-05	-0.0010210176124166828	1.2834152	71.08197784	1.17991064	0.3129408500107916	0.0206235	0.00169
-0.0977	0.5825	-0.3055	0.0007400196028455958	0.000153588974175501	-0.001350884841043611	1.47987914	81.96313477	1.33024443	0.37370466321191725	0.0216808	0.00103
-0.0929	0.5082	-0.3117	0.0010471975511965976	0.00015533430342749534	-0.0013177235852557187	1.18675828	65.72863007	1.11118392	0.10240422666954442	0.0170547	0.00021
-0.0909	0.4744	-0.2482	-0.0001239183768915974	-0.00013788101090755203	-0.0012164944886400475	1.12983847	62.5761261	1.07865436	0.17757801695194564	0.0164497	0.00022
-0.0908	0.4977	-0.1993	-0.00048171087355043494	-0.00024609142453120044	-0.0012322024519079964	1.08274829	59.96804047	1.04298225	0.09638554367752171	0.0161217	0.00011
-0.0929	0.5348	-0.2085	-0.0001832595714594046	-9.075712110370512e-05	-0.001244419756671957	1.09770894	60.79663467	1.06000448	0.07170014551412436	0.0148636	0.00011
-0.0927	0.399	-0.232	0.000153588974175501	-2.268928027592628e-05	-0.0012723450247038664	1.08654213	60.17815781	1.04210928	0.18114208272472973	0.0131319	8e-05
-0.0916	0.3753	-0.2125	7.330382858376184e-05	-7.330382858376184e-05	-0.0012775810124598492	1.02432549	56.73228836	1.0068295	0.0511067840827779	0.0129905	7e-05
-0.0865	0.479	-0.1686	0.00016231562043547262	-0.00012740903539558605	-0.0012252211349000194	1.06159401	58.79640579	1.02923092	0.1624738438111682	0.01344	7e-05
-0.0897	0.448	-0.1977	2.6179938779914945e-05	1.3962634015954635e-05	-0.0011397000015522971	1.06882119	59.19668198	1.03431536	0.08145142422074099	0.0122374	6e-05
-0.0938	0.3721	-0.2015	5.235987755982988e-06	-7.330382858376184e-05	-0.0012723450247038664	1.03888774	57.53881836	1.01293949	0.09584277183876093	0.0123824	5e-05
-0.092	0.3561	-0.2016	0.00013264502315156904	-0.000158824961931484	-0.001282817000215832	1.02164006	56.58355713	1.00227939	0.02907010721276364	0.012237	3e-05
-0.0883	0.4364	-0.161	2.4434609527920616e-05	-0.0002199114857512855	-0.001192059879112127	1.04771936	58.02796173	1.02277168	0.1376027029273577	0.0121041	5e-05
-0.0842	0.4705	-0.1684	-1.9198621771937625e-05	-0.0001658062789394613	-0.0011623892818282235	1.05721557	58.5539093	1.03510751	0.051970451769779255	0.0120752	4e-05
-0.0916	0.3797	-0.199	-3.490658503988659e-05	-0.0001884955592153876	-0.0012042771838760874	1.04281974	57.7565918	1.01843104	0.132814257279587	0.0123489	4e-05
-0.0924	0.3577	-0.1801	-2.094395102393195e-05	-0.00017976891295541595	-0.0011798425743481666	1.02936804	57.01157379	1.01363583	0.04405619449019231	0.0121601	5e-05
-0.0837	0.4629	-0.1275	-4.886921905584123e-05	-0.00018151424220741024	-0.0010925761117484504	1.05494869	58.42835236	1.03579376	0.17234685299418095	0.0124726	5e-05
-0.0891	0.4154	-0.1768	-7.504915783575618e-05	-0.0001658062789394613	-0.001165879940332212	1.06908047	59.21104431	1.04235839	0.10795958653158126	0.0125669	4e-05
-0.0894	0.3715	-0.1807	-0.00010821041362364843	-0.0002583087292951608	-0.0012252211349000194	1.02557039	56.80123901	1.0043356	0.05735024503556994	0.0131591	5e-05
-0.086	0.4118	-0.1485	-0.0002024581932313422	-0.000317649923862968	-0.0011152653920243766	1.05543995	58.45556641	1.0243361	0.08907723585255718	0.012807	4e-05
-0.0807	0.5194	-0.1244	-0.0002583087292951608	-0.0003001966313430247	-0.0011344640137963143	1.07294691	59.42518997	1.03774941	0.14162512251778492	0.0130383	4e-05
-0.0888	0.4245	-0.1744	-0.00030194196059501896	-0.00029845130209103034	-0.0012304571226560022	1.05220985	58.27666473	1.02145193	0.160068583470577	0.0119544	3e-05
-0.0909	0.385	-0.1689	-0.0004136430327226561	-0.00034033920413889426	-0.0012339477811599909	1.01050639	55.96691513	0.99762643	0.05495398163397446	0.0121148	3e-05
-0.0884	0.4748	-0.1278	-0.00042760566673861073	-0.00042236967898262774	-0.001223475805648025	1.05028665	58.17015076	1.02680665	0.13872325421858267	0.0127043	2e-05
-0.0854	0.5256	-0.1481	-0.0003211405823669566	-0.0004433136300065597	-0.0011938052083641214	1.10046518	60.94928741	1.05408121	0.08195398163397447	0.0130825	5e-05
-0.0978	0.4539	-0.1722	-0.0003089232776029963	-0.0003822271061867582	-0.0013857914260834976	1.04491866	57.87284088	1.01181044	0.1214645023151568	0.0125555	5e-05
-0.0951	0.4774	-0.1625	-0.0002565634000431664	-0.0004014257279586958	-0.001335176877775662	1.01382601	56.15077209	0.99356012	0.042008652381980094	0.0123903	4e-05
-0.0854	0.6313	-0.1161	-0.00027925268031909274	-0.0004415683007545654	-0.0012723450247038664	1.06244826	58.84371948	1.02348671	0.2162831853071796	0.0134392	7e-05
-0.0999	0.5731	-0.1801	-0.0002251474735072685	-0.00039793506945470715	-0.0013683381335635543	1.0546453	58.41155243	1.02467104	0.14638657734856844	0.0131243	4e-05
-0.0966	0.5246	-0.1812	-0.00020420352248333657	-0.00042935099599060504	-0.0013840460968315032	1.01892591	56.43323517	0.98974071	0.056303392041389025	0.0123178	8e-05
-0.0933	0.5979	-0.1376	-0.0004415683007545654	-0.00047647488579445195	-0.0012950343049797925	1.03126919	57.11686707	1.00565187	0.13887502299633936	0.0123008	3e-05
-0.0888	0.6376	-0.1441	-0.0007958701389094143	-0.0004747295565424576	-0.0012409290981679683	1.06181574	58.8086853	1.03234288	0.07120761871093333	0.0118784	2e-05
-0.0948	0.5321	-0.171	-0.0006841690667817771	-0.00048520153205442357	-0.0012897983172238095	1.02836514	56.95602798	1.0046644	0.14695211333477212	0.0116491	3e-05
-0.0949	0.5162	-0.155	-0.0005916666164260777	-0.00042760566673861073	-0.0012758356832078548	1.01562333	56.25032043	0.99125888	0.040203047484373394	0.0115967	2e-05
-0.0799	0.642	-0.1172	-0.0005305800926062762	-0.00048345620280242926	-0.001192059879112127	1.04856575	58.07483292	1.01278076	0.1886356431989674	0.0116532	3e-05
-0.0918	0.5478	-0.1649	-0.0005445427266222308	-0.00042935099599060504	-0.0013002702927357754	1.04804122	58.045784	1.0141692	0.1626139127225714	0.0117857	1e-05
-0.0949	0.4793	-0.171	-0.0005742133239061344	-0.0004049163864626844	-0.0013124875974997359	1.02154863	56.57849503	0.99229953	0.0810161255787892	0.0110327	2e-05
-0.0928	0.4772	-0.1473	-0.0006161012259539982	-0.0004520402762665313	-0.001282817000215832	1.02371371	56.69840622	0.99701129	0.03383411945678075	0.0118863	6e-05
-0.076	0.5902	-0.1046	-0.0007557275661135446	-0.0005497787143782138	-0.001129228026040331	1.0794065	59.78295135	1.03613345	0.1920476876223364	0.0117627	7e-05
-0.0877	0.4945	-0.1721	-0.0006841690667817771	-0.0004747295565424576	-0.0012531464029319286	1.07176507	59.35972977	1.03290046	0.188426301702956	0.0111586	2e-05
-0.0926	0.4412	-0.1702	-0.0006265732014659643	-0.0004206243497306334	-0.0012636183784438947	1.0167352	56.31189728	0.99460375	0.06620865238198019	0.0111374	5e-05
-0.0896	0.4605	-0.1403	-0.0006108652381980154	-0.0004258603374866164	-0.001265363707695889	1.04381692	57.8118248	1.01420513	0.05333446401379633	0.0121481	3e-05
-0.0805	0.5659	-0.1115	-0.0006300638599699529	-0.0004572762640225143	-0.0011746065865921838	1.07584548	59.58572388	1.04318638	0.1503685834705769	0.012022	2e-05
-0.0903	0.4612	-0.1789	-0.0006824237375297829	-0.000460766922526503	-0.0012531464029319286	1.07182431	59.36301422	1.03059322	0.1886195176201781	0.0111879	8e-05
-0.095	0.418	-0.1626	-0.0007644542123735164	-0.0004363323129985824	-0.001291543646475804	1.03948188	57.57172394	1.00392478	0.07144311639577648	0.0122855	6e-05
-0.0842	0.5489	-0.0991	-0.0007871434926494425	-0.000466002910282486	-0.0011798425743481666	1.08396232	60.03527451	1.03912282	0.2134030474843734	0.0117617	5e-05
-0.0862	0.5359	-0.1452	-0.0007452555906015787	-0.000460766922526503	-0.0012479104151759456	1.09364319	60.57144928	1.05370056	0.0668595865315813	0.0118831	3e-05
-0.0961	0.451	-0.1807	-0.0007208209810736582	-0.0004415683007545654	-0.0013264502315156904	1.05124342	58.2231369	1.01368753	0.13640865238198016	0.0112274	2e-05
-0.0951	0.4627	-0.151	-0.0008150687606813518	-0.000439822971502571	-0.0013055062804917586	1.0433073	57.78359604	1.00903613	0.04824685299418097	0.0125345	4e-05
-0.0789	0.6141	-0.1104	-0.0008203047484373349	-0.0005393067388662478	-0.0011274826967883368	1.07510364	59.54463959	1.03172542	0.22233716694115405	0.0114264	2e-05
-0.0892	0.5183	-0.1782	-0.0008639379797371932	-0.0004974188368183839	-0.0011850785621041497	1.07260954	59.40650558	1.03255507	0.18105584993317675	0.0113433	5e-05
-0.0964	0.4642	-0.1779	-0.0008185594191853405	-0.0004729842272904633	-0.0012950343049797925	1.02954888	57.02158737	0.99814606	0.0705884456477708	0.011097	3e-05
-0.0895	0.5359	-0.127	-0.0007470009198535729	-0.0004677482395344803	-0.0012095131716320703	1.05279899	58.30929184	1.02305402	0.13761578102177371	0.011485	4e-05
-0.0807	0.5969	-0.1365	-0.000710349005561692	-0.0004886921905584122	-0.0011641346110802177	1.07569468	59.57736969	1.04557344	0.08444872129338321	0.0113801	3e-05
-0.1041	0.4737	-0.1841	-0.0006963863715457374	-0.00026354471705114377	-0.0013526301702956054	1.05751097	58.57026672	1.02402607	0.21558028333693047	0.0110002	5e-05
-0.1024	0.444	-0.1833	-0.0007400196028455958	-0.00032812189937493397	-0.0013648474750595659	1.02436841	56.73466492	0.99839976	0.03822138591938047	0.0113578	3e-05
-0.0904	0.5554	-0.1063	-0.0009878563566287904	-0.00039095375244672985	-0.0011641346110802177	1.07897162	59.75886917	1.0356988	0.22596907354171689	0.0117735	2e-05
-0.0912	0.5556	-0.152	-0.0008918632477691023	-0.00034208453339088857	-0.0011536626355682519	1.07425582	59.49768448	1.0397035	0.054466715171374726	0.0116003	6e-05
-0.0986	0.4566	-0.1792	-0.0009669124056048585	-0.0002722713633111154	-0.0012269664641520136	1.03523242	57.33637238	1.00842847	0.14450830782496452	0.0115777	3e-05
-0.0992	0.4758	-0.1512	-0.0009913470151327792	-0.000291469985083053	-0.0012164944886400475	1.04906499	58.10248566	1.00788896	0.05050526034059122	0.0123821	5e-05
-0.0846	0.5845	-0.1244	-0.0010297442586766543	-0.0003787364476827695	-0.0011030480872604163	1.07583725	59.58526993	1.03431664	0.16205550537616115	0.0117047	2e-05
-0.1004	0.4881	-0.1791	-0.0009599310885968812	-0.000312413936106985	-0.0012356931104119853	1.0400455	57.60294342	1.00745232	0.1803390352403564	0.0115517	2e-05
-0.0994	0.451	-0.181	-0.0008639379797371932	-0.0003612831551628262	-0.001254891732183923	1.01349103	56.13222122	0.99055353	0.0482030474843733	0.0118005	4e-05
-0.0924	0.567	-0.12	-0.000932005820564972	-0.0003944444109507184	-0.0011850785621041497	1.05792534	58.59321976	1.02995454	0.19255211333477212	0.0117847	6e-05
-0.0925	0.5379	-0.1706	-0.0008168140899333463	-0.00041189770347066176	-0.0012042771838760874	1.07354498	59.45830917	1.04166249	0.08739218224617526	0.0113679	3e-05
-0.1015	0.4651	-0.1771	-0.0008552113334772215	-0.0003647738136668148	-0.0013002702927357754	1.02074718	56.53410339	0.99732415	0.09737571211037056	0.0113602	4e-05
-0.0979	0.4558	-0.1671	-0.0008656833089891874	-0.0003630284844148205	-0.0012793263417118436	1.01306534	56.10864639	0.99543154	0.024558062789394645	0.0113388	3e-05
-0.0846	0.5905	-0.0997	-0.0009616764178488756	-0.0004904375198104066	-0.0011798425743481666	1.06758642	59.1282959	1.02797925	0.2315442955809476	0.0116497	2e-05
-0.0917	0.5412	-0.1742	-0.000778416846389471	-0.000460766922526503	-0.0012636183784438947	1.07946038	59.78593826	1.03958204	0.14573529864195184	0.0116275	4e-05
-0.0982	0.4732	-0.1847	-0.000783652834145454	-0.000445058959258554	-0.0012374384396639797	1.03689384	57.42838669	1.00275384	0.08735619449019236	0.0111506	3e-05
-0.0942	0.5284	-0.1277	-0.0008569566627292158	-0.0004310963252425994	-0.0011728612573401894	1.04874599	58.08481598	1.02186444	0.12379218224617528	0.011529	4e-05
-0.0831	0.6205	-0.1128	-0.0008063421144213803	-0.0005009094953223725	-0.0011082840750163993	1.05849695	58.62487793	1.03048834	0.12735024503557002	0.0112686	4e-05
-0.1007	0.5125	-0.1729	-0.0007871434926494425	-0.00042236967898262774	-0.0013194689145077131	1.0405066	57.62848282	1.00928003	0.20114616388014991	0.011518	2e-05
-0.1031	0.4717	-0.1763	-0.0007731808586334879	-0.0003717551306747922	-0.0013316862192716734	1.02334249	56.67784882	0.99173306	0.05043972435438748	0.0115558	5e-05
-0.0902	0.5521	-0.1228	-0.0007853981633974483	-0.0005009094953223725	-0.00119729586686811	1.06005454	58.71114349	1.02537901	0.16058810109075525	0.011697	4e-05
-0.0926	0.5872	-0.1469	-0.0006544984694978735	-0.000439822971502571	-0.00124965574442794	1.08771467	60.24310303	1.05072678	0.07381730476396035	0.0117581	3e-05
-0.0988	0.4891	-0.1816	-0.0006265732014659643	-0.0003525565089028545	-0.0012618730491919003	1.04515862	57.88613129	1.013796	0.14537045176977936	0.0113434	4e-05
-0.0956	0.5029	-0.1557	-0.00047647488579445195	-0.00038397243543875244	-0.0012514010736799342	1.02490246	56.76424408	0.99913811	0.05249931088596885	0.0116884	5e-05
-0.082	0.6103	-0.1169	-0.0004188790204786391	-0.0004049163864626844	-0.001181587903600161	1.0608145	58.75323105	1.02972286	0.16721764932097583	0.0116662	2e-05
-0.0981	0.517	-0.1884	-0.00040317105721069014	-0.00032637657012293966	-0.0013334315485236678	1.04657853	57.96477127	1.01826201	0.19320457122656	0.0111608	4e-05
-0.1008	0.4777	-0.1776	-0.0005009094953223725	-0.00037350045992678646	-0.001335176877775662	1.00417793	55.61641693	0.98650912	0.06013038285837616	0.0114651	2e-05
-0.0914	0.5488	-0.1195	-0.0005794493116621174	-0.0004258603374866164	-0.0011693705988362008	1.0454154	57.90035248	1.01785623	0.15343529864195177	0.0121861	4e-05
-0.0996	0.5863	-0.1519	-0.0005340707511102648	-0.00041713369122664475	-0.001254891732183923	1.06582832	59.03092194	1.03680774	0.08508131700797744	0.0112419	3e-05
-0.1084	0.4978	-0.1749	-0.0005689773361501514	-0.00035081117965086024	-0.0013281955607676848	1.01763964	56.36199188	0.99700248	0.12902664625997165	0.0112843	7e-05
-0.1011	0.507	-0.1485	-0.0005654866776461627	-0.00038571776469074686	-0.0012514010736799342	1.00945306	55.90857697	0.99385981	0.04865958653158128	0.0114767	2e-05
-0.0854	0.6474	-0.1207	-0.0005096361415823442	-0.000460766922526503	-0.0011362093430483087	1.07833791	59.72376633	1.03085555	0.19620457122655996	0.0119807	4e-05
-0.0972	0.5853	-0.1997	-0.00038397243543875244	-0.00038048177693476387	-0.0012269664641520136	1.07599282	59.59388351	1.03241801	0.16773529864195172	0.0108992	2e-05
-0.1012	0.5059	-0.1936	-0.00042760566673861073	-0.0003665191429188092	-0.0013159782560037243	1.01944804	56.46215439	0.99395042	0.0968303828583762	0.0110847	1e-05
-0.0959	0.5605	-0.1497	-0.00045553093477052	-0.00034033920413889426	-0.0012322024519079964	1.03878748	57.53326416	1.00807408	0.11069405054537756	0.0115418	4e-05
-0.09	0.6294	-0.153	-0.0005462880558742252	-0.0004904375198104066	-0.0012112585008840647	1.07545781	59.56425095	1.03384058	0.09118996938995744	0.0114276	3e-05
-0.0986	0.5296	-0.1937	-0.0005131268000863328	-0.00043458698374658803	-0.0012758356832078548	1.03774905	57.47574997	1.00191363	0.15677944870877503	0.0108348	5e-05
-0.0995	0.5146	-0.1828	-0.0004886921905584122	-0.00042760566673861073	-0.001298524963483781	1.00935638	55.90322495	0.98205041	0.029505260340591248	0.0109367	2e-05
-0.086	0.6539	-0.1179	-0.0004921828490624009	-0.00047822021504644627	-0.0012077678423800758	1.05281413	58.31013107	1.01932676	0.22494311639577652	0.01231	2e-05
-0.0968	0.6072	-0.1848	-0.00032463124087094524	-0.00039269908169872416	-0.0013281955607676848	1.047508	58.01625061	1.01044547	0.1430750229963394	0.0106249	2e-05
-0.1002	0.5572	-0.1909	-0.00028623399732707005	-0.00040840704496667313	-0.0013473941825396225	0.99698842	55.21822357	0.97511514	0.06316519142918803	0.0109408	3e-05
-0.0926	0.6528	-0.1315	-0.00028099800957108706	-0.0004049163864626844	-0.0012793263417118436	1.03129601	57.11835098	1.00312857	0.16643972435438756	0.0116951	3e-05
-0.0927	0.6429	-0.1689	-0.0002722713633111154	-0.000460766922526503	-0.0013631021458075715	1.05174923	58.25115204	1.01860939	0.05481764932097592	0.011121	2e-05
-0.0996	0.5904	-0.1856	-0.0002617993877991494	-0.0004328416544945937	-0.0014014993893514465	0.9984625	55.29986572	0.9755823	0.07993972435438748	0.0108854	3e-05
-0.0967	0.6504	-0.1508	-0.00026878070480712676	-0.000450294947014537	-0.001361356816555577	1.014081	56.16489792	0.99103425	0.10092885911618944	0.0113687	3e-05
-0.0853	0.7119	-0.1306	-0.00046425758103049166	-0.0005113814708343385	-0.001254891732183923	1.06383193	58.92035294	1.03114331	0.11125142422074102	0.0112466	1e-05
-0.1042	0.6232	-0.1838	-0.00028797932657906436	-0.0004572762640225143	-0.0013700834628155487	1.02525222	56.78361511	1.00284818	0.17807875959474387	0.0108239	3e-05
-0.1061	0.5908	-0.1901	-0.00030194196059501896	-0.0004258603374866164	-0.0014172073526193955	1.00771832	55.81250381	0.97637437	0.04522512251778495	0.0116465	4e-05
-0.0898	0.7204	-0.1132	-0.0005183627878423159	-0.00047822021504644627	-0.0012531464029319286	1.06383479	58.92050934	1.01696896	0.24444208272472967	0.0117637	3e-05
-0.097	0.7077	-0.1857	-0.0002478367537831948	-0.0005009094953223725	-0.0013142329267517303	1.07104266	59.31972122	1.02809793	0.1101150919077425	0.0112005	1e-05
-0.1061	0.605	-0.201	-0.00040666171571467877	-0.0004799655442984406	-0.0013840460968315032	1.02311754	56.66539001	0.9925249	0.13957910415175945	0.0109451	1e-05
-0.1028	0.605	-0.1763	-0.000445058959258554	-0.0004974188368183839	-0.0013805554383275148	1.00740874	55.79535675	0.97919722	0.030967059728390343	0.0114039	4e-05
-0.0935	0.7363	-0.1499	-0.0003822271061867582	-0.0005009094953223725	-0.0013194689145077131	1.048455	58.0687027	1.00692368	0.17337045176977928	0.0110831	2e-05
-0.1027	0.6311	-0.2037	-0.0004206243497306334	-0.00048520153205442357	-0.0013421581947836393	1.03731799	57.45188141	1.00245705	0.17203972435438747	0.0107827	4e-05
-0.1037	0.5779	-0.1956	-0.0005166174585903216	-0.00048520153205442357	-0.001350884841043611	0.99773067	55.25933456	0.97536203	0.06753598775598302	0.0107099	2e-05
-0.0997	0.6344	-0.1486	-0.0005567600313861911	-0.000460766922526503	-0.0013072516097437528	1.03578317	57.36687469	1.00592694	0.11291052068118237	0.0114895	4e-05
-0.0913	0.6914	-0.1729	-0.00046949356878647465	-0.0005951572749300663	-0.0012863076587198209	1.09651518	60.73051834	1.05122105	0.1018300383013606	0.0116135	5e-05
-0.1061	0.5818	-0.2031	-0.0005445427266222308	-0.0005201081170943102	-0.0013788101090755204	1.03955925	57.57601166	1.00057052	0.16673003830136057	0.0106747	3e-05
-0.1002	0.6073	-0.1711	-0.00038397243543875244	-0.00047123889803846896	-0.0013386675362796509	1.02638078	56.84611893	0.99586914	0.07587910415175943	0.0111931	4e-05
-0.0916	0.6842	-0.1696	-0.00041538836197465044	-0.0005532693728822024	-0.0013037609512397642	1.09321809	60.54790497	1.04272981	0.09441764932097597	0.0122128	5e-05
-0.1013	0.5845	-0.2085	-0.0004799655442984406	-0.0004991641660703782	-0.0013369222070276565	1.05266273	58.30175018	1.01398712	0.15589218224617532	0.0109027	2e-05
-0.0969	0.6025	-0.1788	-0.0005253441048502931	-0.0005044001538263612	-0.0013037609512397642	1.033324	57.23067093	1.00059088	0.05628879020478641	0.0119212	2e-05
-0.0873	0.7133	-0.1648	-0.0005305800926062762	-0.000598647933434055	-0.0012130038301360591	1.07608831	59.59917068	1.02896707	0.1439120444233691	0.0118747	3e-05
-0.0998	0.6091	-0.2231	-0.0005654866776461627	-0.0005550147021341969	-0.001324704902263696	1.04654586	57.9629631	1.00954699	0.18451204442336916	0.0112582	2e-05
-0.1023	0.5709	-0.2034	-0.0006544984694978735	-0.0005393067388662478	-0.0012863076587198209	1.00855339	55.8587532	0.98545835	0.06755584993317676	0.011233	5e-05
-0.0883	0.6933	-0.1422	-0.0006841690667817771	-0.0006126105674500097	-0.0012025318546240932	1.0492866	58.11476135	1.0146673	0.2069375114981697	0.0112968	1e-05
-0.0962	0.6422	-0.2017	-0.0005497787143782138	-0.000614355896702004	-0.001329940890019679	1.05819142	58.60795593	1.02142687	0.1316772358525572	0.0114551	3e-05
-0.1074	0.5648	-0.2046	-0.0006562437987498679	-0.0005410520681182421	-0.0013700834628155487	1.01588619	56.26487732	0.98602354	0.10249557428756433	0.0112973	4e-05
-0.0952	0.6685	-0.1607	-0.0005742133239061344	-0.0005445427266222308	-0.0012060225131280816	1.08316207	59.99095535	1.02944048	0.17227910415175943	0.0123621	5e-05
-0.0753	0.7848	-0.144	-0.0007731808586334879	-0.0006510078109938849	-0.0010419615634406148	1.15101385	63.74892426	1.09013652	0.1763746784393238	0.0131298	5e-05
-0.0842	0.6964	-0.1801	-0.0011397000015522971	-0.0005864306286700947	-0.001296779634231787	1.05874753	58.63875198	1.01918737	0.16769571980168863	0.0121064	1e-05
-0.0775	0.7972	-0.1359	-0.0015341444125030156	-0.0006126105674500097	-0.0011955505376161158	1.08863235	60.29392624	1.03379572	0.1777926723173152	0.0173566	0.00059
-0.0848	0.8394	-0.1288	-0.001446877949903299	-0.0007086036763096977	-0.0011047934165124105	1.15800977	64.13639832	1.09122492	0.0703008346281555	0.0160347	0.00028
-0.0934	0.7669	-0.2276	-0.0006841690667817771	-0.000619591884457987	-0.0013334315485236678	1.21489871	67.2871933	1.12753219	0.23391794034922447	0.0185143	0.00057
-0.1027	0.6715	-0.2604	0.00032812189937493397	-0.0004258603374866164	-0.0014835298641951804	1.20326602	66.64291382	1.12176799	0.20530604143997977	0.0127383	9e-05
-0.102	0.675	-0.2222	-0.00024260076602721178	-0.000312413936106985	-0.0014067353771074296	1.09201074	60.48103714	1.04257873	0.08044817769347647	0.0122655	7e-05
-0.0956	0.6817	-0.2004	-0.00010995574287564276	-0.00045902159327450867	-0.0013805554383275148	1.04561627	57.91147614	1.00339868	0.050171630954950315	0.0110717	0.0001
-0.0868	0.7592	-0.1893	5.235987755982988e-06	-0.0004939281783143952	-0.001329940890019679	1.05103946	58.2118454	1.01487523	0.10743564319896742	0.0115487	8e-05
-0.0953	0.6472	-0.2257	4.0142572795869576e-05	-0.0005323254218582705	-0.0013648474750595659	1.0150398	56.21800232	0.97871909	0.1623105206811824	0.0106163	7e-05
-0.0964	0.6025	-0.2217	7.330382858376184e-05	-0.0005427973973702365	-0.0013439035240356337	0.9894672	54.80166245	0.96975162	0.053028859116189486	0.0107672	4e-05
-0.0954	0.6904	-0.2371	0.0003316125578789226	-0.0005794493116621174	-0.001296779634231787	1.02295721	56.65650558	0.99654217	0.1214042266695444	0.0114874	3e-05
-0.0888	0.7601	-0.2243	0.00016929693744344995	-0.0006527531402458793	-0.001296779634231787	1.04252076	57.74003601	1.00887786	0.10088097245096168	0.0109851	2e-05
-0.1002	0.6433	-0.2395	-0.0001256637061435917	-0.0006667157742618339	-0.001387536755335492	1.02969563	57.02971268	0.99689369	0.16338401993533508	0.0111632	2e-05
-0.0951	0.7406	-0.1869	-9.599310885968811e-05	-0.000640535835481919	-0.0013212142437597075	1.03036499	57.06678772	0.99694544	0.16110865238198016	0.0111593	0.0
-0.0872	0.7677	-0.2102	4.0142572795869576e-05	-0.0006789330790257941	-0.0013439035240356337	1.04406452	57.82553864	1.00978701	0.06816111027376796	0.0111997	3e-05
-0.1009	0.6759	-0.2366	9.599310885968811e-05	-0.0006178465552059926	-0.001424188669627373	0.99293607	54.99378586	0.97202155	0.1417611102737681	0.0105534	3e-05
-0.0989	0.6477	-0.2177	-0.00010821041362364843	-0.0006475171524898963	-0.0013404128655316449	0.97106528	53.7824707	0.95798759	0.06498249619314832	0.0105386	2e-05
-0.0893	0.766	-0.1599	-0.00014660765716752367	-0.0006597344572538566	-0.0012409290981679683	1.01483655	56.20674515	0.98558617	0.1932049157835756	0.0111111	5e-05
-0.0933	0.7387	-0.2089	-0.00011693705988362007	-0.0006492624817418905	-0.0012880529879718153	1.02292085	56.65449524	0.99463206	0.08466332312998584	0.0108424	3e-05
-0.0987	0.6567	-0.2244	-0.00019198621771937622	-0.0006178465552059926	-0.0013648474750595659	0.98945969	54.80124664	0.96883333	0.1120629785729703	0.0108402	2e-05
-0.0988	0.6608	-0.203	-0.00022689280275926284	-0.0006649704450098395	-0.001350884841043611	0.97958887	54.25455093	0.96414744	0.030399655442984504	0.0108539	1e-05
-0.0872	0.8049	-0.1599	-7.504915783575618e-05	-0.0006928957130417488	-0.0012758356832078548	1.01780903	56.37137222	0.98548448	0.21154090353955848	0.0114044	1e-05
-0.0988	0.7415	-0.2133	-5.235987755982989e-05	-0.0005916666164260777	-0.001335176877775662	1.01910472	56.44313812	0.98824495	0.13756297857297015	0.0114588	4e-05
-0.1009	0.6828	-0.2245	-3.141592653589793e-05	-0.000619591884457987	-0.0013631021458075715	0.98665923	54.64614105	0.96206683	0.07583972435438764	0.0110162	1e-05
-0.1001	0.7024	-0.1951	-4.537856055185256e-05	-0.0006702064327658224	-0.0013578661580515882	0.98467779	54.53639984	0.96809663	0.05329065850398874	0.0115396	2e-05
-0.0852	0.8169	-0.1564	2.6179938779914945e-05	-0.0007557275661135446	-0.0012426744274199627	1.02469432	56.75271606	0.9973152	0.18171356816555567	0.0119117	1e-05
-0.0976	0.7457	-0.2047	7.853981633974481e-05	-0.0006911503837897545	-0.0013648474750595659	1.00279164	55.53963852	0.97763914	0.14385550537616107	0.0116405	5e-05
-0.1016	0.7113	-0.2096	0.00011693705988362007	-0.0006230825429619757	-0.0013857914260834976	0.96572918	53.48693085	0.95569954	0.04967045176977928	0.0116618	3e-05
-0.0891	0.8128	-0.1419	1.3962634015954635e-05	-0.0007295476273336296	-0.0012461650859239514	1.00968778	55.92157745	0.98559329	0.1991532925199432	0.0122365	4e-05
-0.0915	0.8244	-0.1777	1.5707963267948964e-05	-0.0007470009198535729	-0.0012932889757277981	1.01885056	56.42905807	0.99235233	0.053116125578789274	0.0118022	2e-05
-0.1001	0.7492	-0.2057	-3.839724354387525e-05	-0.0007347836150896127	-0.001356120828799594	0.98364484	54.47919083	0.95914966	0.11825771823237904	0.0119032	2e-05
-0.1011	0.7498	-0.2045	2.6179938779914945e-05	-0.0007208209810736582	-0.001356120828799594	0.96917182	53.67760086	0.94917234	0.006726990816987287	0.011583	1e-05
-0.0845	0.8718	-0.1301	-5.4105206811824215e-05	-0.0007731808586334879	-0.001218239817892042	1.01906192	56.44076538	0.99540158	0.22652630170295607	0.0120023	3e-05
-0.0918	0.8023	-0.1927	4.363323129985824e-05	-0.0007400196028455958	-0.001228711793404008	1.01969957	56.47608566	0.98914651	0.14646858347057706	0.0112005	2e-05
-0.1013	0.7317	-0.2048	-9.42477796076938e-05	-0.0006928957130417488	-0.0013386675362796509	0.97691923	54.10669327	0.95812644	0.10694803217935207	0.0113194	3e-05
-0.0992	0.7602	-0.1772	-0.0001658062789394613	-0.0006719517620178169	-0.0013142329267517303	0.99677867	55.20660782	0.96830864	0.06404685299418099	0.0118722	2e-05
-0.0841	0.9732	-0.1755	0.0013700834628155487	-0.0009180431865490173	-0.0010524335389525807	1.38558757	76.74079895	1.28423013	0.331989027704268	0.0193421	0.00264
-0.1038	0.8778	-0.4975	0.007995353303386023	-0.0007138396640656808	-0.0010157816246606998	1.60785544	89.05110931	1.51464741	0.7804062638672845	0.0350534	0.01921
-0.0938	0.7797	-0.621	0.006843435997069766	-0.0006963863715457374	-0.0014538592669112763	1.62871957	90.20666504	1.54882369	0.3119724120543389	0.0251804	0.00709
-0.1119	0.7893	-0.4018	0.003701843343479973	-0.00014660765716752367	-0.0015515977050229591	1.47186136	81.51907349	1.40650049	0.4363554903039846	0.019651	0.00234
-0.1062	0.8167	-0.2952	0.0021153390534171274	-0.0001832595714594046	-0.001403244718603441	1.23272228	68.27435303	1.15734072	0.22827545953871217	0.0154362	0.00024
-0.0914	0.9644	-0.2708	0.0015760323145508795	-0.0001675516081914556	-0.0013473941825396225	1.17618299	65.14292145	1.11209501	0.21744326190990088	0.0178794	0.00041
-0.1059	0.7481	-0.3063	0.001626646862858715	-0.00020769418098732522	-0.001504473815219112	1.17765641	65.22452545	1.09910986	0.27869183768915984	0.0133201	9e-05
-0.0985	0.7493	-0.2725	0.0014852751934471744	-0.00038048177693476387	-0.001420698011123384	1.04751599	58.01669312	1.00829587	0.062296753472735326	0.011928	3e-05
-0.0906	0.8499	-0.2586	0.001574286985298885	-0.00039095375244672985	-0.0013543754995475996	1.05065453	58.19052505	1.01108717	0.13069031394697309	0.0124613	5e-05
-0.1099	0.7346	-0.3161	0.001567305668290908	-0.0002443460952792061	-0.001553343034274953	1.03541017	57.34621429	0.99533687	0.20972782544514265	0.0128031	7e-05
-0.1092	0.6893	-0.2855	0.0012583823906879114	-0.00032463124087094524	-0.0015498523757709647	0.98366791	54.48046875	0.95940267	0.09623495408493622	0.0115585	2e-05
-0.1084	0.7289	-0.257	0.0014974924982111347	-0.00027750735106709843	-0.0014957471689591403	0.99517095	55.11756516	0.97492065	0.08591696020694467	0.0120406	5e-05
-0.1028	0.803	-0.2626	0.0014887658519511632	-0.0002617993877991494	-0.0014189526818713899	1.05325162	58.33436203	1.01465277	0.09036145483078359	0.0132425	5e-05
-0.1153	0.7229	-0.2788	0.0011309733552923255	-0.00026878070480712676	-0.0015428710587629874	1.00058925	55.41765594	0.97641216	0.13323460952792068	0.011378	3e-05
-0.1157	0.7142	-0.272	0.0011466813185602744	-0.00033335788713091696	-0.0015446163880149814	0.96135336	53.2445755	0.9501076	0.020001523742186663	0.0113723	4e-05
-0.0995	0.824	-0.2161	0.0010576695267085637	-0.000460766922526503	-0.0013962634015954637	1.01216686	56.05888367	0.98204601	0.20013869068334075	0.0122272	4e-05
-0.101	0.8101	-0.2497	0.0010035643198967395	-0.0004537856055185257	-0.001403244718603441	1.03429163	57.28426361	1.00055206	0.05240339204138887	0.012293	5e-05
-0.1139	0.7491	-0.2612	0.000731292956585624	-0.0004485496177625427	-0.0015062191444711063	0.98147082	54.35878372	0.95777096	0.1044240888467382	0.0114372	2e-05
-0.1115	0.7567	-0.2513	0.0006597344572538566	-0.00042411500823462205	-0.00147131255943122	0.98396045	54.49666977	0.95575907	0.026444984694978736	0.0128305	2e-05
-0.0962	0.9106	-0.2136	0.0007033676885537148	-0.0005637413483941684	-0.0012775810124598492	1.02483094	56.76028061	0.98776244	0.22574955592153872	0.0127719	3e-05
-0.1063	0.8348	-0.2601	0.000582939970166106	-0.0004799655442984406	-0.001403244718603441	1.01519454	56.22657394	0.98340233	0.14889336143134635	0.0122342	5e-05
-0.1179	0.7708	-0.2519	0.0005009094953223725	-0.0004136430327226561	-0.0015393804002589986	0.98498577	54.55345917	0.95722095	0.09802443340375369	0.0116479	2e-05
-0.1097	0.8622	-0.196	0.00043458698374658803	-0.00041015237421866745	-0.001424188669627373	1.01254296	56.07971191	0.9835667	0.16475024503556984	0.0125408	3e-05
-0.1154	0.8448	-0.2434	0.0005096361415823442	-0.0003211405823669566	-0.0014311699866353504	1.03777921	57.47742081	1.00532878	0.07905211333477219	0.0126024	3e-05
-0.1189	0.764	-0.2538	0.00029845130209103034	-0.0003577924966588376	-0.0015027284859671175	0.99859107	55.30698776	0.96796179	0.11066976265574809	0.011685	3e-05
-0.1097	0.8302	-0.2033	0.00029845130209103034	-0.00041538836197465044	-0.001382300767579509	1.01143408	56.0182991	0.98118704	0.13480117918517112	0.0119281	3e-05
-0.0996	0.9347	-0.1797	0.0002617993877991494	-0.00047647488579445195	-0.0012583823906879114	1.02544796	56.7944603	0.99452581	0.14928284075016393	0.0127023	2e-05
-0.1103	0.8048	-0.24	0.0002583087292951608	-0.00041538836197465044	-0.0013927727430914749	1.02149844	56.57571411	0.98293596	0.2108483767363677	0.0122578	3e-05
-0.1158	0.7738	-0.2341	0.00015009831567151235	-0.0004136430327226561	-0.0014870205226991688	0.98148942	54.35981369	0.95505677	0.052610176124166734	0.0119213	2e-05
-0.1007	0.9168	-0.1745	0.0001239183768915974	-0.0004729842272904633	-0.0012863076587198209	1.02817452	56.94546509	0.99328256	0.23201169986635345	0.0125387	1e-05
-0.1025	0.8769	-0.2216	9.075712110370512e-05	-0.0005602506898901797	-0.0013124875974997359	1.0140729	56.16444778	0.99143699	0.09613038285837613	0.0122916	4e-05
-0.1102	0.7814	-0.2536	0.00012740903539558605	-0.0004904375198104066	-0.0014067353771074296	0.99690312	55.21350098	0.96221547	0.14523564319896742	0.012141	3e-05
-0.105	0.8379	-0.2058	9.599310885968811e-05	-0.0005270894341022875	-0.0013002702927357754	1.00717735	55.78253937	0.97973636	0.11822664625997165	0.0118539	2e-05
-0.0946	0.934	-0.2066	0.00017278759594743863	-0.0005602506898901797	-0.0012304571226560022	1.01896489	56.43539047	0.98725088	0.11628844564777084	0.0124888	1e-05
-0.1065	0.8189	-0.2475	0.0001361356816555577	-0.0005166174585903216	-0.001329940890019679	0.99818373	55.28442764	0.9699287	0.17688844564777087	0.0124546	4e-05
-0.1097	0.7949	-0.235	9.42477796076938e-05	-0.00048520153205442357	-0.001377064779823526	0.98450929	54.52706909	0.95398335	0.04572138591938038	0.0115417	2e-05
-0.103	0.9284	-0.1805	1.7453292519943294e-06	-0.0004991641660703782	-0.0012636183784438947	1.01352525	56.13411713	0.9831008	0.2056955742875642	0.0123127	2e-05
-0.1022	0.8625	-0.243	7.504915783575618e-05	-0.0005462880558742252	-0.0012775810124598492	0.99133295	54.90499496	0.97474915	0.1359195176201781	0.0115739	4e-05
-0.111	0.7913	-0.2503	7.330382858376184e-05	-0.0004921828490624009	-0.001420698011123384	0.95971167	53.15365219	0.94650927	0.09724837673636774	0.0115234	2e-05
-0.1099	0.8129	-0.2182	5.235987755982989e-05	-0.00047822021504644627	-0.0013578661580515882	0.98299396	54.44314194	0.95607746	0.05968692190558409	0.011815	1e-05
-0.1024	0.9468	-0.1801	3.839724354387525e-05	-0.00048171087355043494	-0.0011990411961201044	1.01670647	56.31030655	0.98570627	0.18831391272257136	0.0122495	5e-05
-0.1099	0.855	-0.2308	-5.4105206811824215e-05	-0.0003892084231947355	-0.0012461650859239514	0.98862869	54.75522232	0.96559781	0.16160643952576223	0.0118287	1e-05
-0.1206	0.7905	-0.2478	-2.792526803190927e-05	-0.0003630284844148205	-0.0014852751934471744	0.96000516	53.16990662	0.9436877	0.10677349925415264	0.0117605	2e-05
-0.108	0.879	-0.1879	-8.37758040957278e-05	-0.00042935099599060504	-0.0013124875974997359	1.00830102	55.84477615	0.98198616	0.17574803217935203	0.0127751	3e-05
-0.104	0.9309	-0.2077	2.4434609527920616e-05	-0.00047647488579445195	-0.0012618730491919003	1.04719484	57.99890518	1.01037774	0.08599744258676646	0.012992	3e-05
-0.118	0.8239	-0.2453	-4.886921905584123e-05	-0.0004625122517784973	-0.0014451326206513049	0.99676144	55.20565414	0.96732834	0.17212630170295604	0.011834	2e-05
-0.1214	0.8135	-0.2393	1.7453292519943296e-05	-0.00042411500823462205	-0.001481784534943186	0.96794009	53.60938263	0.94910126	0.026868583470576985	0.0118444	3e-05
-0.1055	0.9478	-0.179	-5.235987755982988e-06	-0.0004625122517784973	-0.001239183768915974	1.01106107	55.9976387	0.98044917	0.2256843644923507	0.0124616	3e-05
-0.1126	0.8634	-0.2326	-1.5707963267948964e-05	-0.00038571776469074686	-0.001296779634231787	1.00204015	55.49801636	0.97192793	0.15234311639577652	0.0119233	2e-05
-0.1184	0.8085	-0.2548	0.00010297442586766544	-0.0003892084231947355	-0.0014119713648634124	0.97384208	53.93626404	0.94818218	0.09476823891356141	0.012311	2e-05
-0.0994	1.0087	-0.1802	-5.93411945678072e-05	-0.00039095375244672985	-0.0011519173063162574	1.1203382	62.04995728	1.05864652	0.315005750411731	0.0146487	8e-05
-0.0913	1.1205	-0.2826	0.0014433872913993105	-0.0002617993877991494	-0.0008307767239493009	1.40524614	77.82958984	1.27626544	0.3199511716490829	0.0238888	0.00271
-0.1059	0.9828	-0.4287	0.0024137903555081575	-0.0006021385919380437	-0.0013124875974997359	1.36879873	75.8109436	1.25855972	0.3880226570899089	0.0200263	0.00078
-0.1137	0.9121	-0.3674	0.0017470745812463236	-9.42477796076938e-05	-0.0014346606451393388	1.18834352	65.81642914	1.13234484	0.2046389817115893	0.0150158	0.00011
-0.1058	0.9326	-0.2836	0.0007190756518216638	-0.00022165681500327985	-0.001361356816555577	1.1486733	63.61929321	1.06832707	0.17363558967020032	0.0171707	0.00037
-0.0999	0.9568	-0.2334	0.00045553093477052	-0.00027576202181510406	-0.0012461650859239514	1.10026729	60.93832779	1.04141899	0.10194208272472972	0.0122313	3e-05
-0.105	0.9217	-0.2592	0.0002897246558310587	-0.00038397243543875244	-0.0013491395117916165	0.99393725	55.0492363	0.97276326	0.08484955592153874	0.0123143	4e-05
-0.1166	0.8265	-0.2683	0.0002670353755551324	-0.0003193952531149623	-0.001410226035611418	0.98425704	54.51309586	0.95157226	0.12331764932097584	0.0123397	2e-05
-0.112	0.867	-0.2479	0.00024085543677521747	-0.00038397243543875244	-0.0013142329267517303	0.97718984	54.12168121	0.95087776	0.07483751149816958	0.0129465	1e-05
-0.0967	0.9499	-0.2324	1.7453292519943294e-06	-0.0005689773361501514	-0.001186823891356144	0.99669629	55.20204544	0.96969078	0.14127620218151044	0.0127816	3e-05
-0.1001	0.8929	-0.2565	-0.0002007128639793479	-0.0005113814708343385	-0.0012164944886400475	1.00113189	55.44771194	0.97085624	0.09898623279155289	0.0138539	4e-05
-0.1	0.9561	-0.2247	-0.0005078908123303499	-0.0005969026041820607	-0.0011013027580084218	1.02861083	56.9696312	0.98882445	0.1204945406165174	0.0173009	0.00015
-0.0907	1.0841	-0.2068	-0.00016406094968746698	-0.0006649704450098395	-0.0010960667702524388	1.07650959	59.62250519	1.03101963	0.1760566845613324	0.0188929	0.00025
-0.1042	0.9837	-0.2531	-0.00010471975511965978	-0.0006038839211900379	-0.001281071670963838	1.02072859	56.53307724	0.98328069	0.1754716309549504	0.016063	0.00012
-0.1094	0.8886	-0.2666	1.2217304763960308e-05	-0.0004921828490624009	-0.0013980087308474581	1.02000546	56.49302673	0.97628219	0.1310787595947439	0.012516	2e-05
-0.111	0.877	-0.2516	0.00010995574287564276	-0.0005044001538263612	-0.0014119713648634124	0.9617452	53.26627731	0.93908407	0.03439591884457981	0.0127237	3e-05
-0.1042	1.1283	-0.2218	0.0006771877497737998	-0.0003054326190990077	-0.0011746065865921838	1.18901432	65.85358429	1.1056358	0.33807821599483706	0.0173162	0.00046
-0.0895	1.0879	-0.4329	0.0032567843842214186	-7.504915783575618e-05	-0.0009983283321407565	1.30827057	72.45859528	1.21254076	0.41551291750811487	0.0240344	0.00244
-0.0858	0.9764	-0.5556	0.005386086071654501	0.00028274333882308137	-0.0008587019919812101	1.14882815	63.62787247	1.09290453	0.3692360262125733	0.0245565	0.00449
-0.0924	0.9555	-0.5135	0.003298672286269283	0.0006387905062299246	-0.0011571532940722405	1.18312585	65.52745056	1.11608231	0.20669561274415463	0.0201507	0.00135
-0.0951	0.9909	-0.5096	0.004173082241518442	0.00047123889803846896	-0.0011623892818282235	1.05716193	58.55093384	1.01794395	0.09435987755982979	0.0182109	0.00099
-0.0932	0.903	-0.4652	0.0033824480903650108	0.0002740166925631097	-0.0012007865253720988	0.9943108	55.0699234	0.96179198	0.18551268000863327	0.0152685	0.00055
-0.0929	0.9143	-0.4398	0.003235840433197487	0.00022340214425527416	-0.0011623892818282235	0.94658113	52.42641449	0.93544581	0.04878097245096171	0.0149052	0.00038
-0.0876	1.0424	-0.4184	0.0035150931135165793	2.4434609527920616e-05	-0.0011344640137963143	0.97617751	54.06561279	0.95661558	0.18010727415391775	0.0161605	0.00029
-0.0924	0.9326	-0.4616	0.0034732052114687163	6.9813170079773176e-06	-0.0011885692206081383	0.97326028	53.90404129	0.94824918	0.16347232006898155	0.0156916	0.00041
-0.0904	0.9389	-0.4388	0.003570943649580398	-4.71238898038469e-05	-0.0011571532940722405	0.94565421	52.37508011	0.9316482	0.04026297857297016	0.0148324	0.00039
-0.0922	0.9754	-0.4291	0.0035447637108004834	-2.094395102393195e-05	-0.00119729586686811	0.93950105	52.0342865	0.93004553	0.0526251225177851	0.0146112	0.00029
-0.0965	0.9021	-0.451	0.0036180675393842456	-2.96705972839036e-05	-0.001239183768915974	0.93806684	51.95485306	0.9257997	0.10569591884457993	0.0146188	0.00039
-0.0981	0.8952	-0.4229	0.00325329372571743	-4.71238898038469e-05	-0.0012339477811599909	0.9419117	52.1678009	0.92494602	0.05597315469713713	0.0143954	0.00027
-0.0908	1.0347	-0.3709	0.00322885911618951	-0.0001361356816555577	-0.0011623892818282235	0.99663949	55.19889832	0.97076586	0.20805024503556988	0.0143972	0.0001
-0.1012	0.9597	-0.4379	0.0033143802495372316	-0.00013264502315156904	-0.0012409290981679683	0.99000615	54.83151245	0.96718947	0.1607775804095727	0.0149003	0.00032
-0.1034	0.9008	-0.4345	0.0033440508468211352	-0.00013788101090755203	-0.0012897983172238095	0.94955617	52.59119034	0.93328948	0.06868879020478637	0.0157219	0.0003
-0.0969	0.9585	-0.4051	0.003164281933865719	-0.00017104226669544429	-0.001165879940332212	0.97600657	54.05614471	0.94711876	0.11044242728174526	0.0150369	0.00024
-0.0917	1.0483	-0.3949	0.0031084313978019013	-0.00019896753472735358	-0.0011327186845443199	1.01057374	55.9706459	0.98094012	0.11104685299418096	0.0153994	0.0002
-0.0998	0.9371	-0.4328	0.0031712632508736965	-0.00018500490071139895	-0.001254891732183923	0.97514665	54.00851822	0.95398309	0.16714837673636768	0.0147696	0.00027
-0.1	0.9412	-0.3956	0.0029827676916583086	-0.0002303834612632515	-0.0011536626355682519	0.95709211	53.00856781	0.94227255	0.058255160819145585	0.0143847	0.00021
-0.0868	1.0949	-0.3416	0.0031730085801256907	-0.0002443460952792061	-0.0010314895879286487	1.04010749	57.60637665	0.99756265	0.23721882850614692	0.0153468	0.00015
-0.1006	0.9871	-0.4149	0.003040363556974122	-0.00015009831567151235	-0.001155407964820246	1.0341841	57.27830505	0.99867394	0.21244055898254297	0.014529	0.00027
-0.1038	0.9242	-0.4102	0.0029234264970905022	-0.00018675022996339323	-0.0012339477811599909	0.96018046	53.17961502	0.93941093	0.08240643952576222	0.0143082	0.00018
-0.0915	1.0497	-0.3427	0.0027995081201989047	-0.0002600540585471551	-0.001064650843716541	1.01248527	56.0765152	0.97903325	0.22362595714594047	0.0148425	0.00011
-0.1016	1.0047	-0.4026	0.0026755897433073067	-0.0002443460952792061	-0.0011623892818282235	1.02967405	57.02852249	1.00085362	0.12686823891356164	0.0144827	0.00015
-0.1068	0.9096	-0.4142	0.0025080381351158514	-0.00015184364492350666	-0.001291543646475804	0.95990014	53.1640892	0.94173983	0.13136042115973673	0.0140753	0.0002
-0.0976	0.967	-0.3497	0.0017034413499464657	-0.00023561944901923448	-0.0011606439525762293	0.97730887	54.12827301	0.95562499	0.1820636141582344	0.0139292	7e-05
-0.0869	1.0455	-0.3425	0.001424188669627373	-0.00034033920413889426	-0.001075122819228507	1.04808092	58.04798508	1.01191424	0.11987467843932385	0.0140101	7e-05
-0.0975	0.9317	-0.3862	0.0012514010736799342	-0.0003106686068549907	-0.0011362093430483087	1.00051713	55.41366196	0.97015342	0.18127723585255728	0.013702	9e-05
-0.0973	0.9363	-0.3494	0.001218239817892042	-0.00031415926535897925	-0.001129228026040331	0.95215726	52.73524857	0.9353854	0.043781661564992976	0.0128512	5e-05
-0.0826	1.0767	-0.3197	0.0014782938764391971	-0.00040666171571467877	-0.0009861110273767962	1.01280105	56.09400558	0.978349	0.20958367537831943	0.0137339	7e-05
-0.0968	0.9674	-0.3982	0.0014974924982111347	-0.0003473205211468716	-0.0011327186845443199	1.00638556	55.73868561	0.97779032	0.2132573736753634	0.0135822	6e-05
-0.1032	0.9172	-0.3904	0.0015306537539990272	-0.0003577924966588376	-0.0012199851471440364	0.94397706	52.28218842	0.92102707	0.07094498469497873	0.0134824	8e-05
-0.0897	1.0524	-0.3132	0.0015638150097869194	-0.0003700098014227979	-0.00102799892942466	1.00672948	55.75773239	0.97746416	0.23776823891356147	0.0134919	7e-05
-0.0966	1.0082	-0.3829	0.0016807520696705393	-0.00039269908169872416	-0.0010978120995044332	1.0251205	56.77632141	0.99635446	0.13127197551196604	0.0139878	8e-05
-0.1028	0.9235	-0.3997	0.0016790067404185449	-0.00032463124087094524	-0.0011641346110802177	0.95313901	52.78962326	0.93874346	0.11450678408277788	0.0135804	0.00011
-0.0899	1.0083	-0.3299	0.0016057029118347831	-0.00039968039870670147	-0.0010157816246606998	0.98099422	54.33238602	0.96145491	0.1823352986419518	0.013465	6e-05
-0.0885	1.043	-0.3628	0.0017872171540421933	-0.00042760566673861073	-0.001059414855960558	1.05470634	58.41493225	1.01150731	0.0816536370769588	0.0151152	9e-05
-0.098	0.9407	-0.4008	0.0016755160819145565	-0.00040317105721069014	-0.0011484266478122688	0.97888118	54.21535492	0.95058963	0.16105737367536335	0.0143852	8e-05
-0.0934	1.0094	-0.3408	0.0016074482410867775	-0.00041015237421866745	-0.001054178868204575	0.98273438	54.42876434	0.95880158	0.14176484687217258	0.014283	6e-05
-0.0879	1.0708	-0.3423	0.0016632987771505957	-0.000445058959258554	-0.0010471975511965976	1.0333128	57.23005295	0.99791539	0.073286921905584	0.0143485	0.00011
-0.1022	0.9618	-0.3965	0.001593485607070823	-0.0003438298626428829	-0.0011623892818282235	0.98469186	54.53717804	0.96190391	0.19181169986635344	0.0137359	8e-05
-0.1006	0.9637	-0.3639	0.0015219271077390555	-0.0003298672286269283	-0.0011239920382843482	0.94892579	52.55627441	0.9335331	0.042295918844579915	0.0140867	9e-05
-0.0851	1.0985	-0.3035	0.0014433872913993105	-0.0004939281783143952	-0.0009512044423369096	1.005759	55.70398331	0.97783728	0.23146941809873256	0.0142468	4e-05
-0.0981	0.9973	-0.4004	0.0015899949485668342	-0.000445058959258554	-0.0010524335389525807	1.00809288	55.83324432	0.98284436	0.22593529864195183	0.0144837	0.00011
-0.1052	0.9441	-0.3936	0.0014590952546672592	-0.0003961897402027128	-0.001129228026040331	0.9406364	52.09716797	0.92111067	0.07992817000215821	0.0135675	8e-05
-0.0964	1.0429	-0.3195	0.001322959573011702	-0.000460766922526503	-0.0010314895879286487	0.98516023	54.5631218	0.96040012	0.19662256510455137	0.013994	8e-05
-0.0915	1.0582	-0.3537	0.0013072516097437528	-0.0005550147021341969	-0.0010105456369047167	0.99209124	54.94699478	0.97202255	0.060944984694978846	0.0136955	7e-05
-0.1057	0.9638	-0.3925	0.001382300767579509	-0.000445058959258554	-0.0011641346110802177	0.94101214	52.11797714	0.93082458	0.164329693744345	0.0136822	7e-05
-0.1027	0.9651	-0.3718	0.0013578661580515882	-0.0004729842272904633	-0.0011205013797803594	0.94485772	52.33096313	0.92465896	0.029799655442984394	0.0135936	5e-05
-0.09	1.0978	-0.2993	0.0010803588069844899	-0.0006126105674500097	-0.0009773843811168245	0.99831927	55.29193497	0.97003548	0.24591253449450917	0.0132433	5e-05
-0.1001	1.0064	-0.3856	0.0013543754995475996	-0.0006126105674500097	-0.0010576695267085637	0.99193919	54.93857193	0.9633672	0.20551509190774256	0.0137897	8e-05
-0.1076	0.9543	-0.3879	0.0012514010736799342	-0.0005393067388662478	-0.0011850785621041497	0.92825031	51.41116333	0.91491045	0.07708436449235062	0.0137151	8e-05
-0.0988	1.023	-0.3281	0.0011397000015522971	-0.0005515240436302081	-0.0010821041362364843	0.96895444	53.66556168	0.95029131	0.148644640137963	0.013845	5e-05
-0.0929	1.0869	-0.3366	0.0012531464029319286	-0.0006510078109938849	-0.0010384709049366262	1.03293324	57.20902634	0.99670478	0.0911281700021584	0.0148133	3e-05
-0.103	0.9977	-0.4022	0.0014643312424232424	-0.0006318091892219474	-0.0011484266478122688	0.97483563	53.99129105	0.95438803	0.18191696020694464	0.014133	7e-05
-0.1013	0.9779	-0.3939	0.001635373509118687	-0.0006335545184739417	-0.0011414453308042916	0.92444253	51.20026779	0.91334982	0.03878844564777087	0.0136501	0.00011
-0.0905	1.102	-0.3302	0.0014957471689591403	-0.0007190756518216638	-0.0010349802464326373	0.97730649	54.1281395	0.95345429	0.21518062789394624	0.0140713	8e-05
-0.0982	1.1069	-0.388	0.001572541656046891	-0.0006998770300497262	-0.0010768681484805013	1.0079391	55.82472992	0.97994175	0.07729405054537752	0.0146333	8e-05
-0.1028	1.0102	-0.4092	0.0014573499254152652	-0.0006998770300497262	-0.001117010721276371	0.95285207	52.77373123	0.93544954	0.1302667151713748	0.0146446	0.00011
-0.1025	1.0072	-0.3837	0.0013700834628155487	-0.0007138396640656808	-0.0011065387457644049	0.92993861	51.50466919	0.91341264	0.03438505360638178	0.0139169	8e-05
-0.0831	1.1232	-0.3212	0.0012793263417118436	-0.0008604473212332044	-0.0009389871375729493	0.9840073	54.49926376	0.95865614	0.2181458193231341	0.0138031	8e-05
-0.1008	1.0455	-0.3918	0.0014416419621473165	-0.0007679448708775049	-0.0011100294042683937	0.98287851	54.4367485	0.95795824	0.18729301687433067	0.0142739	8e-05
-0.1072	0.9847	-0.3975	0.001335176877775662	-0.0007016223593017205	-0.0011623892818282235	0.93477684	51.77263641	0.91800045	0.08415737367536354	0.014615	9e-05
-0.0997	1.0723	-0.3312	0.0011780972450961724	-0.0008325220532012951	-0.0010506882097005862	0.97416049	53.95389938	0.94628613	0.18138401993533512	0.0137311	5e-05
-0.0979	1.083	-0.3719	0.0014433872913993105	-0.0008395033702092724	-0.0010733774899765126	0.99715972	55.22771072	0.9725454	0.06794803217935201	0.014336	6e-05
-0.1032	1.006	-0.4037	0.00147131255943122	-0.0007696902001294993	-0.0011379546723003027	0.95578235	52.93602753	0.93250215	0.12221578102177356	0.0142871	9e-05
-0.1089	1.0147	-0.3779	0.001291543646475804	-0.0007853981633974483	-0.0011571532940722405	0.94196653	52.1708374	0.9236584	0.050933774899765055	0.0141376	5e-05
-0.0951	1.1311	-0.3247	0.0011484266478122688	-0.0008377580409572782	-0.0010175269539126942	0.96868569	53.65067673	0.95105852	0.2001551608191456	0.0138125	7e-05
-0.1015	1.0652	-0.385	0.0012601277199399059	-0.0008307767239493009	-0.0011100294042683937	0.9616673	53.26196289	0.94324502	0.14315924197456578	0.0142778	7e-05
-0.1095	1.0183	-0.3783	0.0009128071987930344	-0.0007679448708775049	-0.0012007865253720988	0.9458217	52.38435364	0.92124906	0.08664547476611854	0.0147451	5e-05
-0.1005	1.0868	-0.3501	0.0009948376736367678	-0.0008552113334772215	-0.001064650843716541	0.96049845	53.19722748	0.93253469	0.1209716309549504	0.0140592	5e-05
-0.0945	1.1618	-0.3538	0.0012112585008840647	-0.0008831366015091308	-0.0010890854532444615	0.99093473	54.8829422	0.97109628	0.09813903524035626	0.01466	5e-05
-0.1044	1.0715	-0.3976	0.0012269664641520136	-0.0008255407361933179	-0.0011484266478122688	0.96594399	53.49882889	0.94898759	0.15063225115757853	0.0147077	9e-05
-0.1086	1.0475	-0.3825	0.0011362093430483087	-0.0007801621756414653	-0.001192059879112127	0.93077683	51.55109406	0.9166909	0.052288445647770576	0.0143407	6e-05
-0.0997	1.098	-0.3473	0.0010716321607245184	-0.0009704030641088471	-0.0010786134777324957	0.96261531	53.31446838	0.93889819	0.11301322360854016	0.0141823	8e-05
-0.0897	1.1981	-0.3306	0.0010821041362364843	-0.0010210176124166828	-0.0009896016858807848	1.01785529	56.37393951	0.9868987	0.13430491578357548	0.0145714	6e-05
-0.1049	1.0925	-0.3843	0.0010821041362364843	-0.0008656833089891874	-0.0011501719770642632	0.98702687	54.66650391	0.95811152	0.19029522973054855	0.0147293	9e-05
-0.1058	1.0795	-0.3641	0.0009704030641088471	-0.0008429940287132613	-0.0011257373675363424	0.93864894	51.98709106	0.92099401	0.042041248096574335	0.0142729	8e-05
-0.0948	1.2047	-0.3203	0.0008709192967451704	-0.0008709192967451704	-0.0010332349171806431	0.99813467	55.28171158	0.96451846	0.19099557428756447	0.0147169	9e-05
-0.1042	1.1302	-0.3916	0.0009616764178488756	-0.0008883725892651138	-0.0011274826967883368	1.00705135	55.77555847	0.97344131	0.16532290966156715	0.0145527	9e-05
-0.1104	1.0851	-0.3815	0.0009773843811168245	-0.0008325220532012951	-0.001158898623324235	0.94308954	52.23303604	0.92660176	0.06654872129338342	0.0138751	8e-05
-0.096	1.2065	-0.3195	0.000890117918517108	-0.0009372418083209549	-0.0009861110273767962	0.99826819	55.28910446	0.96447328	0.21603869068334072	0.014581	6e-05
-0.0912	1.2587	-0.363	0.0010053096491487337	-0.0009040805525330626	-0.0008429940287132613	1.05685282	58.53381729	1.00697043	0.11507349925415264	0.0161956	0.00023
-0.094	1.2964	-0.4079	0.0014049900478554352	-0.0006667157742618339	-0.0008779006137531476	1.25142586	69.31024933	1.15601773	0.11899758810089088	0.0268873	0.00313
-0.098	1.1753	-0.4744	0.002750638901143063	-0.0003647738136668148	-0.001181587903600161	1.42209637	78.76284027	1.2991807	0.28916390518648294	0.023698	0.00248
-0.1116	1.1946	-0.3994	0.00210835773640915	-0.0003193952531149623	-0.001186823891356144	1.16176438	64.34434509	1.10034803	0.14254478565208753	0.017106	0.00024
-0.0978	1.3198	-0.4086	0.0012217304763960308	-0.0004380776422505767	-0.0010140362954087054	1.20435441	66.70319366	1.12900306	0.20710486225480865	0.0223977	0.00111
-0.1123	1.1356	-0.3968	0.0012863076587198209	-0.0003874630939427412	-0.0012199851471440364	1.17616832	65.1421051	1.09054644	0.226557029118348	0.0152082	0.00014
-0.0886	1.3276	-0.3355	0.0009808750396208131	-0.0005218534463463045	-0.0009651670763528643	1.15014923	63.70104218	1.08438012	0.311732052114687	0.0197003	0.00046
-0.093	1.2836	-0.3872	0.0008569566627292158	-0.0006126105674500097	-0.0010890854532444615	1.08581626	60.13795853	1.03970491	0.11702969374434478	0.0208415	0.00059
-0.0964	1.214	-0.3641	0.0007888888219014368	-0.00062482787221397	-0.0011449359893082802	0.98946202	54.80137634	0.95939065	0.10290678408277802	0.0197548	0.00042
-0.0881	1.34	-0.2973	0.0006056292504420323	-0.0007871434926494425	-0.0010210176124166828	1.04222441	57.72362137	0.99595978	0.22457467843932377	0.0217234	0.00063
-0.0857	1.27	-0.3499	0.0005096361415823442	-0.0009302604913129776	-0.0010471975511965976	1.07163477	59.35251236	1.02737483	0.13826450231515697	0.0208119	0.00058
-0.0943	1.17	-0.3614	0.0005619960191421741	-0.0008464846872172499	-0.0010768681484805013	1.00187063	55.48862839	0.96609091	0.12839031394697314	0.0163739	0.00017
-0.0932	1.2215	-0.3327	0.000593411945678072	-0.000900589894029074	-0.0010210176124166828	0.97469997	53.98377991	0.94863823	0.08836858347057712	0.0158024	0.00015
-0.0855	1.2887	-0.3355	0.0007871434926494425	-0.0009564404300928925	-0.0009983283321407565	1.01771963	56.36642075	0.98966687	0.09131356816555569	0.0167665	0.00018
-0.0966	1.1829	-0.3905	0.0008098327729253688	-0.0008779006137531476	-0.0011414453308042916	0.99652046	55.19230652	0.96886281	0.1841173047639602	0.0160988	0.00012
-0.0992	1.1524	-0.3692	0.0006178465552059926	-0.0008342673824532895	-0.0010803588069844899	0.94129521	52.13365555	0.92472986	0.0692352986419518	0.0144791	7e-05
-0.0858	1.2736	-0.3071	0.0006806784082777885	-0.0009651670763528643	-0.0009372418083209549	1.01222718	56.06222534	0.97277565	0.21354242728174525	0.0164152	0.00011
-0.0949	1.2029	-0.3893	0.0008063421144213803	-0.0009494591130849152	-0.0010402162341886204	1.03148019	57.1285553	0.99485971	0.1742173047639603	0.0164673	0.0001
-0.0867	1.2498	-0.3583	0.0006038839211900379	-0.0009791297103688187	-0.0009180431865490173	1.03210926	57.16339111	0.99313507	0.10381509190774237	0.0162999	0.00016
-0.0581	1.3587	-0.6511	0.00124965574442794	-0.0014974924982111347	-0.00041189770347066176	1.60499728	88.89280701	1.5328821	0.5138140047079287	0.035837	0.01681
-0.0115	1.2281	-1.216	-0.00597426202957659	-0.0013473941825396225	0.00048345620280242926	2.99236679	165.7322998	3.18940859	1.1555684997974567	0.0804205	0.11994
-0.0594	1.4188	-1.2838	-0.03843738611667112	-0.0014940018397071458	-0.0010053096491487337	3.46909428	192.13586426	3.72137064	2.011324879810661	0.0848511	0.12457
-0.1457	1.3981	-1.0831	-0.02413964888433357	-0.0013404128655316449	-0.0022741640153486112	2.40429544	133.16195679	2.5932833	1.0937090286356468	0.0506498	0.04604
-0.1642	1.4026	-0.9692	-0.022048744440444367	-0.0013404128655316449	-0.0026930430358272505	1.22785473	68.00476074	1.22672286	0.2623891732183924	0.0402821	0.02588
-0.1849	1.3793	-0.9154	-0.020448277516365562	-0.0017313666179783749	-0.003068288825006031	1.06960988	59.24036789	1.08811522	0.21613332328521584	0.0368735	0.01917
-0.1867	1.2995	-0.9117	-0.020516345357193343	-0.0018448130193580064	-0.003298672286269283	0.98277766	54.43115997	0.97884416	0.10589488517353308	0.0358715	0.01913
-0.1863	1.2697	-0.9075	-0.020177751482306442	-0.001710422666954443	-0.003497639820996636	0.94583702	52.38520432	0.95222999	0.06799758810089089	0.0355342	0.0185
-0.1772	1.3654	-0.8453	-0.019388862660405008	-0.002015855286053451	-0.0034697145529647274	1.0059613	55.71519089	1.01314301	0.22311233545161732	0.0343897	0.01745
-0.1832	1.3322	-0.894	-0.018949039688902436	-0.0019442967867216831	-0.0037140606482439333	1.01428449	56.17617035	1.01072279	0.12568637830567717	0.0346161	0.01684
-0.1839	1.2549	-0.9008	-0.01876927077594702	-0.0020350539078253884	-0.003750712562535814	0.9610846	53.22969055	0.96287117	0.10015889741755032	0.0342096	0.01643
-0.1844	1.2369	-0.8741	-0.018577284558227644	-0.0020525072003453313	-0.003790855135331684	0.94893306	52.55667877	0.95304763	0.057679104151759246	0.0337178	0.01622
-0.1791	1.3674	-0.8282	-0.01845511151058804	-0.0023020892833805202	-0.003637266161156183	0.97824073	54.17988205	0.97875694	0.20796720524251447	0.0326582	0.01542
-0.187	1.3079	-0.8854	-0.018650588386811405	-0.0022322761133007477	-0.003820525732615587	0.98665863	54.64611053	0.99716622	0.14702748088812684	0.03284	0.01556
-0.1834	1.2429	-0.8836	-0.01864011641129944	-0.0022043508452688383	-0.0038013271108436495	0.96091211	53.22013855	0.96159732	0.07327979326579062	0.0340613	0.01581
-0.1794	1.3557	-0.8398	-0.0187448361664191	-0.002438224965036078	-0.0036512287951721376	0.97955745	54.25281143	0.97755342	0.18503460952792072	0.0334926	0.01611
-0.1807	1.3592	-0.8904	-0.018837338616774797	-0.0025254914276357948	-0.0037088246604879502	0.99649918	55.19112778	1.00477098	0.06726823891356125	0.0337899	0.0165
-0.1832	1.2632	-0.9018	-0.018952530347406425	-0.002541199390903744	-0.0038135444156076103	0.96679944	53.54620743	0.97078149	0.12168097245096182	0.0345885	0.01713
-0.1846	1.2676	-0.8655	-0.018879226518822664	-0.0026040312439755396	-0.003715805977495928	0.94541919	52.36206055	0.95799087	0.05379370598836189	0.0346401	0.01744
-0.1638	1.4009	-0.8229	-0.019025834175990186	-0.002930407814098479	-0.003420845333908886	1.00488305	55.6554718	1.00192342	0.2350972435438752	0.0341279	0.0168
-0.1799	1.3051	-0.887	-0.01912182728484987	-0.002829178717482808	-0.0037000980142279784	0.99331647	55.01485443	0.99645535	0.19982374428972252	0.0351266	0.0177
-0.1866	1.2484	-0.889	-0.018980455615438332	-0.0027279496208671367	-0.0037629298672997745	0.94151556	52.14585876	0.95017027	0.08067163095495022	0.0345754	0.01762
-0.1795	1.3259	-0.8372	-0.018992672920202295	-0.0028658306317746896	-0.003586651612848347	0.97363144	53.92459869	0.9757414	0.1527188285061472	0.034784	0.01733
-0.1765	1.3816	-0.8563	-0.019071212736542036	-0.002935643801854462	-0.0036302848441482054	1.00568664	55.69997787	1.00990318	0.08739931088596836	0.0345761	0.01732
-0.1849	1.287	-0.9008	-0.01918116847941768	-0.002855358656262723	-0.0037803831598197174	0.96325207	53.34973526	0.97274926	0.16451696020694492	0.0354225	0.01807
-0.1885	1.2607	-0.8829	-0.018989182261698306	-0.0027977627909469105	-0.003715805977495928	0.94780499	52.49419785	0.95675387	0.06350796326794889	0.0349134	0.01741
-0.1787	1.3831	-0.8242	-0.018933331725634488	-0.0029740410453983376	-0.0036250488563922224	0.97980052	54.2662735	0.98294043	0.2070442955809476	0.0340646	0.01648
-0.1835	1.3434	-0.8786	-0.01909564734606996	-0.0029722957161463434	-0.0036634460999360975	0.98847073	54.74647141	0.99120773	0.1090229096615672	0.0346677	0.01715
-0.1933	1.2827	-0.8804	-0.01901536220047822	-0.002893755899806598	-0.003787364476827695	0.93678212	51.88369751	0.94985211	0.08643716694115418	0.0348151	0.01767
-0.1908	1.3017	-0.8507	-0.019029324834494175	-0.0029880036794142917	-0.0037192966359999168	0.95086855	52.66387558	0.95370104	0.06001391272257152	0.0351298	0.01763
-0.1807	1.4254	-0.8115	-0.019130553931109847	-0.0032079151651655774	-0.003532546406036523	0.98772758	54.70531464	0.98007982	0.19839454061651748	0.0342442	0.01709
-0.1846	1.3483	-0.8412	-0.019360937392373097	-0.003145083312093782	-0.0035831609543443585	0.96819943	53.62374496	0.96542866	0.12789149313214393	0.0353897	0.01739
-0.1869	1.3156	-0.8249	-0.01947612912300472	-0.00312413936106985	-0.0036651914291880917	0.93922472	52.01898193	0.9416462	0.06220830782496432	0.0349886	0.01735
-0.1927	1.3153	-0.8192	-0.019444713196468826	-0.0031031954100459182	-0.0036128315516282617	0.93006927	51.51190567	0.93587414	0.01703598775598286	0.0355046	0.01759
-0.1823	1.433	-0.797	-0.019346974758357144	-0.0032847096522533284	-0.003378957431861022	0.95886856	53.10695648	0.96109608	0.17595634000431676	0.0346562	0.01735
-0.188	1.3643	-0.8374	-0.019352210746113124	-0.003139847324337799	-0.0035883969421003415	0.97142398	53.80233765	0.97022239	0.13277689129554146	0.0352809	0.01784
-0.1892	1.3072	-0.817	-0.019413297269932926	-0.0031799898971336684	-0.003649483465920143	0.94623977	52.40750885	0.95059329	0.08681578102177387	0.0355049	0.0179
-0.1935	1.314	-0.7872	-0.019634954084936207	-0.003134611336581816	-0.0036721727461960694	0.94627398	52.40940475	0.95255289	0.055386232791553046	0.0361851	0.01827
-0.1865	1.4308	-0.7714	-0.01960877414615629	-0.0033772121026090277	-0.003530801076784529	0.97025156	53.73740387	0.96923275	0.16010761871093343	0.0347337	0.01728
-0.1881	1.3536	-0.8192	-0.019493582415524666	-0.0032777283352453507	-0.0035831609543443585	0.95952255	53.14317703	0.95967945	0.1399517687777568	0.0349188	0.01793
-0.1901	1.2928	-0.8177	-0.019284142905285347	-0.0032637657012293962	-0.0036896260387160127	0.93254864	51.64922714	0.94334239	0.08079336143134638	0.0351858	0.01776
-0.1838	1.3503	-0.7832	-0.019366173380129078	-0.003321361566545209	-0.003593632929856324	0.96551973	53.47533035	0.96579145	0.11008097245096166	0.0353841	0.01763
-0.1731	1.4453	-0.7702	-0.019565140914856432	-0.0034330626386728466	-0.0033894294073729884	1.00220168	55.50695801	0.99664917	0.14444360646691634	0.0345228	0.01709
-0.1848	1.3478	-0.8064	-0.019598302170644327	-0.003342305517569141	-0.003602359576116296	0.95706767	53.00721359	0.95942429	0.16224242728174532	0.0348917	0.01788
-0.1847	1.305	-0.8087	-0.019472638464500733	-0.0032899456400093115	-0.003611086222376268	0.93061149	51.54193878	0.93936844	0.054537511498169856	0.0352744	0.0175
-0.1879	1.3751	-0.7754	-0.019306832185561274	-0.0034103733583969193	-0.0035395277230445004	0.96485639	53.438591	0.97100466	0.1244896248329418	0.0347648	0.01739
-0.1826	1.4228	-0.7911	-0.01920036710118962	-0.003565707661824415	-0.0033615041393410786	0.99722028	55.23106766	0.99677515	0.09069114857512876	0.0345166	0.017
-0.1937	1.3239	-0.8114	-0.019390607989657003	-0.0034243359924128747	-0.003488913174736664	0.96961272	53.70202255	0.96366665	0.15325107966372548	0.0356096	0.01781
-0.1944	1.3489	-0.7971	-0.019249236320245458	-0.0035465090400524776	-0.003419100004656891	0.96478021	53.43437195	0.96456154	0.05666789435654591	0.0356358	0.01812
-0.1866	1.4511	-0.7849	-0.019004890224966254	-0.003577924966588375	-0.00324107642095347	0.99264681	54.97776413	0.98887344	0.14488928027592624	0.0347888	0.01686
-0.1916	1.3527	-0.8305	-0.019210839076701586	-0.003569198320328404	-0.003321361566545209	0.98059303	54.31016541	0.97801815	0.16374803217935216	0.0356957	0.01824
-0.1942	1.2999	-0.8242	-0.01919338578418164	-0.0035831609543443585	-0.0034243359924128747	0.948403	52.52732086	0.95083578	0.06841951762017828	0.036319	0.01908
-0.1813	1.413	-0.762	-0.01945518517198079	-0.003841469683639519	-0.0031799898971336684	0.99337411	55.01804733	0.98519394	0.2264227106186759	0.0358611	0.01896
-0.1883	1.4028	-0.8185	-0.0192684349420174	-0.0036459928074161546	-0.003193952531149623	1.0051018	55.66758728	1.00324455	0.09350948701013553	0.0360777	0.01941
-0.1957	1.322	-0.8434	-0.019278906917529363	-0.0036704274169440743	-0.003387684078120994	0.96389717	53.38546371	0.96843695	0.12453190660056276	0.036963	0.01964
-0.1971	1.3188	-0.8261	-0.019362682721625092	-0.003626794185644217	-0.003387684078120994	0.96137571	53.24581528	0.96047309	0.028270451769779468	0.0368678	0.02002
-0.1843	1.4506	-0.7779	-0.01940282529442096	-0.003830997708127553	-0.003106686068549906	1.00599384	55.71699142	0.99207388	0.21906720524251433	0.0359145	0.01888
-0.1928	1.3699	-0.8399	-0.019320794819577228	-0.0037315139407638766	-0.003303908274025266	0.99606502	55.16708374	0.9872344	0.17013682238413827	0.0364359	0.01928
-0.1997	1.315	-0.8343	-0.01934872008760914	-0.0037140606482439333	-0.003426081321664869	0.95364273	52.81752396	0.9540269	0.07577758040957273	0.036141	0.01896
-0.1958	1.375	-0.7982	-0.01941504259918492	-0.003834488366631542	-0.003267256359733385	0.96740669	53.57984161	0.96711864	0.1172787595947438	0.0363085	0.01908
-0.1953	1.4387	-0.8065	-0.019362682721625092	-0.0038222710618675813	-0.003085742117525975	0.98627806	54.62503052	0.98758614	0.08480457122656003	0.0359266	0.01819
-0.1962	1.3544	-0.8421	-0.019411551940680935	-0.0037699111843077517	-0.0032794736644973454	0.96588337	53.49547195	0.96497055	0.13554803217935218	0.0361825	0.01923
-0.1931	1.3387	-0.8225	-0.019360937392373097	-0.0038536869884034796	-0.00318871654339364	0.95601362	52.94883347	0.96032512	0.04965737367536356	0.0363943	0.01902
-0.1838	1.4757	-0.7757	-0.01931730416107324	-0.004017747938090946	-0.0029373891311064567	0.99525678	55.12231827	0.98747046	0.21605107966372547	0.0353137	0.01811
-0.1924	1.4081	-0.8394	-0.019320794819577228	-0.0037629298672997745	-0.0030560715202420713	0.98979527	54.81983185	0.99134772	0.158749555921539	0.0359864	0.01859
-0.2046	1.3421	-0.856	-0.01921258440595358	-0.0037192966359999168	-0.0033056536032772606	0.95401394	52.83808136	0.95940705	0.11487128639793448	0.0363683	0.01916
-0.1855	1.4665	-0.784	-0.01922654703996953	-0.003996803987067014	-0.0030368728984701333	1.0032202	55.56337357	1.00004484	0.24351253449450852	0.0358809	0.01864
-0.1883	1.4339	-0.839	-0.019148007223629786	-0.0038449603421435077	-0.0031031954100459182	0.99468315	55.09054565	0.99912758	0.10523529864195172	0.0359353	0.01807
-0.1894	1.3446	-0.8486	-0.01918116847941768	-0.0036669367584400863	-0.0031799898971336684	0.9734723	53.91578293	0.9689064	0.11439896632895331	0.0365054	0.01883
-0.1783	1.4439	-0.7866	-0.019106119321581926	-0.003902556207459321	-0.0029234264970905022	0.99372697	55.03759003	0.99268775	0.20076160034490784	0.0357429	0.01872
-0.1752	1.4488	-0.8289	-0.01906423141953406	-0.0038851029149393774	-0.002883283924294633	0.99834102	55.29314041	1.00066942	0.05527418836818399	0.0356492	0.01806
-0.1828	1.3515	-0.8459	-0.019238764344733497	-0.003701843343479973	-0.003106686068549906	0.96038496	53.19094086	0.96458742	0.15095973204570584	0.0359758	0.01855
-0.1862	1.4224	-0.7988	-0.019252726978749447	-0.0038187804033635933	-0.003029891581462156	0.98313206	54.45079041	0.98188765	0.13178470904936626	0.0363435	0.01921
-0.1814	1.4893	-0.8017	-0.01930857751481327	-0.0038851029149393774	-0.0029530970943744054	1.00508583	55.66670227	1.00542129	0.08454837673636778	0.0360274	0.01839
-0.1849	1.3935	-0.8418	-0.019573867561116405	-0.0037768925013157294	-0.0030595621787460597	0.97723323	54.12408447	0.98000953	0.16339827721492203	0.0363924	0.01921
-0.1872	1.3817	-0.8184	-0.019528489000564555	-0.003792600464583678	-0.003078760800517997	0.95287818	52.775177	0.95509956	0.04151425727958682	0.036699	0.01969
-0.1751	1.5089	-0.7794	-0.01921258440595358	-0.0040229839258469294	-0.0028152160834668534	1.00934517	55.90260696	0.99597372	0.2187916386462685	0.0362688	0.01846
-0.1749	1.5026	-0.8621	-0.018847810592286764	-0.0036948620264719957	-0.002713986986851182	1.05966413	58.68951797	1.04127409	0.12890624048287103	0.0378267	0.01949
-0.1659	1.493	-0.9409	-0.017364280728091583	-0.003300417615521277	-0.0023771384412162766	1.24347007	68.86961365	1.19920079	0.2081411410390401	0.0423674	0.02306
-0.1601	1.3582	-0.9955	-0.01672898088036565	-0.003145083312093782	-0.002450442269800039	1.33839583	74.12708282	1.24848996	0.23839689898685967	0.034088	0.01495
-0.1634	1.4477	-0.9044	-0.015847589608108514	-0.00334579617607313	-0.002530727415391778	1.11979616	62.01993179	1.12025257	0.2420194640914111	0.0326678	0.01534
-0.1573	1.4539	-0.9081	-0.016173966178231452	-0.003420845333908886	-0.002466150233067988	1.0409801	57.65470505	1.04389814	0.03930014551412422	0.0324615	0.0151
-0.1635	1.3408	-0.9112	-0.016509069394614363	-0.0033824480903650108	-0.002562143341927676	0.96316355	53.34483337	0.96421094	0.14587467843932372	0.0324254	0.01456
-0.1639	1.3258	-0.8884	-0.016620770466742003	-0.0034749505407207105	-0.0024678955623199817	0.93882209	51.99668121	0.94058706	0.0531225651045516	0.0319007	0.0148
-0.1542	1.4492	-0.8346	-0.016465436163314504	-0.0036634460999360975	-0.0022008601867648495	0.97221512	53.84615326	0.97589179	0.2174432619099008	0.031467	0.01455
-0.153	1.4045	-0.8762	-0.016528268016386297	-0.0036285395148962112	-0.0022444934180647076	0.98339772	54.46550369	0.98639869	0.0945685834705768	0.0321662	0.0149
-0.1606	1.3299	-0.8779	-0.016847663269501264	-0.0035796702958403696	-0.0024015730507441976	0.93934053	52.02539444	0.9476606	0.11016720524251494	0.032838	0.01522
-0.1632	1.3672	-0.8297	-0.017071065413756536	-0.003556981015564444	-0.0024609142453120045	0.95498657	52.89195251	0.9621774	0.10337163095495012	0.0329534	0.01574
-0.1501	1.4829	-0.8013	-0.01695412835387292	-0.003787364476827695	-0.002333505209916419	0.9881286	54.7275238	0.98469998	0.18093647782712277	0.0320832	0.01487
-0.1568	1.3948	-0.8315	-0.01710771732804842	-0.003563962332572421	-0.002457423586808016	0.95324111	52.79528046	0.95496581	0.15004547476611862	0.0328407	0.01526
-0.168	1.343	-0.8056	-0.017228145046436025	-0.003556981015564444	-0.002686061718819273	0.92921776	51.46474457	0.94155307	0.1067023583703421	0.0332484	0.01555
-0.1695	1.3743	-0.804	-0.017065829426000555	-0.003576179637336381	-0.0025726153174396417	0.93570602	51.82409668	0.94560691	0.04914803217935195	0.0328593	0.01545
-0.1536	1.4798	-0.7902	-0.016851153928005253	-0.003820525732615587	-0.0024242623310201236	0.97961414	54.25595093	0.98003181	0.16556872898470135	0.0318815	0.01487
-0.1619	1.3801	-0.8245	-0.017027432182456677	-0.003682644721708035	-0.002515019452123829	0.95345271	52.80699921	0.96240979	0.16254581932313397	0.0322157	0.01516
-0.1653	1.3481	-0.8246	-0.017053612121236593	-0.0036285395148962112	-0.002647664475275398	0.92848879	51.42436981	0.9347165	0.04614650843716547	0.0323422	0.01513
-0.1579	1.4684	-0.7834	-0.016873843208281177	-0.003858922976159462	-0.0024050637092481865	0.96797079	53.61108398	0.96689817	0.2015376570122938	0.0319715	0.01505
-0.1574	1.4426	-0.8303	-0.017009978889936737	-0.0037943457938356727	-0.0024591689160600103	0.98147637	54.3590889	0.98618565	0.08594090353955859	0.0318677	0.01452
-0.1656	1.364	-0.8488	-0.016952383024620925	-0.0036512287951721376	-0.0026127578902355115	0.95563394	52.92780685	0.95591504	0.12301509190774237	0.0325985	0.01491
-0.1651	1.409	-0.8215	-0.016924457756589014	-0.0037734018428117405	-0.00249931148885588	0.95405912	52.8405838	0.95795969	0.08597723585255719	0.032365	0.01497
-0.157	1.4913	-0.8175	-0.01684940859875326	-0.0038606683054114572	-0.002398082392240209	0.96622211	53.51423264	0.9740539	0.1075772358525572	0.0317919	0.01415
