trans_x	trans_y	trans_z	rot_x	rot_y	rot_z	dvars_std	dvars_nstd	dvars_vstd	framewise_displacement	aqi	aor
0.0	-0.0	0.0	-0.0	0.0	-0.0	n/a	n/a	n/a	n/a	0.0252082	0.00168
0.0103	-0.1268	0.0302	-0.0005096361415823442	-0.00014486232791552936	8.028514559173915e-05	1.32133651	76.44512939	1.25261529	0.20403918075448063	0.0272529	0.00262
0.0031	-0.03	-0.0199	-7.155849933176751e-05	-3.490658503988659e-05	-2.6179938779914945e-05	1.32087159	76.41822815	1.24879958	0.18682492347489368	0.0246151	0.00134
0.0006	0.0268	-0.009	0.00028274333882308137	8.901179185171081e-05	-2.96705972839036e-05	1.23301351	71.33525085	1.21659624	0.09428554367752176	0.0267019	0.00257
0.0088	-0.0246	0.0313	-0.000153588974175501	-1.2217304763960308e-05	0.00011519173063162575	1.18040991	68.29190063	1.0583242	0.13402118687648915	0.0280409	0.00274
0.0107	-0.083	0.0262	-0.0003438298626428829	-9.773843811168246e-05	8.028514559173915e-05	1.16040289	67.13440704	1.08143447	0.08093343034274954	0.0279099	0.0027
0.0063	0.023	-0.0033	0.00015009831567151235	2.4434609527920616e-05	4.0142572795869576e-05	1.1306932	65.41557312	1.04832315	0.17271218993749343	0.027196	0.00273
-0.0003	0.0622	0.0032	0.00017976891295541595	3.316125578789226e-05	3.665191429188092e-05	1.07527506	62.20939255	1.01696996	0.0543943951023932	0.027977	0.00279
0.0119	-0.0412	0.0456	-0.00018500490071139895	-5.235987755982988e-06	0.00014311699866353502	1.09724331	63.48034668	1.03686274	0.1834818070791172	0.0275003	0.00245
0.0008	-0.0194	-0.0075	9.250245035569947e-05	-1.9198621771937625e-05	3.490658503988659e-05	1.32324338	76.55545044	1.26028814	0.10598401993533504	0.0246923	0.00124
-0.0128	0.0695	-0.0121	0.00019896753472735358	-2.96705972839036e-05	-7.504915783575618e-05	1.09291196	63.22976303	1.03612504	0.11844464013796314	0.0251958	0.00127
-0.0097	0.0612	0.0151	-0.00010297442586766544	-9.773843811168246e-05	5.235987755982988e-06	1.28919744	74.58573914	1.22920174	0.061114747350726875	0.0271373	0.00247
0.0019	-0.0483	0.0327	-0.0007068583470577034	-0.00028623399732707005	2.792526803190927e-05	1.17051756	67.71958923	1.15747949	0.1794534380340676	0.0260869	0.00171
-0.0003	0.0479	-0.0079	-0.000312413936106985	-0.00015707963267948963	5.061454830783555e-05	1.27576494	73.80860901	1.1557739	0.1663144027937113	0.0233203	0.00075
-0.0074	0.0927	0.0045	-0.00039793506945470715	-0.000158824961931484	-1.0471975511965975e-05	1.05868936	61.24983597	1.01351568	0.07171764932097592	0.0233744	0.0007
-0.0085	0.0037	0.0438	-0.0006702064327658224	-0.0003298672286269283	-0.00010471975511965978	1.29053462	74.6631012	1.23675394	0.15627807048071268	0.0263543	0.00218
-0.0318	-0.0117	0.0157	-0.0008621926504851988	-0.00042411500823462205	-0.0001937315469713706	1.33242011	77.08636475	1.26708658	0.08556228945893905	0.02263	0.0006
-0.0413	0.0922	0.0026	-0.0006300638599699529	-0.0004886921905584122	-0.0003106686068549907	1.10231268	63.77363205	1.03446444	0.1471821516361328	0.0230188	0.00064
-0.0423	0.1128	0.0143	-0.0006126105674500097	-0.0004974188368183839	-0.0003298672286269283	1.08528841	62.78870392	1.03172257	0.03556892802759261	0.0237447	0.00079
-0.0236	-0.004	0.0579	-0.0010733774899765126	-0.0005183627878423159	-0.00015707963267948963	1.25460196	72.58423615	1.17477051	0.21182492347489365	0.025342	0.00183
-0.021	0.0213	0.0094	-0.0007068583470577034	-0.00040666171571467877	-0.0001291543646475804	1.30709457	75.62117004	1.20782035	0.10170727415391775	0.0232338	0.00059
-0.0282	0.0859	0.0142	-0.000450294947014537	-0.000322885911618951	-0.00019024088846738194	1.14321208	66.1398468	1.05661953	0.0966712863979348	0.0245732	0.00105
-0.026	0.0887	0.0274	-0.0004328416544945937	-0.000322885911618951	-0.0001361356816555577	1.19296336	69.01817322	1.15386977	0.02177792496658837	0.0262548	0.00215
-0.0151	-0.0402	0.076	-0.000895353906273091	-0.0003665191429188092	-3.316125578789226e-05	1.13002253	65.37677002	1.07595402	0.21885599544730108	0.0262872	0.00215
-0.0257	0.0134	0.0098	-0.0005619960191421741	-0.0002548180707911721	-0.000148352986419518	1.32616043	76.72421265	1.26457943	0.158412534494509	0.0239258	0.00057
-0.0248	0.0757	0.009	-0.00042760566673861073	-0.0002181661564992912	-0.00012042771838760874	1.08584917	62.82115173	1.02373461	0.07394837673636766	0.024097	0.00073
-0.0258	0.0738	0.0229	-0.0005323254218582705	-0.0002583087292951608	-0.0001675516081914556	1.20771468	69.87160492	1.10666851	0.02639931088596881	0.0258045	0.00175
-0.0138	-0.0472	0.0883	-0.0013369222070276565	-0.00042411500823462205	1.3962634015954635e-05	1.19066715	68.8853302	1.16623117	0.25599586531581286	0.0257099	0.00205
-0.0239	0.0022	0.0251	-0.0010943214410004448	-0.0004363323129985824	-0.00011519173063162575	1.32507229	76.66125488	1.26264299	0.14189862177193763	0.0233774	0.00054
-0.0327	0.071	-0.0015	-0.0007853981633974483	-0.0004991641660703782	-0.00022689280275926284	1.09919882	63.59348297	1.02451666	0.12837281014012147	0.0221658	0.00058
-0.0391	0.0711	0.0115	-0.000731292956585624	-0.0005462880558742252	-0.000312413936106985	1.07050359	61.93333817	1.01759366	0.028837511498169675	0.0230703	0.00065
-0.025	-0.048	0.0622	-0.0010122909661567112	-0.0005235987755982988	-0.00019896753472735358	1.30443168	75.46710968	1.24133554	0.20475668456133225	0.0251288	0.00184
-0.0223	0.0285	0.0137	-0.0009948376736367678	-0.0005759586531581287	-0.0002844886680750757	1.30939758	75.75440979	1.24008868	0.13546671517137476	0.0224005	0.00059
-0.0296	0.0801	0.0164	-0.001001818990644745	-0.0005393067388662478	-0.00027925268031909274	1.07887447	62.41762924	1.01913957	0.06404346095279206	0.022382	0.00061
-0.0307	0.0086	0.0575	-0.0014538592669112763	-0.0006370451769779302	-0.00029845130209103034	1.23726463	71.58119965	1.11790424	0.14214886680750757	0.0241536	0.0012
-0.0312	-0.0253	0.0323	-0.001579522973054868	-0.000731292956585624	-0.000312413936106985	1.25306296	72.49520111	1.14245909	0.071293705988362	0.0220864	0.00041
-0.0439	0.0599	0.0112	-0.0013473941825396225	-0.0006667157742618339	-0.0003961897402027128	1.10695791	64.04238129	1.03368917	0.13802408884673817	0.0215667	0.00048
-0.0447	0.0666	0.0211	-0.0011903145498601325	-0.0007208209810736582	-0.0003630284844148205	1.0816747	62.57963562	1.01749433	0.02961730476396033	0.022661	0.00053
-0.0363	-0.0712	0.1015	-0.0018727382873899156	-0.0007749261878854823	-0.0002373647782712288	1.32459986	76.63392639	1.22470681	0.26970963252425995	0.0248694	0.00163
-0.0413	-0.048	0.0532	-0.0013142329267517303	-0.000577703982410123	-0.0002600540585471551	1.19455516	69.11026764	1.15364395	0.11542084231947354	0.0247986	0.00122
-0.0507	0.0312	0.0208	-0.0007347836150896127	-0.0006178465552059926	-0.00040317105721069014	1.18649507	68.64395905	1.08547018	0.1591354441560761	0.0235242	0.00077
-0.0527	-0.0161	0.0458	-0.000736528944341607	-0.0006754424205218055	-0.0002600540585471551	1.23600733	71.508461	1.15553221	0.08442290966156708	0.0262945	0.00168
-0.0544	-0.1124	0.0611	-0.0012409290981679683	-0.0008115781021773631	-0.00017976891295541595	1.19786239	69.30160522	1.12856358	0.14934104905368292	0.0241799	0.00124
-0.0667	0.0176	0.0384	-0.0009302604913129776	-0.00091106186954104	-0.000291469985083053	1.18167448	68.36506653	1.09615406	0.1910926723173152	0.0238103	0.00096
-0.0661	0.0067	0.0872	-0.0010053096491487337	-0.0008866272600131194	-0.0002600540585471551	1.22050977	70.61185455	1.20056577	0.06684498469497871	0.0250358	0.00206
-0.0454	-0.116	0.1146	-0.0012112585008840647	-0.0008988445647770796	-1.3962634015954635e-05	1.13471699	65.64836884	1.06103466	0.19401287905152456	0.0246944	0.00192
-0.0604	-0.0166	0.0525	-0.0007766715171374765	-0.0008412486994612669	-0.0002495820830351891	1.14376652	66.17192078	1.1095629	0.21289011490408172	0.0244931	0.00164
-0.0663	0.0297	0.0549	-0.0006126105674500097	-0.0008464846872172499	-0.00032637657012293966	1.12588632	65.13747406	1.09218924	0.06690457122656	0.0253599	0.00188
-0.0551	-0.07	0.1206	-0.0011938052083641214	-0.0010157816246606998	-0.00020594885173533088	1.14483845	66.23394012	1.06202015	0.2201459648372585	0.025486	0.00211
-0.0541	-0.1035	0.0899	-0.0013718287920675431	-0.001085594794740473	-0.00020420352248333657	1.18408716	68.5046463	1.11171513	0.07767910415175945	0.0241654	0.00172
-0.0713	0.0013	0.0448	-0.0009686577348568529	-0.0010175269539126942	-0.0003874630939427412	1.18856883	68.76393127	1.15741905	0.19982492347489367	0.0239403	0.00101
-0.0708	-0.0162	0.065	-0.001069886831472524	-0.0010140362954087054	-0.0003682644721708035	1.14284468	66.11859131	1.08913484	0.04439591884457988	0.0241847	0.00142
-0.0603	-0.1138	0.0973	-0.0015638150097869194	-0.0011536626355682519	-0.0003001966313430247	1.16198504	67.22594452	1.10917797	0.17548111796508603	0.0242392	0.0016
-0.072	-0.0191	0.0491	-0.0012897983172238095	-0.0011222467090323538	-0.00038571776469074686	1.21357512	70.21065521	1.16877511	0.1741476876223365	0.022539	0.00085
-0.0805	0.0207	0.0541	-0.0013159782560037243	-0.0010925761117484504	-0.000486946861306418	1.07996309	62.48061371	1.03043377	0.06115398163397448	0.0225498	0.00093
-0.0694	-0.0896	0.1185	-0.0022968532956245376	-0.0013439035240356337	-0.00035081117965086024	1.18488503	68.55081177	1.10464252	0.2542169066781777	0.0228453	0.00131
-0.0851	-0.0564	0.0531	-0.0024591689160600103	-0.0013264502315156904	-0.0005235987755982988	1.32358778	76.57537079	1.20102335	0.13192782544514267	0.0205051	0.00033
-0.0931	0.0347	0.0548	-0.002150245638457014	-0.0013072516097437528	-0.0005899212871740833	1.15902805	67.05487061	1.04817481	0.12052222054753592	0.0206291	0.0006
-0.0752	-0.0615	0.114	-0.0023352505391684127	-0.0013439035240356337	-0.00039095375244672985	1.2553581	72.62798309	1.15349832	0.19433121748653165	0.0229203	0.00122
-0.0735	-0.0946	0.0715	-0.0022497294058206906	-0.0013107422682477415	-0.00042935099599060504	1.24458134	72.00450134	1.1501337	0.08515398163397447	0.0211051	0.0006
-0.0825	0.0051	0.0488	-0.0018552849948699724	-0.001282817000215832	-0.0005148721293383271	1.13210702	65.49736786	1.05130858	0.15679454061651749	0.0206265	0.0006
-0.0792	-0.0229	0.0902	-0.0020664698343612863	-0.0013631021458075715	-0.00042935099599060504	1.20464671	69.69410706	1.1038043	0.09154955592153875	0.0227539	0.001
-0.0684	-0.1172	0.1098	-0.0025237460983838006	-0.001408480706359424	-0.00039095375244672985	1.17206132	67.80889893	1.08387264	0.15175260340591207	0.0223566	0.00105
-0.0716	-0.0129	0.0581	-0.0018971728969178364	-0.001308996938995747	-0.0003874630939427412	1.20008004	69.42990875	1.09721767	0.19567738136668153	0.0209896	0.00066
-0.0777	-0.0086	0.0817	-0.0017872171540421933	-0.0012601277199399059	-0.0004258603374866164	1.17316329	67.87265778	1.08011899	0.04386111027376798	0.0231115	0.00109
-0.0634	-0.1298	0.1264	-0.0023544491609403502	-0.0013997540600994523	-0.00028623399732707005	1.16840088	67.59712982	1.10464122	0.22252423436086247	0.0227166	0.00134
-0.0779	-0.0295	0.0633	-0.0019879300180215415	-0.0013281955607676848	-0.0004799655442984406	1.23094022	71.21530151	1.1383514	0.20949045946109732	0.0211149	0.00063
-0.0812	0.0227	0.0679	-0.0019442967867216831	-0.0013456488532876281	-0.0004433136300065597	1.10302901	63.81507874	1.02369488	0.06498692190558412	0.0216614	0.00078
-0.0709	-0.0702	0.1324	-0.0025499260371637153	-0.001467821900927231	-0.000322885911618951	1.19654727	69.22551727	1.12446341	0.2101115008234621	0.0226985	0.00133
-0.0597	-0.0986	0.108	-0.002385865087476248	-0.0013910274138394805	-0.0002548180707911721	1.12877846	65.30479431	1.08067856	0.07944616388014983	0.021951	0.00105
-0.0671	-0.0055	0.0713	-0.0015638150097869194	-0.001282817000215832	-0.00035081117965086024	1.11306024	64.39543152	1.05212897	0.18851268000863325	0.0234114	0.00102
-0.0932	-0.0095	0.1076	-0.0020298179200694054	-0.0014590952546672592	-0.0005427973973702365	1.11148155	64.30409241	1.07025297	0.10811336912266448	0.0231878	0.00133
-0.0783	-0.1261	0.1452	-0.0026965336943312393	-0.0015847589608108511	-0.0003595378259108319	1.14159954	66.04655457	1.07399553	0.21788195259324153	0.022643	0.00133
-0.0891	-0.0315	0.0871	-0.0020839231268812296	-0.0014590952546672592	-0.0005166174585903216	1.14962757	66.51100922	1.10526047	0.20826769531365455	0.0222343	0.00093
-0.094	0.0097	0.1023	-0.001839577031602023	-0.001420698011123384	-0.0005724679946541401	1.11380351	64.43843079	1.07016505	0.07822969374434499	0.0237029	0.00138
-0.08	-0.072	0.158	-0.0020263272615654165	-0.0015550883635269475	-0.00045553093477052	1.12768555	65.24156952	1.12561331	0.1733038821125288	0.0241162	0.00183
-0.0813	-0.1128	0.1005	-0.0013020156219877698	-0.001553343034274953	-0.0005323254218582705	1.13667238	65.7614975	1.08679398	0.13974257279586955	0.0240639	0.00172
-0.0957	-0.0223	0.0852	-0.0011850785621041497	-0.0015481070465189703	-0.0006544984694978735	1.11237466	64.3557663	1.08201529	0.13241730476396027	0.023836	0.00153
-0.0888	-0.1199	0.1376	-0.001811651763570114	-0.0016301375213627037	-0.0005672320068981572	1.12568903	65.12606049	1.1047795	0.1966935069454707	0.0249692	0.00181
-0.0864	-0.1294	0.0953	-0.0016824973989225337	-0.0015969762655748114	-0.0005305800926062762	1.19720757	69.26372528	1.17777127	0.06414837673636767	0.023771	0.00126
-0.0957	-0.0687	0.0605	-0.0018308503853420514	-0.001556833692778942	-0.0007243116395776468	1.3580364	78.56837463	1.19915592	0.12391135530933786	0.0227509	0.00107
-0.086	-0.2575	0.1247	-0.004214970143566306	-0.0016842427281745281	-0.0007557275661135446	1.38986075	80.40955353	1.22533041	0.389847236007787	0.0252408	0.0024
-0.0656	-0.2109	0.0137	-0.004167846253762459	-0.0017296212887263805	-0.00035430183815484887	1.59364712	92.19949341	1.33214983	0.20269640891571972	0.0275326	0.0045
-0.0714	-0.1845	-0.0171	-0.002637192499763432	-0.0014905111812031574	-0.0005288347633542819	1.37701356	79.66629028	1.1837073	0.16021483933608419	0.0222136	0.00096
-0.0867	-0.143	0.0428	-0.0033265975543011915	-0.0014887658519511632	-0.0008203047484373349	1.24957883	72.29363251	1.1253485	0.16583101844364034	0.0218763	0.00109
-0.0911	-0.0857	0.0683	-0.0035482543693044722	-0.0016249015336067207	-0.0007225663103256524	1.23145688	71.24519348	1.10198809	0.10997654673852603	0.0198727	0.00054
-0.0746	-0.2006	0.0894	-0.0033562681515850955	-0.0016283921921107093	-0.0005550147021341969	1.19394159	69.07476807	1.0735615	0.17065142422074106	0.0199698	0.00052
-0.064	-0.1601	0.0392	-0.0020280725908174107	-0.001361356816555577	-0.00038048177693476387	1.17112541	67.75475311	1.05995464	0.18978819307611247	0.0209795	0.00043
-0.0732	-0.1068	0.0494	-0.0016510814723866359	-0.0013404128655316449	-0.0005061454830783556	1.12054121	64.82823944	1.04877408	0.09887993877991491	0.0223365	0.00076
-0.0653	-0.189	0.098	-0.0018186330805780916	-0.0012636183784438947	-0.0004328416544945937	1.22326505	70.77126312	1.12267648	0.15458249619314837	0.0244345	0.00143
-0.0625	-0.1974	0.0608	-0.001912880860185785	-0.0013281955607676848	-0.0004415683007545654	1.24877882	72.24734497	1.1462098	0.05677758040957275	0.0224669	0.00062
-0.0718	-0.1041	0.0546	-0.0016388641676226754	-0.0013962634015954637	-0.0005480333851262194	1.11202657	64.33562469	1.03387364	0.1312274808881271	0.0233681	0.00064
-0.0761	-0.0935	0.0604	-0.0014782938764391971	-0.0014014993893514465	-0.0005585053606381855	1.10474968	63.91462326	1.03487156	0.029513912722571346	0.024558	0.00102
-0.0723	-0.2064	0.1212	-0.0022113321622768156	-0.001567305668290908	-0.0004677482395344803	1.1774199	68.11891937	1.11207661	0.22698008429403924	0.0241799	0.00135
-0.0799	-0.182	0.0576	-0.0021013764194011725	-0.0016301375213627037	-0.000582939970166106	1.24547124	72.0559845	1.14972193	0.10999896632895322	0.0212861	0.0005
-0.0839	-0.0978	0.0458	-0.0018884462506578647	-0.001673770752662562	-0.0006335545184739417	1.09838271	63.54627228	1.01945431	0.11535889741755008	0.0215338	0.00045
-0.0849	-0.1019	0.0668	-0.001858775653373961	-0.0016301375213627037	-0.0006422811647339132	1.12480414	65.07486725	1.02946831	0.030201523742186685	0.0223461	0.00067
-0.0719	-0.198	0.0921	-0.0022916173078685546	-0.001689478715930511	-0.0005689773361501514	1.14618933	66.31209564	1.06068536	0.16267433388230815	0.0222936	0.00079
-0.0764	-0.1199	0.0476	-0.0016283921921107093	-0.001579522973054868	-0.0005393067388662478	1.18065262	68.30594635	1.06089413	0.16724257279586954	0.0215514	0.00047
-0.0841	-0.0773	0.0603	-0.0017470745812463236	-0.0016441001553786586	-0.0006230825429619757	1.09993279	63.63594818	1.01430437	0.07635176877775662	0.0215598	0.0006
-0.0799	-0.1301	0.0944	-0.0018936822384138475	-0.0016231562043547262	-0.0005654866776461627	1.15237153	66.66976166	1.08117752	0.10235737367536343	0.0234728	0.00109
-0.0635	-0.222	0.0992	-0.0021327923459370708	-0.0016545721308906245	-0.00039095375244672985	1.13456166	65.63938141	1.05639601	0.1353529479629277	0.0221328	0.00097
-0.0781	-0.12	0.0504	-0.0016004669240788003	-0.0015481070465189703	-0.0005672320068981572	1.18402171	68.50086212	1.0746843	0.2061534380340676	0.0217427	0.00058
-0.0799	-0.0921	0.0603	-0.001420698011123384	-0.0014957471689591403	-0.0005410520681182421	1.13265038	65.52880096	1.03889247	0.05251543646475805	0.0224918	0.0008
-0.0669	-0.1668	0.1128	-0.0017034413499464657	-0.0015585790220309364	-0.0003874630939427412	1.17202711	67.80692291	1.14074798	0.1651582083035189	0.0237685	0.00157
-0.0719	-0.2175	0.089	-0.0019373154697137059	-0.0015515977050229591	-0.00047822021504644627	1.18969488	68.82907867	1.15807373	0.09608062789394611	0.0225048	0.00091
-0.08	-0.1206	0.0588	-0.001593485607070823	-0.0014957471689591403	-0.0005532693728822024	1.14573932	66.28605652	1.06652755	0.15893647782712286	0.0217093	0.00066
-0.0893	-0.1072	0.0708	-0.0015027284859671175	-0.0015114551322270892	-0.0006579891280018621	1.1173774	64.64519501	1.05200525	0.0452592419745657	0.0227582	0.0009
-0.0743	-0.2501	0.1298	-0.0024486969405480446	-0.0016720254234105676	-0.00048520153205442357	1.17653716	68.06784821	1.08869282	0.28086631708559223	0.0220476	0.00124
-0.0867	-0.1685	0.0584	-0.001970476725501598	-0.0015812683023068625	-0.0006161012259539982	1.22089493	70.63414001	1.12125145	0.2003938515024863	0.0199313	0.00044
-0.0914	-0.1165	0.0521	-0.0016126842288427606	-0.0015358897417550098	-0.0006370451769779302	1.08881593	62.99279022	1.01222077	0.0842057504117311	0.0206487	0.00057
-0.0979	-0.1475	0.0772	-0.0016632987771505957	-0.001593485607070823	-0.0006963863715457374	1.13765562	65.81838226	1.05767839	0.07097758040957278	0.0217847	0.0009
-0.0904	-0.2693	0.0998	-0.002380629099720265	-0.00182212373908208	-0.0006544984694978735	1.17773426	68.13710785	1.07592896	0.20129281783143949	0.0210749	0.00078
-0.1002	-0.1602	0.0417	-0.002038544566329377	-0.0017226399717184032	-0.0007661995416255106	1.24253309	71.88600159	1.10595708	0.20466346864411009	0.019161	0.00031
-0.1069	-0.1297	0.0458	-0.001895427567665842	-0.001710422666954443	-0.0007871434926494425	1.09561944	63.38640213	1.0329512	0.050113912722571353	0.0194662	0.0004
-0.1012	-0.2653	0.1085	-0.0025987952562195565	-0.00182212373908208	-0.0007033676885537148	1.20862091	69.92403412	1.08347261	0.24894222823885395	0.020899	0.00077
-0.0993	-0.206	0.0447	-0.002143264321449037	-0.0017435839227423352	-0.0007155849933176752	1.24014997	71.7481308	1.10551782	0.15231440279371125	0.0191986	0.00034
-0.1114	-0.1354	0.0413	-0.0019408061282176943	-0.0016947147036864942	-0.0008342673824532895	1.09570897	63.39157867	1.02173615	0.10460049007113988	0.0193263	0.00037
-0.111	-0.17	0.0789	-0.002171189589480946	-0.0017540558982543013	-0.0008290313946973065	1.17394006	67.91759491	1.05024547	0.0873480321793521	0.0204573	0.00061
-0.1039	-0.2729	0.1051	-0.002960078411382383	-0.0018709929581379211	-0.0008220500776893293	1.13148546	65.46141052	1.04423828	0.18184035993965167	0.0195928	0.00065
-0.1115	-0.1675	0.0506	-0.0023352505391684127	-0.0017662732030182616	-0.0008726646259971648	1.17821753	68.16506195	1.06372933	0.20650810878207324	0.0192584	0.00027
-0.1244	-0.1205	0.053	-0.0023422318561763904	-0.0017819811662862105	-0.0010262536001726657	1.08183432	62.588871	1.0126695	0.07111391272257138	0.0194476	0.00031
-0.1211	-0.1851	0.1032	-0.002649409804527392	-0.001837831702350029	-0.0009669124056048585	1.19810426	69.31559753	1.0789181	0.13921848394913136	0.0207521	0.00073
-0.1039	-0.289	0.1126	-0.0033265975543011915	-0.00182212373908208	-0.0007906341511534313	1.16451454	67.37228394	1.07487372	0.17395869837465883	0.0190345	0.00055
-0.109	-0.1845	0.0542	-0.0024137903555081575	-0.001579522973054868	-0.0008936085770210966	1.17392039	67.91645813	1.07265963	0.23091911953439556	0.0189707	0.00027
-0.1106	-0.1341	0.0665	-0.0023492131731843676	-0.0016126842288427606	-0.0009023352232810684	1.12521195	65.09845734	1.04165481	0.0696232542185827	0.0200675	0.00047
-0.0968	-0.2533	0.1281	-0.0030613075079980543	-0.0017348572764823637	-0.0007696902001294993	1.21786451	70.45881653	1.09679385	0.24294562028024297	0.0208362	0.00086
-0.0918	-0.2657	0.0905	-0.003078760800517997	-0.0017208946424664088	-0.0007382742735936014	1.22495496	70.86903381	1.11034366	0.05814159265358974	0.0190526	0.0004
-0.1047	-0.1656	0.0667	-0.0026092672317315226	-0.0016615534478986017	-0.000874409955249159	1.11587822	64.55846405	1.03297034	0.1700485222504919	0.0193102	0.00033
-0.0989	-0.1866	0.0958	-0.0025883232807075904	-0.0015812683023068625	-0.0007731808586334879	1.1518786	66.64124298	1.06331281	0.06602290966156713	0.0205938	0.00066
-0.0914	-0.292	0.1307	-0.0031223940318178558	-0.0017418385934903407	-0.0007208209810736582	1.15510929	66.82814789	1.07251849	0.18515004599267873	0.020375	0.00083
-0.0993	-0.1858	0.0718	-0.0028221974004748306	-0.0017191493132144146	-0.0007958701389094143	1.21399891	70.23517609	1.1050254	0.19289675347273527	0.018585	0.00029
-0.1054	-0.1485	0.0789	-0.0026267205242514655	-0.001635373509118687	-0.0008674286382411819	1.07971692	62.46636963	1.03303408	0.068040558982543	0.0195994	0.00044
-0.0915	-0.2556	0.1387	-0.0030927234345339517	-0.0016772614111665507	-0.0006492624817418905	1.20013762	69.43323517	1.09637062	0.2171028484414821	0.020748	0.00098
-0.0959	-0.2585	0.0871	-0.002909463863074547	-0.0016877333866785165	-0.0007888888219014368	1.23414266	71.40058136	1.1186817	0.07556789435654586	0.0192057	0.00041
-0.0979	-0.1645	0.0729	-0.002581341963699613	-0.0016842427281745281	-0.0008098327729253688	1.09209859	63.18270874	1.01618357	0.12782782544514268	0.0192352	0.0004
-0.1037	-0.1379	0.0758	-0.0025865779514555962	-0.0016702800941585732	-0.0008621926504851988	1.05347502	60.94816208	1.00036648	0.03887792496658841	0.0195897	0.00049
-0.0947	-0.2419	0.1347	-0.002848377339254746	-0.0016650441064025902	-0.0008115781021773631	1.20013726	69.43321991	1.10099613	0.18778249619314843	0.0207357	0.00101
-0.093	-0.2405	0.0924	-0.0027523842303950577	-0.0016528268016386303	-0.0008255407361933179	1.19161475	68.94015503	1.09937991	0.05150865238198015	0.0193375	0.00055
-0.1042	-0.1635	0.0733	-0.0020263272615654165	-0.0015306537539990272	-0.0009354964790689606	1.09667504	63.44747162	1.02345808	0.1552092879672443	0.0204458	0.00062
-0.1028	-0.1822	0.0991	-0.002267182698340634	-0.001647590813882647	-0.0008709192967451704	1.10326803	63.82890701	1.04141064	0.06701848394913135	0.0211112	0.00084
-0.1042	-0.2993	0.1132	-0.0029880036794142917	-0.0018500490071139892	-0.000905825881785057	1.14698112	66.35790253	1.05779178	0.18050928796724436	0.0191122	0.00065
-0.1069	-0.2025	0.052	-0.002542944720155738	-0.0018064157758141308	-0.0009930923443847736	1.19503748	69.13817596	1.07851547	0.1894979326579064	0.0180268	0.00024
-0.1117	-0.1485	0.0605	-0.002494075501099897	-0.0018605209826259553	-0.0010454522219446034	1.08553994	62.8032608	1.01759098	0.07506671517137478	0.018942	0.00036
-0.1035	-0.2324	0.1199	-0.0029478611066184224	-0.0019931660057775245	-0.0009669124056048585	1.17919397	68.22155762	1.07275257	0.184748522250492	0.0198511	0.00072
-0.0984	-0.2699	0.0869	-0.002708750999095199	-0.001960004749989632	-0.0009983283321407565	1.14851975	66.44691467	1.06898311	0.09078436449235064	0.0186958	0.00049
-0.1074	-0.1779	0.0616	-0.0022863813201125715	-0.001801179788058148	-0.001022762941668677	1.08674932	62.87322617	1.01895564	0.1565814625221016	0.0189933	0.00042
-0.1158	-0.1687	0.0777	-0.0022968532956245376	-0.0018081611050661253	-0.0010890854532444615	1.08658409	62.86367035	1.01583005	0.037888790204786416	0.0199804	0.00058
-0.0884	-0.2911	0.1308	-0.0030211649352021846	-0.001790707812546182	-0.0007679448708775049	1.16110432	67.17498779	1.07586089	0.2560452757232274	0.0202299	0.00083
-0.0986	-0.2154	0.0744	-0.0023876104167282427	-0.0017523105690023068	-0.0009442231253289323	1.16129875	67.18624115	1.06889331	0.1847115008234622	0.0195295	0.00044
-0.1021	-0.1634	0.0771	-0.00217293491873294	-0.0017243853009703976	-0.0009354964790689606	1.09087527	63.11193085	1.01106149	0.0707663706143592	0.0206884	0.00058
-0.0924	-0.2566	0.1378	-0.0028571039855147177	-0.001843067690106012	-0.0007679448708775049	1.15888989	67.046875	1.08143606	0.2121201532054424	0.0208486	0.00103
-0.0914	-0.2654	0.0903	-0.002823942729726825	-0.001843067690106012	-0.0008482300164692441	1.19068205	68.88619232	1.09845573	0.06297232006898164	0.018774	0.00045
-0.0957	-0.1855	0.0667	-0.002389355745980237	-0.0018168877513260971	-0.0008848819307611251	1.08250809	62.62784958	1.01625034	0.13267094184091924	0.0191804	0.00045
-0.0998	-0.1903	0.0855	-0.0024015730507441976	-0.001778490507782222	-0.0009180431865490173	1.09850597	63.55339813	1.01873198	0.03188879020478642	0.0198447	0.00063
-0.0933	-0.3112	0.1397	-0.003157300616857742	-0.0019303341527057286	-0.0008203047484373349	1.14692235	66.35449982	1.0633732	0.23186548245743663	0.0200378	0.00093
-0.0971	-0.2405	0.0752	-0.0026755897433073067	-0.0018291050560900572	-0.0008848819307611251	1.17121899	67.76016998	1.07437908	0.17137585762449484	0.0183106	0.00041
-0.1004	-0.1898	0.0778	-0.002267182698340634	-0.0017034413499464657	-0.000905825881785057	1.09700894	63.46678925	1.01899321	0.08435073510670979	0.0199307	0.00062
-0.0935	-0.2579	0.1235	-0.0026965336943312393	-0.0018308503853420514	-0.0008447393579652555	1.14163756	66.04875183	1.06447847	0.15159232776029963	0.0211683	0.00092
-0.0932	-0.2954	0.1053	-0.003080506129769991	-0.0019390607989657003	-0.0008656833089891874	1.2040472	69.65942383	1.10381795	0.0816563400043166	0.0193319	0.00056
-0.1079	-0.1979	0.0818	-0.002782054827678961	-0.001864011641129944	-0.000932005820564972	1.11031997	64.2368927	1.03419022	0.15769114857512853	0.0185051	0.00046
-0.1016	-0.2351	0.1218	-0.0029129545215785357	-0.0019181168479417679	-0.0007888888219014368	1.16597891	67.45700836	1.05872504	0.09990609496874672	0.0196905	0.00082
-0.1043	-0.3412	0.1188	-0.003237585762449481	-0.0019355701404617114	-0.0008395033702092724	1.13771737	65.82195282	1.06250866	0.1314349540849362	0.019163	0.00066
-0.1157	-0.2389	0.0675	-0.0025551620249196984	-0.0018046704465621369	-0.0009721483933608416	1.1521337	66.65599823	1.05606147	0.21229842272904628	0.0183133	0.00034
-0.119	-0.2209	0.0915	-0.002373647782712288	-0.0018552849948699724	-0.0010105456369047167	1.13596416	65.72052002	1.04506716	0.05882630170295603	0.0196974	0.0007
-0.1113	-0.3617	0.1466	-0.003160791275361731	-0.0020664698343612863	-0.0008936085770210966	1.15239275	66.67098999	1.06279654	0.25936326960121886	0.0193154	0.00091
-0.1129	-0.2947	0.0687	-0.0024748768793279594	-0.0019512781037296606	-0.0009512044423369096	1.19908559	69.37237549	1.08590049	0.18943509959906052	0.0183196	0.00044
-0.1219	-0.2314	0.0758	-0.00217293491873294	-0.0018779742751458986	-0.0010349802464326373	1.11556029	64.54006958	1.01352475	0.10235107966372547	0.0194554	0.00058
-0.1138	-0.3073	0.131	-0.0025324727446437724	-0.0019757127132575807	-0.000932005820564972	1.18351984	68.47182465	1.08537647	0.16721253449450899	0.0206881	0.00112
-0.109	-0.3391	0.1	-0.0025324727446437724	-0.0019233528356977512	-0.0009197885158010115	1.18567741	68.59664917	1.0933765	0.0708288591161895	0.0197427	0.0007
-0.1156	-0.2519	0.0762	-0.002045525883337354	-0.001864011641129944	-0.0010192722831646884	1.08942616	63.02809143	1.02428122	0.14988859116189512	0.0195528	0.00056
-0.1164	-0.252	0.1016	-0.0021991148575128553	-0.0018465583486100008	-0.0009826203688728075	1.10060406	63.67478561	1.03387897	0.03668470904936625	0.0205328	0.00084
-0.1068	-0.3779	0.1559	-0.0027995081201989047	-0.001858775653373961	-0.0007871434926494425	1.14212215	66.07678986	1.08255158	0.23020437218366877	0.0202755	0.00126
-0.1197	-0.2926	0.0812	-0.0022863813201125715	-0.0017994344588061536	-0.0009808750396208131	1.18869412	68.7711792	1.1181303	0.2112099770812756	0.01915	0.00057
-0.1302	-0.2388	0.0858	-0.00214850030920502	-0.0018675022996339327	-0.0011222467090323538	1.08564627	62.8094101	1.02057324	0.08626602605734358	0.0198046	0.00069
-0.1221	-0.3202	0.1468	-0.002663372438543347	-0.0019111355309337906	-0.0009389871375729493	1.14941931	66.4989624	1.08685397	0.18758824660487944	0.0207899	0.0012
-0.1202	-0.3428	0.1168	-0.0027558748888990466	-0.0018971728969178364	-0.0009773843811168245	1.13628232	65.73892975	1.08500642	0.06174311639577648	0.020047	0.00079
-0.1309	-0.2602	0.0921	-0.0025062928058638572	-0.0019146261894377795	-0.0011013027580084218	1.09862053	63.56002808	1.0287751	0.1375476876223365	0.019664	0.00065
-0.1334	-0.2512	0.1097	-0.0026441738167714093	-0.0020245819323134223	-0.0011327186845443199	1.07975841	62.46877289	1.01651144	0.04306263401595466	0.0197861	0.00071
-0.1258	-0.3863	0.1708	-0.003351032163829113	-0.0021223203704251047	-0.0010402162341886204	1.13849616	65.86701202	1.05891049	0.24865496177625424	0.0195487	0.0011
-0.1227	-0.3309	0.1008	-0.002841396022246768	-0.0019861846887695473	-0.0010157816246606998	1.14946914	66.50184631	1.07709817	0.16201032163829107	0.0182698	0.00056
-0.1342	-0.2641	0.1001	-0.002530727415391778	-0.0019303341527057286	-0.001117010721276371	1.07795203	62.36426544	1.01300001	0.10238741197672405	0.0193898	0.00071
-0.1362	-0.2748	0.1363	-0.002811725424962865	-0.002033308578573394	-0.0011152653920243766	1.11727393	64.63920593	1.0438079	0.0681858882345373	0.0204783	0.00099
-0.1216	-0.4317	0.189	-0.003516838442768574	-0.002183406894244906	-0.0010157816246606998	1.13735771	65.80114746	1.06247387	0.2719347550420449	0.0199423	0.00124
-0.1298	-0.3495	0.1081	-0.003080506129769991	-0.002089159114637212	-0.0011763519158441782	1.1736697	67.90195465	1.10658056	0.20585751918948775	0.0179536	0.00054
-0.1335	-0.2705	0.112	-0.0029181905093345183	-0.0020804324683772408	-0.001181587903600161	1.07829237	62.38395691	1.00895779	0.09541391272257133	0.0187951	0.00067
-0.1308	-0.3195	0.1614	-0.003516838442768574	-0.0020996310901491783	-0.0011082840750163993	1.12057066	64.8299408	1.05233265	0.1356575191894877	0.0196573	0.00095
-0.1206	-0.4326	0.1931	-0.003932226804743224	-0.0022218041377887812	-0.0009791297103688187	1.12435818	65.04906464	1.05116088	0.18833578871309165	0.0191445	0.00112
-0.1253	-0.3242	0.1176	-0.0029862583501622975	-0.002106612407157156	-0.0010768681484805013	1.13086128	65.4253006	1.06328295	0.24654493116621168	0.0182641	0.00067
-0.1346	-0.2947	0.1333	-0.003035127569218139	-0.0020996310901491783	-0.0011833332328521555	1.08352041	62.68641663	1.01212252	0.06261578102177366	0.0189277	0.0008
-0.1196	-0.4512	0.1864	-0.003867649622419434	-0.0023073252711365037	-0.0010384709049366262	1.12612486	65.15127563	1.04610545	0.2838539281052075	0.0191959	0.00104
-0.1319	-0.3785	0.1105	-0.003556981015564444	-0.002045525883337354	-0.0013369222070276565	1.23515654	71.45923615	1.1137702	0.2044459648372585	0.0185032	0.00044
-0.1265	-0.4515	0.1585	-0.0036459928074161546	-0.0018291050560900572	-0.0013997540600994523	1.36456025	78.94580841	1.18966827	0.14481322360854015	0.0220543	0.00176
-0.0988	-0.5397	0.1972	-0.006003932626860492	-0.0017610372152622785	-0.0011205013797803594	1.60513496	92.86411285	1.37943125	0.2898630170295604	0.0274563	0.00378
-0.1171	-0.4757	0.0417	-0.003600614246864302	-0.0014940018397071458	-0.001403244718603441	1.53188014	88.62599945	1.29085541	0.38545485471872015	0.0181643	0.00046
-0.1375	-0.388	0.0816	-0.004738568919164605	-0.0017453292519943296	-0.0015323990832510211	1.25399125	72.54890442	1.12213116	0.22392182246175335	0.0197402	0.00098
-0.1368	-0.3273	0.112	-0.004565781323217166	-0.0019425514574696887	-0.0014311699866353504	1.2449615	72.02649689	1.11571436	0.11536194490192346	0.0182794	0.00033
-0.1235	-0.4923	0.2005	-0.007009242276009227	-0.001973967384005587	-0.0011693705988362008	1.22806668	71.04905701	1.10128159	0.4036338133563555	0.0202844	0.00118
-0.1249	-0.4126	0.182	-0.007864453609486448	-0.002050761871093337	-0.001165879940332212	1.21241367	70.14346313	1.0705597	0.146374823953448	0.0200614	0.00098
-0.1326	-0.347	0.1958	-0.00805469449795383	-0.0020350539078253884	-0.0012636183784438947	1.06693161	61.72668457	0.99560712	0.10228436449235076	0.0194955	0.00092
-0.1189	-0.4399	0.2861	-0.009176941206986184	-0.00217293491873294	-0.0010716321607245184	1.10555434	63.96118164	1.0113796	0.2695056968829641	0.0213354	0.00138
-0.1164	-0.4115	0.2211	-0.008658578419143869	-0.002237512101056731	-0.0010384709049366262	1.15113187	66.59803772	1.05721097	0.12670506129769998	0.0178021	0.00053
-0.1178	-0.3227	0.2025	-0.008955284391982905	-0.0023649211364523163	-0.0010978120995044332	1.06644619	61.69860077	0.98824788	0.13297281014012138	0.0178521	0.00045
-0.1322	-0.3375	0.2446	-0.009265952998837895	-0.0024242623310201236	-0.001256637061435917	1.07181203	62.00904083	0.98497266	0.0977417381677141	0.0187833	0.00056
-0.1207	-0.4304	0.2706	-0.009611528190732771	-0.0025080381351158514	-0.0011065387457644049	1.07309818	62.0834465	1.00141337	0.15937246558310575	0.0185307	0.00063
-0.1316	-0.3228	0.1892	-0.008777260808279484	-0.002385865087476248	-0.001223475805648025	1.07203853	62.0221405	0.98832841	0.2535688744988256	0.0170391	0.0003
-0.1387	-0.2825	0.1877	-0.008356636458548849	-0.0023073252711365037	-0.0013002702927357754	1.0120821	58.55339813	0.96367431	0.07769793265790646	0.0167311	0.00028
-0.1388	-0.3746	0.2556	-0.008831366015091307	-0.002389355745980237	-0.001244419756671957	1.09218359	63.18762589	0.99488502	0.19073052837250049	0.0185552	0.00063
-0.1378	-0.4134	0.2354	-0.009105382707654418	-0.0025115287936198403	-0.001256637061435917	1.11019707	64.2297821	1.01762653	0.08042035224833374	0.0176098	0.0004
-0.1455	-0.3015	0.193	-0.008436921604140588	-0.002469640891571976	-0.0013683381335635543	1.04987431	60.73984146	0.97639121	0.20310250388446657	0.0167124	0.00032
-0.1475	-0.2944	0.2117	-0.008133234314293575	-0.00244695161129605	-0.0013910274138394805	1.04012048	60.17554092	0.97373965	0.04525329251994325	0.0174208	0.00049
-0.1408	-0.4259	0.2698	-0.008730136918475635	-0.0025394540616517493	-0.001335176877775662	1.08550262	62.80109787	1.00385499	0.23356277953007887	0.0181483	0.00073
-0.1457	-0.3343	0.1883	-0.00808261976598574	-0.002569124658935653	-0.0014695672301792255	1.08771837	62.92928696	1.0028723	0.21857890510886807	0.0169656	0.00026
-0.1569	-0.2774	0.1722	-0.007695156672042999	-0.002542944720155738	-0.0015515977050229591	1.03047526	59.61752319	0.97206137	0.10898367537831943	0.016663	0.00029
-0.1496	-0.3561	0.252	-0.008192575508861382	-0.0025551620249196984	-0.001382300767579509	1.09753633	63.49730301	1.0046534	0.19974665395128968	0.0178124	0.00063
-0.1394	-0.4183	0.2432	-0.008515461420480335	-0.0026022859147235454	-0.0013177235852557187	1.07901597	62.4258194	1.01472192	0.10292934918732947	0.0173317	0.00045
-0.1446	-0.3131	0.1851	-0.0077719511591307485	-0.002581341963699613	-0.0014014993893514465	1.05878389	61.25530243	0.98260129	0.21091150082346236	0.0164925	0.00023
-0.1523	-0.2902	0.2004	-0.007632324818971204	-0.002565634000431664	-0.0014940018397071458	1.03182495	59.69561005	0.96912004	0.05829183768915963	0.0170782	0.00035
-0.1388	-0.424	0.2794	-0.008431685616384604	-0.002583087292951608	-0.0013072516097437528	1.10668302	64.02648163	1.01458879	0.2764782159948368	0.0181053	0.00064
-0.1389	-0.3692	0.1909	-0.0077614791836187825	-0.002567379329683659	-0.0013805554383275148	1.11684012	64.61411285	1.01972896	0.1813609112308766	0.0163772	0.00019
-0.1445	-0.3008	0.1708	-0.007209955139988575	-0.002574360646691636	-0.0014590952546672592	1.01977348	58.99838257	0.96687629	0.12595225884889635	0.0166078	0.0002
-0.1466	-0.3128	0.1957	-0.007239625737272479	-0.0025028021473598684	-0.00147131255943122	1.01961839	58.9894104	0.96785553	0.04467232006898163	0.0166928	0.00033
-0.1437	-0.4104	0.2223	-0.007668976733263084	-0.0025394540616517493	-0.001408480706359424	1.03507435	59.88360214	0.98249927	0.15354173816771408	0.0163167	0.00035
-0.1479	-0.3425	0.1685	-0.007173303225696694	-0.0026040312439755396	-0.0015271630954950383	1.03352928	59.79421234	0.97159174	0.1598466539512897	0.0158092	0.00014
-0.1616	-0.2966	0.1612	-0.007021459580773188	-0.0025778513051956248	-0.0016249015336067207	1.00367999	58.0673027	0.96140779	0.08068810109075517	0.0157678	0.0001
-0.1599	-0.3424	0.2025	-0.0072291537617605135	-0.002562143341927676	-0.001593485607070823	1.03968835	60.1505394	0.97960995	0.1015409035395586	0.0166674	0.00029
-0.1557	-0.4329	0.2072	-0.007806857744170635	-0.0025987952562195565	-0.0015917402778188286	1.09107184	63.12330627	1.01709731	0.1302050612976998	0.0165234	0.00022
-0.1571	-0.3518	0.1538	-0.0072640603468004	-0.0026529004630313807	-0.0016388641676226754	1.11823249	64.694664	1.0327414	0.16810132469929528	0.0166342	0.00043
-0.1676	-0.3953	0.1608	-0.006490879488166912	-0.0026912977065752563	-0.0018343410438460403	1.17942607	68.23498535	1.08394865	0.11135274892003644	0.0194465	0.00169
-0.1871	-0.5907	0.224	-0.005572836301617893	-0.0027872908154349444	-0.0019181168479417679	1.45855999	84.3841095	1.32562322	0.33299060497522176	0.023585	0.00399
-0.1936	-0.7443	0.2138	-0.0046041785667610404	-0.0028658306317746896	-0.0017697638615222502	1.37401974	79.49308014	1.24789155	0.23007752688080577	0.0235698	0.00609
-0.2042	-0.604	0.157	-0.0048956485518440946	-0.0027715828521669953	-0.0019268434942017398	1.17808366	68.15731812	1.07220368	0.2348398698685119	0.0203977	0.00323
-0.2	-0.4877	0.1691	-0.005586798935633849	-0.002766346864411012	-0.0019617500792416262	1.12578988	65.13189697	1.03559089	0.16916464782928115	0.0188206	0.00091
-0.1964	-0.5498	0.1869	-0.006246533392887705	-0.0027104963283471934	-0.0018552849948699724	1.07692468	62.30482864	1.00912831	0.12460250388446643	0.018006	0.00046
-0.1931	-0.5757	0.1696	-0.00654673002423073	-0.002717477645355171	-0.001843067690106012	1.07039785	61.92721939	0.99552245	0.06246976265574818	0.0168852	0.00024
-0.1936	-0.4794	0.1386	-0.0060632738214283005	-0.002708750999095199	-0.0019058995431778078	1.04027498	60.18448257	0.96620725	0.15555073510670983	0.0165907	0.00026
-0.2017	-0.479	0.1479	-0.005773549165597242	-0.0026965336943312393	-0.002001892652037496	1.03806174	60.05643463	0.96497838	0.037696753472735336	0.0168614	0.00032
-0.1855	-0.5899	0.2018	-0.006593853914034577	-0.0027366762671271086	-0.0018168877513260971	1.08356833	62.68918991	0.9950682	0.23327261109723016	0.0166493	0.00049
-0.1915	-0.5205	0.1364	-0.006571164633758651	-0.002750638901143063	-0.0019146261894377795	1.1173619	64.64430237	1.00758158	0.14751951762017823	0.0155303	0.00012
-0.2024	-0.4402	0.1206	-0.00628842129493557	-0.0027611108766550296	-0.002050761871093337	1.03910649	60.11687851	0.96804492	0.12846754979953023	0.0157047	0.00011
-0.2057	-0.4769	0.1401	-0.006452482244623035	-0.002806489437206882	-0.0021048670779051613	1.02772593	59.45846558	0.97356359	0.0726772358525571	0.0159732	0.00015
-0.1856	-0.582	0.1642	-0.0069202304841575165	-0.0029077185338225527	-0.0019669860669976093	1.07758021	62.34275055	0.99193509	0.1846429173528852	0.0150875	0.00016
-0.1872	-0.473	0.1109	-0.006293657282691553	-0.0027960174616949163	-0.0019931660057775245	1.06306922	61.50323105	0.97269298	0.20212271061867576	0.0150213	0.00011
-0.198	-0.4244	0.1234	-0.006033603224144398	-0.002766346864411012	-0.00204378055408536	1.02832687	59.49323273	0.96893301	0.0889169602069447	0.0155874	9e-05
-0.198	-0.481	0.1639	-0.00637743308678728	-0.002858849314766712	-0.0019774580425095754	1.05515695	61.04546738	0.98008849	0.12223274122871829	0.0161072	0.00023
-0.1946	-0.542	0.1435	-0.006693337681398254	-0.002892010570554604	-0.0019949113350295183	1.09402561	63.29419327	0.99946317	0.10312595714594056	0.0148501	9e-05
-0.2043	-0.4313	0.1045	-0.006133086991508073	-0.002844886680750757	-0.002089159114637212	1.06432223	61.57571793	0.98194135	0.19448111796508613	0.015278	0.00012
-0.205	-0.4331	0.1336	-0.006108652381980153	-0.002844886680750757	-0.0020751964806212577	1.0426302	60.32074356	0.97543054	0.03351986217719365	0.0155837	0.00013
-0.1877	-0.5648	0.1867	-0.006895795874629596	-0.0029024825460665696	-0.0018483036778619948	1.06614721	61.68130112	0.98214029	0.25568160803622586	0.0155119	0.00027
-0.1931	-0.475	0.1151	-0.0063058745874555126	-0.002925171826342496	-0.0020315632493213996	1.07084596	61.95314407	0.97771055	0.20659350694547077	0.0149669	9e-05
-0.2046	-0.4189	0.1088	-0.0058416170064250214	-0.0028605946440187057	-0.0021170843826691216	1.04306817	60.34608078	0.97146046	0.10461779483510016	0.0157142	0.0001
-0.1927	-0.5475	0.193	-0.006693337681398254	-0.002975786374650332	-0.0019582594207376374	1.10339057	63.83599854	0.98894035	0.2809868683768172	0.0159835	0.00036
-0.1893	-0.5405	0.1479	-0.006684611035138282	-0.0030647981665020423	-0.0019460421159736775	1.07988536	62.47611618	0.98540393	0.06099778714378215	0.0150844	0.00013
-0.2069	-0.4358	0.1125	-0.006302383928951523	-0.0030613075079980543	-0.00210835773640915	1.03722715	60.00814819	0.96282419	0.18510166925631089	0.0152605	0.00011
-0.2147	-0.448	0.1352	-0.006459463561631013	-0.0032114058236695662	-0.002197369528260861	1.06814098	61.79664993	0.99455143	0.06250948701013559	0.0162989	0.0002
-0.186	-0.5936	0.1875	-0.00688532389911763	-0.0031328660073298214	-0.0019530234329816546	1.10889399	64.15439606	1.01292569	0.26403731245527845	0.015767	0.00028
-0.192	-0.4795	0.1156	-0.006359979794267337	-0.0030455995447301047	-0.0019530234329816546	1.09212148	63.18402863	0.98331113	0.22263052837250047	0.0152658	0.00013
-0.207	-0.4265	0.1067	-0.0060911990894602095	-0.002958333082130389	-0.0021327923459370708	1.02064645	59.04888535	0.96321988	0.10369080401811293	0.0153158	8e-05
-0.1934	-0.5488	0.1792	-0.0067648961807300215	-0.0030944687637859463	-0.0019285888234537342	1.09661496	63.44400024	0.99348659	0.25910181477043526	0.0163566	0.00024
-0.1911	-0.5614	0.1365	-0.006726498937186146	-0.0031171580440618727	-0.001932079481957723	1.10207295	63.75976562	1.00388234	0.06082885911618956	0.0150206	0.00013
-0.2081	-0.4468	0.1055	-0.0062186081248557954	-0.0030578168494940655	-0.0021589722847169856	1.0438925	60.39376831	0.97657371	0.20230624048287116	0.0150253	9e-05
-0.1945	-0.5086	0.1718	-0.006469935537142979	-0.0030159289474462015	-0.002007128639793479	1.09665143	63.44610977	0.99869616	0.1639529479629278	0.0162543	0.00026
-0.1767	-0.5824	0.1893	-0.006817256058289851	-0.0031031954100459182	-0.0018657569703819383	1.07533085	62.21261978	0.99665699	0.13789793265790645	0.0158256	0.00027
-0.1854	-0.4784	0.1328	-0.006092944418712205	-0.002963569069886372	-0.0019425514574696887	1.06698883	61.72999191	0.9677472	0.21623662334124716	0.0154915	0.00014
-0.1975	-0.442	0.1201	-0.005965535383316617	-0.002935643801854462	-0.0020751964806212577	1.00995624	58.43041229	0.96272092	0.07559896632895331	0.0155163	6e-05
-0.1788	-0.5684	0.1928	-0.0067491882174620715	-0.003073524812762014	-0.0018779742751458986	1.07872117	62.40876389	0.98427878	0.27373780252641833	0.0157598	0.00029
-0.185	-0.5313	0.124	-0.006379178416039275	-0.0029967303256742636	-0.001954768762233649	1.08337414	62.67795944	0.98651779	0.1382799387799149	0.0146425	5e-05
-0.1878	-0.4567	0.104	-0.005820673055401089	-0.002939134460358451	-0.0019844393595175526	1.04252648	60.31474304	0.97573228	0.1296885911618951	0.0152254	0.0001
-0.1671	-0.6453	0.1657	-0.0059306287982767315	-0.0029112091923265415	-0.0019931660057775245	1.2482872	72.21890259	1.09367166	0.27833038285837614	0.0188493	0.00133
-0.1523	-0.6172	0.0974	-0.008183848862601411	-0.0036966073557239895	-0.001820378409830086	1.53876293	89.02420044	1.335588	0.27177029118347834	0.0235188	0.00334
-0.1736	-0.5694	-0.022	-0.007625343501963226	-0.0035133477842645856	-0.00205599785884932	1.33066344	76.98473358	1.16435317	0.23736921905584113	0.0178056	0.00048
-0.1827	-0.5203	-0.0291	-0.007677703379523056	-0.003495894491744642	-0.0019826940302655584	1.15000153	66.53264618	1.03858304	0.07245584993317683	0.0191947	0.00075
-0.1823	-0.5271	-0.0227	-0.007192501847468633	-0.003415609346152903	-0.0019024088846738192	1.10144722	63.72356796	1.00563402	0.04588859116189512	0.0152109	0.00018
-0.1604	-0.5671	-0.021	-0.0074508105767637925	-0.003556981015564444	-0.0015987215948268059	1.05877793	61.25495529	0.98485321	0.09876838442768576	0.0137923	7e-05
-0.1654	-0.4484	-0.0664	-0.006649704450098395	-0.0034697145529647274	-0.0016947147036864942	1.03341722	59.78772736	0.96496662	0.2183182849062401	0.0139408	6e-05
-0.1699	-0.4418	-0.0369	-0.006328563867731438	-0.003417354675404897	-0.001706932008450454	1.01138043	58.51280212	0.96640059	0.0598858882345374	0.0135341	9e-05
-0.1541	-0.5721	0.0259	-0.006517059426946826	-0.0033562681515850955	-0.001626646862858715	1.0652746	61.63081741	0.99253136	0.22539336143134647	0.0127177	9e-05
-0.1548	-0.481	-0.0138	-0.005948082090796675	-0.0033353242005611634	-0.0015655603390389136	1.0398035	60.15720749	0.96850159	0.1640503905496943	0.0130724	9e-05
-0.1635	-0.4178	-0.0313	-0.005585053606381855	-0.0033108895910332428	-0.0016964600329384882	1.00206482	57.97385788	0.95470744	0.11531813939211576	0.013529	7e-05
-0.1632	-0.4524	-0.0159	-0.005429719302954359	-0.0032899456400093115	-0.0017139133254584315	1.01390362	58.65878296	0.96193991	0.05998657734856853	0.013541	6e-05
-0.1536	-0.5646	0.0097	-0.006009168614616477	-0.0033562681515850955	-0.0016458454846306526	1.06043077	61.35058212	0.98836457	0.18309198320328407	0.0128323	6e-05
-0.1571	-0.5206	-0.0193	-0.006817256058289851	-0.0034871678454846703	-0.0017575465567582897	1.13972211	65.93793488	1.03982778	0.1290344104850293	0.0178219	0.00061
-0.1728	-0.5042	-0.0066	-0.0072623150175484055	-0.0033894294073729884	-0.0018570303241219666	1.1062603	64.00202179	1.0027002	0.07691405823669564	0.0177343	0.0005
-0.1585	-0.6093	0.0826	-0.00842470429937663	-0.0034836771869806815	-0.0016632987771505957	1.09081602	63.10850525	0.99972464	0.2811184304203644	0.0161121	0.00026
-0.1583	-0.5451	0.0135	-0.007279768310068348	-0.0035203291012725624	-0.0016318828506146981	1.08848572	62.97368622	1.00728131	0.19415019150680293	0.014003	0.0001
-0.1676	-0.447	-0.0261	-0.006358234465015343	-0.0035046211380046137	-0.0017383479349863521	1.0422256	60.29733658	0.97180362	0.1991853446346304	0.0132174	7e-05
-0.1718	-0.4367	-0.0198	-0.006127851003752092	-0.0035098571257605967	-0.0018029251173101424	0.99369365	57.48954773	0.94978701	0.03580983156715128	0.0133201	0.0001
-0.1676	-0.5573	0.0359	-0.00647866218340295	-0.003679154063204046	-0.0018622663118779497	1.02640188	59.38185883	0.97120883	0.20947246558310584	0.0125543	4e-05
-0.1726	-0.4894	-0.025	-0.006012659273120465	-0.003600614246864302	-0.0018884462506578647	1.03306985	59.76763535	0.9691894	0.1623361332701073	0.012971	4e-05
-0.174	-0.444	-0.0312	-0.005522221753310059	-0.0034574972482007667	-0.0019146261894377795	1.00419819	58.09728241	0.94918405	0.08598672286269274	0.0130432	0.0001
-0.1761	-0.4525	-0.0242	-0.005400048705670456	-0.0034662238944607386	-0.00199142067652553	1.00983489	58.42338943	0.95958837	0.027984709049366285	0.0131035	5e-05
-0.1638	-0.5783	0.0161	-0.005904448859496816	-0.003459242577452761	-0.001864011641129944	1.03278995	59.75144196	0.97170166	0.21033952531149616	0.0118455	1e-05
-0.1642	-0.503	-0.0351	-0.005445427266222308	-0.0034295719801688577	-0.001839577031602023	1.01410055	58.67017746	0.95623527	0.15255634000431664	0.0129122	5e-05
-0.1631	-0.469	-0.0357	-0.0049741883681838385	-0.003378957431861022	-0.0018692476288859267	1.00068629	57.89410019	0.95221247	0.06327620218151049	0.0130258	0.0001
-0.1583	-0.5462	0.0153	-0.00482932604026831	-0.003307398932529255	-0.0018849555921538759	1.03383934	59.81215286	0.97724668	0.14460643952576227	0.0130457	3e-05
-0.1608	-0.5448	-0.0167	-0.004981169685191816	-0.0033545228223331013	-0.001960004749989632	1.04425037	60.41447449	0.98611891	0.04960083462815554	0.012626	3e-05
-0.1614	-0.495	-0.0273	-0.004735078260660616	-0.0032864549815053226	-0.0019181168479417679	1.00374687	58.07116699	0.9480994	0.0788023583703421	0.0127159	6e-05
-0.1584	-0.4916	-0.0252	-0.004529129408925285	-0.0032340951039454926	-0.0018744836166419098	0.99926871	57.81208801	0.94843755	0.02359709802975093	0.0130039	6e-05
-0.1544	-0.5967	0.0376	-0.005026548245743668	-0.003227113786937515	-0.0018081611050661253	1.03412819	59.82886124	0.97007283	0.20043613327010723	0.0123008	6e-05
-0.1528	-0.6101	0.0046	-0.004975933697435834	-0.003214896482173555	-0.0018081611050661253	1.0321039	59.71175003	0.97722727	0.05114159265358968	0.0123594	6e-05
-0.1627	-0.5234	-0.0306	-0.004630358505540956	-0.0031922072018976287	-0.0019024088846738192	1.01033723	58.4524498	0.95531579	0.15492561258892498	0.0131266	5e-05
-0.1701	-0.5013	-0.0336	-0.004646066468808905	-0.003160791275361731	-0.0019216075064457567	1.00456953	58.11876678	0.95037061	0.03581612557878922	0.0133141	6e-05
-0.1622	-0.6094	0.0311	-0.005286602304290824	-0.0032131511529215613	-0.0018081611050661253	1.04562485	60.49399567	0.97519654	0.22101710572106917	0.0123998	4e-05
-0.1577	-0.6212	0.0144	-0.005569345643113905	-0.0033667401270970616	-0.0017819811662862105	1.03927577	60.12667465	0.97645881	0.05612561258892473	0.0120711	2e-05
-0.1678	-0.5416	-0.0114	-0.0054052846934264384	-0.0031956978604016175	-0.001858775653373961	1.0291003	59.53797913	0.96239632	0.13609488517353308	0.0124494	7e-05
-0.1601	-0.6646	0.0335	-0.005792747787369179	-0.0033353242005611634	-0.001790707812546182	1.03106689	59.65175247	0.96759612	0.20535786374650328	0.0119429	4e-05
-0.1592	-0.5893	-0.0169	-0.005359906132874586	-0.0033353242005611634	-0.0018622663118779497	1.03078341	59.63534927	0.95787323	0.15182000769131798	0.0125145	6e-05
-0.1597	-0.5346	-0.0185	-0.00493404579538797	-0.0032794736644973454	-0.001895427567665842	1.00493443	58.1398735	0.9491295	0.0825436064669164	0.0123572	5e-05
-0.162	-0.5333	-0.015	-0.004707152992628707	-0.003239331091701475	-0.0019216075064457567	0.98255122	56.84490967	0.94175388	0.02176076571675236	0.0125053	3e-05
-0.1582	-0.6718	0.039	-0.005258677036258915	-0.0033178709080412204	-0.0018291050560900572	1.0394696	60.13788986	0.96953386	0.23242831551628257	0.0122129	3e-05
-0.1558	-0.6348	-0.0098	-0.005384340742402506	-0.0032899456400093115	-0.0018308503853420514	1.02728796	59.43312454	0.97328747	0.09596671517137466	0.0121366	4e-05
-0.1616	-0.5593	-0.0179	-0.004988151002199794	-0.003166027263117714	-0.0018744836166419098	1.02788055	59.46741104	0.95755762	0.11758706741970842	0.012652	9e-05
-0.1519	-0.6764	0.0419	-0.005281366316534841	-0.003235840433197487	-0.0018186330805780916	1.0312736	59.66371155	0.96292216	0.20754395102393183	0.0118131	6e-05
-0.1501	-0.6296	0.0011	-0.004874704600820162	-0.003316125578789226	-0.0018168877513260971	1.00941288	58.39897156	0.9555103	0.11383460952792054	0.0118907	8e-05
-0.1545	-0.5757	-0.0131	-0.004687954370856769	-0.003270747018237374	-0.001858775653373961	1.00646222	58.22826767	0.94885322	0.0862008346281555	0.012207	0.00011
-0.1583	-0.6002	0.0116	-0.0047088983218807005	-0.0032166418114255493	-0.0018622663118779497	1.00351131	58.05754089	0.95120821	0.05692699081698719	0.0124044	3e-05
-0.1494	-0.7268	0.0648	-0.005368632779134557	-0.0033178709080412204	-0.0017749998492782332	1.06645513	61.69911575	0.98306095	0.23111150082346224	0.01241	3e-05
-0.1507	-0.6414	-0.0096	-0.004605923896013036	-0.003160791275361731	-0.0018151424220741027	1.05076218	60.79121017	0.97019359	0.20909655442984404	0.0123718	9e-05
-0.1582	-0.7473	0.0289	-0.005340707511102648	-0.0030490902032340936	-0.0019216075064457567	1.10928416	64.17696381	1.01388283	0.1995474885794452	0.0141981	0.00016
-0.1461	-0.8508	0.0046	-0.006572909963010645	-0.0029077185338225527	-0.0019687313962496035	1.20742774	69.85500336	1.08861071	0.21093490055616923	0.0193725	0.00193
-0.1348	-0.674	-0.0002	-0.007199483164476609	-0.0029949849964222694	-0.001820378409830086	1.4631834	84.65159607	1.26553412	0.23600963252425983	0.0181037	0.00116
-0.1659	-0.6686	-0.0623	-0.004396484385773717	-0.0028187067419708422	-0.002230530784048753	1.35610521	78.45664978	1.20067094	0.2680714703686494	0.0146894	0.00039
-0.1647	-0.706	-0.0326	-0.0057805304826052195	-0.0029146998508305304	-0.002143264321449037	1.15031934	66.55103302	1.03870459	0.14666528341454532	0.0164402	0.0005
-0.1576	-0.7999	-0.0216	-0.005646140130201657	-0.0029548424236264	-0.0020176006153054447	1.07355785	62.11003876	0.99373388	0.12700983156715134	0.0128667	6e-05
-0.1514	-0.7025	-0.0567	-0.005366887449882563	-0.002958333082130389	-0.002001892652037496	1.06881356	61.83556366	0.97315955	0.15362256510455155	0.0135392	7e-05
-0.1575	-0.6296	-0.0464	-0.005113814708343385	-0.002960078411382383	-0.0020280725908174107	1.01795197	58.89299774	0.94698788	0.10334990047855432	0.0123644	7e-05
-0.1465	-0.6878	-0.0134	-0.0050405108797596234	-0.0029129545215785357	-0.0018989182261698304	1.01736653	58.85912704	0.95650031	0.1146791041517594	0.0121115	0.00011
-0.1454	-0.734	-0.0263	-0.005129522671611334	-0.0030473448739821	-0.0018605209826259553	1.0339098	59.81622696	0.9694302	0.07328996938995752	0.0120227	0.00012
-0.149	-0.6355	-0.0573	-0.004593706591249075	-0.003043854215478111	-0.001954768762233649	1.02283537	59.17552185	0.95103393	0.1647777259236971	0.0126055	6e-05
-0.151	-0.6129	-0.0556	-0.004230678106834255	-0.0029897490086662863	-0.001973967384005587	1.00278008	58.01523972	0.94114129	0.0481166156499291	0.0122378	5e-05
-0.1474	-0.6592	-0.0146	-0.004783947479716458	-0.003033382239966145	-0.0018744836166419098	1.00427425	58.10168076	0.94848734	0.1257193185772869	0.0119818	3e-05
-0.1431	-0.7436	0.0	-0.0054663712172462395	-0.003166027263117714	-0.0018343410438460403	1.05073607	60.78969955	0.97439317	0.14606056667386105	0.0119468	8e-05
-0.1431	-0.6405	-0.0453	-0.00499862297771176	-0.00318871654339364	-0.001820378409830086	1.01164544	58.52813339	0.95590036	0.17362000769131808	0.0118265	7e-05
-0.145	-0.6126	-0.0522	-0.004780456821212468	-0.0030473448739821	-0.0018744836166419098	0.99580133	57.61148453	0.9391757	0.05738215163613272	0.0124212	7e-05
-0.1425	-0.6752	-0.0129	-0.004822344723260333	-0.0030246555937061734	-0.0018046704465621369	1.0240258	59.2443924	0.95144932	0.1111195176201782	0.011946	6e-05
-0.1301	-0.7775	-0.0018	-0.005251695719250937	-0.003118903373313867	-0.0017174039839624202	1.02943349	59.55725479	0.96598994	0.15634326190990067	0.011814	3e-05
-0.1338	-0.6628	-0.0544	-0.004804891430740389	-0.0031049407392979124	-0.0017453292519943296	1.01487315	58.71487045	0.9488771	0.19543460952792063	0.0123336	8e-05
-0.1451	-0.6253	-0.0536	-0.004621631859280984	-0.0030752701420140084	-0.0018552849948699724	0.97647536	56.49339294	0.9289939	0.06574429558094758	0.0123157	4e-05
-0.131	-0.7256	-0.001	-0.005054473513775579	-0.003162536604613725	-0.0016859880574265225	1.02617562	59.36877441	0.95699462	0.2014702527268881	0.0125885	5e-05
-0.1274	-0.7826	-0.0122	-0.005333726194094671	-0.003300417615521277	-0.0016249015336067207	1.0556972	61.07672501	0.97524651	0.09571101075232226	0.0124561	7e-05
-0.1322	-0.6744	-0.0525	-0.0048520153205442364	-0.0033265975543011915	-0.0017296212887263805	1.00606453	58.2052536	0.94583543	0.1839305283725004	0.0124949	4e-05
-0.1422	-0.6433	-0.054	-0.004787438138220445	-0.0032567843842214186	-0.0018465583486100008	0.96753997	55.97644043	0.92439432	0.055166370614359216	0.0124317	6e-05
-0.1384	-0.6881	-0.025	-0.004941027112395947	-0.003199188518905606	-0.0018029251173101424	0.98357099	56.90390778	0.93703369	0.0903409035395587	0.0123414	6e-05
-0.1239	-0.7945	0.0058	-0.005281366316534841	-0.0032847096522533284	-0.0016057029118347831	1.03321874	59.77624893	0.96173306	0.18285412714809873	0.0119814	3e-05
-0.1301	-0.6988	-0.0492	-0.004892157893340105	-0.0033143802495372316	-0.0016842427281745281	1.00855517	58.34934998	0.94193148	0.1817709418409192	0.0127052	7e-05
-0.1443	-0.6648	-0.063	-0.004539601384437251	-0.0032096604944175725	-0.00182212373908208	0.98005062	56.70023727	0.92523396	0.09175786374650333	0.012597	6e-05
-0.143	-0.7033	-0.0175	-0.004703662334124718	-0.003118903373313867	-0.0017837264955382047	0.99728793	57.69749069	0.94878206	0.09996076571675251	0.0123752	5e-05
-0.1317	-0.8062	0.0155	-0.005235987755982988	-0.0032009338481576006	-0.0016458454846306526	1.0453136	60.4759903	0.97536591	0.1848118453804777	0.0119596	3e-05
-0.1392	-0.7025	-0.0497	-0.00477696616270848	-0.0032340951039454926	-0.0017243853009703976	0.9969191	57.67615128	0.94396703	0.20493613327010723	0.0124434	7e-05
-0.1563	-0.6624	-0.0583	-0.004581489286485115	-0.0032009338481576006	-0.0019181168479417679	0.96314466	55.72215271	0.92357071	0.08691848394913138	0.0122808	9e-05
-0.1392	-0.7564	0.0235	-0.005176646561415181	-0.003321361566545209	-0.0017540558982543013	1.02285218	59.17649841	0.9578347	0.23688229715025697	0.0123434	3e-05
-0.1408	-0.7466	-0.0202	-0.005267403682518886	-0.0033649947978450674	-0.0017558012275062952	1.04329097	60.35896683	0.97122186	0.061906784082777847	0.0123997	4e-05
-0.1525	-0.665	-0.0582	-0.004799655442984407	-0.0032480577379614467	-0.0018884462506578647	0.98646855	57.07154465	0.93422472	0.1671665161284835	0.0123157	3e-05
-0.1518	-0.6608	-0.0474	-0.004663519761328848	-0.0031328660073298214	-0.0018552849948699724	0.98383844	56.91938019	0.93112926	0.029924433403753822	0.0125695	2e-05
-0.1308	-0.799	0.0387	-0.005263913024014897	-0.0032480577379614467	-0.001647590813882647	1.04172015	60.26808929	0.97216571	0.29146395871525	0.0122141	3e-05
-0.1433	-0.7188	-0.0329	-0.00486946861306418	-0.00322885911618951	-0.0017174039839624202	1.0092808	58.39133453	0.95594081	0.18847281014012135	0.0121334	5e-05
-0.1527	-0.6622	-0.0513	-0.0046251225177849735	-0.0032340951039454926	-0.0017715091907742446	0.99793559	57.73496246	0.93073559	0.09958436449235065	0.0126917	3e-05
-0.1479	-0.7029	-0.0068	-0.0047856928089684515	-0.003199188518905606	-0.0017226399717184032	1.01039851	58.45599747	0.94944253	0.10221730476396026	0.0122334	7e-05
-0.1308	-0.795	0.0177	-0.005087634769563471	-0.0032515483964654355	-0.0015132004614790836	1.03232932	59.72478867	0.9685931	0.16188706741970849	0.0118006	3e-05
-0.1437	-0.6867	-0.0357	-0.00466002910282486	-0.0031817352263856626	-0.0017348572764823637	1.00047255	57.88173676	0.93942273	0.21055378259108323	0.0123395	6e-05
-0.152	-0.6466	-0.0392	-0.0044628068973495	-0.0032096604944175725	-0.0018570303241219666	0.96285701	55.705513	0.92398546	0.06926602605734367	0.0122615	3e-05
-0.1519	-0.6506	-0.0125	-0.004590215932745087	-0.003223623128433527	-0.0018884462506578647	0.99683428	57.67124557	0.94086224	0.03943937979737196	0.012851	4e-05
-0.1378	-0.7571	0.043	-0.005000368306963754	-0.0033580134808370897	-0.001762782544514273	1.02103221	59.07120514	0.95728868	0.20961032163829113	0.0123808	1e-05
-0.144	-0.6907	0.0124	-0.004201007509550351	-0.003089232776029963	-0.0018360863730980347	0.99803168	57.74052048	0.93969923	0.1602722665402145	0.0123939	7e-05
-0.1514	-0.658	0.0081	-0.0040561451816348215	-0.002949606435870417	-0.0018867009214058703	0.97041112	56.14255142	0.92884364	0.06115516081914553	0.0125366	7e-05
-0.1588	-0.6482	-0.0039	-0.003935717463247213	-0.0029688050576423546	-0.0020141099568014562	0.97881705	56.6288681	0.92770027	0.042551768777756606	0.0125979	6e-05
-0.1423	-0.7531	0.0521	-0.004349360495969869	-0.003152064629101759	-0.0018605209826259553	1.01492548	58.71789932	0.94878905	0.21492457891787803	0.0129902	3e-05
-0.143	-0.7592	0.0059	-0.004408701690537677	-0.0031834805556376572	-0.0018552849948699724	1.04344344	60.36779022	0.97019525	0.057799655442984384	0.0122281	5e-05
-0.1531	-0.6749	-0.0236	-0.004118977034706617	-0.0031293753488258326	-0.001954768762233649	1.00884473	58.36610031	0.94502729	0.146065681500328	0.0125884	6e-05
-0.1591	-0.6823	0.0031	-0.004089306437422714	-0.0031119220563058892	-0.0019774580425095754	1.01030076	58.45034027	0.94707833	0.04359065850398856	0.0125152	7e-05
-0.1509	-0.824	0.0816	-0.004921828490624009	-0.0032724923474893677	-0.001780235837034216	1.05317688	60.93091583	0.97479807	0.28791572749300653	0.0125541	8e-05
-0.1512	-0.7591	0.0037	-0.004565781323217166	-0.0032794736644973454	-0.0018186330805780916	1.02137434	59.09099579	0.95910159	0.1631712863979347	0.0121631	5e-05
-0.1681	-0.6924	-0.0322	-0.004098033083682686	-0.0031817352263856626	-0.0020263272615654165	0.99881208	57.78567123	0.93840931	0.1581590429316744	0.0122361	6e-05
-0.1673	-0.7462	0.0053	-0.004338888520457902	-0.003190461872645634	-0.0020245819323134223	1.02248657	59.15534592	0.95178636	0.10466637061435909	0.0123948	8e-05
-0.1535	-0.8243	0.018	-0.004696681017116741	-0.0032812189937493396	-0.001864011641129944	1.05978739	61.31336212	0.97598525	0.13505599544730118	0.0120373	3e-05
-0.167	-0.7149	-0.0447	-0.004272566008882118	-0.0032864549815053226	-0.0020839231268812296	1.0073477	58.27949142	0.94713448	0.2180631240870946	0.0119134	2e-05
-0.174	-0.6962	-0.0423	-0.00415213829049451	-0.0031956978604016175	-0.0021223203704251047	0.97686189	56.5157547	0.92604357	0.04057910415175934	0.0122156	9e-05
-0.1661	-0.8248	0.0285	-0.004810127418496373	-0.0032777283352453507	-0.001998401993533507	1.02823424	59.48786926	0.9611562	0.2504968989868596	0.0121805	3e-05
-0.1701	-0.792	-0.0104	-0.0049462631001519295	-0.003309144261781249	-0.0020263272615654165	1.05422449	60.99152374	0.97540172	0.08547384381116814	0.0123388	6e-05
-0.1842	-0.7163	-0.0405	-0.004639085151800928	-0.0033318335420571745	-0.00217293491873294	1.00017786	57.86468887	0.93796569	0.1437237442897225	0.0117021	7e-05
-0.1797	-0.7433	-0.0278	-0.00463559449329694	-0.00326551103048139	-0.002090904443889207	1.00346255	58.05471802	0.94297941	0.05179218224617523	0.0121356	6e-05
-0.1622	-0.8816	0.0101	-0.005208062487951079	-0.003351032163829113	-0.0018256143975860688	1.0451684	60.46758652	0.96764193	0.23986395871525007	0.0119378	6e-05
-0.1802	-0.7592	-0.0602	-0.004886921905584123	-0.0033911747366249826	-0.002061233846605303	1.04342592	60.36677933	0.96073082	0.24054513020910304	0.0127558	7e-05
-0.1926	-0.7056	-0.048	-0.004996877648459765	-0.0034627332359567498	-0.0021921335405048776	1.00026226	57.86956787	0.93606833	0.09382069680534916	0.0118192	2e-05
-0.1888	-0.8407	0.0001	-0.0055484016920899736	-0.003518583772020568	-0.002092649773141201	1.01559651	58.7567215	0.94900828	0.2223429173528852	0.0115445	5e-05
-0.1852	-0.8016	-0.0562	-0.0054663712172462395	-0.0035953782591083183	-0.002139773662945048	1.0185498	58.92758179	0.95775215	0.10929744258676657	0.0120166	6e-05
-0.1924	-0.7141	-0.0696	-0.004991641660703782	-0.003525565089028546	-0.0022706733568446224	1.01961696	58.98932266	0.94265698	0.14187212102609023	0.0125529	5e-05
-0.197	-0.7052	-0.0661	-0.004766494187196514	-0.003455751918948773	-0.002319542575900464	0.99659109	57.65717697	0.9307622	0.03419149313214406	0.0119785	3e-05
-0.1812	-0.825	0.0086	-0.005494296485278149	-0.003522074430524557	-0.002118829711921116	1.02342319	59.20953369	0.95343649	0.26004188368183834	0.0114908	3e-05
-0.1883	-0.813	-0.0608	-0.005434955290710342	-0.003530801076784529	-0.002145009650701031	1.03218675	59.71654129	0.96150188	0.09321238898038472	0.0124026	5e-05
-0.1873	-0.7258	-0.0895	-0.005026548245743668	-0.0036285395148962112	-0.0021886428820008896	1.0048064	58.13246536	0.93465676	0.14438893571891068	0.0126498	8e-05
-0.2005	-0.7116	-0.0857	-0.00486597795456019	-0.003600614246864302	-0.00231779724664847	0.98347592	56.89840698	0.92142685	0.047082496193148395	0.0122388	5e-05
-0.186	-0.842	0.0004	-0.005375614096142535	-0.0035901422713523357	-0.002169444260228951	1.03346622	59.79056168	0.95918912	0.2644230551756915	0.0117247	2e-05
-0.1882	-0.8323	-0.0616	-0.005220279792715039	-0.0035744343080843866	-0.002237512101056731	1.01716411	58.84741592	0.95577645	0.08585550537616117	0.0123369	4e-05
-0.1893	-0.7425	-0.0836	-0.004845034003536259	-0.0034714598822167216	-0.0022654373690886398	0.98046744	56.72435379	0.92098537	0.1382072741539177	0.0123629	3e-05
-0.196	-0.7304	-0.0808	-0.004811872747748367	-0.0034644785652087444	-0.0023404865269243957	0.9903993	57.29895401	0.92950662	0.027359586531581263	0.0128652	3e-05
-0.1743	-0.8681	0.0027	-0.0054384459492143305	-0.003516838442768574	-0.0020298179200694054	1.03530002	59.89665604	0.95582314	0.2923800842940391	0.0117228	5e-05
-0.1717	-0.8318	-0.0473	-0.005300564938306779	-0.003597123588360313	-0.00200363798128949	1.01080167	58.47932053	0.94389089	0.10111730476396028	0.0121763	3e-05
-0.1872	-0.759	-0.0788	-0.004839798015780276	-0.0034714598822167216	-0.002186897552748895	0.98013383	56.70505142	0.92079862	0.15828451000647495	0.0125057	7e-05
-0.1737	-0.8593	-0.0055	-0.005496041814530144	-0.003569198320328404	-0.0019861846887695473	1.01385295	58.65584946	0.94870382	0.23483475504204485	0.011978	2e-05
-0.1788	-0.8811	-0.0476	-0.006021385919380436	-0.003661700770684103	-0.0020472712125893483	1.05044055	60.7726059	0.97710244	0.10294665395128964	0.0125028	5e-05
-0.1937	-0.7927	-0.0743	-0.005701990666265475	-0.003522074430524557	-0.0022200588085367874	0.98739159	57.12494659	0.92843362	0.16159045946109735	0.0122103	4e-05
-0.183	-0.8925	0.0003	-0.006045820528908357	-0.003555235686312449	-0.0020350539078253884	1.02492154	59.29621887	0.95138852	0.21319980095710864	0.0118515	2e-05
-0.1835	-0.928	-0.0381	-0.0062570053683996705	-0.0036704274169440743	-0.0021205750411731105	1.03230929	59.72363281	0.96861376	0.09499488517353313	0.0122548	5e-05
-0.1915	-0.8156	-0.074	-0.006016149931624455	-0.003701843343479973	-0.0021642082724729686	0.98389775	56.9228096	0.92875522	0.1720952297305487	0.0120571	3e-05
-0.1941	-0.8234	-0.0487	-0.005715953300281429	-0.003556981015564444	-0.0021886428820008896	0.98438436	56.95096207	0.92972378	0.059174678439323794	0.012229	6e-05
-0.1757	-0.9613	0.0198	-0.006269222673163632	-0.0036302848441482054	-0.002061233846605303	1.05640793	61.11784363	0.9694421	0.26249911184307756	0.0122785	5e-05
-0.1822	-0.87	-0.0629	-0.005939355444536703	-0.003682644721708035	-0.0020751964806212577	1.02156115	59.10180283	0.95298747	0.20030948701013568	0.0122422	5e-05
-0.1946	-0.8193	-0.0717	-0.00562345084992573	-0.00364424747816416	-0.0022183134792847924	0.95908445	55.48725128	0.90722662	0.09677094184091907	0.0122198	6e-05
-0.1822	-0.8974	-0.0098	-0.005866051615952942	-0.003661700770684103	-0.0020699604928652747	0.9984408	57.76419067	0.9345452	0.17282035224833356	0.0123338	2e-05
-0.1755	-0.9228	-0.0356	-0.006349507818755371	-0.003920009499979264	-0.00204378055408536	1.0369885	59.9943428	0.96678456	0.0962972435438752	0.0125782	5e-05
-0.1858	-0.8392	-0.0598	-0.006693337681398254	-0.0039898226700590365	-0.002143264321449037	0.98637813	57.06631088	0.92281396	0.14375634000431667	0.0126761	3e-05
-0.1931	-0.8363	-0.0312	-0.006756169534470049	-0.003909537524467298	-0.002267182698340634	0.95705205	55.36967087	0.91136948	0.05215176877775642	0.0124063	4e-05
-0.1801	-0.9599	0.0298	-0.006921975813409511	-0.003864158963915446	-0.0021170843826691216	1.00439775	58.10882568	0.93685965	0.21566415775814124	0.0119684	3e-05
-0.1834	-0.8909	-0.0384	-0.006462954220135002	-0.0038519416591514853	-0.002190388211252884	0.99551708	57.59503937	0.93309407	0.16772713633111155	0.0125827	3e-05
-0.199	-0.8185	-0.0729	-0.005958554066308641	-0.003841469683639519	-0.0023649211364523163	0.95830661	55.4422493	0.90679206	0.15697025272688803	0.0124192	4e-05
-0.2098	-0.8171	-0.0734	-0.005785766470361203	-0.003858922976159462	-0.0025080381351158514	0.96580344	55.87597656	0.9132142	0.02936789435654579	0.0125378	3e-05
-0.2005	-0.9175	-0.0307	-0.0064280476350951155	-0.003925245487735247	-0.0022985986248765322	0.99743629	57.70607376	0.9385193	0.1983021593274508	0.0123335	2e-05
-0.2025	-0.8344	-0.0877	-0.0062290801003677615	-0.004012511950334963	-0.0023771384412162766	0.99490887	57.5598526	0.93235154	0.16033869068334067	0.0128925	3e-05
-0.2045	-0.7962	-0.0834	-0.006115633698988131	-0.004014257279586958	-0.0024137903555081575	0.94894886	54.90086365	0.90062426	0.05209218224617529	0.0125976	3e-05
-0.1996	-0.834	-0.0421	-0.0060685098091842835	-0.003897320219703338	-0.002398082392240209	0.97359765	56.3269043	0.91927928	0.09298844564777074	0.0123279	5e-05
-0.1942	-0.9025	-0.0296	-0.006368706440527309	-0.003858922976159462	-0.00231779724664847	1.00117612	57.92244339	0.93714815	0.107343951023932	0.0125158	3e-05
-0.1917	-0.8207	-0.0645	-0.005866051615952942	-0.0037210419652519105	-0.0022863813201125715	0.97515887	56.4172287	0.91729872	0.15279758810089084	0.0127078	3e-05
-0.1985	-0.8068	-0.0723	-0.005731661263549379	-0.003733259270015871	-0.002357939819444339	0.96024364	55.55431747	0.90609482	0.03940830782496455	0.0129545	6e-05
-0.1846	-0.9371	0.0104	-0.0063058745874555126	-0.003701843343479973	-0.0021607176139689798	1.01305592	58.6097374	0.93917446	0.2670425727958696	0.0123671	2e-05
-0.1811	-0.9095	-0.0327	-0.005900958200992828	-0.0036582101121801144	-0.002209586833024821	0.9910934	57.33911133	0.93290544	0.09907094184091927	0.0126336	5e-05
-0.1933	-0.8386	-0.0575	-0.005544911033585984	-0.0035081117965086025	-0.0023492131731843676	0.96425849	55.78659439	0.91396259	0.14018859116189503	0.0127161	6e-05
-0.1964	-0.8465	-0.0438	-0.005326744877086694	-0.0034749505407207105	-0.002373647782712288	0.96632457	55.90612411	0.91100751	0.03848810109075518	0.0127107	3e-05
-0.1765	-0.9731	0.0249	-0.0058747782622129135	-0.003560471674068432	-0.0021921335405048776	1.02722859	59.42969131	0.95217752	0.25595343803406756	0.0126102	5e-05
-0.1878	-0.8948	-0.0582	-0.00562345084992573	-0.003543018381548489	-0.0023230332344044524	1.02446747	59.26994705	0.95082472	0.19268401993533496	0.0129531	4e-05
-0.2041	-0.8365	-0.0739	-0.005235987755982988	-0.0035150931135165793	-0.002398082392240209	0.96086794	55.59043503	0.90920563	0.1148218759905204	0.0128485	2e-05
-0.1977	-0.8944	-0.0142	-0.005318018230826722	-0.003518583772020568	-0.002380629099720265	0.99849957	57.76758957	0.94144262	0.1291487212933833	0.0128066	3e-05
-0.1757	-0.9639	0.0096	-0.006003932626860492	-0.0037245326237558994	-0.0022043508452688383	1.02640963	59.38230896	0.95717123	0.16870707511102642	0.0123627	3e-05
-0.1969	-0.8571	-0.0529	-0.005784021141109208	-0.0036843900509600297	-0.002371902453460294	1.00732052	58.27792358	0.93812295	0.21188028333693049	0.0128134	7e-05
-0.2059	-0.8359	-0.0399	-0.005750859885321316	-0.00364424747816416	-0.0024294983187761066	0.98337835	56.89276123	0.91955885	0.049744984694978726	0.0125471	5e-05
-0.2077	-0.9613	0.0214	-0.006489134158914917	-0.0037681658550557575	-0.002432988977280095	1.01053131	58.46368027	0.94363515	0.23178416544945943	0.012476	3e-05
-0.2153	-0.8951	-0.0567	-0.006579891280018623	-0.004029965242854907	-0.0025202554398798117	1.02085721	59.06108093	0.95449312	0.17389114857512863	0.0131742	4e-05
-0.2257	-0.8315	-0.0639	-0.006180210881311922	-0.0038903389026953604	-0.0026529004630313807	0.982867	56.86317825	0.91655663	0.11479758810089082	0.0130054	8e-05
-0.2195	-0.9095	-0.013	-0.00616799357654796	-0.003841469683639519	-0.002570869988187647	0.99827152	57.75439835	0.93232125	0.14225584993317683	0.012725	5e-05
-0.2053	-0.9707	-0.0356	-0.005859070298944964	-0.0037524578917878084	-0.002441715623540067	1.03228533	59.72224426	0.96069229	0.12435447170511432	0.013086	3e-05
-0.2123	-0.9156	-0.0397	-0.007016223593017205	-0.00365646478292812	-0.0025115287936198403	1.09378552	63.28030396	1.00138057	0.13234797865058515	0.0151702	0.00014
-0.2028	-1.0336	0.0806	-0.009836675664240041	-0.003371976114853045	-0.0021624629432209744	1.1616621	67.20726013	1.03978234	0.4205003294848389	0.0181001	0.00042
-0.2009	-1.122	0.1224	-0.011348130796467132	-0.003120648702565861	-0.002078687139125246	1.29387796	74.85652924	1.11095676	0.22442791743050017	0.0239226	0.00278
-0.1935	-1.0207	0.0736	-0.010955431714768408	-0.003038618227722128	-0.002001892652037496	1.34220421	77.65241241	1.15957703	0.18507620218151047	0.0180578	0.00031
-0.2147	-0.9991	0.0138	-0.010040879186723379	-0.003127630019573839	-0.0023422318561763904	1.12683702	65.19247437	1.00896154	0.16979517620178164	0.016683	0.00031
-0.2179	-1.0225	0.0537	-0.010625564486141478	-0.0033300882128051803	-0.0023771384412162766	1.06937575	61.86809158	0.9683574	0.10760250388446634	0.0189604	0.00043
-0.1988	-1.129	0.117	-0.01116661655425972	-0.0033318335420571745	-0.002131047016685076	1.07677281	62.29603958	0.97887688	0.22834444109507196	0.0182228	0.00033
-0.196	-1.0287	0.0521	-0.010711085619489202	-0.003363249468593073	-0.0021886428820008896	1.01665998	58.81825256	0.938605	0.19522713633111163	0.0167357	0.00016
-0.1958	-0.9416	0.0425	-0.009719738604356421	-0.0032899456400093115	-0.0022322761133007477	0.99450558	57.53652191	0.93131715	0.15231420375081997	0.0146453	0.00013
-0.1848	-1.0069	0.0846	-0.00960629220297679	-0.0032916909692613052	-0.0020943951023931952	1.02488017	59.29382324	0.94178137	0.13105363707695875	0.0148973	0.00016
-0.1834	-1.0462	0.0715	-0.00976860782341226	-0.003349286834577118	-0.0020996310901491783	1.05805254	61.21298981	0.96775675	0.06505737367536338	0.0153185	0.00012
-0.1982	-0.9203	0.0138	-0.009084438756630484	-0.0032794736644973454	-0.0023265238929084412	1.01974332	58.99663544	0.93927859	0.24744375198104057	0.0134098	7e-05
-0.2002	-0.8718	0.02	-0.00865159710213589	-0.0032637657012293962	-0.002319542575900464	0.97937346	56.66106033	0.91882604	0.07947654673852599	0.0129697	1e-05
-0.1882	-0.9947	0.0964	-0.00929213293761781	-0.0032166418114255493	-0.0020717058221172693	1.03339124	59.78622437	0.9471632	0.258074823953448	0.0136912	8e-05
-0.1949	-0.9799	0.0205	-0.009011134928046723	-0.0032498030672134413	-0.002150245638457014	1.04880857	60.67818451	0.96952076	0.11703495408493617	0.0137389	3e-05
-0.2002	-0.8829	-0.027	-0.008632398480363955	-0.0033580134808370897	-0.0021991148575128553	0.99168587	57.37338638	0.92404367	0.1765908040181129	0.0131792	6e-05
-0.1997	-0.9098	0.0154	-0.008758062186507546	-0.0033615041393410786	-0.002190388211252884	0.99480438	57.5538063	0.92739651	0.0766940505453776	0.0131458	2e-05
-0.1916	-1.0129	0.0441	-0.009086184085882479	-0.003193952531149623	-0.002097885760897184	1.0351516	59.88806915	0.95103932	0.16930879789610428	0.0136271	6e-05
-0.2041	-0.905	-0.021	-0.008452629567408538	-0.003321361566545209	-0.002310815929640492	1.00699425	58.25904465	0.93410349	0.2341946861306416	0.01288	3e-05
-0.2141	-0.8669	-0.0198	-0.008244935386421213	-0.0032899456400093115	-0.0024277529895241124	0.95780218	55.41306686	0.90332436	0.06710235837034219	0.0127692	5e-05
-0.1935	-0.9943	0.0762	-0.00855385866402421	-0.0032218777991815323	-0.0022462387473167022	1.03117347	59.65792084	0.95420698	0.27192526803190925	0.0130184	3e-05
-0.1943	-1.0089	0.0132	-0.008600982553828056	-0.0033405601883171464	-0.0022218041377887812	1.06747854	61.75832367	0.98645012	0.087912044423369	0.0136096	7e-05
-0.2051	-0.9088	-0.0317	-0.008239699398665229	-0.00326551103048139	-0.002336995868420407	1.00926459	58.3903923	0.92636052	0.18337620218151035	0.0128182	3e-05
-0.2101	-0.9271	-0.0073	-0.008217010118389304	-0.0031764992386296795	-0.0024015730507441976	0.98602015	57.04560089	0.92044333	0.05651391272257129	0.0130826	3e-05
-0.19	-1.0784	0.0687	-0.009061749476354559	-0.003333578871309169	-0.0022130774915288098	1.04837632	60.65318298	0.95630522	0.30691572749300666	0.014137	3e-05
-0.2076	-0.9771	-0.0305	-0.00853815070075626	-0.003258529713473413	-0.00239459173373622	1.03771007	60.03608704	0.95851759	0.2571081087820733	0.0133579	5e-05
-0.2123	-0.9268	-0.0237	-0.00808261976598574	-0.0030997047515419294	-0.0025237460983838006	1.01365173	58.644207	0.93735182	0.09897551306747923	0.0130624	6e-05
-0.1832	-1.1621	0.1178	-0.010314895879286487	-0.00312413936106985	-0.0022863813201125715	1.26883686	73.40779114	1.10070363	0.5306037750549949	0.0205675	0.00147
-0.1998	-1.0817	0.0313	-0.010255554684718681	-0.0030595621787460597	-0.0024609142453120045	1.20508254	69.7193222	1.06763632	0.19842256510455125	0.0194725	0.00075
-0.2086	-0.9785	0.1726	-0.012685053003494786	-0.0027244589623631483	-0.0023649211364523163	1.25576937	72.65177917	1.11485327	0.39632973220093526	0.0238804	0.00238
-0.2145	-0.9859	0.0478	-0.010328858513302442	-0.0029269171555944902	-0.002633701841259443	1.31608021	76.14102936	1.15088643	0.2794716694115405	0.0163449	0.00026
-0.214	-1.075	0.03	-0.010451031560942046	-0.0030159289474462015	-0.002518510110627818	1.14118171	66.02237701	1.02149099	0.12371882850614697	0.0170044	0.00022
-0.2146	-0.9815	0.0124	-0.010824532020868832	-0.0034016467121369483	-0.0024556782575560214	1.06187189	61.43395996	0.96802221	0.15280250388446642	0.0179215	0.00018
-0.2084	-0.9901	0.0591	-0.011267845650875392	-0.003337069529813158	-0.0023509585024363614	1.00769866	58.29979706	0.93226358	0.09213052837250045	0.0176035	0.00023
-0.187	-1.0898	0.1017	-0.011522663721666564	-0.0032637657012293962	-0.002155481626212997	1.04071772	60.21009445	0.95818242	0.189879938779915	0.0161822	0.00015
-0.2016	-0.9913	0.0293	-0.010876891898428661	-0.0032724923474893677	-0.0022846359908605773	1.01938045	58.97563934	0.94115088	0.22468264170727287	0.0155829	8e-05
-0.2074	-0.9357	0.022	-0.010372491744602301	-0.0031363566658338103	-0.0024033183799961914	0.97031087	56.13674927	0.9101911	0.10666091123087657	0.0144578	8e-05
-0.1965	-1.0509	0.0879	-0.01048070215822595	-0.003178244567881674	-0.002303834612632515	0.99693751	57.67721939	0.92993637	0.20447910415175943	0.0148668	5e-05
-0.1957	-1.0391	0.0441	-0.010267771989482642	-0.003178244567881674	-0.002282890661608583	1.00216782	57.97981644	0.9334862	0.06809370598836201	0.0144008	4e-05
-0.2024	-0.9533	0.0137	-0.00978431578668021	-0.0031555552876057474	-0.002384119758224254	0.97853822	56.61273956	0.91486425	0.1532687289847013	0.0141763	5e-05
-0.204	-0.9608	0.0135	-0.009391616704981487	-0.0029513517651224112	-0.0023439771854283846	0.96621537	55.89980698	0.91147454	0.04115225884889641	0.0139002	7e-05
-0.1917	-1.1018	0.0705	-0.009946631407115682	-0.0030490902032340936	-0.0022008601867648495	1.01235473	58.56917572	0.93908796	0.2500935069454705	0.0140695	5e-05
-0.1936	-1.0156	0.0065	-0.009721483933608416	-0.003153809958353753	-0.0022008601867648495	0.98684162	57.0931282	0.92750334	0.16859336143134607	0.013962	4e-05
-0.1972	-0.9544	0.0007	-0.009225810426042026	-0.0031171580440618727	-0.0023422318561763904	0.9686051	56.03806305	0.90795225	0.1042848545634906	0.013864	9e-05
-0.2027	-0.9655	0.0163	-0.009053022830094588	-0.0031031954100459182	-0.002373647782712288	0.95452791	55.22363663	0.90183561	0.04310830782496451	0.0133829	4e-05
-0.1899	-1.0889	0.0643	-0.00952600705738505	-0.003157300616857742	-0.002228785454796759	1.01520228	58.73391724	0.94604432	0.21779758810089064	0.0142537	3e-05
-0.2018	-1.0042	-0.0088	-0.00929213293761781	-0.0030613075079980543	-0.0023125612588924867	1.00603354	58.20346069	0.94018324	0.19038215163613273	0.0137806	8e-05
-0.2072	-0.9722	0.0094	-0.008925613794699	-0.003033382239966145	-0.002410299697004169	0.96081537	55.58739471	0.91578208	0.08020914245312008	0.0136131	7e-05
-0.1894	-1.1024	0.0794	-0.009154251926710258	-0.0030281462522101614	-0.0022916173078685546	1.00791144	58.31210709	0.93965948	0.2356278254451428	0.0138259	5e-05
-0.1881	-1.0565	0.0264	-0.009060004147102564	-0.003078760800517997	-0.002178170906488923	0.99650925	57.65244293	0.93088268	0.11311543646475808	0.0136868	6e-05
-0.1994	-0.9922	0.0141	-0.008974483013754843	-0.0030962140930379405	-0.00231779724664847	0.95715165	55.37543106	0.90676173	0.1000300383013606	0.0136163	6e-05
-0.2001	-1.0193	0.0413	-0.00922755575529402	-0.0031747539093776853	-0.002333505209916419	0.9751122	56.41452789	0.91846712	0.07236602605734369	0.0138668	3e-05
-0.1875	-1.1265	0.0728	-0.009789551774436193	-0.003274237676741362	-0.0021956241990088664	1.03958678	60.14466476	0.95073949	0.19126803987067004	0.0142906	7e-05
-0.2007	-1.0303	0.009	-0.00934100215667365	-0.0032480577379614467	-0.0023474678439323734	1.00650263	58.23060226	0.92851243	0.20452866007329829	0.0140625	3e-05
-0.2095	-0.9824	0.007	-0.009236282401553992	-0.0032777283352453507	-0.0024801128670839424	0.95694685	55.36358261	0.9014933	0.07205176877775656	0.0138507	7e-05
-0.2031	-1.072	0.061	-0.00937241808320955	-0.003242821750205464	-0.0023387411976724015	0.98305547	56.87408066	0.92645719	0.16562069680534933	0.0138121	5e-05
-0.192	-1.1161	0.0458	-0.009669124056048585	-0.0033265975543011915	-0.0022410027595607188	1.0306406	59.62709045	0.95358816	0.09431101075232225	0.0145336	5e-05
-0.2059	-1.0166	0.0062	-0.00911410935391439	-0.0032794736644973454	-0.002462659574563999	1.00672257	58.24332809	0.92200449	0.19418977034706625	0.0136384	5e-05
-0.2147	-0.9977	0.0174	-0.009040805525330627	-0.0033318335420571745	-0.0025342180738957666	0.96831679	56.02138519	0.90593786	0.04876111027376788	0.013592	6e-05
-0.2026	-1.1418	0.0818	-0.009583602922700864	-0.003349286834577118	-0.0024172810140121463	1.0240941	59.24834824	0.93920226	0.2544593874886899	0.0142634	6e-05
-0.2002	-1.1065	0.0234	-0.009368927424705562	-0.00334579617607313	-0.0023701571242082994	1.03599489	59.93685913	0.95186727	0.10936450231515676	0.0145007	5e-05
-0.2082	-1.0179	0.0005	-0.00908269342737849	-0.0033545228223331013	-0.002518510110627818	1.0042274	58.09897232	0.92196058	0.14166568150032813	0.013755	6e-05
-0.2083	-1.0274	0.0272	-0.009124581329426356	-0.0033562681515850955	-0.0025080381351158514	0.98610169	57.05031967	0.91282146	0.03900526034059142	0.0138532	3e-05
-0.1927	-1.1614	0.0747	-0.009733701238372377	-0.0034766958699727043	-0.002324778563656447	1.02368999	59.22496414	0.94029384	0.2427403599396516	0.0141695	5e-05
-0.1938	-1.0741	0.0126	-0.00921533845053006	-0.0034417892849328176	-0.0023998277214922034	1.02536249	59.32172775	0.93721398	0.18191592653589791	0.0142422	7e-05
-0.206	-1.0159	0.0076	-0.00895353906273091	-0.0033527774930811067	-0.0025638886711796703	0.9995153	57.82635498	0.91576892	0.10114360646691632	0.013927	5e-05
-0.2057	-1.0874	0.054	-0.00913854396344231	-0.003349286834577118	-0.002453932928304027	0.99977344	57.84128952	0.92576905	0.13312256510455142	0.0141553	6e-05
-0.1988	-1.1348	0.0398	-0.009622000166244739	-0.0034819318577286873	-0.0023387411976724015	1.03064919	59.62758636	0.9503411	0.10506464782928132	0.0147863	6e-05
-0.2008	-1.0285	0.0022	-0.009105382707654418	-0.0033859387488689996	-0.002363175807200322	1.02129972	59.08668137	0.93248468	0.1777522588488965	0.0143153	6e-05
-0.2087	-1.0385	0.0319	-0.0089570297212349	-0.003267256359733385	-0.0024766222085799536	1.00932109	58.39366531	0.92067778	0.0666240888467382	0.0143745	7e-05
-0.1967	-1.1664	0.0737	-0.009726719921364398	-0.0033999013828849537	-0.002310815929640492	1.03475535	59.86514664	0.9507173	0.2351070751110265	0.0145779	5e-05
-0.2099	-1.0679	-0.0036	-0.009370672753957556	-0.0033772121026090277	-0.0024242623310201236	1.00745022	58.28542709	0.9353411	0.21360914245312	0.0146224	4e-05
-0.2161	-1.0262	-0.0019	-0.009096656061394445	-0.0033859387488689996	-0.002541199390903744	0.99627322	57.63878632	0.91688762	0.06958401993533522	0.0146536	5e-05
-0.2033	-1.1779	0.0787	-0.009869836920027934	-0.0034644785652087444	-0.0023003439541285265	1.04173923	60.26919556	0.95066176	0.29972880558742243	0.0146768	7e-05
-0.2036	-1.1401	0.0157	-0.009752899860144312	-0.003387684078120994	-0.002356194490192345	1.02213025	59.13473129	0.94806298	0.1135791041517596	0.0145302	5e-05
-0.2131	-1.0422	-0.014	-0.009278170303601856	-0.0034033920413889425	-0.0024923301718479027	0.9893862	57.24034119	0.92334526	0.16842866007329804	0.0144801	2e-05
-0.2132	-1.1044	0.0332	-0.00936543676620157	-0.0034103733583969193	-0.00244695161129605	1.01593363	58.77622986	0.9337511	0.1164813170079772	0.0150123	5e-05
-0.1984	-1.2076	0.0638	-0.010089748405779218	-0.003455751918948773	-0.0022462387473167022	1.05158579	60.83886337	0.96284832	0.1971201532054424	0.0150244	1e-05
-0.2044	-1.0937	-0.0041	-0.009587093581204851	-0.003467969223712733	-0.0023457225146803788	1.00633466	58.22088242	0.93201246	0.21851779483510037	0.014877	7e-05
-0.2121	-1.0534	-0.0034	-0.009159487914466241	-0.0034400439556808234	-0.0025342180738957666	0.98764247	57.1394577	0.91534649	0.08090132469929535	0.0148193	3e-05
-0.2072	-1.1944	0.0803	-0.009819222371720098	-0.0033929200658769764	-0.0023788837704682713	1.04620695	60.52767181	0.94910667	0.27270963252426	0.0156363	9e-05
-0.2051	-1.1696	0.0125	-0.00973893722612836	-0.0034417892849328176	-0.0023649211364523163	1.04538107	60.47989273	0.96198992	0.1018558499331766	0.0154381	7e-05
-0.2166	-1.0674	-0.0162	-0.009433504607029351	-0.003371976114853045	-0.002516764781375823	0.99897093	57.79486084	0.92748356	0.16875447170511448	0.0153795	5e-05
-0.1975	-1.22	0.0852	-0.010346311805822385	-0.0032899456400093115	-0.0023125612588924867	1.1382488	65.85269928	1.01855568	0.3330520598060052	0.0173736	0.00022
-0.2081	-1.3	0.0026	-0.011042698177368124	-0.0033597588100890844	-0.0024678955623199817	1.33350754	77.14927673	1.16674742	0.2192766922526504	0.0265796	0.00281
-0.2079	-1.1226	-0.0836	-0.011381292052255023	-0.003530801076784529	-0.002494075501099897	1.46576214	84.80078125	1.25976333	0.29059080401811294	0.0226311	0.00131
-0.2354	-1.1002	-0.0368	-0.010838494654884786	-0.003242821750205464	-0.0029146998508305304	1.21332598	70.19624329	1.08413699	0.15927005368399672	0.0175254	0.00022
-0.2151	-1.2582	0.0639	-0.012182398178920419	-0.0033946653951289706	-0.0026616271092913526	1.21403348	70.23717499	1.06936214	0.36644099552491577	0.0234205	0.00105
-0.2149	-1.204	0.0254	-0.0122190500932123	-0.0035499996985564664	-0.002522000769131806	1.22786915	71.03762817	1.07684481	0.1094806278939462	0.0189968	0.00024
-0.2292	-1.0609	0.0024	-0.01125911900461542	-0.0036983526849759846	-0.0026825710603152844	1.09501576	63.35147476	0.9851129	0.2438427183099937	0.0162258	8e-05
-0.2345	-1.0618	0.0345	-0.011245156370599465	-0.003790855135331684	-0.002764601535159018	0.98442996	56.95360184	0.91271799	0.047724777960769536	0.0157002	0.00012
-0.2108	-1.1963	0.0751	-0.011321950857687215	-0.0037751471720637348	-0.0025499260371637153	1.04390466	60.39447784	0.96369436	0.21415889741754993	0.0156963	0.00011
-0.2471	-1.0874	-0.0365	-0.010220648099678794	-0.0036896260387160127	-0.0029059732045705585	1.03313315	59.77129745	0.95045583	0.3339435529381494	0.0152645	3e-05
-0.2557	-1.0588	-0.0222	-0.00975988117715229	-0.0036983526849759846	-0.003068288825006031	0.98338169	56.89295578	0.92214539	0.08309045946109729	0.0142099	5e-05
-0.2465	-1.1934	0.0412	-0.01071457627799319	-0.003871140280923423	-0.0029269171555944902	1.02951396	59.56190872	0.95317233	0.2706427183099939	0.0153509	3e-05
-0.2627	-1.0857	-0.0392	-0.010777408131064986	-0.004101523742186674	-0.0030665434957540365	1.02706516	59.42023468	0.95554389	0.2259420827247296	0.0159233	5e-05
-0.269	-1.0407	-0.0173	-0.010513863414013842	-0.004029965242854907	-0.0031328660073298214	0.98349994	56.89979553	0.91588124	0.09327128639793496	0.0151306	6e-05
-0.2464	-1.1849	0.0465	-0.011060151469888067	-0.004052654523130833	-0.0028780479365386495	1.00958908	58.40916824	0.9343081	0.27178977034706614	0.0153699	3e-05
-0.2501	-1.1026	-0.0303	-0.01084023998413678	-0.0040334559013588955	-0.002892010570554604	1.00567496	58.18272018	0.93403811	0.1754536370769589	0.0156839	6e-05
-0.2611	-1.0314	-0.0174	-0.010677924363701307	-0.003998549316319009	-0.003082251459021986	0.95503688	55.25308228	0.90418293	0.11447315469713704	0.0155604	4e-05
-0.2518	-1.1016	0.0377	-0.010937978422248463	-0.004075343803406759	-0.0029722957161463434	0.99112219	57.34077454	0.92120574	0.1569402144255272	0.0154757	5e-05
-0.2468	-1.1605	0.0117	-0.011318460199183226	-0.004197516851046362	-0.002893755899806598	1.03474832	59.86473846	0.9606047	0.11895973204570576	0.0161283	6e-05
-0.2577	-1.0516	-0.0191	-0.010918779800476527	-0.004096287754430691	-0.003043854215478111	0.99416339	57.51672363	0.92115039	0.18315039054969412	0.015799	7e-05
-0.2523	-1.0507	0.0144	-0.010862929264412706	-0.004098033083682686	-0.0030421088862261168	0.95968044	55.52173233	0.90139325	0.0427670597283906	0.0154673	6e-05
-0.2273	-1.189	0.0835	-0.01149299312438266	-0.004162610266006475	-0.0027995081201989047	1.0206933	59.05159378	0.94017056	0.27926209041604794	0.01573	4e-05
-0.2259	-1.1183	-0.0035	-0.011039207518864133	-0.004141666314982544	-0.002820452071222836	0.99398911	57.50664139	0.93185904	0.1838836753783195	0.0157625	3e-05
-0.2305	-1.0695	-0.0018	-0.01078788010657695	-0.003963642731279122	-0.0028187067419708422	0.9579919	55.42404175	0.90236393	0.07665481626213011	0.0152851	3e-05
-0.2142	-1.1835	0.0783	-0.011248647029103453	-0.004054399852382828	-0.0025883232807075904	1.01102793	58.49240875	0.93141809	0.24949537524467308	0.0156129	6e-05
-0.2152	-1.2053	0.023	-0.011341149479459155	-0.004085815778918725	-0.002567379329683659	1.03246295	59.73252487	0.95785498	0.08534311639577656	0.0159201	2e-05
-0.2279	-1.1208	-0.0044	-0.010875146569176668	-0.003937462792499207	-0.002694788365079245	0.96806639	56.00689697	0.91020372	0.16168824660487954	0.0152038	3e-05
-0.2275	-1.1244	0.0265	-0.010862929264412706	-0.0038885935734433662	-0.002708750999095199	0.94718611	54.79888153	0.89605516	0.03865245789178789	0.01535	5e-05
-0.2158	-1.252	0.0903	-0.011524409050918559	-0.004026474584350918	-0.0025464353786597265	1.01314342	58.61480331	0.93536524	0.25118382089244384	0.0157927	7e-05
-0.2254	-1.1774	0.0028	-0.011206759127055588	-0.0040055306333269865	-0.002649409804527392	1.00738525	58.28166962	0.93974537	0.19377841503772836	0.0158176	6e-05
-0.2361	-1.1353	-0.0016	-0.010974630336540345	-0.003932226804743224	-0.002782054827678961	0.94878727	54.89151382	0.89523589	0.07910388211252878	0.0154533	5e-05
-0.2278	-1.2163	0.0642	-0.011194541822291628	-0.003921754829231259	-0.0026616271092913526	0.99492669	57.56088257	0.92302702	0.1726405589825428	0.0157195	0.0001
-0.2205	-1.2675	0.0374	-0.01141619863729491	-0.00393048147549123	-0.0025883232807075904	1.03288162	59.75674057	0.95194159	0.10048436449235092	0.0160933	3e-05
-0.2332	-1.1565	-0.0037	-0.011032226201856158	-0.003946189438759179	-0.0027942721324429216	0.99448735	57.53546524	0.92580561	0.1950814625221016	0.0158528	6e-05
-0.2414	-1.13	0.0068	-0.010904817166460572	-0.0040229839258469294	-0.002879793265790644	0.95655376	55.34083939	0.8984506	0.05968623279155313	0.0160009	5e-05
-0.2356	-1.2313	0.07	-0.011309733552923255	-0.004120722363958612	-0.002775073510670984	1.00045466	57.88069916	0.92275506	0.20066872898470145	0.0160736	9e-05
-0.2386	-1.1724	-0.0024	-0.01117010721276371	-0.00416435559525847	-0.0028309240467348025	1.01587594	58.77288818	0.93945113	0.14625550537616103	0.0164022	7e-05
-0.2411	-1.103	0.003	-0.011042698177368124	-0.0041661009245104645	-0.002885029253546627	0.98149347	56.78371429	0.9020544	0.0864629785729704	0.0161061	9e-05
-0.243	-1.0961	0.0251	-0.011018263567840202	-0.004146902302738527	-0.0029478611066184224	0.95751798	55.39662552	0.8973856	0.03622325421858261	0.0162129	7e-05
-0.2265	-1.2061	0.0868	-0.011369074747491064	-0.00409977841293468	-0.0027296949501191318	0.99739248	57.7035408	0.92872167	0.2190050612976998	0.0162013	9e-05
-0.2245	-1.1398	0.0266	-0.011117747335203878	-0.003991567999311032	-0.0027052603405912107	0.9857828	57.03186798	0.92563633	0.14769862177193777	0.0165187	8e-05
-0.2319	-1.084	0.0299	-0.010890854532444616	-0.00399505865781502	-0.0028361600344907856	0.95814234	55.43274689	0.90301531	0.08456415775814102	0.0158941	0.00011
-0.2201	-1.1839	0.0915	-0.011337658820955164	-0.0040334559013588955	-0.002673844414055313	0.99053442	57.30677032	0.92685519	0.20567585762449467	0.0160689	7e-05
-0.2254	-1.127	0.0221	-0.011184069846779665	-0.004073598474154764	-0.0027890361446869386	1.02483702	59.29132462	0.94523301	0.1470461638801496	0.0163196	0.00011
-0.2363	-1.0619	0.0204	-0.011014772909336213	-0.003998549316319009	-0.002879793265790644	0.97001177	56.1194458	0.90487697	0.09445516081914562	0.0159872	7e-05
-0.2299	-1.0963	0.0535	-0.011075859433156017	-0.0040613811693908045	-0.002823942729726825	0.97339988	56.31546402	0.91280748	0.08288844564777091	0.0162233	0.0001
-0.2191	-1.1948	0.0694	-0.011578514257730382	-0.004136430327226561	-0.002673844414055313	1.02543676	59.32602692	0.94405726	0.16159011490408173	0.0164521	0.00013
-0.2249	-1.0963	0.0057	-0.011191051163787642	-0.00404741853537485	-0.002764601535159018	1.00812614	58.32452774	0.92811174	0.19636160034490785	0.0162811	9e-05
-0.2328	-1.0591	0.0181	-0.011119492664455872	-0.0039723693775390945	-0.0028326693759867967	0.98583144	57.03468323	0.9026084	0.06823377489976534	0.0163075	7e-05
-0.2231	-1.0989	0.0667	-0.011281808284891344	-0.004038691889114879	-0.0027035150113392165	0.99403477	57.50928116	0.92141205	0.11598962483294184	0.0164548	0.0001
-0.2092	-1.2208	0.0955	-0.011838568316277538	-0.004110250388446646	-0.0025499260371637153	1.03345096	59.7896843	0.94769066	0.20369537524467324	0.01667	0.0001
-0.2179	-1.1321	0.0234	-0.011440633246822828	-0.004110250388446646	-0.0026197392072434887	1.00138915	57.93476486	0.92774175	0.19288741197672413	0.0166606	0.0001
-0.2255	-1.1028	0.0306	-0.011349876125719123	-0.004045673206122856	-0.0027035150113392165	0.97867709	56.62077332	0.90565812	0.056055505376161247	0.0165982	0.00015
-0.2188	-1.2462	0.1133	-0.012027063875492924	-0.0041277036809665895	-0.002553416695667704	1.02160335	59.10424423	0.93949168	0.2782658270144523	0.0171567	0.00016
-0.2168	-1.2246	0.0445	-0.0118804562183254	-0.004195771521794368	-0.0025254914276357948	1.01709425	58.84337616	0.93962617	0.10453003830136064	0.0172282	0.00018
-0.2242	-1.1423	0.0272	-0.011592476891746337	-0.004213224814314312	-0.0026284658535034606	0.97679484	56.51187515	0.91154755	0.12742035224833348	0.0169344	0.00011
-0.2367	-1.1301	0.0392	-0.011548843660446477	-0.004153883619746505	-0.0027768188399229783	0.97827113	56.59728622	0.90378842	0.04926637061435925	0.0172498	0.0001
-0.2176	-1.2686	0.125	-0.012144000935376544	-0.0042271874483302664	-0.002541199390903744	1.04040349	60.19191742	0.94536475	0.28860402762665294	0.0176377	0.00015
-0.2204	-1.2348	0.0413	-0.011965977351673122	-0.004225442119078272	-0.0026249751949994717	1.02434289	59.26273727	0.94520956	0.13347723585255727	0.0171189	0.00012
-0.2323	-1.1679	0.0315	-0.011789699097221695	-0.004242895411598215	-0.0027593655474030345	0.96605194	55.89035034	0.9054906	0.1050060949687466	0.0172617	8e-05
-0.2308	-1.1963	0.059	-0.011672762037338073	-0.004187044875534397	-0.0027349309378751144	0.99407852	57.51181412	0.92010023	0.06726111027376797	0.0171877	0.00012
-0.2177	-1.3145	0.0942	-0.01217367153266045	-0.004220206131322289	-0.0025883232807075904	1.05989051	61.31932831	0.96335612	0.20053392041388968	0.017956	0.00017
-0.2346	-1.2048	0.025	-0.011901400169349333	-0.004249876728606192	-0.0027925268031909274	1.02853727	59.50540543	0.93986013	0.22110727415391776	0.0175353	0.00014
-0.2426	-1.1641	0.0256	-0.011608184855014287	-0.004199262180298357	-0.0028763026072866553	0.97144902	56.20259857	0.90341194	0.07068028333693063	0.0170824	8e-05
-0.2188	-1.293	0.1077	-0.012192870154432385	-0.004359832471481835	-0.0026075219024795284	1.03744113	60.02053452	0.94500482	0.2855018147704352	0.0173846	0.0001
-0.2281	-1.2644	0.0332	-0.012105603691832669	-0.004314453910929983	-0.002707005669843205	1.05698431	61.15119171	0.96626517	0.1240064395257622	0.0177948	0.00014
-0.2425	-1.1781	0.0229	-0.012144000935376544	-0.00429700061841004	-0.002816961412718848	0.98979545	57.26401901	0.91521546	0.11929031394697308	0.0176888	7e-05
-0.2308	-1.1983	0.0755	-0.012438961578963586	-0.004427900312309613	-0.002722713633111154	0.98140252	56.77845001	0.91471	0.11050540585471544	0.0180205	0.00014
-0.2146	-1.3222	0.1006	-0.012781046112354474	-0.0043877577395137445	-0.002570869988187647	1.06781816	61.77797318	0.97178371	0.19190353755551331	0.0180692	0.00011
-0.2427	-1.2235	0.0148	-0.011856021608797479	-0.004077089132658754	-0.002900737216814576	1.07509899	62.19920349	0.97027803	0.2908780169519457	0.0177344	0.00012
-0.2394	-1.2789	0.0646	-0.011753047182929814	-0.003467969223712733	-0.002717477645355171	1.06379354	61.5451355	0.97908627	0.1532676953136544	0.0184846	0.00011
-0.2273	-1.4656	0.2237	-0.013151055913777271	-0.0031817352263856626	-0.0026284658535034606	1.27457321	73.73966217	1.12365312	0.446562726001312	0.02694	0.00389
-0.2263	-1.343	0.1257	-0.01403244718603441	-0.0036337755026521943	-0.0025516713664157096	1.5161252	87.71450806	1.30169745	0.29211130178057115	0.025059	0.0019
-0.2774	-1.2362	-0.014	-0.011206759127055588	-0.003078760800517997	-0.0035290557475325343	1.36810696	79.15100098	1.19659176	0.5155043571114921	0.0193536	0.00041
-0.2723	-1.2748	-0.0107	-0.0105574966453137	-0.002885029253546627	-0.0036285395148962112	1.19226933	68.97801971	1.06779226	0.09412388980384674	0.0210624	0.00099
-0.2483	-1.3607	0.0209	-0.009801769079200155	-0.0026197392072434887	-0.003427826650916863	1.1595124	67.08289337	1.04129265	0.2025865238198016	0.0190632	0.00028
-0.2392	-1.3083	-0.0133	-0.010266026660230645	-0.002967059728390361	-0.0031974431896536117	1.11193001	64.33003998	1.00252249	0.14779807817203067	0.0171945	0.0002
-0.2368	-1.1979	-0.0341	-0.010231120075190761	-0.0032009338481576006	-0.0030927234345339517	1.02959192	59.56641769	0.94035302	0.1522750229963392	0.0159341	0.00015
-0.2323	-1.2272	0.0038	-0.010229374745938765	-0.0032131511529215613	-0.0029775317039023265	0.98760164	57.13709641	0.92347796	0.07815771823237921	0.0157965	0.00014
-0.2175	-1.3341	0.026	-0.010732029570513132	-0.0033562681515850955	-0.002764601535159018	1.03363287	59.80020523	0.95249502	0.18683509959906047	0.0164108	0.00014
-0.2282	-1.2385	-0.0272	-0.010588912571849598	-0.0034033920413889425	-0.0028902652413026098	1.02872002	59.51597595	0.93999639	0.17529522973054876	0.0163115	0.0001
-0.2383	-1.1806	-0.0203	-0.010506882097005862	-0.003443534614184812	-0.0030281462522101614	0.98937786	57.23986053	0.90668735	0.08790270292735773	0.0160744	9e-05
-0.2422	-1.1907	0.019	-0.010550515328305723	-0.003363249468593073	-0.003033382239966145	0.98234069	56.83272934	0.9140474	0.05975771823237915	0.0160065	6e-05
-0.2186	-1.33	0.0859	-0.01124690169985146	-0.003516838442768574	-0.0027192229746071652	1.03402197	59.82271957	0.94988787	0.2880067305540109	0.0164892	9e-05
-0.2305	-1.2589	0.0117	-0.010934487763744474	-0.0035150931135165793	-0.0029146998508305304	1.01164246	58.52796173	0.9396966	0.18268180707911744	0.0164107	5e-05
-0.2339	-1.1977	0.007	-0.010492919462989908	-0.003495894491744642	-0.0029845130209103033	0.9920125	57.39228439	0.91837777	0.09582900463031369	0.016161	3e-05
-0.2399	-1.1793	0.0157	-0.010503391438501875	-0.0034836771869806815	-0.0030613075079980543	0.97814208	56.58982086	0.90338309	0.038074188368183846	0.0161275	7e-05
-0.236	-1.2506	0.0726	-0.01099731961681627	-0.003563962332572421	-0.0029530970943744054	1.00519753	58.15509415	0.93230697	0.16622118687648915	0.0166391	9e-05
-0.2183	-1.3369	0.0718	-0.011379546723003028	-0.0038100537571036214	-0.0027715828521669953	1.02799547	59.47405624	0.95863227	0.14529163864626843	0.017264	0.00014
-0.2305	-1.2286	0.0122	-0.011026990214100174	-0.003728023282259888	-0.002909463863074547	1.00726354	58.27462387	0.93426257	0.20872339973270704	0.0170109	7e-05
-0.2307	-1.2149	0.0247	-0.010793116094332932	-0.0036041049053682902	-0.0028902652413026098	0.9949072	57.55975723	0.91822691	0.045249555921538606	0.0168298	0.00014
-0.2078	-1.4177	0.1625	-0.012437216249711591	-0.0037315139407638766	-0.0028221974004748306	1.15499234	66.82138824	1.02541346	0.455478851580101	0.0199357	0.0005
-0.2145	-1.4015	0.0819	-0.012814207368142365	-0.0036983526849759846	-0.002726204291615143	1.18984389	68.83769989	1.05373174	0.12880727415391768	0.026237	0.00236
-0.2292	-1.3391	0.0002	-0.01236740307963182	-0.003452261260444784	-0.0028605946440187057	1.36436296	78.93439484	1.14529075	0.20016430327226545	0.0265232	0.003
-0.2215	-1.2514	-0.0003	-0.012445942895971562	-0.0035046211380046137	-0.002780309498426967	1.31147647	75.87467957	1.10283804	0.10645924197456544	0.0198421	0.00037
-0.2126	-1.2892	0.0428	-0.01242499894494763	-0.0033283428835531865	-0.0026773350725593018	1.08932817	63.02242279	0.97085434	0.10480983156715105	0.019208	0.00024
-0.2053	-1.4415	0.1583	-0.014090043051350223	-0.003495894491744642	-0.002593559268463574	1.08469748	62.7545166	0.97715552	0.3709185759344889	0.0231887	0.00065
-0.2101	-1.3702	0.1023	-0.014367550402417321	-0.003673918075448063	-0.002574360646691636	1.05237675	60.88462448	0.9597647	0.1558364778271228	0.0216089	0.00041
-0.2233	-1.3333	0.0898	-0.013807299712527142	-0.0036215581978882336	-0.0027454029133870805	0.99665803	57.66104889	0.92314857	0.10178264170727284	0.0208095	0.00029
-0.2131	-1.4279	0.1337	-0.014276793281313616	-0.0036128315516282617	-0.002642428487519415	1.04731178	60.5915947	0.94263512	0.17775973204570555	0.0223666	0.00052
-0.2131	-1.339	0.0743	-0.0137270145669354	-0.0035831609543443585	-0.0026546457922833754	1.03608513	59.94208145	0.93169936	0.17788333082130392	0.0202553	0.00031
-0.2154	-1.2976	0.0797	-0.01348790445941218	-0.003649483465920143	-0.002670353755551324	0.98462677	56.96498871	0.91132314	0.06515702911834755	0.0192302	0.00024
-0.203	-1.3707	0.1323	-0.013901547492134833	-0.0037367499285198597	-0.0024748768793279594	1.00893843	58.371521	0.93048077	0.17291931857728665	0.0203763	0.00031
-0.1943	-1.3992	0.1244	-0.014128440294894098	-0.0038152897448596045	-0.0023876104167282427	1.0205493	59.04326248	0.94236914	0.06473495408493629	0.0209263	0.00027
-0.2052	-1.3185	0.1028	-0.013854423602330987	-0.0037402405870238476	-0.002535963403147761	0.98552167	57.01676178	0.91536412	0.1380709418409193	0.0191201	0.00023
-0.2123	-1.2858	0.1097	-0.013962634015954637	-0.0037489672332838195	-0.002567379329683659	0.96496463	55.82744598	0.90081519	0.054117649320975965	0.0191334	0.00018
-0.2063	-1.3528	0.1572	-0.014268066635053644	-0.0037402405870238476	-0.002450442269800039	1.00268424	58.00968933	0.92452848	0.14205481626212993	0.0196272	0.00033
-0.2018	-1.4096	0.1495	-0.0145577912908847	-0.0038135444156076103	-0.002384119758224254	1.02893436	59.52837372	0.95019752	0.09046754979953014	0.020382	0.00041
-0.2105	-1.3233	0.1114	-0.014187781489461905	-0.0037227872945039047	-0.0025289820861397836	1.00616467	58.21105194	0.92267826	0.16338146252210156	0.0190361	0.0002
-0.2183	-1.296	0.1096	-0.01387536755335492	-0.003677408733952052	-0.0025761059759436306	0.95093471	55.0157547	0.8965474	0.057145819323134096	0.0188453	0.00012
-0.2119	-1.3399	0.1405	-0.013880603541110901	-0.003754203221039803	-0.0025237460983838006	0.99056733	57.30867386	0.91722471	0.08791951762017813	0.0191695	0.00031
-0.2056	-1.4403	0.1167	-0.013882348870362897	-0.0037734018428117405	-0.0023649211364523163	1.06805921	61.79192352	0.97502969	0.13948844564777074	0.020612	0.00034
-0.2207	-1.3365	0.0714	-0.013376203387284541	-0.003677408733952052	-0.002542944720155738	1.02907503	59.5365181	0.94686797	0.20320810878207324	0.0189483	0.00016
-0.2266	-1.2923	0.0865	-0.01330289955870078	-0.003691371367968007	-0.002647664475275398	0.9794212	56.66382217	0.90792631	0.07479931088596876	0.0183215	0.00012
-0.2171	-1.3728	0.1454	-0.013547245653979986	-0.0038117990863556156	-0.0025254914276357948	1.0161109	58.78648376	0.93567202	0.1732473430653209	0.0193176	0.00023
-0.2081	-1.4326	0.1241	-0.013697343969651499	-0.003974114706791089	-0.0024434609527920616	1.06168675	61.42324448	0.96591643	0.10982222054753601	0.0197313	0.00029
-0.2172	-1.3423	0.0852	-0.013238322376376987	-0.0038083084278516272	-0.0025237460983838006	1.02547562	59.32827377	0.93300936	0.17355565089028568	0.0185668	0.00023
-0.2238	-1.3165	0.0924	-0.012913691135506045	-0.0036896260387160127	-0.002595304597715568	0.99428779	57.52392197	0.91642567	0.06534360646691623	0.0178642	0.00015
-0.2128	-1.4467	0.1531	-0.013489649788664172	-0.0038030724400956446	-0.0024731315500759648	1.02779531	59.46247482	0.93925873	0.2424789051088682	0.0189626	0.0002
-0.2117	-1.3977	0.0971	-0.013404128655316452	-0.003956661414271145	-0.0025394540616517493	1.00545812	58.17016983	0.93426971	0.1213716309549504	0.0183319	0.00016
-0.2291	-1.3159	0.0835	-0.013233086388621005	-0.00386590429316744	-0.0026965336943312393	1.01370549	58.64731979	0.92036832	0.13374395102393197	0.017455	0.00018
-0.2262	-1.331	0.1102	-0.013184217169565164	-0.003864158963915446	-0.0026546457922833754	1.00492048	58.1390686	0.91768791	0.04932512251778482	0.0174684	0.00011
-0.2152	-1.4689	0.1429	-0.013763666481227283	-0.0040055306333269865	-0.002464404903815993	1.05083668	60.7955246	0.95135816	0.22715309347705223	0.0191364	0.00027
-0.2251	-1.3923	0.0771	-0.013585642897523861	-0.004036946559862884	-0.0025883232807075904	1.02235675	59.14783096	0.93512164	0.16896789435654583	0.018479	0.00015
-0.233	-1.3256	0.0704	-0.013274974290668871	-0.004019493267342941	-0.0026895523773232616	1.01909328	58.95902634	0.91915453	0.1027675497995304	0.0175428	0.00015
-0.2296	-1.388	0.1203	-0.013426817935592377	-0.0040229839258469294	-0.0026197392072434887	1.02144933	59.0953331	0.93165192	0.12695737367536336	0.0177059	0.00015
-0.2205	-1.4667	0.1157	-0.013880603541110901	-0.004124213022462601	-0.0025115287936198403	1.04422879	60.41322708	0.95494621	0.1255612557878922	0.0190674	0.00022
-0.2293	-1.3639	0.0659	-0.013590878885279843	-0.00411548637620263	-0.0026529004630313807	1.0227555	59.17090607	0.93363986	0.18339114857512848	0.017984	0.00019
-0.2393	-1.3224	0.0651	-0.013414600630828416	-0.004148647631990522	-0.0027314402793711255	0.99580157	57.61149979	0.91125456	0.06669896632895309	0.0178932	0.00016
-0.2243	-1.4251	0.1381	-0.013819517017291099	-0.004206243497306334	-0.0025272367568877894	1.05095851	60.80257416	0.9499078	0.2240357887130916	0.0184841	0.00012
-0.2257	-1.462	0.0971	-0.014041173832294382	-0.004267330021126135	-0.002574360646691636	1.0726639	62.05832291	0.97036371	0.09579336143134644	0.0192806	0.00023
-0.2394	-1.3531	0.0577	-0.013522811044452066	-0.004162610266006475	-0.0027523842303950577	1.01791096	58.89062119	0.93492605	0.2020553063332698	0.0179674	0.00018
-0.2439	-1.3335	0.0703	-0.013418091289332405	-0.00415213829049451	-0.002808234766458876	0.992158	57.40070343	0.91105298	0.04525211333477229	0.017683	0.00011
-0.2257	-1.4743	0.1496	-0.013932963418670733	-0.004162610266006475	-0.0025062928058638572	1.04072464	60.210495	0.94586673	0.27966430327226566	0.0186467	0.00017
-0.2271	-1.4575	0.0704	-0.013688617323391526	-0.004108505059194652	-0.002530727415391778	1.0401969	60.17996216	0.95509105	0.11354429558094747	0.0193064	0.00018
-0.2352	-1.3729	0.0475	-0.013316862192716735	-0.0040613811693908045	-0.0026825710603152844	1.00979507	58.42108154	0.92894805	0.1441361332701072	0.0179286	0.00013
-0.2318	-1.3733	0.0707	-0.013411109972324427	-0.004167846253762459	-0.0026249751949994717	0.99761844	57.71661377	0.91277985	0.03991543646475786	0.0179008	0.00015
-0.2154	-1.5205	0.1451	-0.013983577966978567	-0.004241150082346221	-0.0023771384412162766	1.05114365	60.8132782	0.95584002	0.2826804288510548	0.0192471	0.00022
-0.2244	-1.4775	0.0627	-0.013985323296230562	-0.004256858045614169	-0.002466150233067988	1.02661824	59.39438248	0.95379797	0.13972325421858264	0.019243	0.00023
-0.2301	-1.387	0.0487	-0.01345997919138027	-0.004241150082346221	-0.002574360646691636	0.9970535	57.68392944	0.92668479	0.14266312408709445	0.0183844	0.00014
-0.2379	-1.3897	0.0811	-0.013421581947836393	-0.004180063558526419	-0.002621484536495483	0.99885911	57.78839111	0.92360711	0.05023038285837622	0.0182663	0.00016
-0.2177	-1.5435	0.1695	-0.013920746113906772	-0.004148647631990522	-0.0023876104167282427	1.06911492	61.85299683	0.96360749	0.300622710618676	0.0193757	0.00034
-0.2245	-1.4453	0.0552	-0.01313011196275334	-0.003935717463247213	-0.0025778513051956248	1.08154595	62.57218933	0.98117536	0.2789902604182062	0.019552	0.0002
-0.2114	-1.4482	-0.0221	-0.012138764947620562	-0.00326551103048139	-0.0023282692221604354	1.32640076	76.7381134	1.15290412	0.18885677654668948	0.0249406	0.00206
-0.1795	-1.6181	-0.367	-0.01103397153110815	-0.004000294645571003	-0.0018273597268380628	1.89900196	109.86561584	1.67528069	0.66372432634622	0.04219	0.02385
-0.2062	-1.3819	-0.5492	-0.012644910430698918	-0.004701917004872723	-0.0024050637092481865	1.89905846	109.86888123	1.68509463	0.5896132620651306	0.0342833	0.01728
-0.2666	-1.4119	-0.2443	-0.012489576127271423	-0.003239331091701475	-0.003110176727053895	1.49492085	86.48774719	1.33943095	0.5114516617202227	0.0277942	0.00367
-0.282	-1.3785	-0.1575	-0.012088150399312724	-0.003438298626428829	-0.003153809958353753	1.12932539	65.33644104	1.0163431	0.1678013246992954	0.0232391	0.00078
-0.2636	-1.5647	-0.0031	-0.014854497263723739	-0.003570943649580398	-0.002825688058978819	1.24722552	72.15747833	1.08472979	0.5203556893468757	0.0268345	0.00151
-0.2702	-1.4477	-0.0427	-0.015152948565814768	-0.0037262779530078936	-0.0029077185338225527	1.10622203	63.99980927	0.98321247	0.18999080401811289	0.0246609	0.00126
-0.2709	-1.3896	-0.0238	-0.015032520847427159	-0.0037681658550557575	-0.0029478611066184224	1.00246251	57.99686432	0.92039793	0.08782290966156714	0.0238249	0.00097
-0.2703	-1.4588	0.0157	-0.01491558378754354	-0.0037419859162758423	-0.002898991887562581	1.00903285	58.37698364	0.92967877	0.11889931088596888	0.0229501	0.00089
-0.2621	-1.491	-0.0068	-0.014379767707181279	-0.0037768925013157294	-0.0028379053637427798	1.07024276	61.91825104	0.96639071	0.09449045946109748	0.0219962	0.00088
-0.2664	-1.3787	-0.0434	-0.013871876894850931	-0.0038467056713955023	-0.0029827676916583086	1.01648486	58.80811691	0.93131324	0.1893283155162825	0.0207984	0.00052
-0.2726	-1.3366	-0.0423	-0.013569934934255911	-0.0038781215979314006	-0.003159045946109736	0.96344972	55.73980331	0.89944929	0.07488180707911732	0.0201713	0.00043
-0.2675	-1.3885	0.0003	-0.01369385331114751	-0.004078834461910747	-0.0030455995447301047	0.98942566	57.24262619	0.91547836	0.12150388211252888	0.0201634	0.00046
-0.246	-1.4949	0.0507	-0.014405947645961197	-0.004241150082346221	-0.0028187067419708422	1.05971026	61.30889511	0.96284035	0.233365137900421	0.0219132	0.00061
-0.2531	-1.3996	-0.0138	-0.013987068625482556	-0.00420449816805434	-0.002897246558310587	1.02873015	59.5165596	0.93908172	0.19360353755551327	0.020175	0.00041
-0.2649	-1.3518	-0.0235	-0.013657201396855627	-0.004171336912266447	-0.0031014500807939236	0.96501762	55.830513	0.89528513	0.09766160034490803	0.0196928	0.00033
-0.2582	-1.3929	0.0184	-0.013733995883943381	-0.004194026192542374	-0.0030490902032340936	0.97517174	56.41797256	0.91125354	0.09729218224617571	0.0195668	0.00033
-0.2334	-1.4909	0.0562	-0.01392772743091475	-0.004431390970813603	-0.002858849314766712	1.02867281	59.51324844	0.94609931	0.1916668606854988	0.0205139	0.00031
-0.2402	-1.3905	0.0	-0.013447761886616309	-0.004310963252425994	-0.002958333082130389	1.00450289	58.11490631	0.9252831	0.1983938515024861	0.0194584	0.00023
