trans_x	trans_y	trans_z	rot_x	rot_y	rot_z	dvars_std	dvars_nstd	dvars_vstd	framewise_displacement	aqi	aor
0.0	-0.0	0.0	-0.0	0.0	-0.0	n/a	n/a	n/a	n/a	0.0690415	0.01126
0.0367	0.0013	0.6712	-0.0022863813201125715	-0.0007696902001294993	0.0003159045946109737	1.75290847	134.99763489	1.44973967	0.8777988057426523	0.0506033	0.0068
0.0711	0.0272	1.1	-8.726646259971648e-06	-0.00019198621771937622	0.0017366026057343581	1.3414396	103.30897522	1.17376509	0.7029028333693055	0.0340825	0.00068
0.0562	0.0316	1.2179	-0.0005235987755982988	-0.0009704030641088471	0.000973893722612836	0.84115809	64.78054047	0.83328265	0.23999989294246596	0.0344224	0.00025
0.0171	0.236	1.5947	0.0006213372137099814	-0.0015882496193148398	0.0003577924966588376	1.03562534	79.75714111	0.9520455	0.7392441885234134	0.0318102	0.00012
-0.0372	0.4042	1.706	-0.0007958701389094143	-0.001843067690106012	-0.0006736970912698113	0.8321172	64.08426666	0.84324869	0.4689757505669608	0.0314111	8e-05
-0.0819	0.3343	1.5492	-0.004703662334124718	-0.0020350539078253884	-0.0017034413499464657	1.05508018	81.25543213	0.96881992	0.5278761335805668	0.0391404	0.00012
-0.1133	0.0987	1.3098	-0.008696975662687744	-0.0012932889757277981	-0.0026755897433073067	1.07388401	82.70358276	0.96572998	0.7917613327010726	0.0382251	7e-05
-0.127	0.0549	1.325	-0.010334094501058424	-0.0008779006137531476	-0.003454006589696778	0.72244602	55.6381073	0.75338201	0.21424620233674	0.0398722	5e-05
-0.135	0.0447	1.3257	-0.011632619464542205	-0.0006492624817418905	-0.003937462792499207	0.68531924	52.77884293	0.73893378	0.11943096491487352	0.042158	7e-05
-0.1581	0.101	1.5275	-0.010213666782670817	-0.0016301375213627037	-0.004705407663376713	0.88344449	68.03716278	0.86176617	0.4395886296184854	0.0410967	0.00013
-0.1918	0.2844	1.7423	-0.00898146433076282	-0.0023212879051524586	-0.005225515780471023	0.91543192	70.50062561	0.8752032	0.554073047639603	0.0372009	4e-05
-0.2103	0.3397	1.738	-0.010730284241261137	-0.0027384215963791032	-0.006187192198319898	0.80070037	61.66474915	0.8043159	0.23448150097869183	0.0397283	5e-05
-0.1848	0.1254	1.4772	-0.013259266327400921	-0.0032847096522533284	-0.006019640590128442	0.9429118	72.61695099	0.88026858	0.6627410875102732	0.0433284	7e-05
-0.1848	0.0587	1.458	-0.014891149178015619	-0.002453932928304027	-0.006281439977927592	0.72731459	56.01305008	0.75641006	0.2221229481181576	0.0462676	0.00011
-0.1852	0.0395	1.4588	-0.015896458827164357	-0.0021048670779051613	-0.006681120376634293	0.67786115	52.20446777	0.73536781	0.10810279491271536	0.0479314	0.00013
-0.2113	0.0884	1.5792	-0.015145967248806791	-0.002584832622203602	-0.007260569688296411	0.79062039	60.88845062	0.80258666	0.28589532171590604	0.0471775	7e-05
-0.2637	0.3804	1.3079	-0.0174829631172272	-0.0037646751965517687	-0.006661921754862355	1.50962257	116.26133728	1.2911967	0.8214743188101316	0.0693327	0.00385
-0.4351	0.8031	0.6691	-0.026408576911926197	-0.004066617157146788	-0.011369074747491064	1.62433279	125.09557343	1.39649109	1.929635437396136	0.0792739	0.00405
-0.4317	1.0652	0.8815	-0.028817131279678377	-0.008703956979695721	-0.010777408131064986	1.07556069	82.83270264	0.99494441	0.8597780403363594	0.073001	0.00245
-0.4713	1.1674	0.7952	-0.03059736711671259	-0.009155997255962252	-0.012058479802028822	0.74388701	57.28935242	0.77218378	0.403767389213229	0.0762374	0.00338
-0.5186	1.1229	0.7648	-0.03346145241923529	-0.009011134928046723	-0.014376277048677293	0.75158471	57.88217545	0.76975255	0.38853724385433475	0.0804552	0.00465
-0.5522	0.818	0.7604	-0.03251373863540236	-0.005082398781807488	-0.01640784029799869	0.8965202	69.04416656	0.86837725	0.6883006589696781	0.080296	0.00436
-0.5908	0.5344	0.8487	-0.03140021857262998	-0.00342259066316088	-0.017441075215179333	0.87465054	67.35990906	0.85286397	0.6008281549299817	0.0763006	0.00255
-0.6076	0.4303	0.9114	-0.033096678605568475	-0.0034313173094208515	-0.018053685782629343	0.69744641	53.71279907	0.74000535	0.29948986233242386	0.0789989	0.00312
0.1821	0.1436	0.3117	0.022980750261009333	-0.001228711793404008	0.005162683927399226	3.19535041	246.0851593	2.69085794	5.750920204631162	0.173942	0.08573
0.4936	0.0926	0.4009	0.04368210051891408	0.005342452840354642	0.011761773829189788	3.09150863	238.0879364	2.61565788	2.1452802396726978	0.0725473	0.00684
0.3446	0.2591	0.8261	0.026960100955556406	0.0017348572764823637	0.008086110424489729	1.51993752	117.0557251	1.30837056	1.9409629265965005	0.0410087	0.00031
0.2744	0.3539	0.85	0.02034181243199391	0.0010995574287564276	0.005733406592801372	0.96072304	73.98865509	0.91359148	0.6692146101488393	0.0356476	0.00012
0.6817	0.0781	0.497	0.02867750493951883	0.006735225583446118	0.013030628195389665	1.37183821	105.65007782	1.18841307	2.099529113240145	0.0521925	0.00196
0.5758	-0.0419	0.643	0.020045106459154877	0.006564183316750673	0.010513863414013842	1.35299432	104.19884491	1.1408502	0.937910276421761	0.0319387	8e-05
0.505	-0.0764	0.7163	0.01712517062056836	0.0062238441126117785	0.0088645272708792	0.76132196	58.63207626	0.76733883	0.4240805592930027	0.0297692	4e-05
0.4339	-0.099	0.7646	0.015001104920891262	0.005855579640440977	0.007112216701876892	0.7126677	54.8850441	0.74654872	0.3542320370425102	0.0298297	5e-05
0.3602	0.0167	1.0802	0.012137019618368567	0.003113667385557884	0.004747295565424576	0.9219929	71.00591278	0.87843107	0.9035459346929052	0.0300381	6e-05
0.2881	0.2419	1.4027	0.00887325391713917	0.0017016960206944712	0.0030229102644541784	0.93003148	71.62499237	0.88929251	0.9398061183531603	0.0274063	5e-05
0.2464	0.3634	1.4803	0.006098180406468187	0.0014887658519511632	0.0019024088846738192	0.77378714	59.5920639	0.80214954	0.4462252529597324	0.0266753	1e-05
0.2014	0.1976	1.284	0.0024399702942880727	0.0018343410438460403	0.00028274333882308137	0.94561714	72.82529449	0.89935957	0.6882725424962864	0.0305381	3e-05
0.1722	0.0505	1.2377	-0.0014276793281313615	0.0023265238929084412	-0.0007225663103256524	0.86423153	66.55750275	0.82603056	0.4908571060315285	0.0317088	3e-05
0.1197	0.0113	1.2186	-0.0031503192998497648	0.002717477645355171	-0.0018657569703819383	0.70328254	54.16225815	0.7454268	0.27363921921107104	0.0340244	4e-05
0.0763	-0.0044	1.2048	-0.005136503988619312	0.0029565877528783943	-0.0029705503868943488	0.68786383	52.97480774	0.73799263	0.23940441064025883	0.0364648	4e-05
0.0479	-0.0219	1.1837	-0.007098254067860938	0.003269001688985379	-0.003637266161156183	0.68156648	52.48983002	0.73360843	0.2140439894805224	0.0394473	4e-05
0.0196	-0.0367	1.174	-0.008925613794699	0.0036931166972200015	-0.004399975044277705	0.67589527	52.05306625	0.73571797	0.2035091809097104	0.0421938	8e-05
-0.0233	-0.0266	1.2014	-0.010444050243934069	0.0029077185338225527	-0.005330235535590682	0.69125801	53.23620605	0.74582114	0.24210475519727484	0.0441946	9e-05
-0.074	0.1196	1.423	-0.00937241808320955	0.0024853488548399255	-0.006620033852814493	0.8553583	65.87414551	0.8401741	0.5576900078465478	0.0405592	5e-05
-0.1149	0.3257	1.5966	-0.009454448558053281	0.0018867009214058703	-0.007436847942747837	0.82824051	63.78570938	0.80603566	0.4954746249105565	0.0371832	4e-05
-0.1488	0.5034	1.7014	-0.01097288500728835	0.0012671090369478833	-0.008217010118389304	0.73935348	56.94020844	0.76313084	0.4623095254667261	0.0371116	2e-05
-0.2134	0.3451	1.4021	-0.014863223909983712	0.0016545721308906245	-0.009379399400217526	1.08421755	83.49939728	0.98280059	0.7942095639233163	0.0486928	0.0003
-0.267	0.1692	1.2533	-0.017336355460059676	0.0018867009214058703	-0.010314895879286487	0.98495758	75.8550415	0.90382428	0.5603378409830083	0.0496683	0.00016
-0.2775	0.1289	1.2829	-0.01792453141798176	0.00200363798128949	-0.010676179034449314	0.68148965	52.48390961	0.73264551	0.1337198086484265	0.0511274	0.00012
-0.2897	0.1173	1.2827	-0.018182840147276925	0.0018657569703819383	-0.010964158361028377	0.65751582	50.63760376	0.71930542	0.05820845333908893	0.0521218	0.00023
-0.2955	0.2915	1.5389	-0.015578808903301385	-0.00028797932657906436	-0.01103397153110815	0.97252476	74.89754486	0.91459935	0.6775790355508158	0.0473585	0.0002
-0.2981	0.5522	1.7869	-0.013409364643072432	-0.0005515240436302081	-0.010510372755509851	0.96342474	74.19672394	0.88948132	0.6591293876439198	0.039718	4e-05
-0.3364	0.7408	1.9098	-0.014692181643288267	-0.0009861110273767962	-0.011526154380170553	0.7697736	59.28297043	0.77646527	0.48645928043115616	0.0411255	3e-05
-0.3733	0.8784	1.9655	-0.016989034938912805	-0.0022916173078685546	-0.0121893794959284	0.72380883	55.74305725	0.75756595	0.4434792345937073	0.0440432	9e-05
-0.3672	0.618	1.4188	-0.020479693442901462	-0.0009337511498169664	-0.01233598715309592	1.31163931	101.01394653	1.15694515	1.062956615960388	0.0596942	0.00083
-0.3768	0.3332	1.3447	-0.02323207767329652	8.552113334772214e-05	-0.012316788531323983	1.00784755	77.61788177	0.9209189	0.5580427567665842	0.0579458	0.00037
-0.387	0.2377	1.3711	-0.025118778594702393	0.0005166174585903216	-0.012688543661998775	0.73444289	56.56202698	0.762217	0.26657761886616316	0.060936	0.00055
-0.3947	0.2009	1.3793	-0.025954791306407675	0.0007644542123735164	-0.013063789451177558	0.65856987	50.7187767	0.72080557	0.12565476273336296	0.062993	0.00068
-0.4105	0.1754	1.3809	-0.02753082362095855	0.0010663961729685354	-0.013751449176463322	0.66422004	51.15391922	0.72573419	0.171181700021583	0.0666373	0.00095
-0.4203	0.1675	1.3941	-0.0285326426116033	0.0009180431865490173	-0.01435533309765336	0.64715683	49.83982086	0.71534733	0.11860279491271516	0.0680783	0.00107
-0.4378	0.1544	1.3919	-0.02995334062272668	0.001181587903600161	-0.014955726360339408	0.65790367	50.66747284	0.72208446	0.14703179954302864	0.0705443	0.00135
-0.4662	0.282	1.6317	-0.030227357315289794	-0.00029321531433504735	-0.01629962988437504	0.82627338	63.63421631	0.83208317	0.5504361717266976	0.069997	0.00128
-0.4963	0.4831	1.7926	-0.030445523471789082	-0.0011501719770642632	-0.01687907919603716	0.79679304	61.36383057	0.79681315	0.4748286065445312	0.0675499	0.0008
0.3689	0.0709	0.8915	0.04806636759992384	0.00819955682586936	0.008178612874845429	3.37681079	260.06005859	2.84876998	7.824465597276456	0.194719	0.09089
0.646	-0.0484	0.6352	0.06161012259539983	0.009698794653332489	0.012962560354561887	2.98572564	229.94122314	2.56746751	1.644047015132779	0.0890656	0.00727
0.4833	-0.071	0.7136	0.04675213467317211	0.005916666164260778	0.009848892969004002	1.35368228	104.25182343	1.18832782	1.3513891898428658	0.0641748	0.00103
0.4498	-0.137	0.5094	0.0468481277820318	0.006949901081441421	0.009812241054712121	1.01161671	77.90815735	0.92268666	0.3619939970166106	0.0661417	0.00148
0.3733	0.0841	0.8597	0.041784927621996246	0.004735078260660616	0.007291985614832309	1.57316542	121.15499115	1.31810075	1.1378139210348084	0.0723544	0.00706
0.1924	0.4236	1.51	0.03179291765432871	0.0006527531402458793	0.0031031954100459182	1.52379084	117.35248566	1.28415242	2.083856264643433	0.0457791	0.00036
0.0828	0.622	1.7134	0.022898719786165606	-0.0003438298626428829	0.00017627825445142725	1.04167902	80.22335815	0.9509607	1.152284901332318	0.0381442	7e-05
0.0426	0.4107	1.3724	0.015374605380818048	-0.0003822271061867582	-0.0015289084247470327	1.25379229	96.5589447	1.10740327	1.0558849164044943	0.0372869	0.00024
-0.0241	0.155	1.2356	0.009524261728133056	0.0004799655442984406	-0.003073524812762014	1.12265718	86.4597702	1.00067499	0.8720576345592586	0.0302435	5e-05
-0.0704	0.0713	1.2413	0.00669159235214626	0.0009581857593448868	-0.004253367387110181	0.78787935	60.67735672	0.79644293	0.3602366082690705	0.0309634	7e-05
-0.0996	0.0491	1.2625	0.005455899241734273	0.00038048177693476387	-0.004838052686528281	0.7171123	55.22733688	0.76378838	0.1925041196120104	0.0317515	3e-05
0.7928	0.1088	1.2284	0.048024479697875974	0.00562345084992573	0.01994213203328721	2.35025811	181.00163269	1.98505627	4.615786712447408	0.111859	0.02454
1.0724	0.3571	1.3565	0.052660074191172905	0.008108799704765655	0.025096089314426466	1.79199338	138.00770569	1.51849372	1.2697450314638057	0.0779681	0.00268
1.1155	0.4288	1.2797	0.05301786668783175	0.008045967851693859	0.025448645823329317	0.81140006	62.48876572	0.80692203	0.2302590429316744	0.0779288	0.0022
1.0791	0.1629	1.0183	0.04793197724752028	0.007773696488382744	0.02363350340125522	1.01444983	78.12634277	0.94207535	0.9223651612848338	0.0662167	0.0007
1.019	0.0494	1.0037	0.045127233139565376	0.007742280561846846	0.02193878869756872	0.79189819	60.98685837	0.78454807	0.4147437369088653	0.0615793	0.00049
0.997	0.0276	1.0278	0.0428425971487048	0.007358308126408092	0.02108706802259549	0.70230651	54.08708954	0.74158528	0.24391645506362783	0.0585551	0.00042
1.0226	0.0519	1.0938	0.039735911080154895	0.006757914863722044	0.020818287317788363	0.76155198	58.64979172	0.7782109	0.31469300180215404	0.0547003	0.00024
1.0942	0.275	1.3631	0.03805515901048436	0.006155776271784001	0.02195449666083667	0.87820798	67.63388062	0.84466012	0.7349550002328443	0.0518808	0.00012
1.0432	0.4755	1.441	0.03469889085889927	0.005989969992844539	0.02066818900211685	0.78559309	60.50128174	0.79260974	0.5698191044622192	0.047605	6e-05
0.9564	0.3955	1.2795	0.030620056396988515	0.005942846103040692	0.018395770316020233	0.93275154	71.83447266	0.8822935	0.6482188518905605	0.0426184	2e-05
0.8828	0.1715	1.1625	0.026785568030356973	0.006087708430956222	0.016404349639494702	0.92789525	71.46047211	0.86405752	0.71313856855363	0.0352274	2e-05
0.8871	0.1141	1.1553	0.025357888702225617	0.006541494036474748	0.016308356530635015	0.78988695	60.83197021	0.78748528	0.1677729021254786	0.0374394	0.00044
1.303	0.1614	1.0974	0.03561693404544829	0.012540190675579257	0.027968901263209132	1.41000223	108.58922577	1.22742342	1.9170143357450649	0.0594532	0.00128
1.076	0.3301	1.3927	0.02982942224583509	0.009656906751284626	0.02242922621737913	1.14425528	88.12311554	1.01989724	1.4015235384868916	0.0418507	4e-05
0.6295	0.6545	1.8082	0.0006841690667817771	0.003497639820996636	0.009974556675147593	1.9894172	153.21200562	1.63429086	3.5743594825786418	0.0642465	0.01093
0.6112	0.7141	1.8475	-0.00011693705988362007	0.0017645278737662671	0.011040952848116129	1.70501459	131.30915833	1.3854996	0.29723071234321496	0.0270153	1e-05
0.7235	0.4179	1.4595	0.00533721685259866	0.003963642731279122	0.01322610507161303	1.72413862	132.78196716	1.43011214	1.2884210496746018	0.0667946	0.01387
1.183	0.2101	1.0973	0.02464753969666392	0.008068657131969784	0.02544166450632134	2.13177943	164.17582703	1.75499044	2.811044833973212	0.0491282	0.00081
1.0067	0.1965	1.2134	0.013938199406426715	0.007183775201208661	0.02007303172718678	1.26699638	97.57584381	1.09904845	1.1541427500066443	0.0313781	3e-05
0.9626	0.1828	1.2481	0.013184217169565164	0.007173303225696694	0.01905550477327409	0.79458517	61.19379425	0.79377905	0.1815990583143103	0.0304995	4e-05
1.0758	0.2253	1.2093	0.04449716927959543	0.011625638147534229	0.01980250569312766	1.87850964	144.67062378	1.59727616	2.0201143975860685	0.0901866	0.01008
1.0008	0.4394	1.3802	0.039418261156291934	0.009131562646434332	0.019196876442685633	1.57788134	121.51818085	1.3225466	0.8689306437422714	0.0589525	0.0003
0.968	0.527	1.399	0.034780921333743	0.00896226570899088	0.01832595714594046	0.85666132	65.97449493	0.83333661	0.42307780283687774	0.0503727	8e-05
0.9729	0.2631	1.1488	0.031353094682826134	0.009243263718561968	0.017912314113217805	0.96804607	74.55262756	0.89409008	0.7251233846605306	0.0421489	4e-05
0.9448	0.1476	1.1604	0.02661976175141751	0.008970992355250854	0.01674119818512961	0.85027039	65.48230743	0.81201002	0.4640360111403968	0.0374931	3e-05
0.9204	0.1873	1.2672	0.0236387393890112	0.008459610884416515	0.015591026208065344	0.76982433	59.28687668	0.78230314	0.4030287905152456	0.0348907	4e-05
0.8853	0.4332	1.5062	0.019146261894377795	0.007307693578100258	0.014617132485452511	0.88216722	67.938797	0.85271635	0.8509144261781246	0.0307786	0.0
0.8083	0.6333	1.532	0.015310028198494257	0.006668903071870333	0.013156291901533255	0.81686521	62.90966034	0.81294521	0.599693239301636	0.0276777	2e-05
0.9176	0.5359	1.3287	0.022476350107182977	0.007536331710111515	0.017058848108992577	1.9943018	153.58818054	1.68005283	1.006815337719461	0.0946917	0.02995
1.4889	0.2502	0.9267	0.05305800926062761	0.009093165402890457	0.03526088687804144	2.28483343	175.96304321	1.94255604	3.7760265807636215	0.078986	0.00323
1.467	0.1837	0.9367	0.04845034003536258	0.009801769079200155	0.03374594108731036	0.83097821	63.99655151	0.82519633	0.43996093461529034	0.0707435	0.00158
1.4608	0.2003	1.0212	0.04407479960061281	0.009676105373056562	0.032326988405438975	0.80002379	61.61264038	0.80160969	0.40330784113823787	0.0645634	0.00078
1.3822	0.4283	1.3123	0.037266270188582924	0.007901105523778328	0.030192450730249905	0.95287794	73.38447571	0.89265271	1.1336033468248592	0.0531291	0.00014
1.3035	0.6327	1.4411	0.03215943679724752	0.008018042583661948	0.02790432408088534	0.8402921	64.7138443	0.82186256	0.7874948550291797	0.0472902	5e-05
1.2105	0.601	1.3913	0.026508060679289874	0.007204719152232592	0.025492279054629172	0.92329514	71.10620117	0.87331278	0.6183372287821587	0.0401773	3e-05
1.1427	0.347	1.2197	0.022218041377887812	0.007454301235267781	0.023534019633891536	0.94538134	72.80713654	0.87720214	0.8182930402587442	0.0341488	2e-05
1.0915	0.272	1.2275	0.019680332645488057	0.007714355293814937	0.02189341013701687	0.73617065	56.69508743	0.75417001	0.355918614391079	0.0327897	3e-05
1.0544	0.2516	1.2323	0.01719672911990013	0.007728317927830892	0.0206838969653848	0.70698386	54.4473114	0.74280102	0.24765396656179747	0.0317726	4e-05
1.0122	0.4014	1.4191	0.014517648718088833	0.006780604143997971	0.01942551457469689	0.78559196	60.50119781	0.79525875	0.6230588288166066	0.029175	2e-05
0.9767	0.6145	1.535	0.012459905529987518	0.006045820528908357	0.018938567713390468	0.77650589	59.80144501	0.78599845	0.5284736832248673	0.0269811	1e-05
0.8974	0.7211	1.5695	0.01048070215822595	0.0049846603436958055	0.017699383944474494	0.75274646	57.97164917	0.77335206	0.4343773662945046	0.0275194	2e-05
0.6166	0.4247	1.1805	0.005717698629533424	0.0057246799465414016	0.012768828807590515	1.20192921	92.56478882	1.06770241	1.4878789134211048	0.0310531	7e-05
0.6034	0.3045	1.1912	0.008440412262644578	0.0028675759610266834	0.013048081487909608	0.94642895	72.88781738	0.8943206	0.43705351494724815	0.0273354	3e-05
0.7836	0.4193	1.1766	0.004012511950334963	0.00653102206096278	0.018004816563573504	1.10295939	84.94277954	1.01557074	0.9620040743954802	0.0387692	0.00056
0.865	0.8312	1.4332	-0.017032668170212664	0.008522442737488312	0.02070135025790474	1.67865086	129.27879333	1.43211205	2.03655672457022	0.0794766	0.00957
0.9394	0.6416	1.2945	-0.008431685616384604	0.010629055144645468	0.019235273686229508	2.12689543	163.79968262	1.74762853	1.0113835766330224	0.0650547	0.00909
0.9371	0.6861	1.5664	0.004178318229274424	0.00974766387238833	0.017373007374351556	1.6259321	125.21874237	1.37659607	1.086383071489706	0.0335967	6e-05
0.8593	0.8412	1.7261	0.004839798015780276	0.008496262798708396	0.015844098949604524	0.87623966	67.48229218	0.84983672	0.5646894642466408	0.0304388	2e-05
0.8415	0.8275	1.6678	0.0017016960206944712	0.007815584390430608	0.015502014416213634	1.00669086	77.52880096	0.92292061	0.29784324683772395	0.0357717	0.00011
0.7977	0.6092	1.3266	0.0015184364492350666	0.00924675437706596	0.013999285930246517	1.19252765	91.84074402	1.05266971	0.7591579022030936	0.0372401	0.00024
0.9008	0.3898	1.0107	0.020991074913735804	0.010871655910672679	0.01725432498521594	1.62925959	125.47499847	1.35490579	1.856028952653844	0.0618209	0.00474
0.9172	0.3259	1.0238	0.02490410309670709	0.011007791592328238	0.018423695584052144	1.67481601	128.98345947	1.37424599	0.35432672317315245	0.0435549	0.00022
0.8439	0.26	1.1623	0.018067648416645297	0.009635962800260694	0.016887805842297134	1.11104941	85.56581879	0.98395217	0.7649086606942175	0.0319992	3e-05
0.8109	0.4356	1.5459	0.01619665545850738	0.008326965861264947	0.01607971839862376	0.971412	74.8118515	0.90780964	0.791603867040352	0.0293022	1e-05
0.7712	0.6692	1.6803	0.012795008746370429	0.007895869536022348	0.015175637846090696	0.82900459	63.8445549	0.81923826	0.6445411794956304	0.0271334	2e-05
0.7716	0.7203	1.6641	0.011479030490366705	0.007742280561846846	0.014522884705844816	0.78982687	60.82733917	0.79424464	0.17381601852125528	0.0287222	0.0
0.7326	0.4504	1.3137	0.0070354222147891434	0.008545132017764237	0.013007938915113737	1.1247263	86.61912537	1.002781	0.9973702761113011	0.0279279	1e-05
0.7338	0.3444	1.3263	0.0038327430373795474	0.00856258531028418	0.012372639067387801	0.81640494	62.87421036	0.79623502	0.31257161588277366	0.0283491	2e-05
0.707	0.3242	1.3932	0.0023352505391684127	0.007916813487046278	0.011561060965210439	0.69284159	53.35816574	0.73366113	0.2616421211813199	0.0283186	3e-05
0.6999	0.4898	1.6237	0.0029880036794142917	0.006558947328994691	0.011883946876829388	0.86452878	66.58039856	0.83711426	0.5198752604958207	0.02664	1e-05
0.6527	0.7179	1.7868	0.0016650441064025902	0.006049311187412347	0.011018263567840202	0.82925451	63.86380386	0.81849635	0.5733139511791616	0.0249965	1e-05
0.6065	0.7275	1.7172	9.599310885968811e-05	0.005916666164260778	0.009714502616600437	0.88373792	68.05976105	0.84721024	0.2756728485967117	0.028245	2e-05
0.584	0.4618	1.4057	-0.0034348079679248403	0.0069307024596694826	0.008991936306274786	1.03277051	79.53728485	0.93832998	0.8630701841259445	0.0292397	2e-05
0.6123	0.3812	1.4014	-0.004290019301402062	0.007508406442079606	0.009199630487262111	0.72335535	55.70813751	0.74092488	0.19523047484373351	0.0304651	0.0
0.5916	0.3948	1.4551	-0.005314527572322734	0.006974335690969341	0.008016297254409955	0.68516678	52.76709747	0.72195717	0.22509561274415468	0.0311001	0.0
0.5774	0.5757	1.6776	-0.00642979296434711	0.005738642580557355	0.007222172444752536	0.79663223	61.35144424	0.78391669	0.5748541656046888	0.0295504	1e-05
0.5482	0.7299	1.7689	-0.007218681786248547	0.005326744877086694	0.006731734924942128	0.76028341	58.55209732	0.76099341	0.3592612022591253	0.0293551	0.0
0.5229	0.5619	1.5214	-0.009539969691401005	0.006508332780686855	0.006276203990171609	0.91457313	70.43448639	0.87051231	0.6387203371761567	0.035814	2e-05
0.524	0.4324	1.5061	-0.012156218240140506	0.006878342582109652	0.006579891280018623	1.03589976	79.77827454	0.92310505	0.3103972820004657	0.0455092	0.00012
0.5479	0.4518	1.5766	-0.01672199956335767	0.0048624872960562025	0.007963937376850125	1.03985202	80.08265686	0.92384334	0.5120841353051058	0.0545624	0.00039
0.5627	0.3834	1.4794	-0.012494812115027405	0.00507541746479951	0.008475318847684463	1.06111801	81.72042847	0.93000148	0.42797495439539546	0.0500922	0.00029
0.5004	0.3967	1.4993	-0.014786429422895958	0.005255186377754926	0.006778858814745977	0.87127656	67.10006714	0.82372568	0.3038923126881228	0.0492651	0.00015
0.4399	0.596	1.7494	-0.015063936773963057	0.004225442119078272	0.005686282702997525	0.89659101	69.04962158	0.84487513	0.62989138607461	0.0442923	0.00013
0.3532	0.8032	1.8515	-0.01512153263927887	0.003303908274025266	0.0037891098060796892	0.89130032	68.64216614	0.82250559	0.5398151303643326	0.0433812	9e-05
0.3322	0.7783	1.7581	-0.015020303542663201	0.0025237460983838006	0.0030717794835100195	1.00268996	77.22067261	0.89219753	0.21923607974134013	0.0457689	0.00015
0.253	0.5736	1.5131	-0.020645499721840925	0.003717551306747922	0.0023125612588924867	1.19632769	92.13339233	1.03826321	0.9078109806079693	0.056205	0.0003
0.234	0.474	1.4967	-0.022102849647256187	0.003892084231947355	0.0017470745812463236	1.15446007	88.9090271	1.00153313	0.24486847641304288	0.0605395	0.00055
0.2082	0.4411	1.485	-0.02282716128683384	0.0033702307856010505	0.0005445427266222308	1.10405838	85.02741241	0.97210606	0.19283484702740236	0.060734	0.00045
0.079	0.5102	1.6641	-0.020450022845617557	0.002802998778702893	-0.0037350045992678655	1.06003702	81.63716888	0.96411825	0.7385958887002265	0.0560948	0.0004
0.2181	0.7267	1.8762	-0.01270250629601473	0.00031415926535897925	0.00182212373908208	1.52773833	117.65649414	1.27416823	1.3573742200648344	0.0589944	0.00282
0.5008	0.8621	1.7177	0.012411036310931675	-0.0013037609512397642	0.012027063875492924	1.72523999	132.86679077	1.45809196	2.4234201479978	0.0324934	6e-05
0.3956	0.9669	1.4952	0.0032777283352453507	-0.0032864549815053226	0.010833258667128804	1.62645674	125.25914764	1.37459454	1.0479903607158	0.0610209	0.00461
0.047	0.801	0.9209	-0.012719959588534674	-0.0022078415037728267	0.0021676989309769574	1.70497596	131.30618286	1.46742246	2.375893056883218	0.0598194	0.00124
0.0312	0.5777	0.9376	-0.00884881930761125	-0.0027855454861829498	0.0024452062820440558	0.98772776	76.06838226	0.90517743	0.4921175807200323	0.0515874	0.0008
0.0039	0.5212	1.0701	-0.007737044574090863	-0.00404741853537485	0.0016179202165987434	0.94471729	72.7559967	0.87183354	0.3763466924078801	0.0482249	0.00034
-0.0489	0.4176	1.2107	-0.013042845500153624	-0.003014183618194207	-0.00040317105721069014	0.94702059	72.93338013	0.86572677	0.715006355852642	0.0491983	0.00012
0.022	0.4019	1.3996	-0.008203047484373348	-0.003782128489071712	0.0007470009198535729	1.37553477	105.93476105	1.16936716	0.6133957431861021	0.0529214	0.0031
0.0869	0.6136	1.6835	0.0023160519173964756	-0.0036547194536761256	0.0025865779514555962	1.56087017	120.20809174	1.31317328	1.184804273438372	0.0299801	2e-05
0.0689	0.8287	1.7655	0.0004520402762665313	-0.0038083084278516272	0.0020717058221172693	0.82995206	63.91752243	0.82403514	0.4417236372321887	0.0285673	1e-05
0.578	0.8574	1.5716	0.007464773210779748	0.003068288825006031	0.012599531870147064	1.26982188	97.79344177	1.11821838	1.9525578117700333	0.0328593	0.00043
0.613	0.5837	1.282	0.005796238445873169	0.004389503068765739	0.012358676433371846	1.18173313	91.0094223	1.03407825	0.7598302222720753	0.027397	1e-05
0.5519	0.4342	1.3023	0.002141518992197042	0.004611159883769018	0.010501646109249882	0.82613176	63.62331009	0.79306645	0.5175703296400684	0.0257978	0.0
0.5302	0.4328	1.338	0.0007976154681614085	0.00451865743341332	0.009721483933608416	0.67898315	52.2908783	0.72468199	0.16962840750163982	0.0267687	0.0
0.4926	0.6424	1.5925	-0.0003159045946109737	0.0034662238944607386	0.008847073978359257	0.8397181	64.66963959	0.82051451	0.653718177848706	0.0273499	3e-05
0.408	0.8149	1.7011	-0.0020717058221172693	0.0030124382889422127	0.007419394650227894	0.78296989	60.29925919	0.78144714	0.5475633080578093	0.0265201	0.0
0.3399	0.844	1.67	-0.003918264170727269	0.0030246555937061734	0.00558330827712986	0.77796596	59.91389084	0.77905969	0.31304310132359986	0.0297483	3e-05
0.3246	0.5927	1.4428	-0.006483898171158934	0.0038100537571036214	0.004384267081009755	0.93040788	71.65397644	0.86282542	0.7213036679974606	0.0328565	0.0
0.3126	0.4787	1.441	-0.008585274590560106	0.0035395277230445004	0.003701843343479973	0.7682153	59.16295624	0.74893327	0.28051630954950374	0.0333779	1e-05
0.3264	0.5845	1.1108	-0.00902160690355869	0.0040334559013588955	0.005572836301617893	1.79518473	138.253479	1.52242601	0.5898626724725451	0.0790938	0.02072
0.6837	1.0838	0.077	0.033880331439713925	0.007063347482821051	0.019320794819577228	2.35696268	181.51797485	1.99554515	4.874389422134706	0.0653637	0.0033
0.493	1.3717	0.151	0.020936969706923977	0.0003612831551628262	0.015683528658421046	1.39732993	107.61328888	1.22189521	1.7167346110802175	0.0467055	0.00094
0.3855	1.3724	0.1283	0.015189600480106648	-0.001282817000215832	0.012575097260619145	0.88818389	68.40216064	0.84226981	0.6558950389998945	0.0416163	0.00073
0.3029	1.3174	0.138	0.012514010736799341	-0.0020751964806212577	0.010355038452082358	0.76600575	58.99279404	0.76489557	0.43170140161247617	0.0365281	0.00052
0.1557	1.3294	0.1309	0.010470230182713982	-0.0023998277214922034	0.006653195108602383	0.75478572	58.12869644	0.76892745	0.469812756921814	0.0357919	0.00071
0.2403	1.4584	0.2508	0.010988592970556299	-0.0030421088862261168	0.012473868164003473	1.97939098	152.43984985	1.75149797	0.6825658503988661	0.0935322	0.03537
1.6248	1.459	-0.0566	0.0586343362207495	0.009443976582541317	0.0577110570464445	3.02873635	233.25361633	2.6613153	6.960950880070083	0.177435	0.06448
1.3331	1.6053	0.6818	0.06962816517906177	0.009173450548482195	0.04256159913913372	2.4540174	188.99249268	2.12537134	2.497090644984109	0.150323	0.03436
1.4608	1.6435	0.6764	0.07966380837802918	0.007723081940074907	0.043177700365087716	1.82780719	140.76585388	1.58199191	0.776405651666435	0.171887	0.05148
1.4818	0.9683	-0.8659	0.07650476243191943	0.004843288674284265	0.045174357029369235	1.85344446	142.74026489	1.65526858	2.640274793809095	0.146406	0.03255
1.482	0.6568	-0.8186	0.08031830684752704	0.003728023282259888	0.042505748603069896	1.49322569	114.99855804	1.32400596	0.738870911696566	0.159931	0.04283
1.4487	0.6328	-0.0868	0.07798305630835864	0.002700024352835228	0.04028045380677713	1.58064818	121.73126984	1.38700991	1.0685272132442911	0.149022	0.03703
1.2546	0.592	0.0736	0.0633763957984181	-0.0031223940318178558	0.03674092608373263	1.83695769	141.4705658	1.62417207	1.5937303308819066	0.10658	0.01318
1.0805	0.3517	0.2799	0.05153957281139255	-0.006988298324985294	0.03338291260289554	1.4524039	111.85472107	1.2548737	1.5737370380515037	0.0818523	0.00362
0.9983	0.3777	0.3067	0.045989425790050574	-0.008011061266653973	0.03220656068705136	1.10683167	85.24098969	1.02451851	0.5224630939427416	0.070107	0.00168
1.7696	0.3429	0.1022	0.07326717666946995	0.004310963252425994	0.04937361920966758	2.25192809	173.42889404	1.9474048	3.8489416960557774	0.157363	0.04896
1.8431	0.349	0.1078	0.07088131158199372	0.0048956485518440946	0.05091299960992659	2.13825226	164.67431641	1.76426543	0.310696539357667	0.112396	0.01346
1.7949	0.3467	0.1623	0.06481629243131341	0.0038397243543875246	0.05022184922613683	0.92518985	71.25212097	0.88135773	0.49560468659633167	0.101739	0.00852
1.7348	0.3614	0.2044	0.05959426730934638	0.002141518992197042	0.049254936820531975	0.87603241	67.46633148	0.84392666	0.5112571444881185	0.0958456	0.00632
1.6984	0.4045	0.323	0.055562556737239484	0.0005585053606381855	0.04884303911706132	0.93323362	71.87159729	0.8762258	0.4994310953568206	0.0891033	0.00442
1.6775	0.5797	0.6108	0.054244833151983765	0.0002897246558310587	0.04837703620677882	0.89773232	69.13751984	0.86049904	0.586525360017267	0.0872511	0.00383
1.6629	0.7469	0.7186	0.053002158724563805	7.504915783575618e-05	0.0481990126230754	0.78925735	60.7834816	0.79164136	0.371368675455934	0.0879697	0.00356
1.6627	0.8418	0.739	0.051059607267094104	-0.0004625122517784973	0.04797211982031614	0.76834285	59.17277908	0.78369202	0.2508502834921608	0.087437	0.00339
1.6788	0.6155	0.3989	0.05197765045364312	0.001562069680534925	0.04815887005027954	0.94741279	72.9635849	0.89275897	0.7389687674412918	0.0849494	0.00304
1.6673	0.4734	0.3413	0.05051855519897587	0.00209614043164519	0.047689376481493066	0.77925593	60.01323318	0.7779732	0.33433297872819956	0.0818028	0.00291
1.6313	0.4258	0.3244	0.04830547770744705	0.002469640891571976	0.046746898685416115	0.72492474	55.82899857	0.74776898	0.27695278737662776	0.0782096	0.00228
1.6068	0.4071	0.3492	0.04704534998750715	0.00209614043164519	0.04613952410572209	0.68600082	52.83133316	0.72912173	0.18005013797803535	0.0757575	0.00194
1.5641	0.43	0.4448	0.04577125963355129	0.001553343034274953	0.045174357029369235	0.7655949	58.96115112	0.77465658	0.3003027413839478	0.0746012	0.00171
1.5446	0.6207	0.7388	0.04538379653960855	0.0004468042885105483	0.0449980787749178	0.89421749	68.86682892	0.85504981	0.5877140047079291	0.0734201	0.00157
1.5658	0.7871	0.802	0.04456000113266723	-0.000577703982410123	0.04498760679940584	0.74439067	57.32814026	0.76721524	0.3437387826686976	0.0726016	0.00125
1.5636	0.8664	0.8042	0.04304156468343216	-0.0012618730491919003	0.04456000113266723	0.71206236	54.83842468	0.75574081	0.21521055913777265	0.0698938	0.00118
1.4569	0.7514	0.8529	0.03760835472197381	-0.000895353906273091	0.04161737601380479	0.90431607	69.64455414	0.85750185	0.7075177111619803	0.0615019	0.00069
1.5837	0.4247	0.6052	0.04661425366226455	0.0009721483933608416	0.04238706621393428	1.67526174	129.01779175	1.41336822	1.283354572002708	0.0972773	0.01578
1.4998	0.1244	0.2579	0.06303954725278318	0.0032096604944175725	0.03805864966898835	1.89416456	145.87626648	1.59831938	1.8810611118260647	0.0958598	0.00784
1.3743	0.0443	0.18	0.053780575570953275	0.00034557519189487725	0.035723399129819935	1.36804008	105.35757446	1.21747752	1.0064153761760508	0.0839881	0.00444
1.1344	0.0738	-0.0007	0.04851840787619036	-0.0020734511513692635	0.032098350273427716	1.12564266	86.68969727	1.03341278	1.0154121447209636	0.0726339	0.00233
1.0403	0.7091	1.2056	0.04807160358767982	-0.005380850083898519	0.031086059307271003	1.84591627	142.16049194	1.59653406	2.174024709359825	0.106065	0.01513
1.0567	0.7516	1.1281	0.04796164784480418	-0.005000368306963754	0.031805134959092665	1.76002932	135.54603577	1.50050388	0.19687565858160325	0.0761051	0.00172
1.19	0.5828	0.9317	0.04858996637552213	-0.003543018381548489	0.0340112311336135	0.88556814	68.20071411	0.85332906	0.7130882315327025	0.0725573	0.00121
1.1199	0.5152	1.0189	0.044333108329907965	-0.0041556289489984985	0.032264156552367175	0.91054225	70.12405396	0.86390449	0.555727159715525	0.0663675	0.001
1.0606	0.4739	1.1128	0.03762406268524176	-0.005639158813193679	0.03060609376297256	0.94933522	73.11164093	0.88328208	0.6870319149128	0.0549836	0.00028
1.0445	0.4486	1.2083	0.03471110816366322	-0.005599016240397809	0.030162780132966003	0.77026689	59.32095718	0.78297755	0.3067205362190482	0.0512575	0.00015
1.333	0.6507	1.4006	0.04838401752378681	-0.001001818990644745	0.035486034351548706	1.34313536	103.43956757	1.19534552	1.862568041422968	0.0789202	0.00189
1.2797	0.8919	1.4891	0.04436452425644386	-0.001567305668290908	0.0342573225581447	1.13440382	87.36442566	1.01423846	0.6736845869196558	0.0731969	0.00116
1.0868	1.0215	1.6346	0.03407406298668529	-0.005054473513775579	0.030588640470452618	1.15375769	88.85493469	1.035735	1.340315560146766	0.0565422	0.00019
1.0506	0.8577	1.5216	0.031943015970000224	-0.005037020221255636	0.0291487438375573	0.81672019	62.89849091	0.80382037	0.49241984710501646	0.0509917	9e-05
1.0124	0.6336	1.4119	0.03033556772891344	-0.004982915014443811	0.027902578751633347	0.83146089	64.03372192	0.81006505	0.5173859266911282	0.0451422	6e-05
1.0016	0.5438	1.3904	0.030038861756074405	-0.004286528642898074	0.027548276913478498	0.69882447	53.81892776	0.73683829	0.18946970912698105	0.0438569	7e-05
1.0365	0.5091	1.3387	0.03053977125139678	-0.004616395871525002	0.028267352565300156	0.6893056	53.08584595	0.73249758	0.19879261878854804	0.0451444	8e-05
1.0483	0.4829	1.2879	0.030710813518092225	-0.004780456821212468	0.028344147052387914	0.68134898	52.47307968	0.730382	0.10939488517353346	0.0454352	9e-05
1.0449	0.5968	1.4589	0.03353126558931506	-0.004574507969477138	0.0291173279110214	0.8557837	65.90690613	0.84218467	0.47827908907958255	0.0498421	0.00012
0.9537	0.8833	1.393	0.028497736026563414	-0.004675737066092809	0.02753431427946254	1.10677981	85.23699951	1.00929448	0.7794886145463088	0.0504946	0.0002
0.8493	1.0885	1.0895	0.022944098346717456	-0.005005604294719737	0.02625673326700269	1.14361989	88.0741806	1.03921238	0.9711542960466368	0.0470631	0.0002
0.8278	1.0272	1.0893	0.023275710904596375	-0.004794419455228423	0.02576804107644428	0.75224656	57.93314743	0.77598317	0.13457447939643238	0.0448048	0.00015
0.8043	0.7445	1.0525	0.022001620550640515	-0.004473278872861466	0.02565459467506465	0.80592388	62.06702805	0.79424374	0.4284338668851221	0.0384861	6e-05
1.6096	1.2986	1.3873	0.02057045056400517	0.008370599092564804	0.04458618107144715	2.25248003	173.47140503	1.98451091	3.354531717422206	0.123845	0.04057
2.2388	2.2509	1.4739	-0.013421581947836393	0.02537185133624157	0.0642630230584312	2.8511703	219.57862854	2.45115848	5.201606337125119	0.168837	0.07056
1.9154	1.0491	0.9307	0.014133676282650078	0.026164230816646997	0.05476494126907808	2.53118515	194.93545532	2.20956273	3.960685975012252	0.0782449	0.00805
1.7768	0.8497	1.0152	0.021080086705587513	0.02227563724320363	0.050281190420704634	2.1270206	163.80932617	1.84477574	1.1884377422377124	0.117944	0.03893
1.8074	0.8134	1.2202	0.07025124772202376	0.02562317874852875	0.04414112211218859	2.55308199	196.62181091	2.22832901	3.2048385415138703	0.121297	0.02088
1.6822	1.0024	1.4562	0.05563062457806726	0.021069614730075546	0.04288448505075267	1.31055343	100.93032074	1.16970572	1.5717412111922813	0.0966284	0.00802
1.5919	1.1676	1.685	0.046635197613288486	0.01929461488079731	0.04107108795793057	1.06027377	81.65540314	0.97082351	1.1134911953439557	0.0869952	0.00467
1.4799	1.1697	1.4568	0.029176669105589203	0.017132151937576338	0.03970274982436701	1.58247626	121.87205505	1.39764746	1.3917664792241906	0.0641145	0.00136
1.3947	0.8182	1.3024	0.029160961142321258	0.015627678122357228	0.03840073420237924	1.11992037	86.24900055	1.01754759	0.7322098700237412	0.0597245	0.00087
1.2981	0.669	1.3355	0.024054127750985848	0.013590878885279843	0.035791466970647716	1.00671518	77.53067017	0.91556985	0.7665449930072157	0.0495155	0.0003
1.249	0.6652	1.2894	0.023329816111408202	0.012793263417118434	0.03497814353921836	0.89717221	69.09438324	0.8676267	0.21576252695842024	0.0437899	0.00036
1.1972	0.6518	1.3262	0.019799015034623675	0.011157889907999749	0.034255577228892706	0.81928241	63.09581375	0.8183585	0.39643704481144326	0.0416759	0.00037
1.1858	0.6378	1.3243	0.01874832682492309	0.010302678574522528	0.033951889939045694	0.72232002	55.62840271	0.75198684	0.13777934165124095	0.0422678	0.00028
1.1814	0.6001	1.2366	0.02221629604863582	0.010632545803149455	0.03375117707506635	0.78484946	60.4440155	0.79116431	0.3297274658159503	0.0432222	0.00028
1.1632	0.7176	1.4402	0.017243853009703977	0.009786061115932205	0.031047662063727128	0.93275672	71.83486938	0.8819427	0.7654221368744158	0.0366124	7e-05
1.3233	0.8993	1.5765	0.02719921106307963	0.009843656981248018	0.03625572455167821	1.55698705	119.90904236	1.31194306	1.2391508203321275	0.0661215	0.00369
1.4548	1.0656	1.5172	0.034629077688819496	0.00965865208053662	0.03974812838491886	1.42493832	109.73950195	1.19410404	0.9124637679845955	0.0590053	0.00046
1.4319	1.1725	1.4899	0.03167772592369708	0.009691813336324512	0.03882484921061386	0.78119332	60.16244125	0.78953009	0.3524896097607656	0.0546256	0.00028
1.3941	0.9129	1.2175	0.027204447050835617	0.009620254836992746	0.03700272547153178	1.03129411	79.42357635	0.94678124	0.8881480555637656	0.0468674	8e-05
1.3619	0.7419	1.248	0.02187770217374892	0.009599310885968814	0.035557592850880476	0.93003327	71.6251297	0.86532955	0.5733410724380964	0.0390145	8e-05
1.3461	0.6844	1.2532	0.01909564734606996	0.009829694347232064	0.03500606880725027	0.74172515	57.12285614	0.75857373	0.256698116628621	0.0373292	8e-05
1.3219	0.6579	1.2344	0.017498671080495146	0.009983283321407565	0.03430619177720054	0.66969377	51.57546997	0.72266456	0.1920221134900023	0.0363238	3e-05
1.2973	0.7007	1.3688	0.017936748722745723	0.009520771069629067	0.03413689483975709	0.74836063	57.63388062	0.77953296	0.2552943415736264	0.0367658	4e-05
1.2835	0.8899	1.6298	0.01799608991731353	0.00840899633610868	0.03371801581927845	0.83585471	64.37210846	0.81784215	0.5434997474283417	0.0354781	3e-05
1.2687	1.0533	1.7439	0.01706932008450454	0.007764969842122772	0.033332298054587706	0.72742832	56.02180862	0.75209115	0.390125704574282	0.0352266	4e-05
1.2748	1.178	1.7676	0.016969836317140868	0.0074455745890078095	0.033656929295458646	0.70100367	53.98675537	0.74481333	0.19167551306747888	0.0372107	3e-05
1.2968	0.9645	1.3972	0.015180873833846678	0.00829205927622506	0.03307573465454454	1.05796158	81.4773407	0.9753245	0.7667320905712772	0.0388542	7e-05
1.249	0.7965	1.4059	0.010543534011297744	0.008436921604140588	0.030860911833763736	0.92895597	71.54216003	0.86190975	0.5743512485622632	0.0331905	8e-05
1.2335	0.7476	1.3965	0.009794787762192178	0.008894197868163105	0.030375710301709307	0.69927752	53.85381699	0.74549531	0.15836120225912548	0.0324764	3e-05
1.2279	0.7374	1.4171	0.008192575508861382	0.00951378975262109	0.029595548126067846	0.68589693	52.82332993	0.73622064	0.1864983156715121	0.0340812	7e-05
1.2083	0.7154	1.4333	0.006511823439190843	0.009646434775772659	0.028776988706882504	0.67729264	52.16068649	0.73389092	0.18939782560037252	0.0329521	4e-05
1.1931	0.7111	1.4765	0.005099852074327431	0.009337511498169663	0.02822197400474831	0.66463745	51.18606567	0.72644698	0.17649546723002996	0.0322291	3e-05
1.1865	0.7083	1.5079	0.005956808737056647	0.009414305985257413	0.028518679977587343	0.72844493	56.10010147	0.76708897	0.10232285613279989	0.0335242	2e-05
1.2829	0.795	1.5094	0.017442820544431328	0.010386454378618255	0.031216959001170577	1.15174639	88.7000351	1.0199327	0.9424219612159376	0.0364969	7e-05
1.2779	1.0086	1.6638	0.016351989761934874	0.00986809159077594	0.030843458541243794	0.79993242	61.60560608	0.79673664	0.4721347015132773	0.035432	2e-05
1.2699	1.1832	1.7434	0.016121606300671623	0.009368927424705562	0.03077364537116402	0.72016472	55.46241379	0.75210527	0.3021680398706704	0.0362819	5e-05
1.2137	1.1118	1.6199	0.011355112113475108	0.008911651160683048	0.029588566809059868	1.01006687	77.78879547	0.9390853	0.5715424506661593	0.0375697	4e-05
1.1746	0.8578	1.463	0.00791332282854229	0.009965830028887622	0.02841919621022367	1.00463355	77.37036133	0.920643	0.733266937598679	0.0308961	2e-05
1.1627	0.7913	1.4937	0.005808455750637128	0.009779079798924228	0.027853709532577507	0.72391111	55.75093842	0.75051784	0.2519551992757359	0.0307728	2e-05
1.1512	0.7771	1.4885	0.004682718383100785	0.00976860782341226	0.027480209072650717	0.67623156	52.07896805	0.72902274	0.10638549014875516	0.031447	4e-05
1.1765	0.9264	1.7151	0.007881906902006392	0.00871966494296367	0.02869146757353478	0.92752832	71.43221283	0.8886216	0.6741694950119133	0.0315823	4e-05
1.1435	1.1066	1.8251	0.006159266930287989	0.007986626657126052	0.02775771642371782	0.8148272	62.75270462	0.81825181	0.4926714703686491	0.0298289	0.0
1.0646	1.1518	1.8238	0.003556981015564444	0.007031931556285153	0.02598097124518759	0.86613393	66.70401764	0.8468957	0.3920863097047333	0.0328923	0.00012
0.6469	0.863	1.4707	-0.006110397711232148	0.0076724673917670716	0.017132151937576338	1.2801038	98.585289	1.13108871	2.0174366934944885	0.0358336	5e-05
0.6378	0.678	1.109	0.009690068007072518	0.004927064478379992	0.02137679267842655	1.52215886	117.22679901	1.28861867	1.6953254686270975	0.0430469	0.00261
0.7595	0.7973	1.4389	0.012826424672906329	0.0036180675393842456	0.023568926218931426	1.36369538	105.02297211	1.17336122	0.9027743572667216	0.0315573	4e-05
0.7292	1.0374	1.7358	0.00780860307342263	0.0029530970943744054	0.022045253781940374	0.95741868	73.73417664	0.90778435	0.9276232240742295	0.0273715	1e-05
0.6825	1.1226	1.7859	0.004925319149127998	0.002659881780039358	0.020059069093170828	0.83525926	64.32624817	0.82571977	0.44013419636996126	0.027653	2e-05
0.6293	0.9042	1.5007	0.001308996938995747	0.0037803831598197174	0.018367845047988322	1.03374147	79.61206055	0.93823902	0.8782023817547558	0.0289849	1e-05
0.6859	0.7741	1.4379	0.00029845130209103034	0.004747295565424576	0.018868754543310697	0.78090364	60.1401329	0.77781574	0.3734183768915975	0.028478	1e-05
0.7499	0.7184	1.3574	0.0020263272615654165	0.005815437067645105	0.019971802630571116	0.69273603	53.35003281	0.72761904	0.3951532774477668	0.0282827	1e-05
0.7209	0.7165	1.3728	0.002398082392240209	0.005979498017332573	0.019355701404617114	0.74879783	57.66754913	0.76240506	0.10389586531581324	0.0288022	1e-05
0.6189	0.9136	1.5913	-0.00024085543677521747	0.005300564938306779	0.016980308292652832	0.84391791	64.99308014	0.81756792	0.8022632010002749	0.0279658	1e-05
0.5558	1.0913	1.5281	-0.0012199851471440364	0.005550147021341968	0.015859806912872473	0.7759673	59.7599678	0.77838596	0.42146065865921833	0.0290828	1e-05
0.4776	1.2448	1.7827	-0.0031433379828417875	0.0036843900509600297	0.013514084398192093	0.93541384	72.039505	0.884159	0.7930416160380032	0.031716	1e-05
0.4784	1.0573	1.6942	-0.005356415474370597	0.003420845333908886	0.013913764796898796	1.03828955	79.96232605	0.95219003	0.4206151303643328	0.0320528	2e-05
0.5877	0.9012	1.6867	-0.006403613025567195	0.0027366762671271086	0.015173892516838698	0.83906198	64.61911011	0.80877702	0.4224747168959136	0.0292536	0.0
0.6145	0.9564	1.8697	-0.005269149011770881	0.0023527038316883565	0.015196581797114628	0.83797532	64.53542328	0.82255515	0.3420562864755497	0.0302022	1e-05
0.5916	1.2044	2.0691	-0.004729842272904633	0.0019390607989657003	0.015198327126366623	0.91962641	70.8236618	0.87199847	0.5180347550420451	0.0291793	0.0
0.5489	1.383	2.1941	-0.005654866776461627	0.001647590813882647	0.014521139376592822	0.77310759	59.53973007	0.79826654	0.4409841119206925	0.0300034	2e-05
0.5185	1.4723	2.2746	-0.006328563867731438	0.0015638150097869194	0.013861404919338965	0.72566521	55.88602448	0.77789451	0.2710603676309695	0.0308742	1e-05
0.4543	1.3288	1.9011	-0.007953465401338159	0.0014957471689591403	0.012864821916450202	1.18591535	91.33150482	1.0869647	0.7156776188661631	0.0382971	9e-05
0.4526	1.1584	1.838	-0.006647959120846402	0.0012269664641520136	0.012749630185818579	0.89984798	69.30045319	0.86212713	0.31967393579652514	0.0311717	1e-05
0.4522	1.0113	1.8588	-0.006834709350809794	0.001158898623324235	0.012468632176247491	0.77035534	59.32777023	0.78237632	0.19509080401811288	0.0291589	1e-05
0.4382	1.2138	2.0716	-0.00632507320922745	0.0014067353771074296	0.011958996034665145	0.94251525	72.58641052	0.89021028	0.49265545184739423	0.0324853	1e-05
0.4455	1.085	1.8396	-0.008588765249064094	0.0014364059743913332	0.011997393278209022	0.97905046	75.40011597	0.9231395	0.48468799403322155	0.0371684	1e-05
0.4569	0.9499	1.8081	-0.008847073978359257	0.0017086773377024485	0.01209338638706871	0.77452326	59.64875793	0.7740629	0.2093286600732981	0.0374405	3e-05
0.4347	0.9047	1.8222	-0.0100338978697154	0.001673770752662562	0.011301006906663283	0.69908917	53.83931351	0.73496087	0.18220549784007284	0.0360591	2e-05
0.4427	0.8977	1.8346	-0.010861183935160713	0.0019530234329816546	0.01169894197611799	0.72135103	55.55377579	0.74777859	0.10262369076095541	0.0335734	2e-05
0.4243	0.9626	2.0091	-0.00976860782341226	0.0014957471689591403	0.011768755146197764	0.95406669	73.47602844	0.89360083	0.33878327729253715	0.0411286	0.0001
0.5066	1.2329	2.0658	3.665191429188092e-05	0.0017016960206944712	0.01530304688148628	1.31231797	101.06621552	1.14837652	1.0865750162363992	0.0337651	4e-05
0.4959	1.1993	1.9483	0.0009512044423369096	0.0013421581947836393	0.0147427961915961	1.34383428	103.49339294	1.14658641	0.253517052192302	0.0416228	0.00076
0.4746	1.1276	1.91	-0.0006283185307179585	0.0020315632493213996	0.014039428503042387	1.69447541	130.49749756	1.35979122	0.2799147858073172	0.0454147	0.00136
0.3829	1.0554	2.0219	-0.013192943815825137	2.6179938779914945e-05	0.011039207518864133	1.41926754	109.30278015	1.19689244	1.154311478991346	0.0381035	7e-05
0.3495	1.0042	2.0535	-0.015030775518175164	0.000148352986419518	0.009402088680493453	0.733841	56.51567078	0.75982679	0.29605617941801554	0.0358038	2e-05
0.3283	1.1826	2.2485	-0.012707742283770713	-0.0005061454830783556	0.00938463538797351	0.85835654	66.10504913	0.84102856	0.5443492498211132	0.0328159	1e-05
0.3169	1.3903	2.2809	-0.011374310735247044	0.00024085543677521747	0.009452703228801288	0.78747922	60.6465416	0.79218027	0.358925015460251	0.0326449	2e-05
0.2744	1.5589	2.3256	-0.012114330338092644	0.0007278022980816354	0.008375835080320788	0.73202568	56.37586975	0.78581035	0.37099173063162594	0.0349834	4e-05
0.2103	1.5727	2.2919	-0.013498376434924143	0.0004625122517784973	0.006780604143997971	0.75716889	58.31223679	0.80002735	0.27382835397287286	0.0370906	4e-05
0.1797	1.2735	2.0524	-0.01572541656046891	0.00034208453339088857	0.00570024533701348	0.92485571	71.22638702	0.89803828	0.7406913325458434	0.0378408	1e-05
0.2614	1.0685	1.9587	-0.010122909661567111	0.00019547687622336493	0.008548622676268226	0.96499187	74.31741333	0.91323217	0.8102745947662033	0.0340677	5e-05
0.2322	1.0529	1.9555	-0.010662216400433359	0.0007435102613495844	0.007298966931840286	0.82685423	63.67894745	0.8216521	0.16484979342102052	0.0319411	2e-05
0.1906	1.2343	2.1084	-0.010669197717441336	0.00016929693744344995	0.006358234465015343	0.77657408	59.80669785	0.78880397	0.4519963553869527	0.0318347	0.0
0.2178	1.3709	2.1441	-0.007176793884200683	0.0006911503837897545	0.006536258048718765	0.98699832	76.01220703	0.92387647	0.4091140431645188	0.0349473	2e-05
0.4542	1.2135	1.9039	0.020662953014360868	0.0026930430358272505	0.01291543646475804	1.84451628	142.05267334	1.5434198	2.445040898331916	0.0569927	0.00508
0.4689	0.9469	1.7124	0.015885986851652385	0.0017208946424664088	0.012892747184482113	1.52580798	117.50782776	1.2734073	0.7613901918172625	0.0274744	1e-05
0.4547	0.8201	1.6679	0.014522884705844816	0.002432988977280095	0.012355185774867857	0.77673012	59.81871414	0.77472406	0.3161378945117755	0.02535	1e-05
0.4143	0.8147	1.7175	0.010903071837208577	0.0017400932642383465	0.010564477962321676	0.77958751	60.03877258	0.79052839	0.4005708197112086	0.0246868	1e-05
0.3783	0.8966	1.9212	0.008564330639536174	0.0009285151620609833	0.009499827118605135	0.82660085	63.65943527	0.8217209	0.5323485071783153	0.0245478	2e-05
0.3155	1.1326	2.1034	0.005597270911145814	0.0009669124056048585	0.008108799704765655	0.86890614	66.91751099	0.83941367	0.700824219288686	0.0226789	1e-05
0.2907	1.2264	2.0799	0.0037734018428117405	0.0016196655458507376	0.007192501847468633	0.79496646	61.22315979	0.79684689	0.3117460032938489	0.0242282	1e-05
0.2931	1.0032	1.8533	0.0007504915783575615	0.0022218041377887812	0.006848671984825749	0.97838783	75.34908295	0.90964562	0.6506439359517552	0.0241997	1e-05
0.3111	0.8826	1.839	-0.0005899212871740833	0.0028658306317746896	0.006794566778013924	0.79674816	61.36037445	0.795749	0.25482722831646887	0.0243525	0.0
0.3424	0.8657	1.8462	-0.00022863813201125715	0.003932226804743224	0.0069027771916375736	0.73472732	56.58393097	0.76538735	0.1321944870877506	0.0245246	0.0
0.3127	1.0699	2.07	-0.0006649704450098395	0.002960078411382383	0.00637743308678728	0.85407984	65.77568817	0.83226968	0.5543912405604856	0.0239571	1e-05
0.2696	1.2569	2.1681	-0.002129301687433082	0.0029530970943744054	0.005810201079889122	0.77807254	59.92209625	0.79083678	0.4301272283164688	0.0256159	1e-05
0.2244	1.3364	2.195	-0.003570943649580398	0.002769837522915001	0.004857251308300219	0.74359429	57.26680756	0.77871051	0.2804925652597813	0.027279	2e-05
0.1895	1.0915	1.9855	-0.0066374871453344355	0.002432988977280095	0.00411199571769864	0.95776194	73.76061249	0.90605199	0.696732381599526	0.0291265	1e-05
0.1698	0.9515	1.9481	-0.009060004147102564	0.0023160519173964756	0.0036704274169440743	0.81443167	62.72224426	0.7942506	0.3461511181203157	0.0292145	2e-05
0.1602	0.9221	1.9714	-0.009869836920027934	0.002645919146023404	0.003225368457685521	0.67858171	52.25996017	0.72812013	0.14153794804054262	0.0305605	2e-05
0.1699	0.9641	2.0102	-0.008185594191853404	0.0028518679977587343	0.003375466773357033	0.7330302	56.453228	0.76307169	0.19251449477906868	0.0292329	2e-05
0.2093	1.1496	2.0426	-0.003420845333908886	0.002033308578573394	0.005366887449882563	1.11033106	85.51049042	0.97637103	0.6360364476827696	0.0342652	8e-05
0.1955	1.3744	1.9733	-0.003164281933865719	0.001541125729510993	0.005899212871740834	1.30197096	100.26935577	1.10131987	0.37195358354819213	0.0325382	1e-05
0.1139	1.3678	1.9866	-0.01012989097857509	0.0010838494654884787	0.0038851029149393774	1.0378058	79.92507172	0.95225292	0.5733497632766672	0.036173	2e-05
0.0745	1.0843	1.8594	-0.016102407678899686	0.0017086773377024485	0.0029967303256742636	0.98580897	75.92060852	0.9121197	0.8243858580901837	0.0382555	1e-05
0.0018	0.8345	1.3511	-0.01772032789549843	0.0009529497715889039	0.001710422666954443	1.39912462	107.75150299	1.18200207	1.0137977720716056	0.0607376	0.00163
-0.0003	0.9013	1.619	-0.01899965423721027	0.0005462880558742252	0.0012758356832078548	1.86887515	143.92863464	1.50809176	0.4428287520586553	0.0556526	0.00153
0.0272	1.013	2.089	-0.017044885474976623	-0.0009808750396208131	0.0017558012275062952	1.21796429	93.79970551	1.07538726	0.8072948701013561	0.0385875	2e-05
0.1561	1.1862	2.2387	-0.006714281632422186	-0.0005358160803622592	0.005242969072990966	1.28455114	98.92779541	1.1166903	1.1649415323648833	0.0384411	0.00058
0.112	1.3904	2.3218	-0.009293878266869804	-0.00015184364492350666	0.0039898226700590365	1.17592514	90.56212616	1.03893418	0.5422357736409151	0.0319611	0.0
0.0635	1.4758	2.292	-0.01226268332451216	-3.839724354387525e-05	0.0027157323161031764	0.80123562	61.70597076	0.82360504	0.38151709064889255	0.0352947	0.0
0.0756	1.1897	2.0015	-0.010171778880622952	0.00012740903539558605	0.0027558748888990466	0.90027821	69.33358765	0.87872382	0.7035426647812267	0.0332631	1e-05
0.0735	1.0269	1.9988	-0.012215559434708312	0.0004380776422505767	0.0024399702942880727	0.80318791	61.85631943	0.79330894	0.3011176877775664	0.0318537	1e-05
0.1166	0.9642	1.9256	-0.008806931405563387	0.0006492624817418905	0.003981096023799066	0.81310117	62.61977768	0.80895205	0.43704692990736155	0.0318116	0.00026
0.715	0.7171	1.6115	0.04539077785661653	0.006501351463678877	0.018004816563573504	2.35842371	181.63049316	1.98526182	4.863275939194567	0.106778	0.0212
0.738	0.9379	1.8614	0.04780282288287269	0.007225663103256523	0.01630312054287903	2.10003781	161.73127747	1.75452942	0.735602634326414	0.0768343	0.00441
0.6577	1.1167	1.9947	0.0363499723312859	0.005131268000863328	0.014720106911320177	1.24585366	95.94756317	1.11133089	1.148912964276942	0.0536581	0.00014
0.6037	0.9506	1.7824	0.033122858544348384	0.0050789081233034985	0.013913764796898796	0.89912194	69.24453735	0.86076272	0.6366907889459363	0.0465088	8e-05
0.5555	0.7903	1.7182	0.02961649207709178	0.004872959271568168	0.012966051013065874	0.87317741	67.24645996	0.82218766	0.5057014551412429	0.0399715	5e-05
0.4954	0.8209	1.872	0.02546086312809328	0.0033440508468211352	0.011538371684934514	0.83747131	64.49660492	0.80086888	0.6001108350938448	0.035778	4e-05
0.4365	1.0422	2.1223	0.021532126981854045	0.0024609142453120045	0.010208430794914833	0.87347472	67.26935577	0.8285315	0.8375906818884022	0.0317827	0.0
0.379	1.2054	2.1766	0.01783726495538205	0.0020263272615654165	0.00873537290623162	0.80027294	61.63182831	0.78261631	0.5551253449450898	0.0287462	0.0
0.3445	1.0406	1.9774	0.01330289955870078	0.0019285888234537342	0.00736528944341607	0.94325411	72.64331055	0.87441195	0.6986093648804252	0.0258837	0.0
0.3251	0.875	1.9229	0.010449286231690051	0.002097885760897184	0.0067928214487619305	0.84345657	64.95755005	0.80950073	0.4192689129554159	0.0231279	0.0
0.3162	0.8325	1.9162	0.009819222371720098	0.002356194490192345	0.006358234465015343	0.69323069	53.38813019	0.73734572	0.12424797865058523	0.0242498	1e-05
0.2833	0.9419	2.072	0.00832871119051694	0.0014486232791552935	0.005359906132874586	0.80176973	61.74710083	0.79769674	0.4679205362190485	0.0242373	1e-05
0.2342	1.1701	2.2483	0.0062343160881237454	0.0006510078109938849	0.004501204140893376	0.82797867	63.76554489	0.80646852	0.6411356281267905	0.0234578	0.0
0.1731	1.3224	2.3017	0.0034103733583969193	0.00021467549799530252	0.002898991887562581	0.75234771	57.94093704	0.76799551	0.5099243648028101	0.0261861	1e-05
0.1079	1.3828	2.2586	0.0005166174585903216	0.0002670353755551324	0.001410226035611418	0.83825737	64.55714417	0.82716665	0.39044408146587933	0.0288222	1e-05
0.1041	1.1119	2.031	-0.0012130038301360591	0.0008237954069413235	0.0012688543661998775	0.97674841	75.2228241	0.91270439	0.6236876494762054	0.0264357	2e-05
0.1193	0.9832	2.0374	-0.0016842427281745281	0.0012740903539558604	0.001377064779823526	0.76715559	59.0813446	0.78162765	0.20178721293383256	0.0253098	2e-05
0.1014	0.9884	2.0893	-0.0030665434957540365	0.0013072516097437528	0.0005427973973702365	0.73556495	56.6484375	0.76757933	0.1874864702910348	0.0271606	1e-05
0.063	1.1945	2.3114	-0.004588470603493092	0.00011344640137963142	0.0001658062789394613	0.82861698	63.8147049	0.82264886	0.6212361717266973	0.0272505	0.0
0.0319	1.3827	2.4064	-0.006054547175168328	8.726646259971648e-05	-0.0002530727415391778	0.75715846	58.31143188	0.7801888	0.4098567765466898	0.0293551	2e-05
0.0171	1.4057	2.4126	-0.00653102206096278	1.3962634015954635e-05	-0.0005794493116621174	0.72818041	56.07973099	0.76863004	0.08780776422505733	0.0307602	1e-05
0.0001	1.1436	2.0988	-0.00898146433076282	0.000705113017805709	-0.0005689773361501514	1.00259793	77.2135849	0.95568809	0.7505032314550876	0.0314687	0.0
0.002	1.026	2.1005	-0.009948376736367677	0.0008028514559173916	-0.0008185594191853405	0.7585392	58.41776657	0.78082046	0.186911646337586	0.0317788	0.0
0.0261	1.0957	2.2259	-0.011257373675363426	0.0004572762640225143	-0.000752236907609556	0.75216293	57.92670822	0.77791736	0.3052447321233208	0.0336787	1e-05
0.0206	1.3217	2.3895	-0.012615239833415013	-8.726646259971648e-06	-0.0008360127117052838	0.84173715	64.82513428	0.83079201	0.49048224362149	0.0385284	1e-05
-0.0111	1.5234	2.5077	-0.014390239682693247	-0.00042411500823462205	-0.001329940890019679	0.78573769	60.51242065	0.80947123	0.48581581947836383	0.0434387	0.00012
-0.0324	1.6109	2.6185	-0.014440854231001082	-0.0007661995416255106	-0.001891936909161853	0.76591051	58.98545837	0.80541818	0.267334755042045	0.0427117	8e-05
-0.0489	1.3212	2.2131	-0.01711644397430839	-0.00018675022996339323	-0.0024120450262561633	1.09410655	84.26098633	1.02184578	0.900357358603187	0.0451657	7e-05
-0.0514	1.1281	2.1958	-0.018245672000348722	-0.00018151424220741024	-0.0027035150113392165	0.81455749	62.73193359	0.80780494	0.28419669994396796	0.0424731	4e-05
-0.0445	1.0894	2.1919	-0.018479546120115962	0.0002129301687433082	-0.002769837522915001	0.67777359	52.19772339	0.72878745	0.08423205211468755	0.0433663	2e-05
-0.0651	1.2048	2.3587	-0.019957839996555156	-0.0003595378259108319	-0.0034871678454846703	0.75599313	58.2216835	0.77370529	0.4412046096831502	0.0440884	4e-05
-0.0869	1.3927	2.4823	-0.01999623724009903	-0.001656317460142619	-0.003687880709464018	0.78517395	60.46900177	0.79229644	0.41009448708775054	0.0440549	3e-05
-0.0854	1.3546	2.3205	-0.02057394122250916	-0.0010140362954087054	-0.0036250488563922224	0.90419883	69.63552856	0.87503848	0.2655408500107918	0.0491953	6e-05
-0.08	1.1435	2.1554	-0.022713714885454206	-0.000307177948351002	-0.0033056536032772606	0.94055712	72.43560791	0.88714553	0.5399013631558855	0.0476409	8e-05
-0.0806	1.1855	2.2793	-0.022298326523479555	-0.0005096361415823442	-0.0037629298672997745	0.7842887	60.4008255	0.79519924	0.2202561409614253	0.0480382	7e-05
-0.0808	1.3514	2.42	-0.018971728969178363	-0.0009337511498169664	-0.003602359576116296	0.84608823	65.16022491	0.83185216	0.5023641426859644	0.0442703	4e-05
-0.0918	1.499	2.5201	-0.019228292369221526	-0.0003438298626428829	-0.004000294645571003	0.75143927	57.87097931	0.77998124	0.3209209878335977	0.0435426	1e-05
-0.1195	1.3918	2.3192	-0.02338217598896803	0.00062482787221397	-0.004705407663376713	0.99162769	76.36872864	0.93948069	0.6271827186204534	0.0529057	9e-05
-0.1204	1.1853	2.2001	-0.024670228976939847	0.00032812189937493397	-0.004731587602156627	0.89076793	68.60116577	0.85107652	0.4070469449795383	0.0510907	6e-05
-0.1242	1.1624	2.2476	-0.024296728517013057	-6.9813170079773176e-06	-0.004932300466135976	0.70244431	54.09770203	0.74687147	0.1196658270144523	0.0502335	6e-05
-0.1285	1.2972	2.3926	-0.02077290875723651	-0.00030194196059501896	-0.004838052686528281	0.87176973	67.13804626	0.85018466	0.479751409148564	0.0457607	3e-05
-0.1165	1.4856	2.5199	-0.018893189152838614	-0.0010070549784007281	-0.004649557127312894	0.8599484	66.22764587	0.84245554	0.4663664090709497	0.0425195	4e-05
-0.1181	1.439	2.3943	-0.021238911667518998	-0.00028099800957108706	-0.005276130328778859	0.88765407	68.36135864	0.87420665	0.35871763424879927	0.0489705	5e-05
-0.1042	1.2198	2.2153	-0.02323556833180051	0.00020594885173533088	-0.0050789081233034985	0.91522872	70.48497772	0.86902006	0.5461412865531644	0.0492	6e-05
-0.1059	1.2359	2.3392	-0.02399827721492203	0.0002740166925631097	-0.005632177496185701	0.77841812	59.9487114	0.78988199	0.21090230484157504	0.0525901	0.00017
-0.1392	1.4607	2.5552	-0.024164083493861493	-0.0004328416544945937	-0.0062168627956038025	0.85035014	65.4884491	0.82888732	0.5469674962707637	0.0496144	0.0001
-0.1597	1.5627	2.554	-0.025282839544389858	-0.000148352986419518	-0.006785840131753953	0.77935141	60.02058792	0.7944642	0.22231110273767973	0.0515478	0.00015
-0.1378	1.308	2.1974	-0.025134486557970338	0.000661479786505851	-0.005661848093469605	0.96150357	74.04876709	0.91211325	0.7373088898814616	0.053472	9e-05
-0.1367	1.2314	2.1947	-0.026434756850706113	0.0011239920382843482	-0.005867796945204936	0.78484672	60.44380188	0.7861414	0.1788365698124801	0.0559728	0.0002
-0.1484	1.3533	2.3618	-0.024966934949778884	0.00026878070480712676	-0.005998696639104511	0.8315863	64.04338074	0.82141773	0.4233966464152013	0.052063	7e-05
-0.1688	1.5218	2.4494	-0.02450791335650437	-0.00013264502315156904	-0.006061528492176306	0.80500251	61.99607086	0.80143904	0.32266395871524994	0.0501789	9e-05
-0.175	1.3416	2.1941	-0.027094491307959972	0.0008063421144213803	-0.00647866218340295	0.93170822	71.75411987	0.88785708	0.6388349390127596	0.0579473	0.0002
-0.1745	1.2223	2.1548	-0.02741214123182294	0.0011519173063162574	-0.00617148423505195	0.77761334	59.88673401	0.7783403	0.20762015320544255	0.0563397	0.00022
-0.1765	1.2813	2.2961	-0.027033404784140166	0.00019024088846738194	-0.006735225583446118	0.769068	59.22862625	0.78333615	0.2975077106962912	0.0549092	0.00013
-0.2058	1.489	2.4815	-0.02692344904126453	2.6179938779914945e-05	-0.006988298324985294	0.81772345	62.97575378	0.80586466	0.44875447170511407	0.0531512	8e-05
-0.2219	1.6256	2.5353	-0.026064747049283316	4.886921905584123e-05	-0.007278022980816354	0.75496352	58.1423912	0.77586141	0.2650557964044096	0.0521183	0.00013
-0.2528	1.4343	2.1678	-0.02962521872335175	0.0011362093430483087	-0.007695156672042999	1.06948173	82.3645401	0.98652798	0.8429472744643771	0.0625082	0.00039
-0.2665	1.2698	2.1497	-0.03137927462160605	0.0016057029118347831	-0.008396779031344719	0.83561784	64.35386658	0.81396719	0.3425585913171246	0.0636078	0.0004
-0.2804	1.4018	2.4054	-0.032501521330638404	-1.5707963267948964e-05	-0.009688322677820525	0.84519982	65.0918045	0.82237709	0.6033600615305444	0.0637199	0.00047
-0.2324	1.5878	2.5058	-0.028461084112271533	-0.00024260076602721178	-0.007908086840786307	1.06882215	82.31375122	0.95611983	0.6367782929080174	0.0605696	0.00064
0.2346	1.5191	2.2398	-0.003371976114853045	0.001839577031602023	0.00605105651666434	1.69431806	130.48538208	1.45739445	2.8582214576249187	0.0435673	0.00062
0.226	1.3688	1.964	-0.0017051866791984597	0.001410226035611418	0.0057037359955174685	1.27939463	98.53067017	1.12192346	0.5568730476396029	0.0353222	0.00015
0.2045	1.1958	1.866	0.0020734511513692635	0.002574360646691636	0.004016002608838952	1.00769818	77.60637665	0.93654936	0.6240252914163228	0.0367329	0.00026
0.1778	1.1189	1.7891	0.004766494187196514	0.0022235494670407763	0.0033545228223331013	1.07811975	83.02978516	0.96794981	0.36576670009919826	0.0317866	0.00011
0.1177	1.1601	1.9279	-0.0019268434942017398	0.0010454522219446034	0.0022951079663725434	1.00148273	77.12770081	0.91600238	0.6866424891227492	0.0288404	3e-05
0.0908	1.3126	2.1832	-0.0023352505391684127	0.0009773843811168245	0.001932079481957723	0.97253227	74.89812469	0.91529881	0.47667516851046354	0.0292058	2e-05
0.0119	1.6066	2.3354	-0.00872315560146766	0.0005218534463463045	9.075712110370512e-05	1.01350045	78.05323029	0.95497256	0.9593379178961896	0.033685	1e-05
-0.0511	1.7521	2.405	-0.01281595269739436	0.00021642082724729686	-0.0014660765716752368	0.82451779	63.49901199	0.8427766	0.5758531703902323	0.0383423	3e-05
-0.1021	1.4942	2.136	-0.01707281074300853	0.0006475171524898963	-0.003033382239966145	1.04262745	80.29640198	0.977878	0.8906630019573836	0.0453184	4e-05
-0.1419	1.246	2.0012	-0.021064378742319565	0.0010122909661567112	-0.004026474584350918	0.93657726	72.12910461	0.87959383	0.6902717078681314	0.0464281	3e-05
-0.1661	1.1921	2.0236	-0.023005184870537262	0.0013631021458075715	-0.004897393881096089	0.72615469	55.92372131	0.75289815	0.25862683023068667	0.049211	4e-05
-0.1619	1.354	2.3081	-0.02037846434628579	0.0006318091892219474	-0.00506320016003555	0.95206827	73.32212067	0.90228989	0.6267909879888279	0.0452678	4e-05
-0.2027	1.6147	2.5139	-0.021783454394141227	-0.00023387411976724014	-0.005777039824101231	0.87201321	67.15679932	0.85242842	0.6565256510455151	0.0466084	4e-05
-0.2195	1.7394	2.5632	-0.021830578283945072	-5.585053606381854e-05	-0.00632507320922745	0.72515959	55.84708405	0.76991374	0.2294590429316744	0.0478211	5e-05
-0.2465	1.4823	2.2428	-0.024926792376983014	0.0012217304763960308	-0.007127924665144842	1.02490807	78.93177032	0.96878101	0.8633323280707595	0.0544283	0.00013
-0.2499	1.2962	2.1881	-0.026974063589572363	0.0012775810124598492	-0.007367034772668065	0.87004203	67.00498962	0.82486866	0.36131159280881936	0.0551194	0.00014
-0.2405	1.2546	2.1769	-0.02558652683423687	0.0012845623294678264	-0.007394960040699974	0.7152456	55.0835762	0.7557731	0.13332216701876923	0.0534812	0.00015
-0.2572	1.4214	2.3731	-0.025134486557970338	-1.2217304763960308e-05	-0.007997098632638018	0.8229683	63.37967682	0.81219126	0.4972479251218183	0.0516986	9e-05
-0.2689	1.5489	2.4296	-0.024200735408153377	-0.00018500490071139895	-0.00802153324216594	0.71848023	55.33268738	0.75040451	0.2522486677646162	0.0503467	7e-05
-0.2776	1.6741	2.5066	-0.023794073692438692	-0.0005724679946541401	-0.007995353303386023	0.7008456	53.97458267	0.74879853	0.25191523742186706	0.0502926	9e-05
-0.2648	1.6933	2.4475	-0.02124414765527498	-0.00021642082724729686	-0.0071802845427046715	0.88944906	68.49959564	0.86586024	0.27715209826259574	0.0528235	0.00092
0.0197	1.1674	1.7584	0.011047934165124106	0.0035918876006043304	-0.00015533430342749534	1.77384484	136.61001587	1.51880349	3.6557670243763942	0.0455564	0.00212
0.0163	1.0205	1.8041	0.008478809506188453	0.0029722957161463434	-0.0003787364476827695	1.42069721	109.41287994	1.18536538	0.36660593438244576	0.027481	1e-05
-0.0518	1.1798	2.0966	0.0010821041362364843	0.0016528268016386303	-0.002384119758224254	1.04413092	80.41218567	0.9424417	1.0559778797500583	0.0290166	2e-05
0.0148	1.3951	2.299	0.0021799162357409173	0.001500983156715123	-0.0009145525280450286	1.64215267	126.46794128	1.35939029	0.6202611487303583	0.0577989	0.0137
0.8842	1.4398	1.8827	0.040734239412295654	0.011918853461869274	0.01903107016374617	2.10536432	162.14149475	1.77774954	4.776290808675005	0.0689842	0.0011
0.7887	1.3312	1.79	0.034862951808586735	0.009777334469672236	0.017407913959391442	1.00640523	77.50680542	0.94496244	0.7785981400130344	0.0548185	0.00019
0.6845	1.0802	1.7553	0.02618342943841893	0.008255407361933179	0.014332643817377434	1.11537027	85.89858246	0.99051591	1.0537359809960432	0.0377149	3e-05
0.6504	1.0104	1.8111	0.02188119283225291	0.007831292353698557	0.013524556373704059	0.82103968	63.23114777	0.78508071	0.4364219529037009	0.0327014	1e-05
0.6507	1.0257	1.8338	0.019306832185561274	0.0074228853087318835	0.013171999864801205	0.70531726	54.31895828	0.73510462	0.2050662100280584	0.02973	1e-05
0.6403	0.9971	1.8153	0.01772556388325441	0.0071715578964447	0.012910200477002056	0.67845696	52.25035095	0.72312055	0.16221975511966003	0.0283484	2e-05
0.5495	0.9643	1.5359	0.013521065715200072	0.005396558047166466	0.010501646109249882	0.98845977	76.12475586	0.92944596	0.822402619254237	0.029292	2e-05
0.4777	1.2082	1.7122	0.011388273369263	0.004668755749084832	0.009536479032897015	1.20379794	92.70870972	1.06333946	0.6832880860185784	0.030836	7e-05
0.4975	1.4704	2.1044	0.0102189027704268	0.0045588000062091886	0.009925687456091752	1.13181865	87.16532898	1.00111617	0.757626738245329	0.0265391	2e-05
0.4597	1.3723	1.8342	0.009189158511750145	0.004382521751757761	0.009375908741713538	1.02730095	79.11605835	0.94071307	0.4938900613753147	0.0335326	0.00011
0.3722	1.0748	1.4968	0.00752236907609556	0.0044593162388455124	0.008281587300713093	1.24667501	96.01081848	1.07345286	0.8642952681871393	0.0256239	1e-05
0.3932	1.067	2.0403	0.004715879638888678	0.004729842272904633	0.00888896188040712	1.14327538	88.0476532	1.01591038	0.7565195025480013	0.0259395	1e-05
0.4551	1.1125	1.8204	0.0071959925059726215	0.005525712411814047	0.009049532171590598	1.42617178	109.83449554	1.22282288	0.49912766485884175	0.046464	0.00733
1.8324	1.1307	0.9885	0.07105933516569712	0.02309943265014495	0.03833266636155146	3.07386827	236.72938538	2.6137556	7.7634098544008125	0.194635	0.08172
1.8355	1.1641	0.5403	0.08002160087468801	0.022776546738526	0.03708301061712352	2.54157114	195.73532104	2.11978741	1.0114403682518889	0.1369	0.03011
1.8935	1.4458	0.4288	0.07326543134021796	0.021610666798193786	0.04184601414581605	1.41085863	108.65518188	1.27701533	1.08545265017474	0.143218	0.02929
1.7744	2.1949	0.9273	0.0699283618104048	0.015510741062473608	0.040589377084380124	1.35538101	104.38265228	1.22958636	1.9013816163484636	0.155396	0.03481
1.3585	2.2666	1.0891	0.06387905062299247	0.00971101195809645	0.03537607860867306	1.35550439	104.39215088	1.21993453	1.5025169383748267	0.134688	0.02321
1.1808	1.9225	0.8845	0.055180329631052724	0.00952949771588904	0.03094468763785946	1.34913743	103.90180969	1.240062	1.3919813102480372	0.107716	0.01133
1.2807	1.4709	0.8496	0.05646663728977254	0.008265879337445145	0.03244741612382658	1.06532407	82.04434967	0.98813338	0.7890327261565414	0.10428	0.01149
1.3115	1.1491	0.7867	0.05522745352085657	0.005248205060746949	0.03439171291054826	1.2909348	99.41942596	1.15590435	0.7255577416167927	0.0927397	0.00586
1.1475	1.0811	0.9236	0.04368908183592206	0.0030072023011862297	0.03187494812917244	1.38285971	106.49887848	1.22631747	1.1837069612935527	0.0678588	0.0011
1.0978	1.0303	1.0047	0.03942175181479592	0.0027593655474030345	0.030583404482696638	0.83777255	64.51980591	0.81967958	0.4719355210692562	0.0577093	0.00034
1.033	1.0075	1.0451	0.03492403833240653	0.0020263272615654165	0.029155725154565278	0.78092301	60.14162445	0.79150499	0.4609215548179186	0.050617	0.00016
0.9763	1.0024	1.0698	0.03367961857573457	0.0016842427281745281	0.02803347844553292	0.74520981	57.39122391	0.76855973	0.2219375499547604	0.0505338	0.00017
0.9669	1.0147	1.1223	0.034107224242473186	0.0014538592669112763	0.027972391921713118	0.78019571	60.08560944	0.7890929	0.11015378259108329	0.050322	0.00016
0.9218	1.2038	1.4587	0.032264156552367175	0.000486946861306418	0.02620611871869486	0.92496073	71.23447418	0.87541319	0.7994126649364564	0.0482939	0.00011
0.8641	1.3456	1.5995	0.029349456701536644	0.0006265732014659643	0.02435432438232887	0.82744628	63.72454453	0.81496331	0.5856060263678031	0.0461383	0.0002
0.8359	1.3003	1.5627	0.025570818870968924	0.00029845130209103034	0.02261074045958654	0.85294437	65.68824005	0.83313443	0.402817182634249	0.0426976	0.00013
0.8501	1.1068	1.4095	0.024144884872089555	0.00012217304763960306	0.02218837078060391	0.83380932	64.21458435	0.81478486	0.46212909661567125	0.0390961	4e-05
0.8349	1.0645	1.4179	0.020931733719167993	0.00019896753472735358	0.02116735316818723	0.76708192	59.07567215	0.77495496	0.2814481626212995	0.0369085	5e-05
0.7832	1.0516	1.4635	0.019071212736542036	-0.0006300638599699529	0.020102702324470687	0.70894748	54.59853363	0.74638926	0.2979101610519904	0.0357348	2e-05
0.7663	1.0457	1.4757	0.017718582566246435	-0.0006632251157578452	0.019710003242771963	0.6691094	51.53046417	0.72800002	0.12392452538911088	0.035587	6e-05
0.9493	1.1696	1.5576	0.023584634182199374	0.0009861110273767962	0.024706880891231728	1.90277028	146.53901672	1.60335964	1.0144132703773672	0.101	0.0282
1.2464	1.3103	1.4162	0.050014155045149514	0.011096803384179947	0.0365960637558171	2.22575641	171.41331482	1.89286807	3.0006698042169333	0.0890417	0.00388
1.3585	1.4376	1.3549	0.05045746867515607	0.008672541053159824	0.03929085212089634	0.88059258	67.81752777	0.86250032	0.578818216305296	0.0874507	0.003
1.3837	1.5522	1.3559	0.04724955350999049	0.008379325738824776	0.03938684522975603	0.75796986	58.37392044	0.78341751	0.32065617941801594	0.0828013	0.00207
1.3608	1.4421	1.3008	0.04132067004096575	0.007463027881527753	0.037964401889380654	0.94106901	72.47502899	0.89428958	0.6014812333348569	0.0722631	0.00084
1.313	1.237	1.2881	0.03557679147265242	0.006602580560294549	0.03590491337202734	0.97315967	74.94644165	0.89517437	0.698790720344992	0.0574456	0.00024
1.2981	1.1784	1.3109	0.03306526267903257	0.006438519610607082	0.03504621138004614	0.72891659	56.13642502	0.75151214	0.273014586764426	0.0529053	0.00011
1.2796	1.1596	1.3206	0.03135833067058212	0.0063721970990312975	0.03444930877586407	0.68012631	52.37891769	0.72629753	0.16550785621041508	0.0503336	8e-05
1.2469	1.1337	1.3191	0.029026570789917692	0.006147049625524028	0.033337534042343686	0.68738508	52.93793869	0.7297972	0.2435341043846045	0.0466467	3e-05
1.2371	1.1331	1.3373	0.02725855225764744	0.0059690260418206065	0.032941344302140976	0.66578364	51.27433777	0.72098662	0.1457115928088189	0.0443735	4e-05
1.2381	1.1242	1.3531	0.025963517952667648	0.005866051615952942	0.03266383695107388	0.65556377	50.48727036	0.71620931	0.10947580409572742	0.043165	3e-05
1.1984	1.1651	1.4134	0.026160740158143004	0.005235987755982988	0.032438689477566604	0.76186836	58.67415619	0.77925145	0.1935216769476293	0.0444883	4e-05
1.1584	1.3295	1.5323	0.029756118417251325	0.005082398781807488	0.03260798641501006	0.86924809	66.94384766	0.83425135	0.5192132085363635	0.046286	6e-05
1.1378	1.4787	1.5512	0.02849250003880743	0.00462337718853298	0.03190287339720435	0.72598612	55.9107399	0.75635977	0.3100876494762057	0.0458348	5e-05
1.1001	1.5854	1.5803	0.02563190539478872	0.004091051766674708	0.030592131128956607	0.72451496	55.79744339	0.75517716	0.40868311670623614	0.0434868	4e-05
1.0711	1.6627	1.6415	0.02310292330864894	0.00409977841293468	0.029792770331543206	0.6954776	53.56117249	0.73845901	0.3343534764906578	0.0411842	3e-05
1.0531	1.5924	1.9974	0.019893262814231365	0.0049846603436958055	0.028354619027899878	0.94146883	72.50582123	0.88964884	0.7208346864411017	0.0393955	2e-05
1.2557	1.3369	1.8581	0.04475722333814259	0.006693337681398254	0.03238982025851077	1.98925495	153.19950867	1.6968962	2.1277919546112285	0.111917	0.02185
1.2825	1.2091	1.7165	0.06243391800234115	0.00947713783832921	0.031344368036566164	1.87774479	144.61172485	1.59424884	1.3714973521537064	0.105104	0.01244
1.2322	1.1747	1.6669	0.05522047220384859	0.008478809506188453	0.030483920715332957	0.95475721	73.52920532	0.90681209	0.5879110725933262	0.0911157	0.00571
1.1695	1.2263	1.7354	0.05283111645786835	0.0077876591223986985	0.029436723164136366	0.76616639	59.0051651	0.78728601	0.38918518404832897	0.0863492	0.00376
1.1043	1.4289	1.9294	0.04614476009347808	0.005829399701661061	0.027960174616949163	0.91993922	70.8477478	0.87581232	0.9678582166157556	0.074802	0.00135
1.0502	1.547	2.0102	0.04309566989024398	0.005047492196767601	0.026506315350037883	0.74248374	57.18127823	0.76475456	0.5172428487519422	0.0704697	0.0008
1.0236	1.446	1.8669	0.037657223941029654	0.004440117617073575	0.0249913695593068	0.96185112	74.07553101	0.91037569	0.6489383159819718	0.0594318	0.00026
0.9895	1.2988	1.7474	0.03303559208174867	0.004419173666049642	0.024022711824449955	0.91346633	70.34925079	0.86587194	0.581361677258088	0.0497018	9e-05
0.9538	1.2732	1.7229	0.029695031893431523	0.004358087142229841	0.02311164995490891	0.74941832	57.71533585	0.76155232	0.30143542908389964	0.0439795	4e-05
0.9464	1.2543	1.7371	0.02807711167683278	0.003991567999311032	0.022774801409274	0.66576475	51.27288055	0.71865859	0.15656439525762322	0.0416984	1e-05
0.9365	1.2293	1.726	0.026656413665709398	0.0040334559013588955	0.02232974245001545	0.65781331	50.66051483	0.7158182	0.1413822436214897	0.0395727	4e-05
0.9553	1.209	1.7039	0.025108306619190425	0.004473278872861466	0.02232799712076346	0.67045766	51.63430023	0.72393527	0.16068376736367673	0.038287	7e-05
0.8945	1.2012	1.7359	0.022858577213369733	0.0038467056713955023	0.02109579466885546	0.71317953	54.92446136	0.74516775	0.3060252529597328	0.0352505	0.0
0.8099	1.342	1.9491	0.022905701103173578	0.0038885935734433662	0.020048597117658863	0.80119288	61.70267868	0.7997798	0.4954104671524154	0.0350574	2e-05
0.768	1.5645	2.0589	0.02201034719690049	0.0033108895910332428	0.019819958985647604	0.77283454	59.51869965	0.76749522	0.45928480103472336	0.0353888	2e-05
0.7263	1.6852	2.0527	0.01919338578418164	0.002698279023583233	0.019165460516149736	0.79815018	61.46834946	0.79999504	0.3728035224833361	0.0347851	3e-05
0.6784	1.4811	1.9025	0.0144967047670649	0.0011798425743481666	0.017929767405737748	1.00896847	77.70420074	0.93206379	0.7747405288381896	0.0312506	0.00014
0.7117	1.3386	1.7543	0.018523179351415817	0.0024172810140121463	0.018826866641262832	0.95646185	73.66048431	0.87869512	0.6320506129769992	0.0372889	0.00021
0.6627	1.2844	1.6424	0.01944296786721683	0.0036425021489121657	0.01793500339349373	1.09698677	84.48280334	0.9781504	0.3669436449235068	0.0368849	0.00011
0.4933	1.2157	1.3202	0.01015432558810301	0.0013177235852557187	0.014374531719425297	1.2890209	99.27202606	1.12466277	1.3189946258419352	0.0336207	4e-05
0.4738	1.4156	1.2977	0.008894197868163105	0.00238237442897226	0.014206980111233843	1.3052088	100.5187149	1.12249597	0.3665165085923949	0.0393288	0.00085
0.4679	1.8492	2.463	0.005951572749300664	0.0005724679946541401	0.013931218089418738	1.50198257	115.67295074	1.289778	1.8562146787497833	0.0329711	3e-05
0.4073	1.8515	2.2766	0.002092649773141201	-0.0004014257279586958	0.011871729572065429	1.07402945	82.71478271	0.98379091	0.5939152608062802	0.0339825	5e-05
0.4236	1.5526	2.16	0.0006667157742618339	-0.0006736970912698113	0.011524409050918559	0.95789123	73.77056885	0.90225893	0.5340762941668676	0.0282999	2e-05
0.4882	1.4907	2.244	-0.004084070449666731	0.000614355896702004	0.013648474750595656	1.25269401	96.47436523	1.13746118	0.6186452455788741	0.0457746	0.0061
0.7055	1.5811	2.3601	-0.015519467708733579	0.004401720373529699	0.019706512584267977	1.43086159	110.19567871	1.26623224	1.4878399784783427	0.0473797	0.00021
0.6402	1.7183	2.627	-0.015704472609444978	0.0018256143975860688	0.017826792979870082	0.8780365	67.62067413	0.85337291	0.7014415240526459	0.0474764	0.00015
0.5976	1.9784	2.8116	-0.016016886545551962	-0.00029321531433504735	0.017505652397503124	0.85253978	65.6570816	0.83195825	0.6249192115197529	0.0464406	0.00014
0.5637	2.1006	2.8045	-0.015491542440701668	-9.42477796076938e-05	0.01718451181513617	0.71219474	54.84861755	0.75131591	0.2154726110972301	0.0451304	0.00024
0.4187	1.9654	2.3832	-0.01683370063548531	0.000973893722612836	0.012903219159994076	1.26403105	97.34747314	1.14502168	1.0360796176073133	0.0525223	0.00037
0.4174	1.6772	2.2461	-0.018214256073812825	0.0008395033702092724	0.012459905529987518	1.05429924	81.19528961	0.97736794	0.5245129710368817	0.0488623	0.00014
0.3696	1.606	2.4117	-0.019680332645488057	0.0006754424205218055	0.011072368774652026	0.90054768	69.3543396	0.87147395	0.4354837138349094	0.0536008	0.00021
0.2812	1.8617	2.6732	-0.018367845047988322	-0.0006998770300497262	0.009889035541799871	0.95957685	73.900383	0.91024526	0.7991570140461709	0.0557864	0.00037
0.1992	2.0318	2.7732	-0.018264870622120656	-0.0012374384396639797	0.007841764329210523	0.85393137	65.76425171	0.85414339	0.4864903524035637	0.0516431	0.00031
0.2268	1.9353	2.5003	-0.019462166488988766	-0.0006702064327658224	0.007869689597242433	1.08927166	83.88863373	1.00688314	0.48662265708990887	0.052924	0.00031
0.1823	1.7092	2.4285	-0.023781856387674733	-0.0009930923443847736	0.006536258048718765	1.2411387	95.58444977	1.11270374	0.6412003679414294	0.0698991	0.00167
0.1234	1.5738	2.3263	-0.021245892984526973	-0.00033335788713091696	0.004871213942316174	1.08280993	83.39099884	0.98896206	0.5395370983402107	0.0558099	0.00037
0.0775	1.532	2.3101	-0.021509437701578114	-0.00038397243543875244	0.0036721727461960694	0.81293142	62.60670471	0.82088696	0.17956002307395413	0.0513794	0.00011
0.0885	1.5356	2.2375	-0.019210839076701586	-0.000895353906273091	0.004085815778918725	0.90549195	69.73511505	0.89748267	0.24838115642167613	0.0539969	0.00039
0.0628	1.4864	2.1315	-0.015102334017506934	-0.0008726646259971648	0.004609414554517024	0.93050694	71.66160583	0.90221273	0.4136396557534439	0.0552106	0.00075
0.1351	1.3302	1.9397	0.004440117617073575	-0.0014486232791552935	0.007141887299160796	1.50250542	115.71321869	1.30508131	1.5528441516191203	0.0387157	0.00024
0.0657	1.5437	2.354	-0.0015323990832510211	-0.0034662238944607386	0.005646140130201657	1.30050206	100.15623474	1.11995931	1.1714932242294591	0.0396575	0.00015
0.0206	1.8981	2.5347	-0.002495820830351891	-0.003258529713473413	0.0050509828552715895	1.105932	85.17170715	0.99539119	0.6685136601509127	0.0406905	0.00013
-0.0367	2.1423	1.8744	-0.010255554684718681	-0.0044540802510895285	0.005763077190085277	1.53998792	118.5998764	1.33614044	1.4451689363398297	0.0635924	0.00138
-0.0736	2.1243	1.547	-0.016873843208281177	-0.007367034772668065	0.003829252378875559	1.36263895	104.94161224	1.20246203	0.9555533928175377	0.0638615	0.00116
-0.0438	1.798	1.8102	-0.015365878734558075	-0.004553564018453206	0.0028571039855147177	1.05081427	80.92689514	0.98511433	0.8839791810649399	0.0529194	0.0003
0.0184	1.5798	1.8062	-0.015041247493687133	-0.003570943649580398	0.0041608649367544815	0.81820416	63.01277542	0.83414449	0.4149506280491757	0.0428203	2e-05
0.0256	1.4928	1.8239	-0.012315043202071989	-0.004879940588576145	0.004965461721923867	0.76842737	59.17929077	0.80562625	0.35388990078901406	0.0380914	1e-05
0.0019	1.5974	2.0718	-0.011321950857687215	-0.006127851003752092	0.0039287361462392355	0.87869328	67.67125702	0.86912924	0.5400864167622675	0.0388037	6e-05
-0.0449	1.7979	2.2825	-0.010423106292910135	-0.005674065398233566	0.0037681658550557575	0.9011274	69.39898682	0.88686457	0.5336600230739544	0.0380251	4e-05
-0.0732	1.9462	2.316	-0.011192796493039633	-0.005651376117957638	0.0032777283352453507	0.76668304	59.04495239	0.81429997	0.2742408500107911	0.0400729	4e-05
-0.0717	1.8445	2.1112	-0.012325515177583957	-0.005256931707006921	0.002769837522915001	0.97728693	75.26429749	0.93731473	0.409752695391269	0.0461376	0.0001
-0.0754	1.5767	1.9456	-0.014739305533092113	-0.004888667234836118	0.0023387411976724015	0.98622906	75.95296478	0.93810426	0.5977575576460782	0.0409529	2e-05
-0.0772	1.4958	1.9725	-0.015240215028414486	-0.004668755749084832	0.0021746802479849347	0.71814781	55.30708313	0.7635431	0.15384409653805617	0.0395981	1e-05
-0.0825	1.4774	1.9816	-0.01576206847476079	-0.004241150082346221	0.0018832102629018814	0.66954267	51.56383133	0.7387665	0.09484645490839848	0.0404245	3e-05
-0.0843	1.4747	2.0306	-0.016292648567367066	-0.003940953451003196	0.0016964600329384882	0.6683535	51.47224808	0.74072026	0.10437634769563497	0.0410329	2e-05
-0.0897	1.5381	2.1905	-0.014707889606556213	-0.004900884539600078	0.0012199851471440364	0.78731006	60.63351059	0.81736471	0.37975824676010944	0.0405785	2e-05
-0.1132	1.6991	2.3741	-0.013037609512397642	-0.0051173053668473745	0.0007382742735936014	0.87858862	67.66319275	0.86552762	0.48652058974781487	0.0405286	1e-05
0.0805	1.6901	2.3341	0.006810274741281873	0.0001186823891356144	0.0031974431896536117	2.29096508	176.43525696	1.90250817	1.619852046286126	0.102894	0.03398
0.2419	1.556	2.2759	0.05695183882182697	0.009330530181161685	-0.0003473205211468716	2.61557865	201.43489075	2.2176034	3.498608779168582	0.114896	0.02099
0.1744	1.4492	2.1089	0.05366014785256566	0.009100146719898434	-0.002701769682087222	1.28640223	99.07035065	1.16526913	0.6351261795732454	0.0950615	0.00921
0.2145	1.2008	1.8473	0.0528782403476722	0.010442304914682074	-0.0015376350710070042	1.07819104	83.03527832	0.97822592	0.7145100155378665	0.0868766	0.00541
0.1653	1.1251	1.8388	0.04646590067584504	0.009009389598794729	-0.0022148228207808044	0.94291264	72.61701202	0.88273881	0.5595221368744153	0.0751614	0.00262
0.1417	1.1052	1.8627	0.04202927371727545	0.007976154681614086	-0.0028658306317746896	0.78464741	60.42845154	0.78925308	0.3734434843372057	0.0682032	0.00148
0.1183	1.1003	1.8814	0.03831172241052753	0.006976081020221335	-0.003450515931192789	0.75132418	57.86211395	0.76923694	0.31211551337793847	0.0624697	0.00086
0.0773	1.1506	1.9971	0.03462384170106351	0.006178465552059926	-0.004921828490624009	0.79005021	60.84453964	0.79207573	0.5048404368528326	0.0585176	0.0005
0.0372	1.3095	2.206	0.033190926385176164	0.0054436819369703135	-0.006230825429619756	0.81586295	62.83246994	0.80936854	0.5817347934986351	0.057388	0.00052
0.0013	1.463	2.3377	0.03075444674939208	0.00533721685259866	-0.007332128187628178	0.75986022	58.51950455	0.77144462	0.5033123739082078	0.0558004	0.00042
-0.0475	1.5936	2.366	0.02694439299228846	0.004668755749084832	-0.008091346412245713	0.78492069	60.44950104	0.8017184	0.4695866542617492	0.0512463	0.00033
-0.0672	1.457	2.1391	0.02320066174676062	0.005314527572322734	-0.008091346412245713	0.97006541	74.70814514	0.90292366	0.602675153438287	0.0451726	0.0002
-0.0737	1.275	2.0441	0.018938567713390468	0.005351179486614613	-0.008407251006856685	0.96438617	74.27076721	0.87189588	0.5142325271136505	0.0371523	5e-05
-0.1173	1.2995	2.1156	0.005499532473034132	0.0013439035240356337	-0.0077771871468867325	1.22571599	94.39669037	1.0639405	1.0434187531452639	0.0316598	4e-05
-0.1184	1.2812	2.1195	0.004768239516448508	0.0011344640137963143	-0.007899360194526335	0.7307018	56.27391052	0.77016237	0.07644527572322735	0.0312129	1e-05
-0.1505	1.3183	2.1657	0.004970697709679851	0.001424188669627373	-0.009220574438286043	0.71992409	55.44388199	0.76173881	0.20606985464110583	0.0318761	1e-05
-0.1839	1.4768	2.2872	0.005187118536927148	0.0015655603390389136	-0.010163052234362981	0.78344506	60.33585358	0.78742577	0.37841351463678824	0.0319421	4e-05
-0.2066	1.6098	2.3715	0.004406956361285682	0.0013316862192716734	-0.01110203937193593	0.73441452	56.55984116	0.76220551	0.337651171649083	0.0337866	3e-05
-0.1988	1.5007	2.162	0.002363175807200322	0.0022654373690886398	-0.010649999095669398	0.96389139	74.23265839	0.91800892	0.4978785990084431	0.0359149	8e-05
-0.1851	1.3281	2.0263	0.0015062191444711063	0.003267256359733385	-0.010011208589439474	0.93466818	71.98207855	0.88332587	0.44687830798019407	0.0313911	1e-05
-0.182	1.2935	1.9721	0.001626646862858715	0.003961897402027128	-0.009409069997501431	0.73717993	56.7728157	0.77898737	0.1627603676309697	0.031365	5e-05
-0.2197	1.3529	2.1277	-0.00047647488579445195	0.0032114058236695662	-0.010686651009961278	0.82728988	63.71249771	0.83139726	0.4592597169735288	0.0334909	5e-05
-0.2503	1.5368	2.3381	-0.0005131268000863328	0.0026511551337793865	-0.011917108132617283	0.88376856	68.06211853	0.85895787	0.5162679863419031	0.033583	5e-05
-0.2864	1.6653	2.4178	-0.0024137903555081575	0.0028379053637427798	-0.013088224060705476	0.73902225	56.91469955	0.78059967	0.40722648567367087	0.0351787	4e-05
-0.2832	1.5599	2.2179	-0.003035127569218139	0.0029321531433504737	-0.013191198486573142	0.91878229	70.75865173	0.88743623	0.34942797095926686	0.0376565	4e-05
-0.2673	1.4115	2.1197	-0.004324925886441949	0.0028815385950426383	-0.01275137551507057	0.87959462	67.74066925	0.84993634	0.3515117918517113	0.0351101	6e-05
-0.2569	1.3912	2.113	-0.005633922825437696	0.002766346864411012	-0.01268679833274678	0.71753526	55.25991058	0.76615055	0.11183829259755802	0.03591	4e-05
-0.2861	1.4863	2.2497	-0.006483898171158934	0.0025272367568877894	-0.01389107551662287	0.78356367	60.34498978	0.80952678	0.3756681318560274	0.0377213	6e-05
-0.3207	1.6919	2.4195	-0.005979498017332573	0.0021607176139689798	-0.014707889606556213	0.83931649	64.63871002	0.83206565	0.49438666933392605	0.0374612	5e-05
-0.3454	1.7914	2.4532	-0.008110545034017648	0.0023439771854283846	-0.015753341828500817	0.86423355	66.55766296	0.84450053	0.325887940504454	0.0407488	0.00012
-0.3333	1.5739	2.2291	-0.011632619464542205	0.002036799237077382	-0.015030775518175164	0.99362743	76.5227356	0.92875819	0.6812909344600607	0.0410129	7e-05
-0.3255	1.4652	2.1618	-0.012161454227896489	0.0018622663118779497	-0.014460052852773022	0.75494254	58.14077759	0.77677588	0.24750451769779283	0.040952	5e-05
-0.3365	1.5212	2.3002	-0.01156978761147041	0.0011850785621041497	-0.014784684093643963	0.79216582	61.00746918	0.81374396	0.28507428035354093	0.0417856	7e-05
-0.2991	1.6601	2.3611	-0.001973967384005587	-0.0008220500776893293	-0.011723376585645911	1.38694155	106.81324005	1.18043344	0.9704128187628176	0.0518654	0.00173
1.4986	1.927	2.1298	0.06807831280329081	0.01221032344695233	0.03944793175357584	3.21183896	247.35499573	2.77935003	9.008698102557988	0.213298	0.10145
1.7281	1.7774	1.9418	0.0972253113115961	0.016620770466742003	0.04017224339315348	2.79798365	215.48254395	2.44761943	2.28118785838363	0.178269	0.06618
0.8947	1.5787	2.0814	0.052208033914906374	0.00441393767829366	0.021460568482522275	2.84947968	219.44844055	2.50228131	4.968489254788464	0.165009	0.07063
0.6341	1.4496	2.0348	0.03332357140832773	0.00013439035240356338	0.016828464647729323	2.62244225	201.96348572	2.24407085	1.8261056833630844	0.0533345	0.00046
0.5491	1.3734	1.9561	0.03628364981971011	0.0013840460968315032	0.013973105991466601	0.82298994	63.38134384	0.82732623	0.5931546406036525	0.0562654	0.00039
0.4656	1.4014	1.9856	0.03129549881751032	0.0007871434926494425	0.011931070766633235	0.92841983	71.50086975	0.88630414	0.522354441560761	0.0461514	0.00011
0.3519	1.4558	2.1518	0.022041763123436385	-0.00026878070480712676	0.008801695417807403	1.06088448	81.70243835	0.94525078	1.006251762017817	0.0354007	1e-05
0.2495	1.6693	2.3656	0.018819885324254857	-0.0005358160803622592	0.006443755598363065	0.90578854	69.75795746	0.85607763	0.8220426497090499	0.0334884	2e-05
0.1861	1.8678	2.4427	0.01837831702350029	0.0003892084231947355	0.004820599394008338	0.77610826	59.77082443	0.77471249	0.4884874504333141	0.0369315	3e-05
0.168	1.8582	2.3304	0.01785471824790199	0.0005864306286700947	0.004045673206122856	0.84604257	65.15670776	0.83347834	0.2147873584479568	0.0382864	4e-05
0.1242	1.5223	1.9471	0.013233086388621005	0.0017139133254584315	0.003089232776029963	1.1919924	91.7995224	1.04106226	1.0982777493081108	0.0279005	2e-05
0.0978	1.4032	1.9651	0.01071457627799319	0.0020298179200694054	0.0016196655458507376	0.83101362	63.99927902	0.80256824	0.3786990967709008	0.0265824	1e-05
0.1365	1.3844	1.9975	0.019109609980085915	0.003164281933865719	0.0016859880574265225	1.26327074	97.28891754	1.09099528	0.5696910113732411	0.0443565	0.00094
0.1716	1.5749	2.1805	0.023172736478728712	0.0030543261909900766	0.0014660765716752368	1.28453755	98.92675018	1.08987678	0.628249686363486	0.0380576	4e-05
0.145	1.7483	2.2709	0.01906248609028207	0.0027331856086231197	0.0002897246558310587	0.82895392	63.84065247	0.80994994	0.5707871443328891	0.036571	7e-05
0.1414	1.6955	2.1255	0.015877260205392416	0.0028728119487826664	0.0002705260340591211	0.93911982	72.32491302	0.88109284	0.3690025423410568	0.0353243	2e-05
0.1721	1.4393	1.9304	0.01599245193602404	0.0034016467121369483	0.0014224433403753785	0.95515752	73.56003571	0.87150953	0.5717971900151084	0.0285751	1e-05
0.1992	1.3914	1.9436	0.01547234381892973	0.0035290557475325343	0.0018762289458939042	0.73121643	56.31354523	0.74576409	0.14326513790042122	0.0288681	1e-05
0.214	1.3838	1.9549	0.013823007675795092	0.0033562681515850955	0.0018483036778619948	0.69740462	53.70957947	0.7334303	0.1262024503556995	0.0276967	1e-05
0.198	1.4037	2.0383	0.012705996954518718	0.002975786374650332	0.001361356816555577	0.75883365	58.44044495	0.77183872	0.21852196797587767	0.028257	3e-05
0.3187	1.6358	2.2703	0.01691224045182505	0.004584979944989103	0.0038013271108436495	1.09541571	84.36180878	0.96634478	0.9975703680966592	0.0345493	4e-05
0.2893	1.8379	2.3196	0.015105824676010923	0.004117231705454623	0.003127630019573839	0.96249485	74.12510681	0.88776868	0.4281930553309207	0.0319497	4e-05
0.2415	1.7818	2.1891	0.010761700167797037	0.003623303527140228	0.00205599785884932	0.96857935	74.59369659	0.90533888	0.5298842423626401	0.0332464	2e-05
0.2077	1.5326	2.0388	0.007906341511534314	0.0033684854563490563	0.001839577031602023	1.00826108	77.64972687	0.90880414	0.5996298777150594	0.0265073	2e-05
0.1935	1.4568	2.0291	0.006979571678725324	0.003413864016900908	0.0016720254234105676	0.77561593	59.73290634	0.78560629	0.15668500007761477	0.0262989	0.0
0.156	1.6073	2.2313	0.004834562028024293	0.0021223203704251047	0.0005148721293383271	0.88103771	67.85180664	0.85068489	0.6198853295624536	0.0287099	1e-05
0.1116	1.8521	2.3497	0.0023457225146803788	0.0018832102629018814	-0.00027576202181510406	0.88762158	68.3588562	0.86572601	0.5835291886010284	0.0309398	2e-05
0.0705	2.0384	2.3512	0.0004380776422505767	0.0013578661580515882	-0.0009983283321407565	0.84663111	65.202034	0.85750938	0.3866777643802876	0.034467	2e-05
0.1273	1.8352	2.1071	0.0038484510006474965	0.0010576695267085637	0.0006789330790257941	1.44821894	111.53242493	1.24038304	0.7734915700453251	0.0549875	0.00903
0.3227	1.5322	1.968	0.02191784474654479	3.4906585039886588e-06	0.007518878417591571	1.84797287	142.31887817	1.52600362	1.9356758976333823	0.0368353	7e-05
0.2114	1.6485	2.5905	0.010468484853461989	0.0006230825429619757	0.003897320219703338	1.37957776	106.24612427	1.1615402	1.6346254987714515	0.037057	0.00024
0.1518	1.6416	2.4732	0.005319763560078716	0.001069886831472524	0.0015987215948268059	1.31437624	101.22473145	1.12619217	0.578506210338518	0.0322956	0.00032
0.0642	1.8588	2.4907	0.0008220500776893293	0.0005462880558742252	-0.00030368728984701333	1.04831815	80.73466492	0.97071209	0.6684860571330754	0.0313798	1e-05
0.0249	2.068	2.6829	-0.0030962140930379405	-6.806784082777885e-05	-0.0014014993893514465	0.86825478	66.86734772	0.85893982	0.7222216083466855	0.0337309	4e-05
-0.0112	2.0465	2.5512	-0.0041277036809665895	0.0003054326190990077	-0.0022130774915288098	0.86692041	66.7645874	0.85436184	0.30012840750163994	0.0374737	5e-05
-0.0511	1.7839	2.3159	-0.00606676447993229	0.00020769418098732522	-0.003193952531149623	1.08213532	83.33904266	0.99650048	0.6886837138349098	0.034281	1e-05
-0.0516	1.6749	2.3206	-0.0067928214487619305	4.537856055185256e-05	-0.0030490902032340936	0.80113268	61.69804001	0.82895363	0.16586174585903227	0.0336383	2e-05
-0.0567	1.6386	2.3355	-0.007579964941411373	0.00017802358370342162	-0.0030700341542580253	0.7234925	55.71869659	0.79133529	0.10333662334124707	0.0341172	1e-05
-0.0764	1.6676	2.4177	-0.008129743655789588	-0.0004677482395344803	-0.003569198320328404	0.76289785	58.75344086	0.81290562	0.21563573518432447	0.0351802	4e-05
-0.0395	1.8019	2.5387	-0.0006946410422937432	-0.0012932889757277981	-0.00210835773640915	1.35096252	104.04236603	1.16106277	0.7782741966804207	0.0464435	0.00122
-0.0562	1.9447	2.4778	0.0005759586531581287	-0.001759291886010284	-0.0009878563566287904	1.60679877	123.74521637	1.34283226	0.3632551992757361	0.0437812	0.00033
0.7111	2.0972	2.173	0.015130259285538843	0.002562143341927676	0.027461010450878776	2.24599767	172.97216797	1.88808965	3.590830133391312	0.0897084	0.01951
0.8403	1.8478	2.4537	0.026361453022122353	0.009979792662903577	0.027008970174612252	2.0815599	160.3082428	1.7440287	1.6143441666912963	0.0628081	0.00118
0.6177	1.8763	2.6815	0.02169269727303752	0.007709119306058954	0.019826940302655582	1.08373141	83.46195984	1.00166714	1.1849729488943064	0.0595748	0.00094
0.5585	2.2613	2.7296	0.01872040155689118	0.007164576579436722	0.017908823454713816	0.96186072	74.07627106	0.91195607	0.7640477645355166	0.0660303	0.00151
0.4307	2.7101	2.6838	0.01941853325768891	0.005176646561415181	0.01332384350972471	0.98261172	75.67437744	0.92793226	0.9859520831904188	0.0814913	0.00354
0.2928	3.0765	2.8045	0.019530234329816546	0.0016807520696705393	0.009491100472345164	1.05672383	81.38201141	0.98905165	0.9970169300625907	0.0895032	0.00451
0.222	2.6199	2.2759	0.016819738001469353	0.0029112091923265415	0.007468263869283736	1.36240661	104.92371368	1.21519916	1.354189502703231	0.0755882	0.00286
0.1713	2.0011	1.8855	0.014643312424232424	0.002124065699677099	0.005471607205002223	1.37648082	106.00762177	1.21947199	1.307911286708394	0.0477652	0.00068
0.1153	1.7262	1.9769	0.0085259333959923	0.0014643312424232424	0.003900810878207326	1.25304544	96.5014267	1.10820947	0.839695490614444	0.0428292	0.00039
0.0814	1.6052	2.0763	0.003565707661824415	0.000661479786505851	0.003005456971934235	1.15882123	89.24489594	1.05657439	0.5872215548179179	0.0477932	0.00047
0.0357	1.5742	2.0888	0.001656317460142619	0.00027576202181510406	0.0021886428820008896	0.97549087	75.12597656	0.91895224	0.2447961028152945	0.0421486	0.00021
0.0268	1.5613	2.1182	-1.3962634015954635e-05	0.00020594885173533088	0.002713986986851182	0.91151106	70.19866943	0.8821276	0.16447186845443199	0.0400884	0.00022
-0.0482	1.5759	2.1666	-0.002432988977280095	-0.00046949356878647465	0.00020769418098732522	0.94061422	72.44000244	0.9059508	0.4180380784824903	0.0397404	9e-05
0.0388	1.5307	2.0619	0.0064280476350951155	-0.00020943951023931956	0.002453932928304027	1.42111719	109.44522858	1.20732057	0.8052664709119532	0.0459818	0.00182
0.0331	1.5322	2.0075	0.00988379955404389	0.0002617993877991494	0.0022130774915288098	1.31866145	101.55474854	1.12798943	0.2699923126881233	0.0360004	0.00015
0.0273	1.4957	1.961	0.01245641487148353	0.00015184364492350666	0.002033308578573394	0.84384584	64.98753357	0.83319999	0.2319169986635347	0.0366879	0.00014
-0.024	1.5479	2.0759	0.006339035843243405	-0.0007138396640656808	0.0004136430327226561	1.0747577	82.77086639	0.96980735	0.6485363941540022	0.0352729	4e-05
-0.0567	1.733	2.3976	0.004909611185860049	-0.0015114551322270892	-0.0009512044423369096	1.10168171	84.84437561	0.98673769	0.7190943800302168	0.0354125	1e-05
0.0776	1.7643	2.295	0.01006182313774731	-2.268928027592628e-05	0.0022008601867648495	1.07392514	82.70674896	0.96004171	0.7578521216470093	0.0398669	0.00085
0.2678	1.5637	1.9729	0.020235347347622255	0.0018256143975860688	0.00738099740668402	1.18987787	91.63667297	1.03770255	1.5729982553828052	0.0363585	0.00011
0.2687	1.4846	1.9539	0.02067517031912483	0.002139773662945048	0.007400196028455957	0.73627162	56.70286179	0.75053654	0.13765904293167489	0.0376686	9e-05
0.2737	1.4606	1.9532	0.019936896045531227	0.0020263272615654165	0.00765152344074314	0.68389171	52.66890335	0.72525373	0.08485240436302088	0.0377235	0.00012
0.2644	1.4547	1.9778	0.018130480269717093	0.0013526301702956054	0.007316420224360229	0.69117922	53.23013687	0.7315704	0.18056080417334255	0.0357806	0.00016
0.2997	1.4378	1.9668	0.01969080462100003	0.0016126842288427606	0.007719591281570919	0.74207973	57.15016556	0.76870559	0.17437747335203904	0.0377914	0.00016
0.3256	1.5702	2.2157	0.02211157629351616	0.0004258603374866164	0.006709045644666203	0.98837197	76.11799622	0.91974056	0.6381070600388495	0.0458198	0.00043
0.3494	1.7459	2.3906	0.020615829124557023	0.001117010721276371	0.00644201026911107	1.01286495	78.00428772	0.93140281	0.4970966464152012	0.0398663	0.00014
0.343	1.6248	2.2212	0.015742869852988853	0.0016859880574265225	0.005529203070318036	0.93024051	71.64109039	0.86906768	0.6146371903255676	0.0329892	5e-05
0.3429	1.5404	2.1626	0.014063863112570307	0.0019896753472735357	0.005363396791378575	0.77306986	59.53682327	0.769856	0.2505250154602513	0.0308532	2e-05
0.3286	1.5275	2.1498	0.012264428653764155	0.0020298179200694054	0.005070181477043527	0.69757879	53.72299194	0.73461652	0.1466396172968533	0.0296437	2e-05
0.3041	1.5233	2.1553	0.010355038452082358	0.0018273597268380628	0.004644321139556911	0.69593984	53.59677124	0.73887412	0.1610854366199878	0.0288417	2e-05
0.3006	1.5093	2.1373	0.010576695267085637	0.0017575465567582897	0.0045588000062091886	0.67698789	52.13721466	0.7324537	0.054349555921538555	0.0283991	1e-05
0.2642	1.514	2.1449	0.007513642429835589	0.002136283004441059	0.003214896482173555	0.74520713	57.39101791	0.77434077	0.2879846404484221	0.0279087	0.0
0.25	1.5228	2.1613	0.005834635689417044	0.0017208946424664088	0.0029373891311064567	0.70535564	54.32191467	0.75412606	0.15799512267301502	0.0279992	0.0
0.2358	1.5225	2.1512	0.0051277773423593406	0.001778490507782222	0.002949606435870417	0.69678056	53.6615181	0.75345001	0.06343357585687424	0.0280254	1e-05
0.2263	1.5155	2.1441	0.005422737985946381	0.0011082840750163993	0.003269001688985379	0.72245711	55.63895798	0.77301246	0.08782811647339106	0.0282598	1e-05
0.4064	1.4742	2.1393	0.02772979115568591	0.0020001473227855013	0.009208357133522081	1.74579072	134.44947815	1.47073536	1.6831135931022665	0.0697513	0.00582
0.4341	1.6971	1.9234	0.03498861551473032	0.0033580134808370897	0.010393435695626231	1.76771677	136.13807678	1.47673519	0.9565884539600077	0.0691173	0.00142
0.4755	2.0277	1.3188	0.033644711990694694	0.003902556207459321	0.014777702776635988	1.54229391	118.77746582	1.32966401	1.2902356665833807	0.0738248	0.00283
0.8166	2.0108	1.2998	0.042165409398931014	0.006682865705886288	0.024272293907485143	1.47215927	113.37615204	1.27654117	1.4167799018756215	0.0797138	0.00277
0.6103	1.6475	1.5216	0.03682644721708035	0.006106907052728159	0.018579029887479635	1.14662063	88.30528259	1.02725313	1.3718092427507151	0.0621705	0.00075
0.5348	1.4959	1.6332	0.033857642159438	0.006178465552059926	0.015388568014834004	1.02182317	78.69419098	0.95048275	0.6502412714809873	0.066222	0.0027
0.422	1.5041	1.7765	0.027399923927058978	0.003157300616857742	0.012524482712311309	1.10482204	85.08622742	1.01528548	0.8814484235051949	0.0504956	0.00036
0.3407	1.8719	2.198	0.022177898805091942	0.0007155849933176752	0.011039207518864133	1.23649049	95.22647858	1.11408301	1.3280507969477136	0.0402508	0.0001
0.3205	2.1183	2.3682	0.01996656664281513	0.0003682644721708035	0.011269590980127387	0.94622695	72.87226105	0.90412919	0.5762518072343471	0.0414119	0.00019
0.3013	2.2056	2.4053	0.016739452855877614	0.0002495820830351891	0.010524335389525807	0.77762789	59.88785553	0.79676221	0.3481525883337356	0.039829	8e-05
0.2723	2.0971	2.3024	0.014014993893514467	0.0007225663103256524	0.009637708129512687	0.78892928	60.75821686	0.79954855	0.44460352248333634	0.0356545	9e-05
0.2362	1.9128	2.1204	0.01248434013951544	0.0016231562043547262	0.008183848862601411	0.87524205	67.40546417	0.85361232	0.596655145746969	0.0354095	8e-05
0.2476	1.7918	1.9834	0.015308282869242264	0.0018099064343181197	0.008196066167365372	0.90921491	70.02183533	0.86444965	0.42054551322270894	0.0354892	0.00012
0.2262	1.7353	2.0362	0.009724974592112405	0.0012007865253720988	0.007216936456996553	0.96030271	73.95628357	0.89048625	0.4892778948222349	0.0314837	3e-05
0.1985	1.6468	2.0207	0.006923721142661505	0.0011850785621041497	0.006113888369736136	0.85852551	66.11806488	0.83854319	0.32770047499896315	0.0303788	2e-05
0.1575	1.6134	2.0342	0.004616395871525002	0.0011065387457644049	0.004883431247080134	0.78039503	60.10095978	0.81070968	0.26871611050661226	0.0289502	2e-05
0.1293	1.6062	2.0564	0.002930407814098479	0.000752236907609556	0.004091051766674708	0.74604112	57.45524597	0.79538375	0.19923346879934	0.028825	1e-05
0.1175	1.5973	2.0595	0.002022836603061428	0.0008168140899333463	0.0037245326237558994	0.72188568	55.59495163	0.79142989	0.09073337681398252	0.0292971	2e-05
0.104	1.6053	2.0681	0.0010716321607245184	0.0006719517620178169	0.0034452799434368064	0.72839481	56.096241	0.79106725	0.09886597252857654	0.0296926	2e-05
0.1219	1.7265	2.2433	0.009482373826085192	0.0016790067404185449	0.004234168765338243	1.30315435	100.36048889	1.1289814	0.8246342732831422	0.0385692	0.00057
0.1391	1.9867	2.3539	0.01641133095650268	0.0018884462506578647	0.0053058009260627615	1.24236131	95.67860413	1.07083633	0.7985014400690662	0.0360819	8e-05
0.0918	2.1247	2.4634	0.013142329267517301	0.0011047934165124105	0.0037140606482439333	0.80176079	61.74641418	0.80905979	0.5770197400474832	0.0378802	0.00012
0.0407	2.2078	2.5618	0.011274826967883369	0.00045902159327450867	0.0025080381351158514	0.74025488	57.0096283	0.77914982	0.418564831799996	0.0398104	0.0001
-0.0002	2.2652	2.6293	0.008716174284459682	0.00029845130209103034	0.0014049900478554352	0.75095677	57.83382034	0.78188035	0.3569135530933793	0.0402952	9e-05
-0.0063	2.009	2.3353	0.004534365396681268	1.5707963267948964e-05	0.0005358160803622592	1.06599975	82.09638214	0.99451023	0.8229863097047337	0.0349238	3e-05
0.126	1.8173	2.2192	0.018809413348742893	0.0037419859162758423	0.0027296949501191318	1.4997133	115.49819183	1.29939333	1.44986023874132	0.0509863	0.00215
0.0591	1.6906	2.2243	0.011534881026430523	0.0006370451769779302	0.00199142067652553	1.2595799	97.00466919	1.1020153	0.7545873667601941	0.0303983	5e-05
0.0301	1.6493	2.2181	0.007883652231258387	0.00020769418098732522	0.0011938052083641214	0.79073805	60.89751434	0.79813965	0.32040976296620727	0.0301143	2e-05
0.016	1.6337	2.2314	0.0058259090431570714	-0.00022165681500327985	0.0009424777960769379	0.72552574	55.8752861	0.76842479	0.1799210798189549	0.0299172	1e-05
-0.0044	1.6202	2.2276	0.004242895411598215	-0.00014486232791552936	0.0004049163864626844	0.7252484	55.8539238	0.77405392	0.1475684764130429	0.0308557	1e-05
-0.0237	1.618	2.224	0.002895501229058593	-0.00014660765716752367	-1.7453292519943294e-06	0.72182512	55.59028625	0.77592128	0.11289006137531432	0.0312128	1e-05
-0.0435	1.6274	2.2429	0.0010454522219446034	-0.0004363323129985824	-0.0004433136300065597	0.73775965	56.81746292	0.78690868	0.17716709818498044	0.0320952	2e-05
-0.0615	1.6379	2.2577	-0.0008813912722571365	-0.0006824237375297829	-0.0008307767239493009	0.73728967	56.78126526	0.78880447	0.17131990063378377	0.0322946	1e-05
-0.0851	1.6412	2.2604	-0.0018692476288859267	-0.0007661995416255106	-0.0013648474750595659	0.71677041	55.20100784	0.78640081	0.1098851455917396	0.0339634	2e-05
-0.1031	1.644	2.2726	-0.0030159289474462015	-0.0008272860654453122	-0.0019285888234537342	0.71562892	55.11309814	0.78809261	0.12157545953871214	0.0345154	1e-05
-0.1208	1.6567	2.2866	-0.005133013330115323	-0.000783652834145454	-0.0025272367568877894	0.74632996	57.47748947	0.79992609	0.18236827737015168	0.0356001	2e-05
-0.0362	1.6604	2.3994	0.010349802464326372	-0.00039968039870670147	-0.000635299847725936	1.8655386	143.67167664	1.55099057	1.0890362569521153	0.069263	0.01336
0.0749	1.9981	2.5914	0.04073249408304366	0.0029897490086662863	0.0003717551306747922	2.16430926	166.68106079	1.82403018	2.3797588002245504	0.0947533	0.01368
-0.0143	2.2077	2.8154	0.02264390171537443	-0.0024277529895241124	-0.0004380776422505767	1.72203422	132.61990356	1.48611459	1.7385963569392495	0.0596151	0.00122
-0.0898	2.3405	2.9182	0.016844172610997275	-0.0027471482426390747	-0.0016912240451825054	0.91813034	70.70844269	0.89826275	0.6797135380212026	0.0567409	0.0009
-0.1297	2.2901	2.782	0.013021901549129692	-0.002579596634447619	-0.0032829643230013338	0.92359143	71.12902069	0.89967076	0.5055781473938936	0.0511798	0.00066
-0.1515	2.0094	2.4892	0.005612978874413764	-0.0024556782575560214	-0.004440117617073575	1.17826796	90.74255371	1.05834596	1.0297997172839883	0.0376865	0.00011
-0.1628	1.8337	2.4368	0.0003438298626428829	-0.0025062928058638572	-0.004756022211684548	0.97086209	74.76950073	0.89497124	0.5211834077344843	0.0340845	2e-05
