trans_x	trans_y	trans_z	rot_x	rot_y	rot_z	dvars_std	dvars_nstd	dvars_vstd	framewise_displacement	aqi	aor
0.0	-0.0	0.0	-0.0	0.0	-0.0	n/a	n/a	n/a	n/a	0.0189649	0.0015
-0.0014	0.1072	0.0466	0.0004433136300065597	-7.853981633974481e-05	1.7453292519943296e-05	1.14920044	59.03857422	1.08165272	0.1821653369433124	0.0159658	0.00073
-0.0083	-0.0055	-0.0472	0.0002897246558310587	-9.075712110370512e-05	2.094395102393195e-05	1.16842294	60.02610016	1.08382634	0.22186484687217248	0.0186272	0.001
-0.0132	-0.0442	-0.0182	0.00017802358370342162	-8.37758040957278e-05	8.726646259971648e-06	1.06990469	54.96486282	1.0223424	0.07914498469497874	0.018356	0.00096
-0.0086	0.0927	0.0666	0.0002897246558310587	-5.4105206811824215e-05	0.00010297442586766544	1.14019918	58.57614517	1.06429924	0.23808097245096177	0.0149679	0.00053
-0.0151	0.0323	-0.0358	0.0005270894341022875	-5.4105206811824215e-05	3.665191429188092e-05	1.1870563	60.98336411	1.09463851	0.18448436449235067	0.0172461	0.0009
-0.012	-0.0499	-0.026	0.00042411500823462205	-0.00012042771838760874	5.93411945678072e-05	1.08391142	55.68444061	1.02231573	0.1046993108859688	0.0173964	0.00086
-0.0105	0.0384	0.018	0.0003577924966588376	-0.0001064650843716541	8.726646259971648e-05	1.08613455	55.79864883	1.02382111	0.1392105206811824	0.0160801	0.00056
-0.0142	0.0702	-0.0115	0.0006387905062299246	-0.00017104226669544429	6.981317007977319e-05	1.09943199	56.48178482	1.04949722	0.08315142422074102	0.0164291	0.00063
-0.0142	-0.0161	-0.0253	0.0005393067388662478	-0.000153588974175501	5.93411945678072e-05	1.06145608	54.53083038	1.02018051	0.10647045176977928	0.0173953	0.0007
-0.0078	0.1291	0.0173	0.0009983283321407565	-0.0001832595714594046	0.00018675022996339323	1.13361096	58.23768616	1.05469735	0.22500506129769987	0.01594	0.00041
-0.0109	0.0678	0.004	0.0011763519158441782	-0.00022689280275926284	0.00015009831567151235	1.1202122	57.54933929	1.05698212	0.09061543646475805	0.0158348	0.00042
-0.0129	-0.0371	-0.0048	0.0009546951008408983	-0.00020943951023931956	0.00016231562043547262	1.08873057	55.93201447	1.03015841	0.12826637061435917	0.0167001	0.00071
-0.0016	0.0704	0.0476	0.0007557275661135446	-0.00020420352248333657	0.0002565634000431664	1.11148942	57.10121918	1.04672898	0.1861225651045516	0.0150409	0.00039
-0.0066	0.078	-0.0018	0.0009337511498169664	-0.00030194196059501896	0.0001605702911834783	1.15774632	59.47760773	1.08309939	0.0805877565337396	0.0166867	0.00052
-0.0128	-0.0386	-0.0057	0.0007731808586334879	-0.00020769418098732522	0.00011170107212763708	1.10972929	57.01079941	1.04672457	0.14188436449235065	0.0166342	0.00057
-0.0076	0.0054	0.0515	0.0006230825429619757	-0.00018675022996339323	0.00017453292519943296	1.10601699	56.82008362	1.04530913	0.118093705988362	0.0159643	0.00051
-0.0112	0.0413	0.032	0.0009197885158010115	-0.00022689280275926284	0.0001658062789394613	1.15228939	59.19726181	1.07967639	0.07627875959474385	0.0159005	0.00054
-0.0126	-0.0592	-0.0032	0.000783652834145454	-0.00027750735106709843	0.0001658062789394613	1.10336399	56.6837883	1.04235481	0.14643751149816966	0.016827	0.00063
-0.0082	-0.012	0.0393	0.0005201081170943102	-0.0002652900463031381	0.00020594885173533088	1.08966541	55.9800415	1.03133257	0.1098952297305487	0.0158103	0.00054
-0.0064	0.0526	0.0457	0.0006894050545377602	-0.0002897246558310587	0.00017976891295541595	1.12270379	57.67734528	1.05930878	0.0837955742875643	0.0152679	0.00041
-0.0128	-0.0351	0.004	0.0006300638599699529	-0.0002844886680750757	9.948376736367679e-05	1.08593905	55.78860474	1.03043416	0.1430431163957765	0.0165377	0.00051
-0.0155	-0.0267	0.0355	0.0005567600313861911	-0.00030194196059501896	9.948376736367679e-05	1.05856431	54.382267	1.01743823	0.04713785605518526	0.0156617	0.00051
-0.0195	0.1021	0.1107	0.0008080874436733745	-0.0003298672286269283	8.901179185171081e-05	1.16000986	59.59389114	1.08384417	0.2224862327915529	0.014429	0.00028
-0.0212	0.01	0.0077	0.0007853981633974483	-0.00028797932657906436	9.250245035569947e-05	1.16205442	59.69892883	1.08651572	0.20020339204138887	0.0159739	0.00047
-0.0172	-0.065	0.0132	0.0008133234314293575	-0.00035081117965086024	0.0001012290966156711	1.04562664	53.71761322	1.00568491	0.08947418836818384	0.0163391	0.00057
-0.0116	0.0153	0.0562	0.0007941248096574199	-0.0003787364476827695	0.0001658062789394613	1.08354223	55.66547394	1.02721458	0.13448505360638183	0.0160017	0.00045
-0.01	0.0658	0.0505	0.0009704030641088471	-0.00042935099599060504	0.00015184364492350666	1.128842	57.99268341	1.06464457	0.06984277183876085	0.0154493	0.00044
-0.0159	-0.027	0.0056	0.0007976154681614085	-0.0004014257279586958	0.0001012290966156711	1.10670125	56.85523605	1.03585545	0.15616637061435917	0.0161523	0.00049
-0.0176	-0.0491	0.0122	0.0008290313946973065	-0.00038571776469074686	0.00015184364492350666	1.03392613	53.11651611	0.99913098	0.03528692190558413	0.0170465	0.00065
-0.0119	0.0595	0.0661	0.0010663961729685354	-0.00042760566673861073	0.0002495820830351891	1.09656274	56.33438492	1.03052804	0.1870495559215388	0.0160413	0.0004
-0.0191	0.0403	0.008	0.000853466004225227	-0.00035604716740684323	0.00011170107212763708	1.11733353	57.40145493	1.05690845	0.10561848394913138	0.0170413	0.00053
-0.0206	-0.0293	0.0029	0.0007068583470577034	-0.0003351032163829112	0.0001256637061435917	1.0476923	53.82373428	1.01185011	0.0852757121103705	0.0171261	0.00058
-0.0087	0.0782	0.0735	0.0006771877497737998	-0.0003944444109507184	0.0002548180707911721	1.10957766	57.00300598	1.04398324	0.20090830782496452	0.0156605	0.00034
-0.0169	0.07	0.0038	0.000879645943005142	-0.0003647738136668148	0.00013962634015954637	1.14068329	58.60101318	1.07178746	0.10346602605734356	0.016656	0.00054
-0.0204	-0.0105	-0.0081	0.000905825881785057	-0.00035081117965086024	0.00018151424220741024	1.06906927	54.92194748	1.02432011	0.10000152374218665	0.0177118	0.00067
-0.0154	0.072	0.0615	0.0009756390518648303	-0.00035430183815484887	0.00027750735106709843	1.1064378	56.84170151	1.04629723	0.1655648468721725	0.0170903	0.00063
-0.0153	0.0931	0.0169	0.001075122819228507	-0.00039269908169872416	0.00015533430342749534	1.1537056	59.27001953	1.08240288	0.07880270292735776	0.0175153	0.00075
-0.0184	0.0076	-0.0104	0.000726056968829641	-0.00029845130209103034	0.00019198621771937622	1.1072098	56.88136292	1.04469192	0.13989827721492207	0.0179267	0.00083
-0.0113	0.1224	0.0711	0.0008098327729253688	-0.000291469985083053	0.0002443460952792061	1.13602126	58.36151123	1.06160516	0.21055584993317672	0.0155661	0.0004
-0.0151	0.0842	-0.0121	0.0008499753457212384	-0.00027925268031909274	0.00016231562043547262	1.17927551	60.58363724	1.09298088	0.13191951762017814	0.0166065	0.00065
-0.0137	0.0162	-0.0002	0.0006527531402458793	-0.0002565634000431664	0.00023561944901923448	1.11113214	57.08286667	1.04800899	0.09596076571675236	0.0166513	0.00064
-0.0073	0.1403	0.0813	0.0008063421144213803	-0.0002844886680750757	0.0003351032163829112	1.13550413	58.33494568	1.06763642	0.2260499004785544	0.014785	0.00034
-0.0132	0.0653	-0.0213	0.0006038839211900379	-0.0001972222054753592	0.00017453292519943296	1.14808738	58.98138809	1.07996378	0.2060147473507269	0.0169073	0.00053
-0.012	0.0224	-0.0007	0.0004537856055185257	-0.00024085543677521747	0.0002199114857512855	1.06674325	54.80245209	1.01669354	0.07665550537616114	0.0165336	0.00069
-0.0061	0.159	0.0735	0.0006771877497737998	-0.0002897246558310587	0.00034906585039886593	1.13560593	58.34017181	1.05842539	0.2367712863979348	0.0150135	0.00027
-0.0134	0.1181	-0.0316	0.0004921828490624009	-0.000148352986419518	0.0002600540585471551	1.14997208	59.07821274	1.08474163	0.17406941809873253	0.0158257	0.00041
-0.0111	0.0328	-0.0131	0.0005270894341022875	-0.00016231562043547262	0.0002478367537831948	1.06007814	54.46003723	1.02036382	0.10915432619099005	0.0166258	0.00065
-0.0064	0.1361	0.0612	0.0004886921905584122	-0.0002007128639793479	0.00039095375244672985	1.11523807	57.29380417	1.04999399	0.19329557428756428	0.0148632	0.00026
-0.0139	0.1394	0.0068	0.0008604473212332044	-0.0001832595714594046	0.00034033920413889426	1.14513958	58.82994843	1.07879488	0.08719114857512854	0.0160064	0.00044
-0.0124	0.0419	-0.0093	0.0006021385919380437	-0.00014137166941154068	0.00023561944901923448	1.10710859	56.87615967	1.04425828	0.13534581932313425	0.0165098	0.00045
-0.0046	0.1567	0.0704	0.0005916666164260777	-0.00014311699866353502	0.00039095375244672985	1.11645401	57.35626984	1.04759807	0.2106775804095728	0.0142964	0.00028
-0.0102	0.1343	-0.0088	0.0005201081170943102	-0.000148352986419518	0.000307177948351002	1.1377089	58.44821167	1.07051731	0.11522851455917392	0.0155374	0.0004
-0.0064	0.0665	0.0023	0.0003473205211468716	-0.00018675022996339323	0.0002478367537831948	1.07419837	55.18544769	1.02503883	0.09622630170295601	0.0158929	0.00047
-0.0003	0.1805	0.0877	0.0006841690667817771	-0.00023561944901923448	0.0003612831551628262	1.146173	58.88304138	1.07238849	0.23045820830351887	0.0138003	0.00027
-0.0115	0.1189	-0.0117	0.0006632251157578452	-0.00014311699866353502	0.0002513274122871834	1.16645515	59.92501068	1.08613077	0.18337010721276367	0.0162658	0.00043
-0.0127	0.0447	-0.0065	0.0006318091892219474	-0.00013788101090755203	0.0002705260340591211	1.08086383	55.52787399	1.01881732	0.08339252680319094	0.0166093	0.00049
-0.0038	0.1658	0.0745	0.0005951572749300663	-0.00018500490071139895	0.0003630284844148205	1.14062941	58.59824753	1.05980324	0.21981391272257136	0.0148768	0.00033
-0.0097	0.1424	-0.0061	0.0004014257279586958	-0.00014486232791552936	0.0002303834612632515	1.16422665	59.81052399	1.09628351	0.12822595714594043	0.0165262	0.00037
-0.009	0.0712	0.0051	0.0001937315469713706	-9.42477796076938e-05	0.0002530727415391778	1.0776391	55.36220551	1.02343055	0.09714990047855433	0.0159419	0.00046
0.0005	0.1803	0.0804	0.00028274333882308137	-0.00013788101090755203	0.0003665191429188092	1.12196612	57.63944626	1.05246454	0.20620457122656	0.015308	0.00028
-0.01	0.1288	-0.0136	3.141592653589793e-05	-0.0002024581932313422	0.00011693705988362007	1.1458962	58.86882019	1.08079541	0.18427433388230807	0.0166708	0.00041
-0.0122	0.2203	0.1768	-0.0021938788697568722	-0.00021467549799530252	-0.00037524578917878077	1.47518551	75.78559875	1.29232529	0.4205847475059565	0.0187079	0.0017
-0.0195	0.3287	0.1185	0.0010995574287564276	0.00016231562043547262	-0.0006894050545377602	1.81244707	93.11194611	1.56917955	0.3732293341151528	0.0256943	0.00576
-0.0408	0.198	-0.0168	0.006813765399785863	0.0012217304763960308	-0.0008237954069413235	1.72985446	88.86886597	1.52365686	0.6327006589696779	0.0311238	0.0105
-0.0502	0.14	-0.0035	0.006258750697651665	0.0011065387457644049	-0.0012007865253720988	1.33194292	68.42671204	1.19093478	0.13305987755982993	0.0236266	0.00469
-0.0317	0.1207	0.126	0.0029705503868943488	0.0012025318546240932	-0.0011309733552923255	1.33676159	68.674263	1.21245377	0.34000032948483894	0.0228282	0.0021
-0.014	0.2335	0.1579	0.001778490507782222	0.0011414453308042916	-0.0009686577348568529	1.3395741	68.8187561	1.21247066	0.2331731011683701	0.0213578	0.00209
-0.0401	0.1557	0.1174	0.0015690509975429022	0.001048942880448592	-0.0009285151620609833	1.361408	69.94043732	1.24533527	0.16150422666954448	0.0193108	0.00109
-0.0145	0.1523	0.098	0.0052831116457868355	0.0017610372152622785	-0.0006527531402458793	1.53926814	79.07775879	1.38224042	0.28349585024363616	0.0334728	0.015
-0.0372	0.1037	0.0949	0.006869615935849681	0.0014800392056911916	-0.0006510078109938849	1.53078687	78.64204407	1.3566542	0.16786238144429627	0.0292528	0.01233
-0.0209	0.2329	0.1862	0.004363323129985824	0.0011938052083641214	-0.0004974188368183839	1.28570497	66.05130005	1.16698392	0.3841057888683214	0.022819	0.00482
-0.0201	0.1246	0.1707	0.002813470754214859	0.0009546951008408983	-0.00033684854563490564	1.16963172	60.08819962	1.08921112	0.22207663872388328	0.0201685	0.00155
-0.0186	0.2091	0.2308	0.002457423586808016	0.0009128071987930344	-0.00033684854563490564	1.16115212	59.65257645	1.07387328	0.16599675347273535	0.0170572	0.00141
-0.0201	0.202	0.1957	0.00039793506945470715	0.0006771877497737998	-0.0003298672286269283	1.1458025	58.86400986	1.09724075	0.15880446416902605	0.0166129	0.0005
-0.0168	0.1471	0.2537	-0.0009040805525330626	0.0006824237375297829	-0.00013788101090755203	1.09397936	56.20166779	1.0295874	0.1911618913731564	0.0160108	0.00025
-0.0081	0.2805	0.3354	-0.0009669124056048585	0.0004991641660703782	3.316125578789226e-05	1.08886802	55.93907928	1.02374404	0.24465668456133224	0.0170664	0.00026
-0.0159	0.2923	0.269	-0.0007714355293814937	0.0003787364476827695	-2.96705972839036e-05	1.16211486	59.70203018	1.06827938	0.1049368223841384	0.0161625	0.00028
-0.015	0.1874	0.2886	-0.0012199851471440364	0.0003438298626428829	-6.45771823237902e-05	1.10981059	57.01497269	1.02855676	0.1513181393921158	0.0161597	0.00019
-0.0119	0.3028	0.3769	-0.0018448130193580064	0.00033684854563490564	4.363323129985824e-05	1.08314562	55.64509964	1.02090229	0.24380098014227977	0.017432	0.00025
-0.0207	0.2937	0.3042	-0.001520181778487061	0.00035604716740684323	2.96705972839036e-05	1.11238587	57.14727783	1.03840178	0.10848962483294186	0.0166008	0.00019
-0.0166	0.2089	0.3009	-0.001996656664281513	0.0002007128639793479	1.0471975511965975e-05	1.06409514	54.66640854	1.00236995	0.12475039054969426	0.0160999	0.00017
-0.0108	0.241	0.3556	-0.002565634000431664	0.00020769418098732522	8.028514559173915e-05	1.05230403	54.06065369	0.99390909	0.1248885911618951	0.0177105	0.00011
0.002	0.5507	0.4656	-0.0031014500807939236	0.00015184364492350666	0.0004956735075663896	1.2409097	63.75000763	1.11186965	0.4828527489200363	0.0208369	0.00155
-0.0226	0.5016	0.2736	-0.0018064157758141308	0.00029845130209103034	0.00020420352248333657	1.37629056	70.70500946	1.22908338	0.3523555973615184	0.0163525	0.00038
-0.0242	0.3311	0.2789	-0.002518510110627818	0.00023911010752322313	-1.9198621771937625e-05	1.12961531	58.03241348	1.02484687	0.22714188368183844	0.0146952	8e-05
-0.0234	0.2417	0.3231	-0.0027680921936630064	0.00027576202181510406	-0.0001832595714594046	1.06180203	54.54859924	0.98921533	0.15691474735072683	0.0157043	0.00012
-0.0197	0.2143	0.3574	-0.0032114058236695662	0.0002478367537831948	-0.0001012290966156711	1.01530278	52.15976715	0.96864203	0.09306346864411011	0.0170344	0.00015
-0.0163	0.3433	0.4158	-0.0031381019950858045	0.00030194196059501896	5.061454830783555e-05	1.08771312	55.87974548	1.0018657	0.20476263401595465	0.0181945	0.00021
-0.022	0.3184	0.3368	-0.0024120450262561633	0.00023911010752322313	-4.71238898038469e-05	1.11545336	57.30486298	1.02634089	0.15393136300065596	0.0159445	0.00014
-0.0178	0.2177	0.3389	-0.0025569073541716926	0.0002024581932313422	-3.316125578789226e-05	1.05271852	54.08195114	0.98796913	0.11677384381116825	0.0159841	0.00017
-0.0201	0.3027	0.3719	-0.0025324727446437724	0.00017453292519943296	3.4906585039886588e-06	1.05142212	54.01534653	0.98875249	0.12475058959258556	0.0174527	0.00017
-0.0223	0.345	0.3453	-0.0023457225146803788	0.0002513274122871834	-5.061454830783555e-05	1.10118973	56.57208633	1.02179523	0.08698249619314838	0.0155661	9e-05
-0.0206	0.2415	0.3328	-0.0026075219024795284	0.00023561944901923448	-6.806784082777885e-05	1.05035198	53.96037292	0.99018324	0.1324480321793521	0.0158954	0.00013
-0.0186	0.2478	0.3729	-0.003008947630438224	0.0002181661564992912	4.363323129985824e-05	1.0177958	52.2878418	0.97035512	0.07492900463031382	0.0160778	0.00013
-0.0165	0.3599	0.4178	-0.0031747539093776853	0.00021118483949131387	0.00011344640137963142	1.04010963	53.43418121	0.98096755	0.1712300383013606	0.0162676	0.00019
-0.022	0.2626	0.3378	-0.002808234766458876	0.00018151424220741024	-4.537856055185256e-05	1.04091227	53.47541809	0.98260721	0.21055073510670985	0.0155306	7e-05
-0.0196	0.216	0.362	-0.0029880036794142917	6.632251157578452e-05	-4.18879020478639e-05	1.00083554	51.41653061	0.96486344	0.0881225651045515	0.0168275	0.00016
-0.0197	0.3396	0.4263	-0.0033283428835531865	0.00013264502315156904	-4.71238898038469e-05	1.05306351	54.09967422	0.9855625	0.2085948851735332	0.0168812	0.00015
-0.0329	0.2745	0.0638	-0.0023457225146803788	-0.00030194196059501896	-0.0006649704450098395	1.76057017	90.44683838	1.55280941	0.5425526953912694	0.0228309	0.00765
-0.0229	0.1639	-0.1329	-0.0013037609512397642	0.000635299847725936	-0.0010175269539126942	2.08519578	107.12403107	1.79284406	0.4338879940332212	0.0294574	0.01562
-0.0099	0.3249	0.1698	-0.0035046211380046137	3.316125578789226e-05	-0.00034208453339088857	1.71406555	88.05773163	1.50279888	0.650622059961235	0.015672	0.0003
-0.0095	0.3257	0.3336	-0.003686135380212024	0.00023911010752322313	-0.0002530727415391778	1.21832979	62.58999634	1.138277	0.18882374428972257	0.0160562	0.00022
-0.0095	0.2638	0.3464	-0.0035534903570604553	0.0002652900463031381	-0.00042935099599060504	1.05565357	54.23273087	1.00921386	0.09145516081914552	0.0162959	0.00015
-0.0095	0.3636	0.3684	-0.003495894491744642	9.075712110370512e-05	-0.0005637413483941684	1.0857501	55.77890015	1.02195406	0.1401259571459405	0.0170434	0.00025
-0.0216	0.2998	0.272	-0.0034714598822167216	5.4105206811824215e-05	-0.0010245082709206715	1.1000973	56.51596451	1.03342738	0.1983926723173152	0.0155259	0.00034
-0.0162	0.3862	0.3332	-0.0036651914291880917	-2.6179938779914945e-05	-0.000879645943005142	1.04584217	53.72868347	0.98807278	0.17394395102393187	0.0158556	0.00035
-0.0141	0.3492	0.2873	-0.003237585762449481	-7.155849933176751e-05	-0.000895353906273091	1.06570518	54.74912262	0.99379461	0.10943460952792056	0.0146935	0.00045
-0.0114	0.3144	0.3094	-0.003321361566545209	-0.0001012290966156711	-0.0007644542123735164	1.06186903	54.55204391	0.98973977	0.07181730476396031	0.0153961	0.00041
-0.0032	0.4114	0.3322	-0.003337069529813158	-0.0001361356816555577	-0.0007382742735936014	1.05063736	53.97502899	0.98524559	0.13183972435438748	0.0148098	0.00031
-0.0162	0.3166	0.2807	-0.0034452799434368064	-3.316125578789226e-05	-0.000879645943005142	1.03944659	53.4001236	0.98614804	0.1769278254451427	0.014535	0.00025
-0.0134	0.3032	0.3183	-0.003712315318991939	-2.094395102393195e-05	-0.0008028514559173916	1.01476216	52.13199615	0.97399699	0.07160235837034216	0.0153754	0.00021
-0.0052	0.4126	0.3674	-0.003946189438759179	-8.37758040957278e-05	-0.0007417649320975902	1.04807901	53.84359741	0.99217238	0.18458962483294183	0.0150989	0.00014
-0.0127	0.3149	0.2818	-0.0035482543693044722	1.7453292519943294e-06	-0.0008080874436733745	1.05559111	54.22952271	1.00078684	0.21828893571891067	0.0143387	6e-05
-0.01	0.3178	0.3353	-0.003913028182971286	2.4434609527920616e-05	-0.000726056968829641	1.0298841	52.90886307	0.98283181	0.0825746784393237	0.0156908	9e-05
-0.0044	0.4149	0.3817	-0.003820525732615587	-7.504915783575618e-05	-0.0006230825429619757	1.10583258	56.81061172	1.03022754	0.163848032179352	0.0157178	0.00018
-0.0099	0.3132	0.2918	-0.0034836771869806815	-3.316125578789226e-05	-0.0007225663103256524	1.07985067	55.47582245	1.01205791	0.22101101075232232	0.014754	8e-05
0.0025	0.4387	0.3893	-0.004071853144902771	-6.9813170079773176e-06	-0.0005846852994181004	1.08136129	55.55342865	1.01320279	0.27301184538047774	0.0156055	0.00014
-0.0022	0.4277	0.3247	-0.004073598474154764	-2.268928027592628e-05	-0.0006841690667817771	1.0961175	56.31150818	1.02497361	0.08614685299418091	0.0142632	0.00012
-0.0046	0.3429	0.3262	-0.004129449010218584	1.7453292519943296e-05	-0.0007120943348136865	1.0474056	53.80900574	0.98134696	0.09489591884457997	0.0147213	8e-05
0.0004	0.4604	0.4053	-0.0039898226700590365	-6.981317007977319e-05	-0.0006021385919380437	1.05468583	54.18301392	0.9924688	0.21844242728174532	0.0151873	0.00015
-0.005	0.3941	0.2901	-0.0034400439556808234	-0.00017453292519943296	-0.0006213372137099814	1.09124565	56.06122589	1.01439649	0.22058485456349047	0.0141903	7e-05
-0.0027	0.3652	0.3349	-0.0036843900509600297	-7.67944870877505e-05	-0.0006300638599699529	1.0632987	54.6254921	0.99459561	0.09354055898254295	0.0148478	8e-05
0.0087	0.4662	0.3605	-0.003679154063204046	-0.00029845130209103034	-0.000582939970166106	1.06445062	54.68466568	0.99440809	0.15170083462815548	0.0151799	8e-05
-0.005	0.368	0.2807	-0.0035203291012725624	-0.00014137166941154068	-0.000661479786505851	1.05717695	54.31099319	0.99234023	0.21142222054753593	0.0138008	4e-05
0.0011	0.4358	0.3342	-0.003560471674068432	-0.00013962634015954637	-0.0005619960191421741	1.05868757	54.3885994	0.98919106	0.13446858347057705	0.0153882	0.00011
0.0057	0.4424	0.3287	-0.0040945424251786966	-0.00012217304763960306	-0.0006230825429619757	1.06008351	54.46031189	1.00160146	0.04733052837250047	0.0150479	9e-05
0.0064	0.3623	0.3482	-0.004527384079673291	-4.0142572795869576e-05	-0.0005759586531581287	1.04703093	53.78975296	0.98730993	0.12839980095710876	0.0158237	0.00017
0.0102	0.4753	0.3877	-0.00428129265514209	-5.4105206811824215e-05	-0.0004485496177625427	1.05542326	54.22090149	0.99242322	0.17567315469713707	0.0153783	0.00014
-0.0001	0.3654	0.3097	-0.0038275070496235643	-4.18879020478639e-05	-0.0005567600313861911	1.04720509	53.79870224	0.98582793	0.22691066619530673	0.0140254	6e-05
0.0045	0.3638	0.3549	-0.0042167154728183	-3.141592653589793e-05	-0.0005899212871740833	1.0174408	52.26960373	0.97002476	0.07304208272472971	0.0153913	0.00012
0.0069	0.45	0.3815	-0.004209734155810323	-0.0001186823891356144	-0.0005009094953223725	1.0658114	54.75457764	0.99772135	0.12436297857297025	0.0148916	0.00014
-0.001	0.3383	0.3176	-0.003778637830567723	-8.901179185171081e-05	-0.0005899212871740833	1.04903781	53.8928566	0.98186039	0.21098893571891073	0.0143468	8e-05
0.0036	0.3732	0.3658	-0.003981096023799066	-0.0001064650843716541	-0.00045553093477052	1.01903319	52.35141373	0.97266145	0.10541509190774248	0.0157466	0.00011
0.0025	0.4471	0.3761	-0.0037367499285198597	-0.0001186823891356144	-0.00048345620280242926	1.08322799	55.64933014	1.01587153	0.09952443340375379	0.0152357	0.00012
-0.0063	0.3496	0.3131	-0.0036145768808802567	-0.00012740903539558605	-0.0005742133239061344	1.06259537	54.58935928	1.00006723	0.18038284075016395	0.0148613	8e-05
-0.0023	0.4149	0.374	-0.003991567999311032	-0.00014486232791552936	-0.00048520153205442357	1.0381664	53.33435059	0.98199969	0.15437281014012144	0.0160418	0.00017
-0.0042	0.4232	0.3205	-0.0034452799434368064	-0.0001884955592153876	-0.0005410520681182421	1.07696855	55.3277626	1.00411332	0.09598859116189513	0.0149963	0.0001
-0.0061	0.3574	0.3257	-0.003717551306747922	-0.00020769418098732522	-0.000593411945678072	1.02983701	52.90644073	0.97050827	0.09009149313214417	0.0149851	6e-05
0.009	0.4666	0.4231	-0.0032969269570172887	-0.0004677482395344803	-0.00038048177693476387	1.09387755	56.19643402	1.02215828	0.26638042885105484	0.0168175	0.00014
-0.0128	0.4359	0.3204	-0.003478441199224699	-6.9813170079773176e-06	-0.0007696902001294993	1.15037143	59.09873199	1.0658653	0.2067744793964324	0.0153331	0.00013
-0.0017	0.4963	0.4294	-0.005031784233499652	-2.268928027592628e-05	-0.0005759586531581287	1.1533227	59.25034714	1.05240143	0.26863912722571365	0.0176708	0.00048
-0.0093	0.5118	0.3658	-0.00441044701978967	0.0	-0.0006422811647339132	1.18126011	60.68559265	1.06339387	0.1222174502780846	0.0171115	0.00026
-0.007	0.406	0.329	-0.004441862946325569	5.4105206811824215e-05	-0.0007976154681614085	1.15358257	59.26369858	1.0380145	0.15694277183876088	0.0170599	0.00033
-0.003	0.4336	0.3785	-0.004221951460574283	2.6179938779914945e-05	-0.0006649704450098395	1.05349004	54.12158203	0.98399487	0.10012408884673812	0.0162882	0.00021
-0.0116	0.6198	0.4488	-0.004405211032033687	-0.00016406094968746698	-0.0007120943348136865	1.16840267	60.02506256	1.05284966	0.2861312174865317	0.0170013	0.00056
-0.026	0.4695	0.0861	0.0016406094968746698	1.0471975511965975e-05	-0.0007400196028455958	1.72486329	88.61244965	1.49534479	0.839813936106985	0.0243144	0.00388
-0.0253	0.3961	0.0147	0.002647664475275398	-1.0471975511965975e-05	-0.0009686577348568529	1.51047492	77.59854889	1.31897946	0.20833185307179583	0.0195846	0.00116
-0.0145	0.3928	0.1917	-0.0019303341527057286	-0.00010471975511965978	-0.0010524335389525807	1.39185619	71.50467682	1.22743545	0.4289011105842274	0.0148161	0.00021
-0.0067	0.5406	0.3219	-0.0032899456400093115	-0.0003089232776029963	-0.000900589894029074	1.15397024	59.28361511	1.06245209	0.3715829327355212	0.0155104	0.00022
-0.0001	0.4627	0.2437	-0.0032969269570172887	-0.0003438298626428829	-0.0006510078109938849	1.07725108	55.34227371	1.00726189	0.17727349925415264	0.0146956	9e-05
-0.0028	0.3746	0.2749	-0.003452261260444784	-0.0003595378259108319	-0.0006021385919380437	1.06745982	54.83926392	1.00133279	0.13299557428756423	0.0139633	0.0001
0.0017	0.497	0.3574	-0.0035517450278084606	-0.00035081117965086024	-0.0006021385919380437	1.0529362	54.09313202	0.98767413	0.21481052068118245	0.0151453	0.00012
-0.004	0.4275	0.2568	-0.003193952531149623	-0.0003787364476827695	-0.0005567600313861911	1.0780437	55.38299179	1.00351941	0.19735481626213	0.0135803	9e-05
-0.0023	0.3731	0.2892	-0.0035534903570604553	-0.0004206243497306334	-0.0004886921905584122	1.03641355	53.24430466	0.97858711	0.1119746784393238	0.0146465	0.00011
0.0041	0.5223	0.3732	-0.0037384952577718534	-0.0004485496177625427	-0.0005009094953223725	1.05860782	54.38450241	0.99295747	0.25085737367536337	0.0145257	0.00011
-0.0022	0.4996	0.2845	-0.004108505059194652	-0.000450294947014537	-0.0005462880558742252	1.05360734	54.12761307	1.00339672	0.13855668456133227	0.0137838	5e-05
-0.0026	0.4029	0.2986	-0.00411199571769864	-0.00035430183815484887	-0.0005166174585903216	1.01583719	52.18722153	0.96550511	0.11765771823237901	0.0140405	5e-05
0.0076	0.5268	0.3884	-0.0041556289489984985	-0.0004468042885105483	-0.00038397243543875244	1.05592299	54.24657059	0.99002978	0.23733903524035643	0.015009	0.00011
-0.0003	0.4993	0.2919	-0.00398284135305106	-0.00040840704496667313	-0.0004904375198104066	1.08514714	55.7479248	1.01698339	0.14778249619314848	0.013892	9e-05
0.0003	0.4045	0.3018	-0.004124213022462601	-0.00046425758103049166	-0.0005166174585903216	1.01716626	52.25550079	0.9676391	0.11647010721276375	0.0143386	5e-05
0.008	0.5192	0.3911	-0.004537856055185257	-0.00042760566673861073	-0.0003700098014227979	1.04207885	53.5353508	0.98285579	0.24154513020910293	0.0150324	0.00015
0.0007	0.5113	0.3104	-0.00436157780073383	-0.0004363323129985824	-0.0004921828490624009	1.06733406	54.83280182	1.00247883	0.1112588974175501	0.0139441	6e-05
-0.0027	0.4252	0.3069	-0.0043266712156939426	-0.000439822971502571	-0.0004991641660703782	1.01854968	52.32657242	0.96515519	0.09526892802759265	0.014861	6e-05
0.0044	0.5159	0.4051	-0.004480260189869444	-0.0006736970912698113	-0.00017802358370342162	1.05075383	53.98101425	0.98628846	0.23143018381548489	0.0151999	0.00012
-0.0016	0.4928	0.3154	-0.004209734155810323	-0.0008080874436733745	-0.0002740166925631097	1.05042434	53.96408844	0.98936252	0.14384547476611864	0.0136779	7e-05
-0.0031	0.424	0.3152	-0.0041381756564785556	-0.0008237954069413235	-0.00023212879051524583	0.99853528	51.29835892	0.9533347	0.07695771823237907	0.0143247	5e-05
0.0028	0.5411	0.4158	-0.004211479485062317	-0.001085594794740473	5.061454830783555e-05	1.04359043	53.61300278	0.98265608	0.2544923277602997	0.0151246	9e-05
-0.0076	0.4791	0.3177	-0.003920009499979264	-0.0010943214410004448	-9.250245035569947e-05	1.04917729	53.9000206	0.98761714	0.192665681500328	0.0135652	7e-05
-0.0061	0.4183	0.3332	-0.004085815778918725	-0.0009651670763528643	-0.0001675516081914556	1.00515044	51.63820267	0.95688949	0.09630049007113992	0.0142583	8e-05
0.001	0.5633	0.438	-0.0042935099599060505	-0.0012618730491919003	0.00012217304763960306	1.05853307	54.38066101	0.98650233	0.29660624048287104	0.0160688	0.00024
-0.0069	0.4984	0.3276	-0.0038693949516714287	-0.0010035643198967395	-5.585053606381854e-05	1.08436418	55.70770264	1.00150744	0.22622236606166024	0.0139948	9e-05
-0.0056	0.4075	0.3179	-0.00393048147549123	-0.000973893722612836	-0.0001658062789394613	1.01312554	52.0479126	0.96062517	0.1119356431989674	0.0151988	7e-05
0.002	0.5311	0.4141	-0.004440117617073575	-0.0010663961729685354	4.886921905584123e-05	1.05100906	53.99412537	0.98439734	0.26824070449666737	0.0154231	0.00017
-0.0063	0.5313	0.3433	-0.003862413634663451	-0.0011100294042683937	-1.2217304763960308e-05	1.07155955	55.04988098	0.99712122	0.1134211868764892	0.0147876	6e-05
-0.0105	0.4263	0.3119	-0.0038170350741115982	-0.0010419615634406148	-0.0001239183768915974	1.02134812	52.47033691	0.96380382	0.1518573736753634	0.0135324	8e-05
-0.0035	0.5209	0.381	-0.004012511950334963	-0.001165879940332212	2.4434609527920616e-05	1.00878501	51.82492828	0.95841864	0.194087411976724	0.014086	6e-05
-0.0063	0.4614	0.3056	-0.0037210419652519105	-0.0010297442586766543	-0.00016231562043547262	1.02672267	52.7464447	0.97043013	0.16841779483510025	0.0131657	8e-05
-0.0055	0.4268	0.342	-0.0039235001584832525	-0.0009634217471008699	-0.00013962634015954637	1.002496	51.50183868	0.9555178	0.08637349925415262	0.0144101	6e-05
-0.0045	0.5439	0.4027	-0.004036946559862884	-0.0010611601852125523	3.4906585039886588e-06	1.0309267	52.96242142	0.97176111	0.19651509190774247	0.014203	0.0001
-0.0143	0.4685	0.3037	-0.0036337755026521943	-0.00102799892942466	-0.00014137166941154068	1.03614283	53.23039627	0.98257002	0.21325973204570556	0.0129002	4e-05
-0.0095	0.4236	0.333	-0.0038152897448596045	-0.0010506882097005862	-4.18879020478639e-05	1.00750828	51.75933456	0.95703466	0.0941843644923507	0.0139958	6e-05
-0.0028	0.5665	0.4093	-0.00401076662108297	-0.001218239817892042	0.00016406094968746698	1.03344345	53.09172058	0.96693297	0.2543488668075076	0.014451	0.00013
-0.011	0.5116	0.3089	-0.003707079331235956	-0.0011239920382843482	2.268928027592628e-05	1.02261245	52.53528976	0.96735776	0.19046533694331233	0.0126113	4e-05
-0.0099	0.45	0.324	-0.003782128489071712	-0.0011938052083641214	-6.9813170079773176e-06	0.97608656	50.1450882	0.93540354	0.08652664625997168	0.0132449	6e-05
-0.0057	0.5757	0.3958	-0.0038798669271833948	-0.0012426744274199627	0.00018675022996339323	1.02197075	52.50232315	0.95778933	0.21871696020694473	0.0147135	0.00011
-0.008	0.5486	0.3051	-0.003569198320328404	-0.0011780972450961724	-5.235987755982988e-06	1.05456829	54.17697906	0.98395404	0.14846160034490785	0.0134581	7e-05
-0.0036	0.4875	0.3329	-0.0038030724400956446	-0.0011903145498601325	1.9198621771937625e-05	0.99750966	51.24567032	0.95209709	0.10682630170295604	0.013593	7e-05
0.0037	0.6241	0.4499	-0.004071853144902771	-0.0013281955607676848	0.00020943951023931956	1.0557518	54.23778152	0.99030107	0.29074513020910303	0.0152473	0.00024
-0.0054	0.5731	0.3324	-0.003652974124424132	-0.001324704902263696	1.9198621771937625e-05	1.05250978	54.07122421	0.99046087	0.20823052837250045	0.0129172	6e-05
-0.0089	0.481	0.3159	-0.003701843343479973	-0.001281071670963838	1.3962634015954635e-05	0.9889462	50.80573273	0.94051777	0.11698692190558414	0.0133582	4e-05
-0.0034	0.5714	0.394	-0.004003785304074992	-0.0013072516097437528	0.0002373647782712288	1.01802361	52.29954529	0.96472844	0.20157620218151043	0.0145867	9e-05
-0.0065	0.5879	0.3443	-0.003686135380212024	-0.0013264502315156904	0.00014311699866353502	1.06499386	54.71257782	0.99322736	0.09085481626212993	0.0134826	7e-05
-0.0097	0.482	0.3009	-0.003673918075448063	-0.001350884841043611	4.18879020478639e-05	1.02830935	52.82796097	0.97326805	0.15939405054537759	0.0130342	6e-05
-0.0039	0.5377	0.3686	-0.004017747938090946	-0.0012636183784438947	0.00017104226669544429	1.00890565	51.83112335	0.95893066	0.15721253449450895	0.0143085	6e-05
-0.0068	0.5919	0.3607	-0.003916518841475275	-0.0012636183784438947	0.00010297442586766544	1.02721214	52.771595	0.97357372	0.07346484687217252	0.0142441	8e-05
-0.0117	0.4728	0.2888	-0.003754203221039803	-0.0012252211349000194	-3.839724354387525e-05	1.03489375	53.16622543	0.97857877	0.2130042266695444	0.0138799	9e-05
-0.0129	0.4487	0.3269	-0.0038117990863556156	-0.0012723450247038664	2.96705972839036e-05	0.99499542	51.11650467	0.94836322	0.07203937979737196	0.0151961	0.00015
-0.0083	0.5282	0.3614	-0.0039706240482871	-0.0012374384396639797	6.283185307179586e-05	1.00308597	51.53214645	0.95247367	0.12994464013796314	0.0142893	6e-05
-0.0124	0.4342	0.2962	-0.0038083084278516272	-0.0012339477811599909	-9.948376736367679e-05	1.01217103	51.99887848	0.95656498	0.1797060949687467	0.0143765	9e-05
-0.0094	0.4491	0.3437	-0.0038903389026953604	-0.0011763519158441782	6.981317007977319e-05	1.01194727	51.98738098	0.9585529	0.0808461638801498	0.0149293	0.0001
-0.0078	0.5417	0.3609	-0.0038851029149393774	-0.0011641346110802177	9.075712110370512e-05	1.0696907	54.95387268	0.9992625	0.11331986217719373	0.014595	9e-05
-0.0119	0.4309	0.3001	-0.0038152897448596045	-0.0011274826967883368	-0.0001012290966156711	1.03751147	53.30070496	0.97766765	0.19062256510455144	0.013558	4e-05
-0.0061	0.4616	0.374	-0.003960152072775134	-0.0011990411961201044	5.061454830783555e-05	1.03285611	53.06154633	0.975115	0.1288132236085402	0.0153595	0.0001
-0.003	0.5569	0.4057	-0.003745476574779831	-0.0013212142437597075	0.00020594885173533088	1.08287644	55.63127136	1.01071786	0.15470914245311995	0.0145422	0.00016
-0.011	0.4514	0.3076	-0.0035622170033204267	-0.001296779634231787	-4.363323129985824e-05	1.03919852	53.38737869	0.983923	0.2344638132011257	0.0138556	1e-05
-0.0019	0.4837	0.3591	-0.0039235001584832525	-0.001192059879112127	6.981317007977319e-05	1.03231931	53.03396606	0.971474	0.12187246558310583	0.0147605	9e-05
0.0057	0.5995	0.4032	-0.003834488366631542	-0.0012671090369478833	0.0002548180707911721	1.08734739	55.8609581	1.00883453	0.18495329251994327	0.0140932	0.00012
-0.0028	0.4867	0.3063	-0.003677408733952052	-0.0012758356832078548	3.839724354387525e-05	1.05432594	54.16452408	0.99035078	0.23731135530933792	0.0129116	5e-05
-0.0008	0.4709	0.3393	-0.0038606683054114572	-0.0012845623294678264	8.552113334772214e-05	0.99842662	51.29277802	0.95190689	0.0627555053761612	0.0142997	7e-05
0.0071	0.6091	0.4476	-0.003913028182971286	-0.0013927727430914749	0.00023911010752322313	1.06959641	54.9490242	1.00303074	0.2701079632679489	0.0153781	0.00021
-0.0057	0.5304	0.3049	-0.0035203291012725624	-0.0013177235852557187	1.3962634015954635e-05	1.07773542	55.36715698	1.01129917	0.2688447856520874	0.0129855	4e-05
-0.0045	0.4687	0.3119	-0.003626794185644217	-0.0012426744274199627	-5.4105206811824215e-05	0.99639785	51.18855286	0.94887065	0.08237910415175946	0.0139937	7e-05
0.0031	0.6005	0.4117	-0.0039287361462392355	-0.0013805554383275148	0.00010995574287564276	1.04120123	53.49026489	0.97964901	0.2693941960595019	0.0145356	0.00014
-0.002	0.5518	0.3184	-0.0035831609543443585	-0.0013212142437597075	-3.4906585039886588e-06	1.0450629	53.68865204	0.9790228	0.17301813939211583	0.0132568	6e-05
-0.0063	0.47	0.3027	-0.003652974124424132	-0.0013439035240356337	-1.0471975511965975e-05	0.98917139	50.8173027	0.94389791	0.10677418836818382	0.0136563	9e-05
-0.0001	0.5607	0.3957	-0.0038484510006474965	-0.0013788101090755204	0.00011344640137963142	1.03249896	53.04319382	0.972101	0.2076150919077424	0.0150859	0.00012
-0.0061	0.5776	0.3316	-0.0036041049053682902	-0.0013473941825396225	-6.9813170079773176e-06	1.05328882	54.1112442	0.99081011	0.10680948701013566	0.0136161	5e-05
-0.0082	0.4745	0.3017	-0.0036198128686362394	-0.0012880529879718153	-4.537856055185256e-05	1.00488889	51.6247673	0.95776945	0.14077232006898155	0.0137479	5e-05
-0.0062	0.5188	0.3523	-0.003858922976159462	-0.0013002702927357754	8.028514559173915e-05	0.99640888	51.18911743	0.95017624	0.11574955592153877	0.0148396	4e-05
0.0002	0.6205	0.4035	-0.0037891098060796892	-0.001408480706359424	0.00018151424220741024	1.05065489	53.97593307	0.9867006	0.17326263401595468	0.0144029	0.00012
-0.009	0.508	0.2984	-0.003600614246864302	-0.0013194689145077131	-4.0142572795869576e-05	1.03376734	53.10835648	0.97807874	0.25175820830351897	0.0135836	4e-05
-0.0074	0.5139	0.3371	-0.003979350694547071	-0.001256637061435917	-6.9813170079773176e-06	0.99018979	50.86962128	0.94529356	0.06993647782712292	0.0144475	6e-05
0.0051	0.6365	0.4066	-0.0039706240482871	-0.0014049900478554352	0.00010821041362364843	1.04852867	53.86669922	0.98097658	0.21821356816555573	0.0143766	0.00013
-0.004	0.5464	0.3086	-0.0037140606482439333	-0.0013526301702956054	2.268928027592628e-05	1.02773809	52.79861069	0.96919958	0.21692222054753596	0.0129222	6e-05
-0.0066	0.5081	0.3242	-0.003944444109507185	-0.0012636183784438947	-2.4434609527920616e-05	0.98773158	50.74333572	0.93935304	0.07482595714594047	0.0147483	8e-05
-0.0169	0.65	0.3547	-0.0007295476273336296	-0.0009075712110370514	-3.665191429188092e-05	1.26621413	65.04998779	1.15066795	0.361858047717218	0.0166727	0.00053
-0.0216	0.6803	0.1938	0.004714134309636684	0.00029845130209103034	-1.7453292519943296e-05	1.61981547	83.21576691	1.41529804	0.5293451535935167	0.0290348	0.0095
-0.0442	0.6182	0.1776	0.0063896503915512395	1.3962634015954635e-05	-0.0008220500776893293	1.4809289	76.08065796	1.36042025	0.2391300767579509	0.0265916	0.00765
-0.0137	0.5396	0.128	0.0019285888234537342	0.0005148721293383271	-0.0008307767239493009	1.39661682	71.74924469	1.29134349	0.4072348854839925	0.0188524	0.00092
-0.0058	0.5982	0.1341	0.003220132469929538	-4.363323129985824e-05	-6.45771823237902e-05	1.16605222	59.90431213	1.08169275	0.20341242743697496	0.0154864	0.00051
-0.0198	0.6281	0.1025	0.003560471674068432	-0.0003525565089028545	-0.0002024581932313422	1.0752039	55.23710251	1.01727033	0.11485717463247216	0.0147662	0.00032
-0.0183	0.4663	0.1018	0.00326551103048139	-0.0006003932626860494	-0.00013788101090755203	1.04956031	53.91970062	0.99064958	0.1943687289847013	0.0153423	0.00043
-0.0145	0.4497	0.1566	0.0026511551337793865	-0.0006963863715457374	-6.45771823237902e-05	1.01795638	52.29608917	0.97444786	0.11438264170727264	0.0149066	0.00031
-0.0095	0.5889	0.2157	0.0027890361446869386	-0.0009546951008408983	0.00013788101090755203	1.05427158	54.16173553	0.9961732	0.23323239667170276	0.0144359	0.00056
-0.0172	0.4902	0.137	0.0024486969405480446	-0.0008848819307611251	4.363323129985824e-05	1.05695534	54.29961014	0.99672607	0.210320007691318	0.0144161	0.00023
-0.0172	0.4148	0.1588	0.0021537362969610025	-0.0009023352232810684	-2.268928027592628e-05	1.00258958	51.5066452	0.96032686	0.11613682238413851	0.0147138	0.00026
-0.0132	0.5095	0.2155	0.00205599785884932	-0.0009948376736367678	0.00018151424220741024	1.02624404	52.72185898	0.97086162	0.17512222054753587	0.0143915	0.00031
-0.0131	0.536	0.1979	0.0017697638615222502	-0.0011344640137963143	0.00017278759594743863	1.06393921	54.65839767	0.99999282	0.0659293491873295	0.0140395	0.00024
-0.0129	0.4362	0.1719	0.0013002702927357754	-0.0009704030641088471	9.250245035569947e-05	1.02259588	52.53443909	0.97107655	0.16169198320328412	0.0134394	8e-05
-0.0132	0.4485	0.2034	0.0009424777960769379	-0.0009599310885968812	7.853981633974481e-05	0.97348666	50.01152039	0.94516155	0.06321135530933793	0.0136904	0.00011
-0.0095	0.5974	0.2537	0.0011990411961201044	-0.001085594794740473	0.00029845130209103034	1.0412004	53.49021912	0.98137481	0.23300692959690225	0.0139418	0.00013
-0.0154	0.512	0.181	0.0010733774899765126	-0.001064650843716541	0.00015707963267948963	1.0417906	53.52054214	0.98192919	0.17839896632895325	0.0126527	6e-05
-0.0165	0.4603	0.1957	0.0007853981633974483	-0.0010716321607245184	0.00018500490071139895	0.98782051	50.74790192	0.9489098	0.0836442955809476	0.0137003	8e-05
-0.0083	0.6072	0.2553	0.0011205013797803594	-0.0011728612573401894	0.0003961897402027128	1.05253315	54.07242203	0.97962227	0.2470758576244948	0.0146604	0.00017
-0.0124	0.6279	0.2133	0.0009704030641088471	-0.0011746065865921838	0.0002548180707911721	1.06126821	54.5211792	0.99334175	0.08146076571675245	0.0125526	0.00011
-0.0139	0.5218	0.1926	0.0006998770300497262	-0.0011344640137963143	0.00024085543677521747	1.0278883	52.80632782	0.96388929	0.14453156204354722	0.0127236	7e-05
-0.0097	0.5952	0.2517	0.0007155849933176752	-0.0011903145498601325	0.0004049163864626844	1.01574337	52.18239975	0.96181021	0.1484809724509616	0.013397	0.00013
-0.0116	0.6832	0.2448	0.0007452555906015787	-0.001281071670963838	0.0003473205211468716	1.0868603	55.8359375	1.01685813	0.10570117918517116	0.0134493	0.00015
-0.016	0.5527	0.1902	0.0003159045946109737	-0.0011187560505283654	0.00016929693744344995	1.05817258	54.36214447	0.99265355	0.227984510006475	0.0119689	5e-05
-0.0033	0.6138	0.2465	0.0009913470151327792	-0.0011135200627723821	0.00021467549799530252	1.03112888	52.97280884	0.98242828	0.16640284844148212	0.0133829	0.0003
-0.005	0.6654	0.2229	0.0010262536001726657	-0.0012636183784438947	0.0002303834612632515	1.06648159	54.78900909	1.00844769	0.08693564319896739	0.0122001	0.00017
-0.0157	0.5325	0.1908	0.000577703982410123	-0.001186823891356144	0.00015707963267948963	1.02417207	52.61541367	0.97021994	0.20563239667170277	0.0121063	4e-05
-0.0052	0.619	0.2695	0.000736528944341607	-0.001329940890019679	0.0002600540585471551	1.03349221	53.09422302	0.97792417	0.19594581932313423	0.0132123	0.00012
-0.0079	0.6483	0.221	0.0011274826967883368	-0.0014224433403753785	0.00021642082724729686	1.09265196	56.13347626	1.02062828	0.1068544717051144	0.0129312	0.00014
-0.0076	0.5574	0.1956	0.0006230825429619757	-0.0011135200627723821	3.141592653589793e-05	1.04965281	53.92444992	0.99098897	0.1665164166070378	0.0122433	5e-05
0.0032	0.6753	0.2433	0.000726056968829641	-0.0013002702927357754	-4.363323129985824e-05	1.03590119	53.21797943	0.97408203	0.19463869068334072	0.0121869	6e-05
-0.0099	0.5683	0.1676	0.000757472895365539	-0.0012793263417118436	4.363323129985824e-05	1.04717457	53.7971344	0.98301045	0.20278131700797727	0.0124211	6e-05
-0.0115	0.5531	0.2253	0.0007592182246175333	-0.0012897983172238095	0.00023561944901923448	1.04333436	53.5998497	0.98743099	0.0847101761241668	0.0130839	0.0001
-0.0135	0.7828	0.2193	0.0022026055160168437	-0.0010733774899765126	9.599310885968811e-05	1.27054918	65.27269745	1.13566784	0.32767172294030766	0.0159096	0.00073
-0.0442	1.0137	-0.1787	0.0015446163880149814	9.599310885968811e-05	-0.0007155849933176752	1.76528394	90.68900299	1.61904412	0.7915468914507712	0.0314322	0.01806
-0.0705	0.8841	-0.5248	0.0017575465567582897	0.0006387905062299246	-0.0011065387457644049	1.60891938	82.6559906	1.50309797	0.5593340659280137	0.0405531	0.03174
-0.0605	0.8519	-0.5023	0.0014922565104551516	0.0005951572749300663	-0.001223475805648025	0.99028081	50.8742981	0.95242391	0.08599301687433089	0.0405935	0.03067
-0.0747	0.9828	-0.5337	0.005834635689417044	-2.094395102393195e-05	-0.000879645943005142	1.22171879	62.76410294	1.14329275	0.4416155133779386	0.0423874	0.03219
-0.0916	1.0054	-0.6108	0.007166321908688717	-0.00012740903539558605	-0.0012740903539558604	1.20847535	62.08374023	1.13587486	0.2082297857297024	0.0457294	0.03584
-0.0666	0.9392	-0.5758	0.00724835238353245	0.00039095375244672985	-0.000947713783832921	1.05096197	53.99170685	1.00507521	0.1725384916404495	0.0462252	0.0358
-0.0508	0.77	-0.489	0.006120869686744114	0.0006789330790257941	-0.0009965830028887623	1.37717962	70.75068665	1.22281226	0.3450165621211621	0.0339261	0.0176
-0.0457	0.7301	-0.442	0.004937536453891958	0.0005305800926062762	-0.001223475805648025	1.06790161	54.86196136	1.00194472	0.16992895110154685	0.0329549	0.01513
-0.0405	0.6001	-0.3583	0.004139920985730549	0.000445058959258554	-0.0012671090369478833	1.00565076	51.66390991	0.96584192	0.2652384916404495	0.029764	0.01016
-0.0298	0.641	-0.2975	0.0038571776469074684	0.00011519173063162575	-0.0011693705988362008	1.00263643	51.50904846	0.97075395	0.14791745027808464	0.026553	0.00637
-0.0281	0.6458	-0.3393	0.004394739056521722	-0.0002548180707911721	-0.0011362093430483087	1.01004183	51.88949203	0.97748782	0.09533662334124722	0.0276252	0.00776
-0.0304	0.5202	-0.3228	0.003841469683639519	-0.00027750735106709843	-0.0011501719770642632	0.99575973	51.15576935	0.95993213	0.17389606435870425	0.0271226	0.00671
-0.0259	0.5484	-0.2928	0.003717551306747922	-0.0003647738136668148	-0.001218239817892042	0.9802081	50.35682678	0.95948368	0.07666263401595456	0.0252694	0.00563
-0.0177	0.6216	-0.3102	0.0037978364523396607	-0.0006126105674500097	-0.0011571532940722405	1.01168406	51.97386169	0.98137961	0.11826042115973676	0.0264685	0.00616
-0.023	0.5179	-0.32	0.00352731041828054	-0.0006736970912698113	-0.0011623892818282235	0.98872232	50.79423141	0.96197038	0.1356424272817453	0.0256578	0.00628
-0.0212	0.5089	-0.2799	0.003085742117525975	-0.0005340707511102648	-0.0011187560505283654	0.98117644	50.40657425	0.95782097	0.08214139361069851	0.0237657	0.00482
-0.0047	0.7101	-0.2352	0.0033859387488689996	-0.000710349005561692	-0.0010314895879286487	1.08451509	55.7154541	1.01522804	0.2905870674197084	0.0229162	0.00325
-0.0157	0.6237	-0.3037	0.0027576202181510408	-0.0010506882097005862	-0.001069886831472524	1.0787921	55.42144394	1.02431113	0.21625274892003635	0.0244438	0.00503
-0.019	0.5113	-0.2643	0.0018936822384138475	-0.0010506882097005862	-0.0010838494654884787	1.02567947	52.69285202	0.97582676	0.19899503068765753	0.0237383	0.00371
-0.0087	0.6263	-0.1968	0.001762782544514273	-0.0012042771838760874	-0.0009826203688728075	1.03190541	53.01270294	0.98208294	0.21208588823453728	0.019848	0.00166
-0.0185	0.5977	-0.2605	0.0017837264955382047	-0.0013002702927357754	-0.0010838494654884787	1.04040194	53.44919968	0.99268114	0.11300830782496452	0.0222821	0.00333
-0.0213	0.5081	-0.2386	0.0010053096491487337	-0.0012147491593880533	-0.0010000736613927507	1.00662363	51.71389008	0.96208218	0.16168568919164605	0.0220709	0.00264
-0.0106	0.6229	-0.1841	0.0013404128655316449	-0.0013159782560037243	-0.0008517206749732328	1.03198063	53.01656723	0.98088672	0.20923426497090497	0.0186256	0.00145
-0.0152	0.5696	-0.2577	0.0012356931104119853	-0.0013700834628155487	-0.0008325220532012951	1.04812038	53.8457222	0.99936999	0.14040117918517103	0.0226874	0.00327
-0.0177	0.5072	-0.2302	0.0008552113334772215	-0.001270599695451872	-0.0008709192967451704	1.00823176	51.79650497	0.96687532	0.1183181393921158	0.0215822	0.00297
-0.0057	0.6584	-0.1736	0.0013404128655316449	-0.0012897983172238095	-0.0008063421144213803	1.05855513	54.38179398	0.99528261	0.24824886680750757	0.0186301	0.001
-0.0122	0.5926	-0.2491	0.0007644542123735164	-0.0012356931104119853	-0.0008813912722571365	1.0462141	53.74779129	1.00027601	0.18305565089028536	0.0221304	0.00278
-0.0154	0.4882	-0.2347	0.0005654866776461627	-0.0012409290981679683	-0.0009285151620609833	0.98820662	50.76773834	0.95356446	0.13456637061435917	0.0217706	0.00275
-0.012	0.5865	-0.182	0.000752236907609556	-0.0011903145498601325	-0.0008429940287132613	1.01720822	52.2576561	0.96853873	0.17054429558094752	0.0186589	0.00116
-0.0137	0.6015	-0.2307	0.0011623892818282235	-0.0012897983172238095	-0.0008656833089891874	1.03944623	53.40010071	0.99182973	0.09201627109291353	0.0205459	0.00229
-0.0144	0.4899	-0.2352	0.000932005820564972	-0.0012932889757277981	-0.0008499753457212384	1.01602328	52.19678116	0.97650213	0.12927910415175947	0.0214134	0.00266
-0.0013	0.5624	-0.1772	0.0007504915783575615	-0.0011187560505283654	-0.0007190756518216638	1.02903783	52.86538315	0.97821009	0.1679473430653209	0.018751	0.00129
-0.0011	0.6091	-0.1994	0.000890117918517108	-0.0011798425743481666	-0.0006894050545377602	1.03654635	53.25112534	0.9852371	0.08061917306316255	0.0190232	0.00145
-0.0103	0.5037	-0.2009	0.0006527531402458793	-0.0011780972450961724	-0.0007452555906015787	0.99264234	50.99561691	0.95637734	0.130848032179352	0.0200713	0.00181
0.0046	0.5808	-0.1485	0.000645771823237902	-0.001282817000215832	-0.0006649704450098395	1.013978	52.09170532	0.97346745	0.15399931088596874	0.0179448	0.00095
0.007	0.6944	-0.1604	0.0013264502315156904	-0.0014364059743913332	-0.0006475171524898963	1.07752323	55.35625458	1.0126319	0.17048603374866167	0.0175004	0.00092
-0.0009	0.5767	-0.208	0.0015376350710070042	-0.0014800392056911916	-0.0005497787143782138	1.0209291	52.44881058	0.96830377	0.1908278254451428	0.0192323	0.00168
-0.0011	0.6	-0.1451	0.0008168140899333463	-0.001069886831472524	-0.0006161012259539982	1.15247118	59.20660019	1.06983148	0.14626479334340547	0.0203249	0.00138
0.0001	0.8065	-0.0917	0.001933824811209717	-0.0008220500776893293	-0.0003001966313430247	1.39437091	71.63386536	1.24419161	0.3451376034835269	0.0233974	0.00342
-0.0236	0.7281	-0.2042	0.0029199358385865134	-0.00022165681500327985	0.0001186823891356144	1.38403022	71.10262299	1.22903387	0.3148691655270742	0.0248476	0.00348
-0.0208	0.6794	-0.1948	0.002717477645355171	-0.0005323254218582705	-0.0003159045946109737	1.08919358	55.95580292	1.01280722	0.10828568919164602	0.0220269	0.00193
-0.0125	0.5963	-0.1165	0.0005602506898901797	-0.0006265732014659643	-0.0005480333851262194	1.07717097	55.33815765	1.00835947	0.2938801762793965	0.020461	0.00056
-0.0012	0.6039	-0.0446	-0.0005515240436302081	-0.0005585053606381855	-0.0005602506898901797	1.04519391	53.69538116	0.98875971	0.1504029939556063	0.0168899	0.00023
0.0044	0.7249	-0.0078	-0.00013962634015954637	-0.000609119908946021	-0.0004904375198104066	1.04294395	53.57979202	0.98780942	0.19001627109291352	0.014644	0.00016
-0.004	0.6148	-0.0496	-0.0006126105674500097	-0.0004991641660703782	-0.0004363323129985824	1.03711414	53.28029633	0.98697812	0.19215225884889647	0.0155001	0.00027
-0.0052	0.5685	-0.0092	-0.0005742133239061344	-0.0005899212871740833	-0.0003700098014227979	1.00573087	51.66802597	0.97153398	0.09767384381116824	0.0140227	0.00012
-0.0041	0.7059	0.0616	0.0001239183768915974	-0.0007853981633974483	-0.00023212879051524583	1.06281888	54.60084152	0.99853344	0.26087447939643243	0.0117885	9e-05
-0.0105	0.6371	-0.0316	0.0002670353755551324	-0.0007941248096574199	-0.00020943951023931956	1.06718695	54.82524109	1.00656924	0.17712664625997163	0.013886	0.0001
-0.0077	0.5523	-0.0207	8.203047484373349e-05	-0.0008499753457212384	-0.0002303834612632515	1.00541842	51.65196991	0.96201876	0.11158996938995744	0.0133998	7e-05
-0.0006	0.6778	0.0462	0.0002129301687433082	-0.0009337511498169664	-0.00022165681500327985	1.06236756	54.57765198	0.99509664	0.2106701072127637	0.0125372	4e-05
-0.0061	0.705	0.0066	0.0005672320068981572	-0.0010384709049366262	-0.00021118483949131387	1.09374893	56.18983078	1.02239838	0.09577467843932375	0.0124267	5e-05
-0.0129	0.571	-0.0145	0.0003089232776029963	-0.0010105456369047167	-0.00020594885173533088	1.04367077	53.61713409	0.98133277	0.17647349925415268	0.0126037	7e-05
-0.0094	0.6222	0.0394	0.00018675022996339323	-0.0010262536001726657	-0.0002007128639793479	1.01381183	52.08316803	0.96837021	0.11575584993317677	0.0115144	5e-05
-0.0057	0.6982	0.0344	0.0005707226654021458	-0.0012356931104119853	-0.00011170107212763708	1.06561911	54.74469757	1.00496909	0.1188211868764892	0.0117452	1e-05
-0.0113	0.5793	-0.0114	0.000445058959258554	-0.001192059879112127	-0.00012042771838760874	1.04295862	53.58054733	0.98688788	0.1792011791851711	0.0122811	4e-05
-0.0039	0.638	0.0558	0.00038048177693476387	-0.0011850785621041497	-8.203047484373349e-05	1.0438745	53.62760162	0.98518605	0.1387977871437821	0.0112652	4e-05
-0.0063	0.7195	0.0573	0.0009424777960769379	-0.0013386675362796509	-3.4906585039886588e-06	1.08887732	55.93955612	1.01838201	0.125106240482871	0.0115866	5e-05
-0.0136	0.6065	-0.0012	0.0004433136300065597	-0.001181587903600161	-9.250245035569947e-05	1.05052328	53.96916962	0.99226497	0.2160627795300789	0.0116928	6e-05
-0.0097	0.6291	0.0415	0.0005654866776461627	-0.0012095131716320703	-0.00010995574287564276	0.99707013	51.22309113	0.95830872	0.07757758040957273	0.0110971	2e-05
-0.0014	0.7337	0.0651	0.0012793263417118436	-0.001473057888683214	-6.108652381980153e-05	1.04981482	53.93277359	0.99249494	0.18781268000863327	0.0109575	3e-05
-0.0063	0.627	0.0085	0.0009145525280450286	-0.0012897983172238095	6.632251157578452e-05	1.02558577	52.68804169	0.98015463	0.20197212102609033	0.0114118	6e-05
-0.0024	0.6382	0.0519	0.000783652834145454	-0.001324704902263696	0.0001605702911834783	1.01002812	51.88878632	0.96407712	0.07150270292735772	0.0113997	2e-05
0.0028	0.7667	0.0978	0.0012130038301360591	-0.0014311699866353504	0.00020769418098732522	1.04397631	53.63283157	0.98575662	0.20874699850830536	0.0100237	1e-05
-0.0107	0.6558	0.0154	0.0009407324668249436	-0.0013264502315156904	0.000153588974175501	1.04952359	53.91781616	0.98846511	0.22835481626213	0.0114538	5e-05
-0.0116	0.6355	0.046	0.00048520153205442357	-0.0013369222070276565	0.0001884955592153876	0.98559433	50.63353729	0.94699921	0.07684547476611873	0.0112673	2e-05
-0.0007	0.7762	0.1195	0.0007539822368615504	-0.0013578661580515882	0.0003211405823669566	1.04463768	53.66680908	0.9788577	0.2462184839491314	0.0099951	4e-05
-0.0084	0.7069	0.0453	0.0006370451769779302	-0.0012147491593880533	0.00016406094968746698	1.02439523	52.62687683	0.96433087	0.17205668456133225	0.0102977	4e-05
-0.0091	0.6408	0.0692	0.0005899212871740833	-0.001228711793404008	0.00018151424220741024	0.98392111	50.5475769	0.94505652	0.09462699081698718	0.0110789	3e-05
0.0027	0.7871	0.1601	0.000710349005561692	-0.001410226035611418	0.00039968039870670147	1.04433763	53.65139008	0.97693789	0.2750054058547155	0.00994051	2e-05
-0.0074	0.7325	0.0712	0.0005567600313861911	-0.001244419756671957	0.00020420352248333657	1.04311752	53.58871078	0.98195011	0.17934360646691627	0.0100033	1e-05
-0.0081	0.6307	0.0676	0.0004799655442984406	-0.001298524963483781	0.00020769418098732522	0.97573	50.12677002	0.93991483	0.11281951762017817	0.0106351	3e-05
-0.0017	0.7344	0.1291	0.0004380776422505767	-0.0013316862192716734	0.0003944444109507184	1.02252495	52.53079605	0.96306728	0.18468996938995752	0.0102694	2e-05
-0.0024	0.7665	0.1023	0.0006544984694978735	-0.0013735741213195373	0.000322885911618951	1.06825626	54.88018036	0.99635746	0.0760933614313463	0.0101528	2e-05
-0.0053	0.6564	0.0698	0.0003665191429188092	-0.0013683381335635543	0.0002600540585471551	1.01474118	52.13091278	0.96138355	0.16330235837034213	0.0104591	3e-05
0.0043	0.7612	0.154	0.00011519173063162575	-0.0013386675362796509	0.0004206243497306334	1.04233956	53.5487442	0.97521073	0.22067841503772825	0.010273	4e-05
-0.0024	0.8257	0.1085	0.000466002910282486	-0.0013543754995475996	0.0003577924966588376	1.10483277	56.75924301	1.02841184	0.13816754979953022	0.010331	5e-05
-0.0064	0.7108	0.0754	0.0001884955592153876	-0.0012723450247038664	0.00028274333882308137	1.03389502	53.11491776	0.97521966	0.17372934918732943	0.0100456	1e-05
-0.0041	0.7146	0.0983	-5.585053606381854e-05	-0.0012164944886400475	0.00032812189937493397	0.98240447	50.46966171	0.94740397	0.04627875959474391	0.0103559	6e-05
0.0036	0.8331	0.1348	0.0005742133239061344	-0.0012618730491919003	0.0004468042885105483	1.02497852	52.65684128	0.97198627	0.20240624048287087	0.00964379	1e-05
-0.0024	0.7256	0.0789	0.00034906585039886593	-0.0012740903539558604	0.000291469985083053	1.00568187	51.66550827	0.95172239	0.1890349540849361	0.0102985	0.0
-0.0038	0.6875	0.1059	0.0003682644721708035	-0.0013264502315156904	0.000307177948351002	0.99082613	50.90231323	0.94919942	0.07086332312998585	0.0113026	2e-05
0.009	0.8188	0.1457	0.0006492624817418905	-0.0013997540600994523	0.00039269908169872416	1.02578723	52.69839096	0.96481596	0.20589114857512847	0.00984532	2e-05
-0.0017	0.7076	0.0908	0.0003001966313430247	-0.0011728612573401894	0.00017104226669544429	1.01060462	51.91840363	0.96225061	0.2166807734080704	0.00978523	1e-05
-0.0054	0.6882	0.1215	1.2217304763960308e-05	-0.0011798425743481666	0.0002373647782712288	0.96787304	49.72312927	0.93824086	0.07186415775814127	0.00984782	4e-05
0.0038	0.8151	0.1624	0.00032463124087094524	-0.0013020156219877698	0.00039968039870670147	0.99808252	51.27510071	0.94783	0.20684513020910303	0.00950289	2e-05
-0.0038	0.722	0.0917	1.5707963267948964e-05	-0.00119729586686811	0.00022689280275926284	1.0040766	51.58303452	0.95434044	0.2007215314335048	0.00987571	2e-05
-0.0031	0.6756	0.1123	-0.00014486232791552936	-0.0011082840750163993	0.0001972222054753592	0.95745897	49.1881218	0.92331357	0.08166263401595462	0.00971603	4e-05
0.0052	0.8077	0.188	0.00020420352248333657	-0.001282817000215832	0.0003892084231947355	1.03150487	52.99212646	0.96613436	0.25187924966588376	0.0097459	2e-05
-0.0034	0.7665	0.1092	-0.00013788101090755203	-0.0011536626355682519	0.00022340214425527416	1.03494585	53.16889954	0.98098871	0.16045225884889647	0.0100413	2e-05
-0.0026	0.7078	0.1285	-0.0004049163864626844	-0.0010716321607245184	0.00015533430342749534	0.98578453	50.64330673	0.93910495	0.0996566845613322	0.00970924	2e-05
0.003	0.8829	0.1364	0.0002897246558310587	-0.0009948376736367678	0.0003316125578789226	1.02290976	52.55056381	0.95272676	0.2359856891916461	0.0098598	2e-05
-0.0035	0.8455	0.0599	0.00010821041362364843	-0.0009878563566287904	0.00017627825445142725	1.00850236	51.81040192	0.96052608	0.1375914931321441	0.00982755	2e-05
-0.0084	0.9202	0.044	0.00013962634015954637	-0.0009040805525330626	0.00019896753472735358	0.98938185	50.82811356	0.94323148	0.1023940505453776	0.0105017	1e-05
-0.0001	0.9593	0.0597	-8.028514559173915e-05	-0.0008325220532012951	0.00013788101090755203	0.98074943	50.38463593	0.93560693	0.08072782544514277	0.0101376	3e-05
0.002	0.8423	0.0856	-0.0008272860654453122	-0.0007766715171374765	-1.3962634015954635e-05	0.97071946	49.86936188	0.92376364	0.19273475504204488	0.00932986	3e-05
-0.0021	0.7895	0.1209	-0.0009913470151327792	-0.0007976154681614085	-2.96705972839036e-05	0.9644472	49.54713058	0.92383299	0.10223564319896745	0.00902748	3e-05
0.0086	0.908	0.2087	-0.00102799892942466	-0.0009878563566287904	0.0002129301687433082	1.02096522	52.45066452	0.95939837	0.2404746784393237	0.00992227	3e-05
-0.0031	0.8327	0.1324	-0.0010821041362364843	-0.0008813912722571365	9.250245035569947e-05	1.01814485	52.30577469	0.9629729	0.17734990047855442	0.00917715	1e-05
-0.0026	0.8614	0.1101	-0.0007819075048934597	-0.000895353906273091	0.0001884955592153876	1.00630629	51.69758224	0.95254627	0.07200761871093342	0.00978446	2e-05
0.0034	0.9094	0.1233	-0.0005026548245743669	-0.0008866272600131194	0.00015533430342749534	1.00173736	51.46286392	0.94881095	0.08325702911834774	0.00942075	2e-05
-0.0014	0.8008	0.1049	-0.0007400196028455958	-0.0009546951008408983	-1.7453292519943294e-06	0.97831249	50.25944138	0.93013236	0.15492561258892493	0.00918555	1e-05
0.003	0.8048	0.1427	-0.0008726646259971648	-0.0009372418083209549	8.901179185171081e-05	0.95947421	49.29165268	0.92268354	0.058242771838760886	0.00922984	1e-05
0.0072	0.9135	0.1628	-0.0003089232776029963	-0.0010576695267085637	0.00023387411976724014	1.01623333	52.20757294	0.95992851	0.1744515697348653	0.00930917	1e-05
-0.0025	0.7898	0.1157	-0.0005393067388662478	-0.001054178868204575	0.00017104226669544429	0.99915051	51.3299675	0.94434769	0.1953352986419518	0.00883502	1e-05
0.0013	0.7813	0.1605	-0.0005969026041820607	-0.001085594794740473	0.0002303834612632515	0.97138888	49.90375137	0.93363306	0.06451764932097585	0.00933123	2e-05
0.0049	0.8886	0.1877	-0.0002373647782712288	-0.0012356931104119853	0.0003054326190990077	1.04889882	53.88571548	0.97774538	0.16733426497090495	0.00981021	1e-05
-0.0016	0.7796	0.1179	-0.00039269908169872416	-0.001181587903600161	0.00020420352248333657	1.03627825	53.23735428	0.97346975	0.20083343034274953	0.00927567	0.0
0.0043	0.8298	0.1777	-0.0003001966313430247	-0.0012356931104119853	0.0003577924966588376	1.01181138	51.98040009	0.95669256	0.13090983156715125	0.00957382	1e-05
0.0078	0.9279	0.1614	9.250245035569947e-05	-0.001356120828799594	0.00042411500823462205	1.06393814	54.65834045	0.99269844	0.14687246558310582	0.0102546	3e-05
0.0012	0.8215	0.1092	-0.00029845130209103034	-0.00124965574442794	0.00039095375244672985	1.02853823	52.83972168	0.96453199	0.19172900463031367	0.00888407	2e-05
-0.0009	0.7647	0.1354	-0.00041538836197465044	-0.001298524963483781	0.0003577924966588376	0.94172037	48.37957382	0.91259326	0.09504837673636761	0.00911534	1e-05
0.0084	0.8881	0.2115	-0.000153588974175501	-0.001350884841043611	0.0004537856055185257	1.01564515	52.17735291	0.94934578	0.22930761871093333	0.0100071	2e-05
0.0034	0.8364	0.1285	-0.0002583087292951608	-0.0012514010736799342	0.0003211405823669566	1.03278625	53.05795288	0.97923419	0.15654242728174525	0.00950205	3e-05
0.0017	0.7671	0.1435	-0.0004572762640225143	-0.0012758356832078548	0.0003717551306747922	0.9767167	50.17745972	0.93348178	0.09970083462815549	0.00914371	2e-05
0.0106	0.8998	0.2249	-7.330382858376184e-05	-0.0013945180723434693	0.0005358160803622592	1.0221442	52.51123428	0.9662149	0.2563357887130917	0.010442	1e-05
0.0019	0.8449	0.1287	-0.00027925268031909274	-0.0013072516097437528	0.00034557519189487725	1.05258536	54.07510757	0.990878	0.1839728101401215	0.00909877	2e-05
-0.0016	0.7833	0.1565	-0.0003647738136668148	-0.0014590952546672592	0.0005183627878423159	0.99351728	51.04056549	0.94981642	0.11340761871093334	0.00984234	4e-05
-0.0078	0.9233	0.2569	0.0003717551306747922	-0.0020245819323134223	0.0008011061266653974	1.08802664	55.89585114	1.01616916	0.3258379480405426	0.0112846	4e-05
-0.009	0.8391	0.1351	-0.00013264502315156904	-0.0017191493132144146	0.0005183627878423159	1.07719922	55.33960724	1.0077812	0.2618288055874226	0.0101592	1e-05
-0.0069	0.8113	0.1701	-0.0005061454830783556	-0.0015341444125030156	0.0004328416544945937	0.99299783	51.01388168	0.94237091	0.09710132469929533	0.00934631	2e-05
0.0013	0.9251	0.2325	9.599310885968811e-05	-0.0020193459445574393	0.000783652834145454	1.05171311	54.03029633	0.98189176	0.2563075651821664	0.0110304	5e-05
-0.0048	0.8045	0.1365	-0.00011344640137963142	-0.001811651763570114	0.000645771823237902	1.04779208	53.82886124	0.97833536	0.25045073510670984	0.00987613	2e-05
-0.0016	0.8084	0.1905	-0.00023911010752322313	-0.0018081611050661253	0.000757472895365539	1.00134516	51.44271469	0.94637382	0.07314277183876089	0.0098989	2e-05
-0.002	0.9252	0.2511	0.0003089232776029963	-0.002082177797629235	0.0009861110273767962	1.05281878	54.08709717	0.98484299	0.2303344104850293	0.0111266	4e-05
-0.0087	0.8012	0.1378	2.6179938779914945e-05	-0.0018133970928221085	0.0006928957130417488	1.06246328	54.58256912	0.99088597	0.28623696789826275	0.00941759	1e-05
-0.005	0.7957	0.1811	-5.759586531581287e-05	-0.0018064157758141308	0.0007819075048934597	0.97649962	50.16630936	0.93368912	0.06148844564777088	0.00985265	1e-05
0.004	0.9171	0.2228	0.0002670353755551324	-0.002015855286053451	0.0008761552845011534	1.02662933	52.74165344	0.96903467	0.203515926535898	0.0103684	4e-05
-0.0034	0.7928	0.1469	-0.00022689280275926284	-0.001621410875102732	0.000645771823237902	1.03608847	53.22760391	0.97644994	0.26353780252641834	0.00914025	1e-05
0.0006	0.8317	0.201	-0.00013962634015954637	-0.0017174039839624202	0.0007958701389094143	0.98755497	50.73426056	0.93832751	0.11366789435654592	0.00993466	2e-05
-0.0004	0.9061	0.1952	0.0001308996938995747	-0.0017889624832941875	0.0007435102613495844	1.06887412	54.91192245	0.99083087	0.10092222054753594	0.0103245	2e-05
-0.0074	0.7939	0.1495	-0.0005009094953223725	-0.001452113937659282	0.0004921828490624009	1.03275013	53.05609894	0.96262689	0.2258992573572018	0.00925148	2e-05
-0.0029	0.8919	0.2044	-0.0004206243497306334	-0.0015603243512829306	0.0007208209810736582	1.00870979	51.82106018	0.94563978	0.17825668456133223	0.0102614	3e-05
-0.0093	1.1727	0.1163	0.0004904375198104066	-0.0007888888219014368	0.0007190756518216638	1.40771043	72.31916046	1.23733919	0.45951213640872646	0.0183219	0.00235
-0.026	1.0797	-0.1346	0.006070255138436278	-0.00047647488579445195	0.0005724679946541401	1.580212	81.18119049	1.39536148	0.662541960595019	0.0306102	0.00915
-0.0275	0.9696	-0.1673	0.005464625887994246	-0.000619591884457987	0.00017627825445142725	1.30483365	67.03401184	1.14051597	0.20154679946541407	0.0223556	0.00287
-0.0203	0.8998	-0.1434	0.006213372137099812	-0.000926769832808989	0.0001884955592153876	1.12990189	58.0471344	1.03700186	0.15430707511102643	0.0184156	0.00169
-0.013	0.8384	-0.069	0.005152211951887261	-0.001001818990644745	0.00022689280275926284	1.0018754	51.46995163	0.95551454	0.20183032932960912	0.0162898	0.00088
-0.0058	0.8943	0.0177	0.00411548637620263	-0.0009581857593448868	0.00015707963267948963	1.00476551	51.61842728	0.95909518	0.20730859885321307	0.0135686	0.00012
-0.0075	0.9501	0.0548	0.004202752838802345	-0.0010611601852125523	0.0003106686068549907	1.00273287	51.51400757	0.95538199	0.11179149313214407	0.013842	0.0002
-0.0088	0.8744	0.0155	0.002909463863074547	-0.0010768681484805013	0.00016231562043547262	1.01401246	52.09347916	0.96632907	0.1891674962707633	0.0118803	4e-05
-0.0057	0.8291	0.0661	0.0025342180738957666	-0.001270599695451872	0.0002478367537831948	0.97532785	50.10610962	0.93471448	0.13172492347489367	0.0116665	6e-05
-0.0032	0.953	0.1463	0.0032218777991815323	-0.0013857914260834976	0.0006230825429619757	1.04835737	53.85789871	0.98394323	0.2655048622548086	0.012435	0.00019
-0.011	0.8691	0.0452	0.002537708732399755	-0.0012461650859239514	0.0005009094953223725	1.05546284	54.22293472	0.99381158	0.24009842272904633	0.0114296	6e-05
-0.0114	0.8165	0.065	0.0021589722847169856	-0.001329940890019679	0.0004520402762665313	0.95849609	49.24140167	0.92087384	0.09836907354171688	0.0109685	3e-05
-0.0059	0.9416	0.1404	0.002584832622203602	-0.0013369222070276565	0.0005497787143782138	1.01036382	51.90603256	0.95895477	0.2325290046303138	0.0114335	6e-05
-0.0115	0.9019	0.0656	0.002478367537831948	-0.0013281955607676848	0.00047123889803846896	1.02448738	52.63161469	0.97175105	0.1297865773485685	0.0112898	5e-05
-0.0133	0.7929	0.0718	0.0021537362969610025	-0.0013683381335635543	0.0004380776422505767	0.97368401	50.02165985	0.93232144	0.13689675347273533	0.0111429	5e-05
-0.0057	0.893	0.1379	0.0021642082724729686	-0.001265363707695889	0.0006370451769779302	0.99577457	51.15653229	0.94567839	0.1894206968053492	0.0108469	8e-05
-0.0086	0.9332	0.1042	0.0021327923459370708	-0.0012740903539558604	0.000645771823237902	1.02782917	52.80329514	0.97054564	0.07924346095279204	0.0105761	5e-05
-0.0075	0.8189	0.0724	0.0017697638615222502	-0.0012514010736799342	0.0005567600313861911	0.99464798	51.0986557	0.94191116	0.17093647782712293	0.0107943	2e-05
-0.0095	0.8406	0.1106	0.0016406094968746698	-0.0011205013797803594	0.0005201081170943102	0.96421415	49.53516006	0.92293695	0.07673529864195186	0.0102912	3e-05
-0.0042	0.9613	0.15	0.0017680185322702558	-0.0011466813185602744	0.0005410520681182421	1.03297234	53.06751633	0.96462116	0.17412664625997165	0.0104224	2e-05
-0.0106	0.8443	0.0787	0.0011850785621041497	-0.0011274826967883368	0.00034208453339088857	1.03585112	53.21540833	0.97716983	0.23475530633326985	0.00992489	3e-05
-0.0069	0.8326	0.1212	0.0011571532940722405	-0.0010681415022205296	0.0004468042885105483	0.9751097	50.09490204	0.93589952	0.06749931088596885	0.0102922	1e-05
-0.0042	0.9786	0.1708	0.0016249015336067207	-0.001064650843716541	0.0006335545184739417	1.02917278	52.87231827	0.96433552	0.23119945640009312	0.0106685	1e-05
-0.011	0.8854	0.0815	0.0012636183784438947	-0.0010192722831646884	0.00039095375244672985	1.03553104	53.19896317	0.97499878	0.22176312408709456	0.00984979	1e-05
-0.0081	0.8578	0.1026	0.0008272860654453122	-0.0009337511498169664	0.0004258603374866164	0.96481991	49.56628036	0.92987256	0.07943800156930951	0.00999022	2e-05
0.0	1.0071	0.1372	0.001296779634231787	-0.0008429940287132613	0.0006422811647339132	1.01384461	52.08485794	0.95538116	0.23083357585687392	0.0100808	3e-05
-0.0024	0.9332	0.0661	0.0010978120995044332	-0.000921533845053006	0.00047822021504644627	1.02374697	52.59357452	0.95816349	0.16947841503772834	0.0113195	3e-05
-0.0011	0.8731	0.0954	0.0005881759579220891	-0.0009337511498169664	0.00041189770347066176	0.98808658	50.76157379	0.93673475	0.12010879789610449	0.0102205	5e-05
0.006	1.0352	0.1753	0.0013177235852557187	-0.000926769832808989	0.0005497787143782138	1.0444777	53.65858459	0.98077315	0.2928204977624579	0.0105573	3e-05
-0.009	0.9956	0.0834	0.0009494591130849152	-0.0009232791743050004	0.00040840704496667313	1.06319749	54.62029266	1.00442789	0.17215634000431648	0.0103858	2e-05
-0.0133	0.8603	0.0901	0.000645771823237902	-0.000947713783832921	0.00028274333882308137	0.99014592	50.86736679	0.93635987	0.16898928027592638	0.00965822	1e-05
-0.0074	0.9048	0.1221	0.000598647933434055	-0.0009354964790689606	0.0004485496177625427	0.98566943	50.63739395	0.93386896	0.09365737367536352	0.0107541	5e-05
-0.002	1.0136	0.1233	0.0008552113334772215	-0.0009023352232810684	0.0004537856055185257	1.04715133	53.79594421	0.97330912	0.1301480321793521	0.0101695	1e-05
-0.0082	0.8878	0.0865	0.0005602506898901797	-0.0009407324668249436	0.0003159045946109737	1.00818288	51.79399109	0.95593999	0.1923619449019235	0.00982112	1e-05
-0.0084	0.8771	0.1261	0.0003351032163829112	-0.0008761552845011534	0.0004206243497306334	0.97219861	49.94535065	0.92825572	0.07022222054753595	0.00976723	2e-05
-0.002	0.9854	0.1589	0.0004747295565424576	-0.0008464846872172499	0.0004485496177625427	1.01197207	51.98865509	0.94788889	0.15736111027376803	0.0100158	3e-05
-0.0075	0.8982	0.0893	0.0002617993877991494	-0.0009023352232810684	0.00035081117965086024	0.99606526	51.17146683	0.94365393	0.18062595714594049	0.00961357	1e-05
-0.0078	0.8362	0.1143	3.141592653589793e-05	-0.000900589894029074	0.000312413936106985	0.94678962	48.63999939	0.91598329	0.100826301702956	0.00964159	1e-05
-0.0019	0.952	0.1673	0.00010821041362364843	-0.0008168140899333463	0.0004886921905584122	0.97490585	50.08443069	0.92750409	0.1915424272817452	0.00970131	2e-05
-0.008	0.896	0.1	5.061454830783555e-05	-0.0008709192967451704	0.0002740166925631097	0.99529839	51.13206863	0.94424693	0.14571882850614687	0.0098716	1e-05
-0.0112	0.8306	0.1206	-0.00020594885173533088	-0.0008726646259971648	0.00028099800957108706	0.95211214	48.91343689	0.91628903	0.10246450231515691	0.00975633	2e-05
-0.0022	0.958	0.1873	-0.00021467549799530252	-0.000804596785169386	0.0005096361415823442	0.9901157	50.86581421	0.93503069	0.21837163095495035	0.00994718	1e-05
-0.0039	0.9518	0.1285	-0.000322885911618951	-0.0007923794804054256	0.0003525565089028545	1.00464118	51.61204147	0.94955281	0.08057536755335491	0.00955224	2e-05
-0.005	0.8473	0.1175	-0.0004921828490624009	-0.0007993607974134029	0.000317649923862968	0.96186411	49.41442871	0.92173534	0.12715924197456563	0.00998199	3e-05
-0.0014	0.9131	0.1718	-0.0006038839211900379	-0.0007661995416255106	0.000450294947014537	0.99440229	51.08603287	0.93349863	0.13757536755335492	0.0104098	4e-05
0.0002	1.022	0.1803	-0.00045902159327450867	-0.0007679448708775049	0.0003769911184307752	1.02192473	52.49995804	0.9595397	0.12999557428756425	0.010101	1e-05
-0.006	0.9028	0.1178	-0.0006754424205218055	-0.0007155849933176752	0.0002600540585471551	1.00928402	51.85056305	0.95276494	0.2071858882345373	0.00943631	1e-05
-0.0046	0.8758	0.1488	-0.0007138396640656808	-0.0007487462491055673	0.00024260076602721178	0.96136445	49.38875961	0.91986884	0.06385058959258555	0.00986916	2e-05
0.0084	1.024	0.2363	-0.0004572762640225143	-0.0008464846872172499	0.00040317105721069014	1.01577139	52.18383789	0.95145755	0.2744436064669164	0.0108667	1e-05
-0.001	0.9755	0.1526	-0.0005305800926062762	-0.0008325220532012951	0.00020943951023931956	1.00046551	51.39752197	0.94925044	0.15564990047855434	0.00960094	1e-05
-0.0052	0.8829	0.1339	-0.0006632251157578452	-0.0008098327729253688	0.00020769418098732522	0.95671636	49.14997101	0.91684695	0.12335398163397451	0.00965512	1e-05
0.009	1.0042	0.2027	-0.0006597344572538566	-0.0008290313946973065	0.0004206243497306334	1.01437426	52.11206436	0.95207112	0.21608097245096167	0.0105874	2e-05
0.0078	1.0439	0.1765	-0.0004625122517784973	-0.0008587019919812101	0.00035604716740684323	1.0450542	53.68820572	0.97931384	0.08167349925415274	0.00991505	3e-05
-0.0018	0.9167	0.1311	-0.0007330382858376184	-0.0007958701389094143	0.0002495820830351891	1.00415134	51.58687973	0.94824779	0.20419114857512863	0.00938588	3e-05
0.0055	0.9571	0.1832	-0.0007452555906015787	-0.0008482300164692441	0.0003700098014227979	0.97359282	50.0169754	0.9294828	0.10905024503556993	0.0101582	2e-05
0.0042	1.0367	0.1788	-0.000593411945678072	-0.0008325220532012951	0.000322885911618951	1.03794265	53.32286072	0.97245372	0.09603377489976515	0.0108564	4e-05
-0.0046	0.9179	0.1304	-0.0008779006137531476	-0.0007766715171374765	0.0001832595714594046	1.00980258	51.87720108	0.9527079	0.19999827721492197	0.00942844	1e-05
-0.0011	0.9984	0.1931	-0.0008988445647770796	-0.000752236907609556	0.0003473205211468716	0.9919076	50.95787048	0.94222484	0.15717197551196588	0.0101641	3e-05
0.0008	1.0612	0.1831	-0.0005864306286700947	-0.0008028514559173916	0.0002443460952792061	1.04481161	53.67573929	0.97332386	0.09800014551412424	0.0104952	1e-05
-0.0027	0.9401	0.127	-0.0008447393579652555	-0.0008185594191853405	0.00017976891295541595	1.00082934	51.41621399	0.94883532	0.1976296937443449	0.00973207	1e-05
-0.0008	0.9362	0.1559	-0.0008970992355250854	-0.0007888888219014368	0.0002583087292951608	0.95752609	49.19157028	0.91905099	0.042728514559173945	0.0102308	3e-05
0.0052	1.1262	0.2105	-0.0004520402762665313	-0.0007435102613495844	0.0003001966313430247	1.03836453	53.34453201	0.96685327	0.2772162710929135	0.0114848	4e-05
-0.0008	1.0578	0.1179	-0.0008133234314293575	-0.0007679448708775049	0.0001972222054753592	1.04106283	53.48315048	0.98062368	0.19143460952792063	0.010098	3e-05
-0.002	0.9348	0.131	-0.001001818990644745	-0.0008360127117052838	0.0001884955592153876	0.97945213	50.31798935	0.93310762	0.15056450231515703	0.00983495	4e-05
0.0032	0.9498	0.1704	-0.0010210176124166828	-0.0008028514559173916	0.0003385938748868999	0.96356297	49.50170517	0.92379715	0.06972290966156712	0.0102899	2e-05
0.0076	1.0902	0.2094	-0.0005131268000863328	-0.000890117918517108	0.0003525565089028545	1.02269328	52.53944016	0.9607944	0.21425599544730117	0.0112807	2e-05
-0.0005	0.9889	0.1188	-0.0008150687606813518	-0.000783652834145454	0.00020594885173533088	1.04408979	53.63866043	0.97602273	0.22775073510670993	0.00974333	1e-05
-0.0018	0.9085	0.1419	-0.0009808750396208131	-0.0008255407361933179	0.00021467549799530252	0.95539695	49.08218765	0.91431563	0.11562104136236484	0.00964546	2e-05
0.0074	1.0299	0.2122	-0.000905825881785057	-0.0007993607974134029	0.00038571776469074686	0.99821651	51.28198242	0.93917289	0.2145135681655558	0.0106345	4e-05
0.004	1.0552	0.164	-0.0007609635538695277	-0.0008150687606813518	0.00024609142453120044	1.04876828	53.87900925	0.98262585	0.0919098315671511	0.0104991	3e-05
0.0009	0.9423	0.1249	-0.0008970992355250854	-0.0008482300164692441	0.00018500490071139895	1.00108123	51.42915344	0.94490516	0.16661917306316248	0.0100935	3e-05
0.0024	0.976	0.1716	-0.00091106186954104	-0.000804596785169386	0.0002844886680750757	0.96235645	49.43972397	0.92450403	0.08975398163397441	0.0103524	2e-05
0.0044	1.068	0.188	-0.0007801621756414653	-0.0008674286382411819	0.0002600540585471551	1.01760483	52.27803421	0.95919471	0.12130830782496461	0.0114326	1e-05
-0.0048	0.9593	0.1266	-0.0008936085770210966	-0.000731292956585624	0.00014486232791552936	1.02153528	52.47994995	0.9594071	0.1975386906833408	0.0100316	2e-05
0.004	0.984	0.1667	-0.001075122819228507	-0.0008133234314293575	0.00030368728984701333	0.97645807	50.16417313	0.92747192	0.09471848394913136	0.0104504	4e-05
0.013	1.1249	0.2018	-0.000921533845053006	-0.0008377580409572782	0.0003822271061867582	1.02742374	52.78246307	0.95914946	0.1978281700021584	0.0105049	1e-05
0.0043	1.035	0.1241	-0.0009983283321407565	-0.0008133234314293575	0.00021642082724729686	0.99625367	51.18114471	0.94370865	0.18965176877775675	0.00995058	0.0
0.0032	0.9604	0.1349	-0.0010838494654884787	-0.0008552113334772215	0.00026354471705114377	0.94294846	48.4426651	0.90989907	0.09522664625997154	0.0097549	1e-05
0.0135	1.088	0.2226	-0.0011728612573401894	-0.0008377580409572782	0.0003595378259108319	1.0191077	52.35523605	0.94930131	0.2357229096615672	0.010657	4e-05
0.0101	1.1023	0.1743	-0.0008709192967451704	-0.0008709192967451704	0.00023561944901923448	1.03547883	53.19628143	0.96631035	0.0889510796637254	0.0107151	2e-05
0.0039	0.9861	0.1307	-0.0008726646259971648	-0.0008203047484373349	0.00019896753472735358	1.00247431	51.50072098	0.94406709	0.17045058959258563	0.00999361	1e-05
0.0082	1.063	0.1849	-0.0009197885158010115	-0.0007941248096574199	0.00028623399732707005	1.00515532	51.63845444	0.93972612	0.14342851455917388	0.0102686	2e-05
0.011	1.2002	0.1673	0.0001832595714594046	-0.0008342673824532895	6.632251157578452e-05	1.17706239	60.469944	1.05583964	0.22575510729037856	0.0147841	0.00036
-0.0083	1.1626	0.078	0.003186971214141646	3.665191429188092e-05	0.00019198621771937622	1.42983294	73.45567322	1.25338111	0.34621473227855004	0.0248255	0.00303
-0.0252	1.0664	0.1447	0.0017575465567582897	0.000439822971502571	-0.0004258603374866164	1.27604342	65.55495453	1.13066774	0.30232211349000204	0.0162634	0.0004
-0.0089	1.0964	0.1155	0.002466150233067988	0.0002129301687433082	-0.00011170107212763708	1.0757829	55.2668457	1.00157233	0.13798278722139704	0.0144803	0.00019
0.0029	1.2321	0.0654	0.0012723450247038664	5.235987755982988e-06	-0.0001291543646475804	1.11370337	57.21495819	1.04041945	0.26854763409356947	0.0142336	0.00011
0.0008	1.0932	0.0247	-0.0005288347633542819	-0.00022689280275926284	-5.93411945678072e-05	1.10792315	56.91801071	1.04158518	0.2868560874326584	0.0120512	8e-05
0.0019	1.0405	0.073	-0.0013404128655316449	-0.00031415926535897925	-0.0002007128639793479	1.00032997	51.39056015	0.9519505	0.15411081170943097	0.00997841	2e-05
0.0087	1.1964	0.1217	-9.42477796076938e-05	-0.0003054326190990077	0.00016231562043547262	1.03953874	53.40485382	0.97935822	0.29229601082993706	0.0107002	4e-05
0.0063	1.211	0.0482	-0.00021118483949131387	-0.0004136430327226561	0.0001239183768915974	1.03337395	53.08814621	0.98469524	0.10367723585255736	0.0119527	3e-05
0.0095	1.1046	0.08	-0.0008325220532012951	-0.00038571776469074686	7.155849933176751e-05	1.01747715	52.27147293	0.96975692	0.17648111796508603	0.0100561	2e-05
0.0095	1.1288	0.1076	-0.0008569566627292158	-0.0003769911184307752	0.00024609142453120044	1.02352393	52.58211899	0.97344029	0.062184709049366266	0.0104622	4e-05
0.0177	1.2178	0.1431	-0.0007958701389094143	-0.0003892084231947355	0.00034033920413889426	1.04816973	53.84826279	0.98473904	0.14107758040957277	0.0109602	6e-05
0.0116	1.0711	0.1197	-0.0009913470151327792	-0.0003961897402027128	0.00020420352248333657	0.9986757	51.30557251	0.94379973	0.19312969374434505	0.00956523	4e-05
0.0136	1.0566	0.1403	-0.001256637061435917	-0.0005235987755982988	0.0002129301687433082	0.97340679	50.00741959	0.93095023	0.057171286397934735	0.00950396	2e-05
0.0174	1.1732	0.1603	-0.0006946410422937432	-0.0005759586531581287	0.0001291543646475804	1.01045966	51.91095734	0.9560889	0.17530658503988658	0.0102983	1e-05
0.0094	1.0653	0.1057	-0.000932005820564972	-0.0005654866776461627	0.000158824961931484	0.99801284	51.27151871	0.94979219	0.18437536755335496	0.00940567	2e-05
0.0108	1.0777	0.1439	-0.0010262536001726657	-0.0005235987755982988	0.0001972222054753592	0.98220718	50.45952606	0.93614849	0.06072664625997183	0.00977719	1e-05
0.0112	1.1253	0.1386	-0.000874409955249159	-0.0005480333851262194	0.0001186823891356144	1.00276113	51.51545715	0.95052885	0.06604090353955847	0.00967312	2e-05
0.0055	1.0439	0.1138	-0.0009180431865490173	-0.0004991641660703782	8.37758040957278e-05	0.97889316	50.28927231	0.93603244	0.11827045176977923	0.00943351	3e-05
0.0208	1.1881	0.1831	-0.0007941248096574199	-0.0005724679946541401	0.0002303834612632515	1.00535035	51.64847183	0.94908984	0.245991493132144	0.0100934	2e-05
0.0114	1.1589	0.1059	-0.0008133234314293575	-0.0005462880558742252	0.00013788101090755203	1.016155	52.20354843	0.9655273	0.1226940505453775	0.00996882	0.0
0.0086	1.0597	0.1155	-0.0011239920382843482	-0.0005567600313861911	0.00016231562043547262	0.96968496	49.81621552	0.92919776	0.1288787595947438	0.00927562	2e-05
0.0172	1.1712	0.186	-0.0009878563566287904	-0.0005654866776461627	0.0002513274122871834	0.99764788	51.25276947	0.94281377	0.202293705988362	0.010214	2e-05
0.0065	1.1468	0.1196	-0.0005358160803622592	-0.0006335545184739417	0.00011344640137963142	1.04703736	53.79008865	0.98037343	0.13439945640009307	0.0107496	0.0001
0.0056	1.0551	-0.0177	0.0024870941840919192	-0.0008936085770210966	0.00010471975511965978	1.25777578	64.61647797	1.1420679	0.3944845484630653	0.0139703	0.00042
0.0173	1.2095	0.0977	0.0008831366015091308	-0.00046949356878647465	0.0002373647782712288	1.17503154	60.36560822	1.07891642	0.389535880698449	0.0112029	5e-05
0.0113	1.1131	0.0665	-3.839724354387525e-05	-0.0005445427266222308	0.00022340214425527416	1.02301025	52.5557251	0.97437115	0.1841272818452359	0.00983304	2e-05
0.0157	1.1585	0.0825	4.0142572795869576e-05	-0.0005707226654021458	0.0002129301687433082	1.00147915	51.44959641	0.95080596	0.0715595865315814	0.0110912	3e-05
-0.0088	1.3082	0.0937	0.0008639379797371932	0.00010821041362364843	-0.00011519173063162575	1.11617267	57.34181976	1.02864018	0.2769425192671025	0.0138228	7e-05
0.0019	1.3181	-0.035	0.0030229102644541784	0.0005166174585903216	4.18879020478639e-05	1.37050688	70.40788269	1.20380932	0.2855229481181575	0.0240524	0.00317
-0.0401	1.1603	-0.2114	0.008056439827205825	0.0007155849933176752	-0.0003769911184307752	1.58154917	81.24988556	1.40011326	0.658768805897882	0.0326936	0.0123
-0.0408	1.1467	-0.1501	0.005489060497522166	0.000926769832808989	-0.0007923794804054256	1.37434554	70.60508728	1.2235098	0.2352976265574812	0.022956	0.00454
-0.018	1.0689	-0.0433	0.002038544566329377	0.0006998770300497262	-0.0005201081170943102	1.20576322	61.94440842	1.108981	0.40488400486315845	0.0157083	0.00017
-0.006	1.1936	0.0318	0.0011065387457644049	0.0007295476273336296	-0.00040666171571467877	1.06283712	54.60177994	0.99249834	0.26555614096142527	0.0158177	0.00023
-0.0054	1.1834	0.0115	0.00016406094968746698	0.0005759586531581287	-0.0004572762640225143	1.03919542	53.38721848	0.98551801	0.08843406592801371	0.0159579	0.00024
0.0023	1.0628	0.0253	-0.00023911010752322313	0.00035430183815484887	-0.0003717551306747922	1.10497963	56.76678848	1.01625143	0.17761745027808468	0.0151903	0.00033
0.0058	1.1695	0.0837	-0.0003351032163829112	0.0002129301687433082	-0.00021118483949131387	1.07874191	55.41886139	0.99658759	0.18849675347273537	0.0132037	7e-05
0.0078	1.2185	0.078	-3.141592653589793e-05	-6.45771823237902e-05	-3.665191429188092e-05	1.08866572	55.92868805	1.01425446	0.09448637830567715	0.012538	9e-05
0.0076	1.1231	0.0718	-0.000921533845053006	-3.316125578789226e-05	-4.0142572795869576e-05	1.03353977	53.09666824	0.97372051	0.14805122517784966	0.0126305	0.00014
0.0117	1.2112	0.1539	-0.0019722220547535923	1.9198621771937625e-05	-6.632251157578452e-05	1.09494925	56.25149155	1.01515211	0.23076140130201664	0.013586	0.00023
0.0096	1.2895	0.1722	-0.0022706733568446224	0.00010821041362364843	8.726646259971648e-06	1.05674338	54.28872299	1.00575324	0.12182561258892488	0.014873	0.00027
-0.0005	1.1743	0.1136	-0.0023788837704682713	5.061454830783555e-05	-7.853981633974481e-05	1.03496492	53.16988373	0.96612213	0.19655363707695908	0.0130177	0.00014
0.0066	1.1922	0.1653	-0.0029146998508305304	4.886921905584123e-05	-3.4906585039886588e-06	1.00372374	51.56491089	0.95015882	0.10733052837250048	0.0141226	0.00015
0.0079	1.2846	0.2147	-0.0025254914276357948	4.71238898038469e-05	0.00015533430342749534	1.08404553	55.69132996	1.01050063	0.17058893571891073	0.0131581	0.00015
0.0038	1.1764	0.1303	-0.0023265238929084412	-5.4105206811824215e-05	4.886921905584123e-05	1.04614222	53.74410248	0.98321234	0.217033085785734	0.011924	0.00011
0.0078	1.1541	0.1551	-0.002501056818107874	-8.203047484373349e-05	8.901179185171081e-05	0.97342247	50.00822449	0.93618526	0.06323003830136056	0.0113388	4e-05
0.0172	1.3031	0.2171	-0.002150245638457014	-0.00010995574287564276	7.67944870877505e-05	1.02740502	52.78150558	0.97460012	0.23994768762233648	0.0125302	5e-05
0.0111	1.2259	0.1304	-0.002131047016685076	-0.0001937315469713706	-3.141592653589793e-05	1.03889167	53.37161255	0.98462703	0.18055924197456563	0.0114882	2e-05
0.0086	1.1525	0.1491	-0.0024190263432641405	-0.00024609142453120044	-3.839724354387525e-05	0.95966321	49.30136108	0.9279064	0.11196602605734352	0.0105441	2e-05
0.0162	1.2528	0.2138	-0.002267182698340634	-0.0001658062789394613	0.000148352986419518	0.99036568	50.87865829	0.94531986	0.19354395102393177	0.0118228	4e-05
0.0097	1.279	0.1526	-0.0020280725908174107	-0.00015533430342749534	8.901179185171081e-05	1.07233608	55.08977127	1.00703047	0.1093461638801498	0.0122975	0.00011
0.0098	1.1572	0.1296	-0.0022026055160168437	-0.0002740166925631097	6.9813170079773176e-06	1.02607834	52.71334457	0.96955503	0.16366228945893896	0.010822	3e-05
0.0125	1.1879	0.1641	-0.0023527038316883565	-0.0002740166925631097	0.00014311699866353502	0.97928256	50.30927658	0.93867171	0.08221169986635347	0.0116691	4e-05
0.0164	1.3038	0.1803	-0.001932079481957723	-0.00021118483949131387	0.00019198621771937622	1.03915954	53.38537216	0.98042472	0.16261627109291363	0.0119716	5e-05
0.0099	1.1739	0.1114	-0.0018936822384138475	-0.00026354471705114377	4.0142572795869576e-05	1.04037082	53.44760132	0.97541574	0.21743003830136076	0.0109131	1e-05
0.0119	1.1504	0.1487	-0.0023282692221604354	-0.00024609142453120044	6.806784082777885e-05	0.97052687	49.85946655	0.93233167	0.08679827721492189	0.0106787	2e-05
0.0195	1.2889	0.217	-0.0021135937241651332	-0.00016929693744344995	0.0002548180707911721	1.02448487	52.63148499	0.96682937	0.2383110107523221	0.0121391	4e-05
0.0115	1.2282	0.1251	-0.001960004749989632	-0.00022340214425527416	9.948376736367679e-05	1.06857038	54.89631653	1.00008789	0.17875142422074103	0.011481	6e-05
0.0149	1.1774	0.1435	-0.0021153390534171274	-0.0002897246558310587	0.00011170107212763708	0.98790842	50.75241852	0.94721523	0.08429370598836197	0.0110224	2e-05
0.023	1.2869	0.1837	-0.0014974924982111347	-0.00035081117965086024	0.0002600540585471551	1.01118243	51.9480896	0.96273864	0.19916430327226556	0.0114467	5e-05
0.0132	1.1798	0.1096	-0.0013805554383275148	-0.00032812189937493397	0.00015533430342749534	1.03619266	53.23295212	0.97763407	0.20321730476396027	0.0110666	1e-05
0.0152	1.149	0.1462	-0.0016441001553786586	-0.00034557519189487725	0.0002007128639793479	0.98381519	50.54213715	0.94234913	0.08571882850614691	0.0108202	4e-05
0.0223	1.293	0.1998	-0.001583013631558857	-0.0003159045946109737	0.000296705972839036	1.02687049	52.75404358	0.96793164	0.2140375114981696	0.0112662	4e-05
0.0106	1.1959	0.1157	-0.001614429558094755	-0.00026354471705114377	0.00010821041362364843	1.03480577	53.16170502	0.97911449	0.20651356816555572	0.01099	4e-05
0.0117	1.1641	0.1506	-0.0017348572764823637	-0.00028274333882308137	0.0001832595714594046	0.99850667	51.29689026	0.94368374	0.07853377489976518	0.0107573	2e-05
0.0216	1.3005	0.2029	-0.001410226035611418	-0.00027576202181510406	0.00035430183815484887	1.03100348	52.96636581	0.96716485	0.2237327412287184	0.0114272	4e-05
0.0123	1.2081	0.1199	-0.0015271630954950383	-0.0003193952531149623	0.00021642082724729686	1.02486479	52.65100479	0.96946069	0.1996225651045516	0.0108269	3e-05
0.0173	1.1744	0.1569	-0.0019425514574696887	-0.0003769911184307752	0.00022863813201125715	0.97044265	49.85514069	0.93319587	0.09996007660272103	0.0109725	4e-05
0.0251	1.3106	0.2156	-0.001579522973054868	-0.00038571776469074686	0.00034906585039886593	1.03267288	53.05213165	0.97291658	0.22730914245311995	0.0115181	5e-05
0.012	1.223	0.1282	-0.0017208946424664088	-0.0003682644721708035	0.00014137166941154068	1.03867543	53.36050415	0.98041612	0.2064259571459404	0.0105595	4e-05
0.0144	1.2083	0.164	-0.0019268434942017398	-0.00038397243543875244	0.00020594885173533088	0.97344923	50.00959778	0.93733129	0.06721169986635367	0.010639	1e-05
0.0166	1.3459	0.2038	-0.0013788101090755204	-0.00038571776469074686	0.0003612831551628262	1.05855632	54.38185883	0.98734167	0.2148556508902856	0.0122774	3e-05
0.013	1.2544	0.1198	-0.0014748032179352085	-0.00040666171571467877	0.00021118483949131387	1.04557431	53.71492386	0.98309129	0.1924517687777568	0.0108527	2e-05
0.0167	1.2053	0.1442	-0.0016702800941585732	-0.00040666171571467877	0.00027750735106709843	0.96628368	49.64147949	0.93297225	0.09028996938995737	0.0107787	2e-05
0.0256	1.3516	0.2142	-0.00147131255943122	-0.0003892084231947355	0.0004206243497306334	1.03332067	53.08541107	0.96918355	0.24317689129554143	0.012271	1e-05
0.0119	1.298	0.1263	-0.001509709802975095	-0.0004049163864626844	0.00019024088846738194	1.05819023	54.36304855	0.9964178	0.16942443340375368	0.0116222	2e-05
0.0145	1.2108	0.1422	-0.0016510814723866359	-0.00039968039870670147	0.0002373647782712288	0.99216652	50.97117233	0.94603602	0.11538657734856846	0.0112118	1e-05
0.0238	1.356	0.2022	-0.0015062191444711063	-0.000296705972839036	0.00032812189937493397	1.03223705	53.02973938	0.9686001	0.23142969374434505	0.0123916	2e-05
0.0207	1.2877	0.1259	-0.001377064779823526	-0.0004206243497306334	0.00023212879051524583	1.04206955	53.53487015	0.98379036	0.1651532925199433	0.0114187	2e-05
0.0146	1.2009	0.1351	-0.0014940018397071458	-0.0003577924966588376	0.0002530727415391778	0.9809708	50.39600754	0.94047498	0.11213564319896736	0.0111077	3e-05
0.0235	1.3389	0.2165	-0.0013281955607676848	-0.0003787364476827695	0.0004014257279586958	1.03934658	53.39498138	0.98018571	0.24505516081914544	0.0125438	6e-05
0.0174	1.335	0.134	-0.0011152653920243766	-0.00040666171571467877	0.0001972222054753592	1.09129047	56.06352615	1.02161917	0.1147529479629277	0.0125028	2e-05
0.017	1.2282	0.1198	-0.0013665928043115599	-0.0004310963252425994	0.0002652900463031381	1.01876533	52.3376503	0.96153344	0.13859149313214417	0.011273	5e-05
0.0253	1.33	0.2007	-0.001270599695451872	-0.0003769911184307752	0.0003647738136668148	1.02922893	52.87520218	0.97150001	0.20347910415175957	0.0118853	5e-05
0.0199	1.298	0.1219	-0.0013002702927357754	-0.00042760566673861073	0.00028623399732707005	1.04968703	53.92621231	0.99604905	0.1241412480965742	0.0116355	2e-05
0.0172	1.1914	0.1275	-0.0014974924982111347	-0.0004904375198104066	0.0002722713633111154	0.98144305	50.42026901	0.93596848	0.12860083462815555	0.0107914	2e-05
0.0229	1.2645	0.179	-0.0014014993893514465	-0.0003577924966588376	0.00048171087355043494	1.00024426	51.38615799	0.94554407	0.15220388211252875	0.0114955	2e-05
0.018	1.3452	0.1533	-0.001129228026040331	-0.00034208453339088857	0.00038397243543875244	1.08039117	55.50359344	1.01355262	0.13058588823453735	0.0123504	5e-05
0.0152	1.2441	0.1197	-0.001429424657383356	-0.00041189770347066176	0.0002548180707911721	1.02933002	52.88039398	0.97727559	0.16245820830351887	0.0114951	2e-05
0.0227	1.32	0.1814	-0.0010349802464326373	-0.000291469985083053	0.0004729842272904633	1.09959376	56.49009705	1.01808646	0.18175191429188103	0.012718	9e-05
0.017	1.4711	0.1805	0.0002303834612632515	5.061454830783555e-05	0.0005375614096142535	1.42796886	73.35990906	1.24668417	0.2413012711705284	0.021678	0.0023
-0.0091	1.3044	-0.0863	0.00481710873550435	6.45771823237902e-05	0.00040666171571467877	1.65626252	85.08818054	1.42930097	0.6961793801078313	0.0234585	0.00338
-0.0042	1.2753	-0.0421	0.003438298626428829	0.0002181661564992912	9.599310885968811e-05	1.29841733	66.70438385	1.16492158	0.17035338450530052	0.0179093	0.00057
0.0073	1.2476	0.0376	0.001387536755335492	6.632251157578452e-05	0.00024260076602721178	1.11035156	57.04276657	1.03035641	0.2363606586592184	0.0143484	8e-05
0.016	1.4213	0.0767	0.0008342673824532895	-3.839724354387525e-05	0.0004136430327226561	1.10214746	56.6212883	1.02399539	0.2629515697348653	0.0137407	0.0001
0.0214	1.3929	0.0577	-9.948376736367679e-05	-0.0002530727415391778	0.0003874630939427412	1.04601014	53.73731613	0.99843606	0.11153032932960916	0.0149406	6e-05
0.0255	1.289	0.0955	-0.0006562437987498679	-0.0002670353755551324	0.00041189770347066176	1.00009918	51.37870026	0.96099148	0.17555786374650342	0.0126696	5e-05
0.0297	1.3181	0.1437	-0.0004625122517784973	-0.00029496064358704166	0.0005916666164260777	1.00369692	51.56352997	0.95741976	0.10157128639793492	0.0128695	4e-05
0.0294	1.4196	0.156	-0.0002705260340591211	-0.0003630284844148205	0.0005148721293383271	1.07269263	55.10809326	1.00941764	0.1309424272817452	0.0138936	9e-05
0.0243	1.3172	0.0937	-0.0006684611035138282	-0.00042760566673861073	0.0004520402762665313	1.05846095	54.37695694	0.99869316	0.19606720524251467	0.0126103	3e-05
0.0253	1.2961	0.1265	-0.0008272860654453122	-0.00042411500823462205	0.0004747295565424576	0.97342867	50.00854111	0.9416754	0.06415024503556985	0.0116403	4e-05
0.0307	1.4216	0.1814	-0.0005166174585903216	-0.0004136430327226561	0.0005218534463463045	1.04820895	53.85027313	0.98980464	0.2042132236085401	0.0126489	7e-05
0.0198	1.3406	0.0989	-0.0007853981633974483	-0.0004363323129985824	0.00037350045992678646	1.07358742	55.15405655	1.00718613	0.1963911485751285	0.0116534	2e-05
0.0184	1.276	0.1172	-0.0009983283321407565	-0.00042935099599060504	0.00037350045992678646	0.98493892	50.59986496	0.94119541	0.09529557428756429	0.0108595	4e-05
0.026	1.3952	0.1781	-0.0007435102613495844	-0.00034906585039886593	0.0005305800926062762	1.0174799	52.27161026	0.96649786	0.21230914245312	0.01227	5e-05
0.0217	1.3744	0.1038	-0.0010210176124166828	-0.0004328416544945937	0.0003385938748868999	1.06165004	54.54079437	1.00794977	0.12706346864411003	0.0126917	4e-05
0.022	1.3048	0.1185	-0.0012147491593880533	-0.00041713369122664475	0.00034208453339088857	0.99737448	51.23872375	0.95454857	0.0952465084371655	0.0115646	4e-05
0.0287	1.4535	0.198	-0.0009250245035569946	-0.0003769911184307752	0.0005096361415823442	1.08177292	55.57457733	1.00337292	0.25977094184091926	0.0128782	9e-05
0.0182	1.3803	0.0724	0.00035430183815484887	-0.0005323254218582705	0.0004747295565424576	1.16351461	59.77394104	1.05955584	0.28277836150896124	0.013675	8e-05
0.0198	1.3376	0.1163	0.00012740903539558605	-0.0004991641660703782	0.0004939281783143952	1.06422353	54.67300034	1.00022414	0.1021626340159548	0.0119643	6e-05
0.0254	1.457	0.168	0.0001972222054753592	-0.0005183627878423159	0.000614355896702004	1.07034051	54.98725128	1.00215253	0.18717197551196615	0.0134545	0.00011
0.0201	1.3531	0.0958	-0.00022863813201125715	-0.00039269908169872416	0.0004188790204786391	1.07321298	55.13482285	1.00751062	0.2187500459926788	0.0121929	7e-05
0.0227	1.3462	0.1218	0.0005131268000863328	-0.00037524578917878077	0.0005794493116621174	1.06026542	54.4696579	0.99703326	0.0814894257900505	0.0129297	9e-05
0.035	1.5343	0.1076	0.003937462792499207	0.000593411945678072	0.0006963863715457374	1.51820135	77.9954834	1.29961496	0.4400965393576672	0.0262696	0.00528
0.0147	1.4368	-0.0495	0.0058869955669768725	0.0001972222054753592	0.0007906341511534313	1.46251714	75.13478088	1.27827307	0.3968985147144035	0.0237485	0.00404
0.0255	1.3599	-0.0323	0.003977605365295077	7.330382858376184e-05	0.0005654866776461627	1.15825558	59.50376892	1.06209132	0.21782280260403303	0.0190322	0.00051
0.0264	1.2783	0.0137	0.002848377339254746	-8.37758040957278e-05	0.0005358160803622592	0.99898875	51.32165527	0.95001007	0.19429891280018632	0.0142761	8e-05
0.0348	1.3816	0.0865	0.0028780479365386495	-0.00020769418098732522	0.0008063421144213803	1.02710462	52.7660675	0.97234812	0.20570575041173103	0.0149457	0.00018
0.0261	1.3539	0.0219	0.0025254914276357948	-0.000317649923862968	0.0007278022980816354	1.0647341	54.69923401	1.00705252	0.12805260340591193	0.0147374	0.00014
0.0189	1.2631	0.0263	0.0022479840765686964	-0.000322885911618951	0.0006510078109938849	0.99811023	51.27652359	0.94425614	0.1203768912955418	0.0127594	5e-05
0.0288	1.3836	0.1047	0.0023003439541285265	-0.0003700098014227979	0.0007120943348136865	1.04504132	53.68754196	0.97589558	0.21682851455917396	0.0138707	0.00011
0.0259	1.3639	0.0553	0.0016824973989225337	-0.00046425758103049166	0.0006527531402458793	1.06435645	54.67982864	1.00427662	0.11057177646907472	0.0134321	8e-05
0.0213	1.2698	0.0513	0.0011711159280881952	-0.00046425758103049166	0.0005881759579220891	0.99009961	50.86499023	0.94639042	0.13149793265790627	0.0116436	2e-05
0.0312	1.3804	0.1285	0.0013369222070276565	-0.0004206243497306334	0.0008115781021773631	1.05414081	54.15501404	0.98256152	0.2193420827247297	0.01328	4e-05
0.0275	1.3982	0.0741	0.0009878563566287904	-0.000439822971502571	0.0006265732014659643	1.10926914	56.98715973	1.03211104	0.10356346864411016	0.0129543	5e-05
0.0206	1.2812	0.0546	0.000705113017805709	-0.000439822971502571	0.0005427973973702365	1.02923632	52.87557983	0.97180299	0.16172595714594068	0.011629	5e-05
0.029	1.366	0.1254	0.000736528944341607	-0.0004363323129985824	0.0007086036763096977	1.0498836	53.936306	0.98188004	0.17403564319896758	0.0119699	4e-05
0.027	1.4292	0.0962	0.0007749261878854823	-0.0004572762640225143	0.0006702064327658224	1.10610747	56.82473373	1.03028473	0.09928692190558408	0.0132699	6e-05
0.0206	1.3246	0.0424	0.0006806784082777885	-0.0005096361415823442	0.0005375614096142535	1.03696001	53.27237701	0.98037787	0.17876263401595469	0.0119442	5e-05
0.0239	1.4219	0.0742	0.0006806784082777885	-0.0004258603374866164	0.0007173303225696694	1.01586509	52.18865204	0.96359317	0.1455772358525571	0.0132823	6e-05
0.0239	1.4564	0.0632	0.000577703982410123	-0.00042236967898262774	0.0006003932626860494	1.06774318	54.85381699	1.00539362	0.05667010721276368	0.0134695	7e-05
0.0227	1.3238	0.0483	0.00048171087355043494	-0.000445058959258554	0.0005707226654021458	1.03802907	53.32729721	0.98340727	0.15611764932097574	0.0121059	5e-05
0.0269	1.3766	0.1048	0.0002373647782712288	-0.00030368728984701333	0.0006579891280018621	1.02250814	52.52993011	0.97631713	0.13714921136452313	0.0117087	4e-05
0.0299	1.45	0.097	-5.4105206811824215e-05	-0.0003298672286269283	0.0005742133239061344	1.08969104	55.98135757	1.02307956	0.1042712863979347	0.0126253	5e-05
0.0226	1.3266	0.0695	-0.00038571776469074686	-0.0003316125578789226	0.00040840704496667313	1.04803157	53.84116364	0.98918604	0.1831582083035189	0.0114598	2e-05
0.0296	1.4103	0.1303	-0.0002897246558310587	-0.0002513274122871834	0.0005951572749300663	1.03371501	53.10567093	0.97771798	0.16965142422074114	0.0119535	6e-05
0.0296	1.4255	0.0832	-6.108652381980153e-05	-0.0003159045946109737	0.0005515240436302081	1.08925414	55.95891571	1.02301379	0.07914242728174516	0.0131893	6e-05
0.0242	1.3243	0.0712	-0.0003961897402027128	-0.0003316125578789226	0.000439822971502571	1.02555716	52.68656921	0.97363815	0.14172561258892483	0.0112496	5e-05
0.0307	1.4023	0.1279	-0.0005375614096142535	-0.00021642082724729686	0.0005078908123303499	1.02500093	52.65799713	0.97074114	0.15743156204354739	0.0121791	8e-05
0.0306	1.4721	0.1091	-0.0010576695267085637	-0.00017627825445142725	0.0003961897402027128	1.08998561	55.99649429	1.02579593	0.12229758810089073	0.0128995	7e-05
0.0263	1.3847	0.0807	-0.0012618730491919003	-0.00023387411976724014	0.000307177948351002	1.02564728	52.69120407	0.97830664	0.13764055898254293	0.0121017	6e-05
0.0288	1.3749	0.1151	-0.0008063421144213803	-0.0003665191429188092	0.0006527531402458793	1.00946438	51.85982513	0.97415178	0.09338755749084836	0.0118098	4e-05
0.0339	1.4758	0.1587	-0.0009459684545809266	-0.0002513274122871834	0.0006178465552059926	1.06542933	54.73495102	1.00553453	0.16408623279155293	0.0126401	5e-05
0.0284	1.412	0.0712	-0.0012164944886400475	-0.0003054326190990077	0.0004747295565424576	1.07333362	55.14101791	1.01354328	0.18018741197672408	0.0127881	5e-05
0.03	1.4043	0.1022	-0.001429424657383356	-0.0002443460952792061	0.0005183627878423159	1.00053895	51.40129471	0.95814252	0.05618249619314823	0.0122112	4e-05
0.0333	1.506	0.1904	-0.0015917402778188286	-0.0001884955592153876	0.0005340707511102648	1.0952301	56.26592255	1.0212103	0.20489370598836193	0.0131476	5e-05
0.0197	1.4043	0.0952	-0.0015027284859671175	-0.0002443460952792061	0.0003595378259108319	1.10666478	56.85335922	1.02441431	0.226469762655748	0.0131109	4e-05
0.0245	1.3648	0.1402	-0.0017435839227423352	-0.0002024581932313422	0.00039269908169872416	0.99725097	51.23237991	0.95982953	0.10509522973054876	0.0120924	3e-05
0.0333	1.465	0.155	-0.001579522973054868	-0.00023911010752322313	0.00041538836197465044	1.01232231	52.00664902	0.97426114	0.1349701072127638	0.0126516	7e-05
0.0279	1.3667	0.1098	-0.0017749998492782332	-0.0002652900463031381	0.00035604716740684323	1.03499699	53.17153168	0.98205263	0.16294990047855443	0.0127993	6e-05
0.0306	1.3831	0.1546	-0.0018709929581379211	-0.00020420352248333657	0.00040317105721069014	1.02392745	52.60284805	0.9707648	0.07411017612416679	0.0120556	6e-05
0.0321	1.4592	0.195	-0.0019390607989657003	-0.0002897246558310587	0.00024609142453120044	1.11607909	57.33700943	1.04956034	0.13353343034274964	0.0138842	0.00011
0.0247	1.338	0.1517	-0.0022200588085367874	-0.00038397243543875244	0.00024260076602721178	1.07890213	55.42709351	1.01950066	0.19083682238413843	0.0125718	5e-05
0.0339	1.4416	0.2596	-0.002150245638457014	-0.0003525565089028545	0.00032812189937493397	1.09489429	56.24867249	1.02414714	0.2300375114981696	0.0138921	0.00014
0.0305	1.4461	0.1823	-0.0014416419621473165	-0.0003769911184307752	0.00032463124087094524	1.06639147	54.78437424	1.00848584	0.1220264472170803	0.0123564	8e-05
0.0331	1.3482	0.1655	-0.002134537675189065	-0.00047822021504644627	0.00016406094968746698	1.02322185	52.56659698	0.97662587	0.1650347550420447	0.0127038	9e-05
0.0405	1.4907	0.2563	-0.0022706733568446224	-0.0005183627878423159	0.0003473205211468716	1.10825074	56.93484116	1.03848124	0.25867689129554144	0.0146286	0.00017
0.0322	1.4056	0.1464	-0.0017610372152622785	-0.0004049163864626844	0.0003193952531149623	1.11848772	57.46074677	1.04718543	0.23585039054969412	0.0124702	0.00014
0.0337	1.4101	0.1868	-0.0020176006153054447	-0.0003717551306747922	0.0003700098014227979	1.03094923	52.96358109	0.98846969	0.06341696020694464	0.0129628	0.00019
0.036	1.5113	0.1679	-0.0016632987771505957	-0.0004310963252425994	0.00033684854563490564	1.07086408	55.01415253	1.00745227	0.1447402144255276	0.0136189	0.00029
0.0277	1.3954	0.1308	-0.0013316862192716734	-0.00038397243543875244	0.00023212879051524583	1.05177677	54.03356934	1.00336543	0.1854728101401216	0.0128112	0.00038
0.0329	1.4436	0.1758	-0.0010471975511965976	-0.00028274333882308137	0.0003892084231947355	1.07398975	55.17472839	1.02326126	0.12553986986851187	0.0132971	0.00021
0.0299	1.5008	0.1681	-0.0013404128655316449	-0.000317649923862968	0.0004415683007545654	1.08225524	55.5993576	1.01759666	0.0869240888467381	0.0136731	0.00022
0.0274	1.3936	0.1374	-0.001514945790731078	-0.0004049163864626844	0.0003630284844148205	1.03518069	53.18096924	0.98607374	0.1574169602069447	0.0129051	0.00012
0.0318	1.4158	0.1988	-0.0019041542139258136	-0.00028274333882308137	0.00040666171571467877	1.02607346	52.7130928	0.97914023	0.11575073510670984	0.0129746	0.0001
0.0221	1.4957	0.2005	-0.0018325957145940458	-0.00015707963267948963	0.00048171087355043494	1.07675588	55.3168335	1.01452761	0.10491356816555587	0.01336	0.00012
0.0219	1.3876	0.1532	-0.0019303341527057286	-0.0002722713633111154	0.0003700098014227979	1.04290152	53.57761383	0.99387137	0.17183156204354738	0.0119438	5e-05
0.0237	1.3806	0.1953	-0.002087413785385218	-0.00027925268031909274	0.00038397243543875244	1.01027811	51.9016304	0.96415194	0.05980117918517095	0.0123775	7e-05
0.0234	1.4993	0.237	-0.0020769418098732523	-0.00010297442586766544	0.0003769911184307752	1.08940554	55.96669388	1.01190055	0.17038657734856855	0.0137197	0.00012
0.0236	1.4019	0.1685	-0.0022008601867648495	-0.00022689280275926284	0.00026354471705114377	1.0678978	54.861763	1.00254373	0.18416415775814143	0.0118489	2e-05
0.0283	1.4317	0.217	-0.0023771384412162766	-0.00019198621771937622	0.0004328416544945937	1.01103473	51.94050217	0.96543328	0.10202408884673822	0.012479	3e-05
0.0317	1.5251	0.2286	-0.001895427567665842	-0.0002181661564992912	0.00042760566673861073	1.06944954	54.94148254	1.01032606	0.13405634000431657	0.0138844	5e-05
0.0258	1.4421	0.1585	-0.002129301687433082	-0.00022340214425527416	0.00026354471705114377	1.07052112	54.99653244	1.01358845	0.17915855286053448	0.0123683	8e-05
0.0261	1.4199	0.1996	-0.002288126649364566	-0.0002303834612632515	0.0003595378259108319	1.0158267	52.18667984	0.96643677	0.0766899693899575	0.0122375	6e-05
0.0337	1.5535	0.2737	-0.0022043508452688383	-0.0001012290966156711	0.0004258603374866164	1.05760169	54.33281708	1.00086268	0.2292626340159548	0.0142107	0.0001
0.0272	1.4751	0.167	-0.0019460421159736775	-0.00023561944901923448	0.0003211405823669566	1.09223366	56.11198425	1.02754385	0.2164709418409192	0.0126004	6e-05
0.024	1.4156	0.1955	-0.0021589722847169856	-0.00021642082724729686	0.00034557519189487725	1.02651918	52.73599625	0.9795601	0.1040281700021584	0.012296	5e-05
0.0309	1.5387	0.2705	-0.0021467549799530253	-0.00016231562043547262	0.0004136430327226561	1.04931164	53.9069252	0.99281698	0.21171951762017813	0.0140398	0.00012
0.029	1.4703	0.1724	-0.0020420352248333657	-0.00023387411976724014	0.0003316125578789226	1.08728611	55.85781097	1.02244555	0.1813154364647581	0.0128219	8e-05
0.0309	1.4578	0.2216	-0.0022026055160168437	-0.00023911010752322313	0.00040840704496667313	1.03345299	53.09220886	0.98885987	0.07573003830136053	0.0129805	5e-05
0.0331	1.5772	0.2694	-0.002118829711921116	-0.00015533430342749534	0.0004328416544945937	1.06500208	54.71299744	1.00766155	0.1789993108859687	0.0147199	0.00014
0.0261	1.492	0.1668	-0.002045525883337354	-0.00017453292519943296	0.0002722713633111154	1.08881009	55.93610001	1.02753827	0.2074536370769588	0.0132349	9e-05
0.0314	1.477	0.2213	-0.002256710722828668	-0.0002303834612632515	0.0003700098014227979	1.04148281	53.50473022	0.99334437	0.09303869068334063	0.0135618	8e-05
0.0326	1.5745	0.2565	-0.0022602013813326567	-0.00013788101090755203	0.0005096361415823442	1.078915	55.42775726	1.01606311	0.14568097245096168	0.0146983	0.00025
0.0247	1.4582	0.1812	-0.0022200588085367874	-0.00022863813201125715	0.00029496064358704166	1.07144177	55.04382706	1.01139889	0.2167787595947439	0.0129281	7e-05
0.0282	1.516	0.2625	-0.0024277529895241124	-0.00013788101090755203	0.000450294947014537	1.06247973	54.5834198	1.00805366	0.16528928027592635	0.014405	8e-05
0.0315	1.6087	0.2645	-0.0022130774915288098	-0.00020769418098732522	0.0004415683007545654	1.12087703	57.58349609	1.05243517	0.11266076571675236	0.0149942	0.00018
0.0254	1.4843	0.1738	-0.0021048670779051613	-0.0002251474735072685	0.00034033920413889426	1.12017739	57.54755402	1.04288341	0.2325446401379632	0.0128822	6e-05
0.0269	1.4864	0.2297	-0.0024452062820440558	-0.00023387411976724014	0.00038571776469074686	1.04140377	53.50066757	0.99023728	0.0792222205475359	0.0139538	9e-05
0.0326	1.6249	0.2964	-0.002466150233067988	-0.0001658062789394613	0.0005078908123303499	1.0730989	55.12896347	1.00713754	0.22145924197456576	0.0147633	0.00023
0.0258	1.5455	0.1873	-0.0022235494670407763	-0.00014486232791552936	0.00033335788713091696	1.0944432	56.22549438	1.0291865	0.21720388211252872	0.0137291	0.00012
0.0282	1.476	0.2067	-0.002574360646691636	-0.00023387411976724014	0.00034557519189487725	1.03514087	53.17892075	0.98585635	0.11390201381332667	0.0135834	4e-05
0.0176	1.6152	0.2869	-0.0009965830028887623	0.00030194196059501896	0.00022165681500327985	1.17012846	60.11371994	1.10001796	0.3418756050528365	0.0172875	0.0008
0.0092	1.7293	0.2504	-0.0011257373675363424	0.0010070549784007281	0.0001256637061435917	1.41257656	72.56915283	1.25666397	0.20551302456564896	0.0232768	0.00268
-0.0251	1.5415	0.0766	0.0019460421159736775	0.0008918632477691023	9.773843811168246e-05	1.58704495	81.53222656	1.36584566	0.5566448241086777	0.022352	0.00131
-0.0125	1.5191	0.0621	0.0010524335389525807	0.0006318091892219474	2.4434609527920616e-05	1.33224678	68.44232178	1.17882684	0.11084832320760088	0.0183669	0.00031
0.0041	1.5636	0.1381	-0.0009162978572970229	0.000614355896702004	-8.552113334772214e-05	1.15136695	59.14987564	1.06729292	0.24190702158225968	0.0169848	0.00018
0.0084	1.6735	0.1638	-0.0012461650859239514	0.0005148721293383271	5.4105206811824215e-05	1.13693273	58.40833664	1.059696	0.16834886680750746	0.0181606	0.00041
0.0095	1.5445	0.104	-0.0017034413499464657	0.0003892084231947355	0.00011693705988362007	1.10372043	56.70209885	1.0407093	0.22218859116189507	0.017036	0.00027
0.0177	1.4772	0.1541	-0.002131047016685076	0.0003001966313430247	0.00013962634015954637	1.04997575	53.94104004	1.00233424	0.15256533694331229	0.0156367	0.00016
0.0242	1.6259	0.2573	-0.002097885760897184	0.00048520153205442357	0.00023561944901923448	1.1183188	57.45207214	1.04199036	0.2741079632679488	0.0162319	0.00027
0.0151	1.5805	0.1886	-0.0020594885173533086	0.0004468042885105483	0.00022863813201125715	1.10681987	56.86133194	1.04001015	0.12738879020478627	0.0148483	9e-05
0.0232	1.4793	0.1796	-0.002190388211252884	0.0002199114857512855	0.0002181661564992912	1.03958702	53.40733719	0.98871679	0.13671322360854013	0.0134116	8e-05
0.0274	1.5897	0.2441	-0.0019408061282176943	0.00027750735106709843	0.0003193952531149623	1.07534397	55.24429703	1.00679474	0.19952035224833356	0.0161452	0.00021
0.0162	1.623	0.2127	-0.0017523105690023068	0.0003438298626428829	0.00017104226669544429	1.11879945	57.47676468	1.04873627	0.09605855286053462	0.0158486	0.00022
0.0184	1.4916	0.1744	-0.0019879300180215415	0.0002129301687433082	0.00015184364492350666	1.07936823	55.45103836	1.01556677	0.19118588823453733	0.0139986	0.00015
0.0206	1.5426	0.2342	-0.001965240737745615	0.00019198621771937622	0.00020769418098732522	1.05848992	54.37844849	1.00099126	0.11797418836818378	0.0154993	0.00015
0.0209	1.6495	0.2623	-0.0019669860669976093	0.00020594885173533088	0.0002652900463031381	1.10224509	56.62630463	1.03573545	0.13896519142918806	0.0170203	0.00027
0.0129	1.5426	0.1771	-0.0021205750411731105	0.0002548180707911721	0.00017104226669544429	1.08785295	55.88693237	1.02560665	0.21493529864195177	0.015745	0.00014
